name,stage1_dolp_mae,stage1_dolp_rmse,stage1_cos_mae,stage1_sin_mae,stage1_cos_sin_vector_error,stage1_weighted_aolp_error_deg,stage1_high_dolp_aolp_error_deg,stage1_dop_mae,stage1_dop_rmse,stage1_aop_mae_deg,stage1_weighted_aop_mae_deg,stage1_high_dop_aop_mae_deg,stage2_dolp_mae,stage2_dolp_rmse,stage2_cos_mae,stage2_sin_mae,stage2_cos_sin_vector_error,stage2_weighted_aolp_error_deg,stage2_high_dolp_aolp_error_deg,stage2_dop_mae,stage2_dop_rmse,stage2_aop_mae_deg,stage2_weighted_aop_mae_deg,stage2_high_dop_aop_mae_deg
scene12_traj1_1__000000,0.03980034589767456,0.07305268198251724,1.0842101573944092,0.6759697198867798,1.3711658716201782,48.64148712158203,45.9185676574707,0.03980034589767456,0.07305268198251724,48.77842330932617,48.64148712158203,45.9185676574707,0.033115971833467484,0.05814060941338539,0.6737663745880127,0.5980086922645569,1.0032821893692017,32.257667541503906,36.086517333984375,0.033115971833467484,0.05814060941338539,33.72621154785156,32.257667541503906,36.086517333984375
scene12_traj1_1__000001,0.03998739272356033,0.07284766435623169,1.0785866975784302,0.6765363216400146,1.3671060800552368,48.404273986816406,45.934669494628906,0.03998739272356033,0.07284766435623169,48.61509323120117,48.404273986816406,45.934669494628906,0.03311679884791374,0.057880181819200516,0.6718034744262695,0.6037200093269348,1.004941463470459,32.40766143798828,36.1856689453125,0.03311679884791374,0.057880181819200516,33.811058044433594,32.40766143798828,36.1856689453125
scene12_traj1_1__000002,0.03981359302997589,0.0732511356472969,1.0833603143692017,0.6759679913520813,1.3701997995376587,48.51765441894531,45.98499298095703,0.03981359302997589,0.0732511356472969,48.72509002685547,48.51765441894531,45.98499298095703,0.03317950293421745,0.058391720056533813,0.6737744212150574,0.6015995144844055,1.0054069757461548,32.36578369140625,36.1060676574707,0.03317950293421745,0.058391720056533813,33.83079147338867,32.36578369140625,36.1060676574707
scene12_traj1_1__000003,0.039286885410547256,0.07288362830877304,1.0846511125564575,0.6720658540725708,1.3685277700424194,48.53496551513672,45.92919921875,0.039286885410547256,0.07288362830877304,48.66268539428711,48.53496551513672,45.92919921875,0.03306012228131294,0.058181989938020706,0.6731974482536316,0.5973196029663086,1.0023672580718994,32.243377685546875,35.99904251098633,0.03306012228131294,0.058181989938020706,33.69854736328125,32.243377685546875,35.99904251098633
scene12_traj1_1__000004,0.039421796798706055,0.07184714078903198,1.0786607265472412,0.677680253982544,1.3674496412277222,48.42348861694336,45.73908615112305,0.039421796798706055,0.07184714078903198,48.62202453613281,48.42348861694336,45.73908615112305,0.03269825503230095,0.05706366151571274,0.6765708327293396,0.6005964279174805,1.007834792137146,32.48081970214844,36.306365966796875,0.03269825503230095,0.05706366151571274,33.930843353271484,32.48081970214844,36.306365966796875
scene12_traj1_1__000005,0.03984641656279564,0.07283848524093628,1.0809285640716553,0.6822580099105835,1.3729089498519897,48.695011138916016,45.8402214050293,0.03984641656279564,0.07283848524093628,48.87708282470703,48.695011138916016,45.8402214050293,0.03311135992407799,0.058079130947589874,0.6776025891304016,0.5986843109130859,1.0077182054519653,32.50548553466797,36.3011360168457,0.03311135992407799,0.058079130947589874,33.9030876159668,32.50548553466797,36.3011360168457
scene12_traj1_1__000006,0.03987272083759308,0.07298694550991058,1.0818859338760376,0.6806546449661255,1.3724851608276367,48.63597106933594,45.84394836425781,0.03987272083759308,0.07298694550991058,48.85115432739258,48.63597106933594,45.84394836425781,0.033073000609874725,0.058213818818330765,0.6765593886375427,0.5989865064620972,1.007001519203186,32.38826370239258,36.09330749511719,0.033073000609874725,0.058213818818330765,33.9049072265625,32.38826370239258,36.09330749511719
scene12_traj1_1__000007,0.03957105800509453,0.0732690840959549,1.0839217901229858,0.6756368279457092,1.3700584173202515,48.5650520324707,45.77942657470703,0.03957105800509453,0.0732690840959549,48.718238830566406,48.5650520324707,45.77942657470703,0.033279940485954285,0.05840016156435013,0.6736812591552734,0.5981788635253906,1.0038152933120728,32.39919662475586,36.47088623046875,0.033279940485954285,0.05840016156435013,33.759185791015625,32.39919662475586,36.47088623046875
scene12_traj1_1__000008,0.039955735206604004,0.07359136641025543,1.0809342861175537,0.6771507859230042,1.3682810068130493,48.5085563659668,45.83822250366211,0.039955735206604004,0.07359136641025543,48.67485427856445,48.5085563659668,45.83822250366211,0.03351324796676636,0.058727066963911057,0.6806251406669617,0.5984691381454468,1.0090787410736084,32.5537109375,36.554908752441406,0.03351324796676636,0.058727066963911057,33.966278076171875,32.5537109375,36.554908752441406
scene12_traj1_1__000009,0.039278168231248856,0.07275144010782242,1.0816280841827393,0.6760839819908142,1.3677504062652588,48.3818244934082,45.77680206298828,0.039278168231248856,0.07275144010782242,48.63468933105469,48.3818244934082,45.77680206298828,0.03337611258029938,0.05864845961332321,0.6784862279891968,0.6006691455841064,1.0091423988342285,32.432865142822266,36.02939224243164,0.03337611258029938,0.05864845961332321,33.951148986816406,32.432865142822266,36.02939224243164
scene12_traj1_1__000010,0.03965092822909355,0.07247596234083176,1.0779117345809937,0.6796081066131592,1.368510127067566,48.38333511352539,45.37692642211914,0.03965092822909355,0.07247596234083176,48.685306549072266,48.38333511352539,45.37692642211914,0.03332563862204552,0.058006126433610916,0.6792805790901184,0.5987077355384827,1.0076587200164795,32.461978912353516,36.17784118652344,0.03332563862204552,0.058006126433610916,33.8990478515625,32.461978912353516,36.17784118652344
scene12_traj1_1__000011,0.039566587656736374,0.07301639020442963,1.0800907611846924,0.6753678321838379,1.3671596050262451,48.37969970703125,45.64049530029297,0.039566587656736374,0.07301639020442963,48.625633239746094,48.37969970703125,45.64049530029297,0.03338237106800079,0.0583149679005146,0.6779151558876038,0.6013468503952026,1.0084584951400757,32.505455017089844,36.27870559692383,0.03338237106800079,0.0583149679005146,33.92310333251953,32.505455017089844,36.27870559692383
scene12_traj1_1__000012,0.03986780717968941,0.07294228672981262,1.076931357383728,0.6745963096618652,1.3640248775482178,48.31309509277344,45.77923583984375,0.03986780717968941,0.07294228672981262,48.494773864746094,48.31309509277344,45.77923583984375,0.03323277831077576,0.05804206058382988,0.6816538572311401,0.6034157276153564,1.013075590133667,32.67821502685547,36.36800003051758,0.03323277831077576,0.05804206058382988,34.12132263183594,32.67821502685547,36.36800003051758
scene12_traj1_1__000013,0.03922099247574806,0.07261675596237183,1.0806124210357666,0.6716263294219971,1.3651312589645386,48.44197082519531,46.00413513183594,0.03922099247574806,0.07261675596237183,48.533390045166016,48.44197082519531,46.00413513183594,0.03336644545197487,0.05843929201364517,0.6809600591659546,0.6033617258071899,1.0123916864395142,32.62572479248047,36.49960708618164,0.03336644545197487,0.05843929201364517,34.08063888549805,32.62572479248047,36.49960708618164
scene12_traj1_1__000014,0.039956528693437576,0.07307044416666031,1.080329179763794,0.6801713705062866,1.3699971437454224,48.47593688964844,45.68269348144531,0.039956528693437576,0.07307044416666031,48.72107696533203,48.47593688964844,45.68269348144531,0.033257514238357544,0.05819537490606308,0.6786950826644897,0.6019749045372009,1.0099127292633057,32.504730224609375,36.4062614440918,0.033257514238357544,0.05819537490606308,33.990631103515625,32.504730224609375,36.4062614440918
scene12_traj1_1__000015,0.039713721722364426,0.07312392443418503,1.078433632850647,0.6770650744438171,1.3665224313735962,48.52244186401367,46.16546630859375,0.039713721722364426,0.07312392443418503,48.575687408447266,48.52244186401367,46.16546630859375,0.033258650451898575,0.058319028466939926,0.675119936466217,0.6035947203636169,1.007667064666748,32.39117431640625,36.06133270263672,0.033258650451898575,0.058319028466939926,33.914695739746094,32.39117431640625,36.06133270263672
scene12_traj1_1__000016,0.03961605578660965,0.07281475514173508,1.0840085744857788,0.6787598729133606,1.372239112854004,48.74696350097656,46.259151458740234,0.03961605578660965,0.07281475514173508,48.818138122558594,48.74696350097656,46.259151458740234,0.033279452472925186,0.05829978361725807,0.6758754253387451,0.6036510467529297,1.0086160898208618,32.38655090332031,36.01422119140625,0.033279452472925186,0.05829978361725807,33.94606018066406,32.38655090332031,36.01422119140625
scene12_traj1_1__000017,0.039541374891996384,0.07280848920345306,1.0813456773757935,0.6764289140701294,1.3684906959533691,48.4039192199707,45.46183395385742,0.039541374891996384,0.07280848920345306,48.68119430541992,48.4039192199707,45.46183395385742,0.03342754766345024,0.058574605733156204,0.677054226398468,0.6054892539978027,1.0110529661178589,32.63111114501953,36.653045654296875,0.03342754766345024,0.058574605733156204,34.05131912231445,32.63111114501953,36.653045654296875
scene12_traj1_1__000018,0.03940212354063988,0.07228760421276093,1.0759609937667847,0.6764828562736511,1.36432683467865,48.222984313964844,45.35530471801758,0.03940212354063988,0.07228760421276093,48.488216400146484,48.222984313964844,45.35530471801758,0.03320023790001869,0.05789097025990486,0.6777932643890381,0.6053559184074402,1.0113818645477295,32.67283248901367,36.99625778198242,0.03320023790001869,0.05789097025990486,34.05668640136719,32.67283248901367,36.99625778198242
scene12_traj1_1__000019,0.03959464654326439,0.07269084453582764,1.0813000202178955,0.6797856092453003,1.3706108331680298,48.546207427978516,45.81449890136719,0.03959464654326439,0.07269084453582764,48.76182174682617,48.546207427978516,45.81449890136719,0.03330612555146217,0.05830156058073044,0.6763493418693542,0.6072587370872498,1.011348843574524,32.61908721923828,36.48661422729492,0.03330612555146217,0.05830156058073044,34.05878448486328,32.61908721923828,36.48661422729492
scene12_traj1_1__000020,0.03997465968132019,0.0731898844242096,1.081099510192871,0.6770681142807007,1.368891954421997,48.44942092895508,45.907615661621094,0.03997465968132019,0.0731898844242096,48.708763122558594,48.44942092895508,45.907615661621094,0.03343082591891289,0.0585167370736599,0.6805707812309265,0.6053698658943176,1.0137219429016113,32.67585754394531,36.47643280029297,0.03343082591891289,0.0585167370736599,34.13902282714844,32.67585754394531,36.47643280029297
scene12_traj1_1__000021,0.03941960632801056,0.0720529854297638,1.0796903371810913,0.6756533980369568,1.3668209314346313,48.46131896972656,46.05595016479492,0.03941960632801056,0.0720529854297638,48.614402770996094,48.46131896972656,46.05595016479492,0.03315720707178116,0.05756388604640961,0.6764038801193237,0.6078341603279114,1.012056827545166,32.5463981628418,36.257328033447266,0.03315720707178116,0.05756388604640961,34.087181091308594,32.5463981628418,36.257328033447266
scene12_traj1_1__000022,0.03949122875928879,0.07292616367340088,1.0811063051223755,0.6714335083961487,1.3653854131698608,48.37015151977539,45.55363845825195,0.03949122875928879,0.07292616367340088,48.5751953125,48.37015151977539,45.55363845825195,0.03339827060699463,0.05844520032405853,0.6802096366882324,0.605238139629364,1.0133748054504395,32.76548385620117,36.76731872558594,0.03339827060699463,0.05844520032405853,34.12065505981445,32.76548385620117,36.76731872558594
scene12_traj1_1__000023,0.03928602114319801,0.07303643971681595,1.0810657739639282,0.6729971766471863,1.3661752939224243,48.374427795410156,46.00255584716797,0.03928602114319801,0.07303643971681595,48.57401657104492,48.374427795410156,46.00255584716797,0.03338859602808952,0.05864901468157768,0.6768745183944702,0.607603132724762,1.0122734308242798,32.59053421020508,36.23870086669922,0.03338859602808952,0.05864901468157768,34.099796295166016,32.59053421020508,36.23870086669922
scene12_traj1_1__000024,0.03992534801363945,0.07332823425531387,1.0769562721252441,0.6750985980033875,1.3646862506866455,48.41414260864258,46.009361267089844,0.03992534801363945,0.07332823425531387,48.52045440673828,48.41414260864258,46.009361267089844,0.033405717462301254,0.05866628885269165,0.6778324842453003,0.6082435250282288,1.0131083726882935,32.60186004638672,36.38228988647461,0.033405717462301254,0.05866628885269165,34.11063003540039,32.60186004638672,36.38228988647461
scene12_traj1_1__000025,0.03951941058039665,0.07253801077604294,1.0789459943771362,0.6760449409484863,1.3667246103286743,48.55632781982422,46.05330276489258,0.03951941058039665,0.07253801077604294,48.63941955566406,48.55632781982422,46.05330276489258,0.03333553299307823,0.05820450186729431,0.6805180311203003,0.606460690498352,1.0141935348510742,32.608314514160156,36.18299865722656,0.03333553299307823,0.05820450186729431,34.16509246826172,32.608314514160156,36.18299865722656
scene12_traj1_1__000026,0.039336804300546646,0.072567880153656,1.0815553665161133,0.6712083220481873,1.3651002645492554,48.40502166748047,46.04940414428711,0.039336804300546646,0.072567880153656,48.54570007324219,48.40502166748047,46.04940414428711,0.033359408378601074,0.05822990462183952,0.6793571710586548,0.6061229705810547,1.0130797624588013,32.61359786987305,36.220645904541016,0.033359408378601074,0.05822990462183952,34.12731170654297,32.61359786987305,36.220645904541016
scene12_traj1_1__000027,0.0392439141869545,0.07223176956176758,1.0832561254501343,0.681939959526062,1.3740739822387695,48.72140121459961,46.1020622253418,0.0392439141869545,0.07223176956176758,48.924774169921875,48.72140121459961,46.1020622253418,0.033379167318344116,0.05822208896279335,0.6776812076568604,0.6041887998580933,1.0104140043258667,32.461734771728516,36.14365005493164,0.033379167318344116,0.05822208896279335,34.02272033691406,32.461734771728516,36.14365005493164
scene12_traj1_1__000028,0.03979446738958359,0.07299826294183731,1.0838587284088135,0.6773432493209839,1.3713955879211426,48.70942306518555,46.112789154052734,0.03979446738958359,0.07299826294183731,48.82678985595703,48.70942306518555,46.112789154052734,0.03354455903172493,0.058493148535490036,0.6782942414283752,0.6034671068191528,1.0104318857192993,32.527774810791016,36.28254318237305,0.03354455903172493,0.058493148535490036,33.993873596191406,32.527774810791016,36.28254318237305
scene12_traj1_1__000029,0.039032842963933945,0.07199426740407944,1.081030011177063,0.6782916188240051,1.3702473640441895,48.69099807739258,46.08944320678711,0.039032842963933945,0.07199426740407944,48.773040771484375,48.69099807739258,46.08944320678711,0.03337834030389786,0.05810470134019852,0.6792970299720764,0.6077679395675659,1.0149495601654053,32.639610290527344,36.17101287841797,0.03337834030389786,0.05810470134019852,34.198543548583984,32.639610290527344,36.17101287841797
scene12_traj1_1__000030,0.04005211219191551,0.07326376438140869,1.0797349214553833,0.6760985255241394,1.367226481437683,48.4909553527832,46.065616607666016,0.04005211219191551,0.07326376438140869,48.64387893676758,48.4909553527832,46.065616607666016,0.03356687352061272,0.05865626037120819,0.6790749430656433,0.606239378452301,1.0126780271530151,32.60205841064453,36.28477478027344,0.03356687352061272,0.05865626037120819,34.11200714111328,32.60205841064453,36.28477478027344
scene12_traj1_1__000031,0.039873018860816956,0.07312259078025818,1.0795528888702393,0.6755107641220093,1.3666751384735107,48.41979217529297,45.74950408935547,0.039873018860816956,0.07312259078025818,48.618629455566406,48.41979217529297,45.74950408935547,0.03365094214677811,0.058795101940631866,0.6799342632293701,0.6078177094459534,1.0148200988769531,32.77214813232422,36.66150665283203,0.03365094214677811,0.058795101940631866,34.18214797973633,32.77214813232422,36.66150665283203
scene12_traj1_1__000032,0.03940645977854729,0.07290047407150269,1.0831375122070312,0.6754271388053894,1.3693559169769287,48.61544418334961,45.99409103393555,0.03940645977854729,0.07290047407150269,48.734344482421875,48.61544418334961,45.99409103393555,0.033660273998975754,0.058779627084732056,0.679500937461853,0.6055017709732056,1.012878656387329,32.580848693847656,36.146236419677734,0.033660273998975754,0.058779627084732056,34.129791259765625,32.580848693847656,36.146236419677734
scene12_traj1_1__000033,0.039413776248693466,0.07251660525798798,1.080579400062561,0.679441511631012,1.3702940940856934,48.64888381958008,46.08304977416992,0.039413776248693466,0.07251660525798798,48.78919219970703,48.64888381958008,46.08304977416992,0.03354836627840996,0.05860285833477974,0.677807092666626,0.6061657071113586,1.0120116472244263,32.560489654541016,36.17550277709961,0.03354836627840996,0.05860285833477974,34.080875396728516,32.560489654541016,36.17550277709961
scene12_traj1_1__000034,0.03932514041662216,0.07215457409620285,1.0801466703414917,0.6791774034500122,1.3696647882461548,48.5565299987793,46.050506591796875,0.03932514041662216,0.07215457409620285,48.730201721191406,48.5565299987793,46.050506591796875,0.0334993451833725,0.058147966861724854,0.6776409149169922,0.6068839430809021,1.0120294094085693,32.53125762939453,36.26884078979492,0.0334993451833725,0.058147966861724854,34.081756591796875,32.53125762939453,36.26884078979492
scene12_traj1_1__000035,0.03960859030485153,0.07250805199146271,1.0807538032531738,0.6828342080116272,1.3727812767028809,48.625755310058594,45.780128479003906,0.03960859030485153,0.07250805199146271,48.854736328125,48.625755310058594,45.780128479003906,0.033679813146591187,0.058624718338251114,0.6775522232055664,0.6040276288986206,1.0104385614395142,32.6526985168457,36.680362701416016,0.033679813146591187,0.058624718338251114,34.03184127807617,32.6526985168457,36.680362701416016
scene12_traj1_1__000036,0.039408087730407715,0.07251164317131042,1.0824201107025146,0.6783995032310486,1.371120572090149,48.69895553588867,46.23341369628906,0.039408087730407715,0.07251164317131042,48.797149658203125,48.69895553588867,46.23341369628906,0.033574774861335754,0.05845225229859352,0.6749354004859924,0.6090968251228333,1.0115933418273926,32.55366134643555,36.33995056152344,0.033574774861335754,0.05845225229859352,34.06587219238281,32.55366134643555,36.33995056152344
scene12_traj1_1__000037,0.03986276686191559,0.07321785390377045,1.0771867036819458,0.6864672303199768,1.3726216554641724,48.624515533447266,45.879737854003906,0.03986276686191559,0.07321785390377045,48.869449615478516,48.624515533447266,45.879737854003906,0.03370729833841324,0.058945316821336746,0.6783151626586914,0.6081703305244446,1.014268398284912,32.71403884887695,36.49699020385742,0.03370729833841324,0.058945316821336746,34.159698486328125,32.71403884887695,36.49699020385742
scene12_traj1_1__000038,0.03952803090214729,0.07301405817270279,1.0766956806182861,0.6873456239700317,1.3725810050964355,48.55741500854492,45.467491149902344,0.03952803090214729,0.07301405817270279,48.8576545715332,48.55741500854492,45.467491149902344,0.03379448875784874,0.058840639889240265,0.6788814663887024,0.6060594916343689,1.0129148960113525,32.52647399902344,36.048431396484375,0.03379448875784874,0.058840639889240265,34.09843063354492,32.52647399902344,36.048431396484375
scene12_traj1_1__000039,0.03922145441174507,0.07280490547418594,1.0844367742538452,0.6757584810256958,1.3700281381607056,48.63115310668945,45.95195007324219,0.03922145441174507,0.07280490547418594,48.73447036743164,48.63115310668945,45.95195007324219,0.033887602388858795,0.05887976661324501,0.676676869392395,0.6023507118225098,1.0090049505233765,32.34737777709961,35.96406555175781,0.033887602388858795,0.05887976661324501,33.950721740722656,32.34737777709961,35.96406555175781
scene12_traj1_1__000040,0.039516035467386246,0.07271890342235565,1.0784403085708618,0.6833395957946777,1.3710612058639526,48.54999542236328,45.64467239379883,0.039516035467386246,0.07271890342235565,48.79314422607422,48.54999542236328,45.64467239379883,0.03374543786048889,0.0586477592587471,0.6787471771240234,0.6031301617622375,1.0112977027893066,32.57695388793945,36.33236312866211,0.03374543786048889,0.0586477592587471,34.05479431152344,32.57695388793945,36.33236312866211
scene12_traj1_1__000041,0.0395716093480587,0.07302933931350708,1.0776877403259277,0.6862670183181763,1.3723574876785278,48.5189208984375,45.443023681640625,0.0395716093480587,0.07302933931350708,48.848876953125,48.5189208984375,45.443023681640625,0.03378628194332123,0.05891323834657669,0.6779411435127258,0.6026929020881653,1.0101736783981323,32.544395446777344,36.30974197387695,0.03378628194332123,0.05891323834657669,34.002967834472656,32.544395446777344,36.30974197387695
scene12_traj1_1__000042,0.03936362266540527,0.07291456311941147,1.0810983180999756,0.6857859492301941,1.374963402748108,48.720977783203125,45.54391098022461,0.03936362266540527,0.07291456311941147,48.961265563964844,48.720977783203125,45.54391098022461,0.0338432639837265,0.05900757014751434,0.6811335682868958,0.6055977940559387,1.0152654647827148,32.819419860839844,36.52760314941406,0.0338432639837265,0.05900757014751434,34.21144485473633,32.819419860839844,36.52760314941406
scene12_traj1_1__000043,0.039209578186273575,0.07258188724517822,1.084823489189148,0.6846576929092407,1.3771986961364746,48.86471176147461,46.092063903808594,0.039209578186273575,0.07258188724517822,49.05941390991211,48.86471176147461,46.092063903808594,0.033745549619197845,0.05876126512885094,0.6788792610168457,0.605312168598175,1.0130376815795898,32.68084716796875,36.48823928833008,0.033745549619197845,0.05876126512885094,34.119163513183594,32.68084716796875,36.48823928833008
scene12_traj1_1__000044,0.03938376158475876,0.07215660810470581,1.0851919651031494,0.6841492652893066,1.3774882555007935,48.977195739746094,46.37544631958008,0.03938376158475876,0.07215660810470581,49.08946228027344,48.977195739746094,46.37544631958008,0.03347830846905708,0.058433741331100464,0.6736826300621033,0.6061156392097473,1.0092829465866089,32.56956481933594,36.45024108886719,0.03347830846905708,0.058433741331100464,33.9747314453125,32.56956481933594,36.45024108886719
scene12_traj1_1__000045,0.039276618510484695,0.07245805114507675,1.0847219228744507,0.6857434511184692,1.378619909286499,49.02933120727539,46.47576904296875,0.039276618510484695,0.07245805114507675,49.12052917480469,49.02933120727539,46.47576904296875,0.033479176461696625,0.05857700854539871,0.6682159900665283,0.6068199276924133,1.0053917169570923,32.296627044677734,35.92582321166992,0.033479176461696625,0.05857700854539871,33.80508041381836,32.296627044677734,35.92582321166992
scene12_traj1_1__000046,0.039503391832113266,0.07284658402204514,1.0858417749404907,0.6808629035949707,1.375361680984497,48.87813186645508,46.40736389160156,0.039503391832113266,0.07284658402204514,48.99302291870117,48.87813186645508,46.40736389160156,0.033633023500442505,0.058714162558317184,0.6737525463104248,0.6041598320007324,1.0080808401107788,32.41383743286133,35.9395866394043,0.033633023500442505,0.058714162558317184,33.91835403442383,32.41383743286133,35.9395866394043
scene12_traj1_1__000047,0.04030203819274902,0.07431261241436005,1.0874980688095093,0.6797897815704346,1.3761498928070068,48.954837799072266,46.40408706665039,0.04030203819274902,0.07431261241436005,49.02315139770508,48.954837799072266,46.40408706665039,0.03396928682923317,0.05985179916024208,0.6767300963401794,0.602023720741272,1.0089147090911865,32.5080680847168,36.15614700317383,0.03396928682923317,0.05985179916024208,33.947696685791016,32.5080680847168,36.15614700317383
scene12_traj1_1__000048,0.03967445716261864,0.07338432222604752,1.0846987962722778,0.6802087426185608,1.3733829259872437,48.63007736206055,45.89707946777344,0.03967445716261864,0.07338432222604752,48.89374542236328,48.63007736206055,45.89707946777344,0.033840637654066086,0.05927865952253342,0.6754611730575562,0.6015194654464722,1.007407784461975,32.49979782104492,36.341346740722656,0.033840637654066086,0.05927865952253342,33.89705276489258,32.49979782104492,36.341346740722656
scene12_traj1_1__000049,0.04044623672962189,0.07475675642490387,1.080608606338501,0.6793687343597412,1.369948387145996,48.481571197509766,45.93436813354492,0.04044623672962189,0.07475675642490387,48.75358200073242,48.481571197509766,45.93436813354492,0.03394617140293121,0.05974330008029938,0.6776366233825684,0.6053377985954285,1.0123201608657837,32.681758880615234,36.0636100769043,0.03394617140293121,0.05974330008029938,34.087520599365234,32.681758880615234,36.0636100769043
scene12_traj1_1__000050,0.04025202989578247,0.07476502656936646,1.0837284326553345,0.6794073581695557,1.3722621202468872,48.598731994628906,46.25083923339844,0.04025202989578247,0.07476502656936646,48.82320785522461,48.598731994628906,46.25083923339844,0.0339946411550045,0.06009498983621597,0.6760156154632568,0.5989043712615967,1.0066561698913574,32.54581832885742,36.27263259887695,0.0339946411550045,0.06009498983621597,33.860137939453125,32.54581832885742,36.27263259887695
scene12_traj1_1__000051,0.040939658880233765,0.07513586431741714,1.0812605619430542,0.6821197867393494,1.373054027557373,48.6108283996582,45.96918869018555,0.040939658880233765,0.07513586431741714,48.88556671142578,48.6108283996582,45.96918869018555,0.03415169566869736,0.05990232527256012,0.674301028251648,0.6002577543258667,1.0048056840896606,32.4683723449707,36.268436431884766,0.03415169566869736,0.05990232527256012,33.78174591064453,32.4683723449707,36.268436431884766
scene12_traj1_1__000052,0.04010654613375664,0.07450131326913834,1.0760340690612793,0.6807865500450134,1.367819905281067,48.45535659790039,46.060367584228516,0.04010654613375664,0.07450131326913834,48.665855407714844,48.45535659790039,46.060367584228516,0.03407780081033707,0.05991768836975098,0.67452472448349,0.6036635637283325,1.007714033126831,32.4833984375,35.79404830932617,0.03407780081033707,0.05991768836975098,33.927093505859375,32.4833984375,35.79404830932617
scene12_traj1_1__000053,0.04090922698378563,0.07488875091075897,1.0788342952728271,0.6916533708572388,1.3780285120010376,48.819007873535156,46.368099212646484,0.04090922698378563,0.07488875091075897,49.087432861328125,48.819007873535156,46.368099212646484,0.033931758254766464,0.05971454083919525,0.6719459295272827,0.598564863204956,1.0034663677215576,32.406333923339844,35.98674011230469,0.033931758254766464,0.05971454083919525,33.75255584716797,32.406333923339844,35.98674011230469
scene12_traj1_1__000054,0.04113749787211418,0.07564278692007065,1.0764377117156982,0.6877288222312927,1.373433232307434,48.65410232543945,45.822017669677734,0.04113749787211418,0.07564278692007065,48.90243911743164,48.65410232543945,45.822017669677734,0.03419110178947449,0.06018028035759926,0.6735123991966248,0.6050015091896057,1.008345365524292,32.534732818603516,36.165733337402344,0.03419110178947449,0.06018028035759926,33.932411193847656,32.534732818603516,36.165733337402344
scene12_traj1_1__000055,0.04057762026786804,0.07545099407434464,1.0751863718032837,0.6913807988166809,1.3747799396514893,48.69043731689453,46.049556732177734,0.04057762026786804,0.07545099407434464,48.938682556152344,48.69043731689453,46.049556732177734,0.03414611518383026,0.06031616032123566,0.6691891551017761,0.6034606099128723,1.0037328004837036,32.39212417602539,36.08890151977539,0.03414611518383026,0.06031616032123566,33.758724212646484,32.39212417602539,36.08890151977539
scene12_traj1_1__000056,0.04048439860343933,0.07459510117769241,1.0763823986053467,0.6895090341567993,1.3743503093719482,48.645751953125,45.9692268371582,0.04048439860343933,0.07459510117769241,48.95042419433594,48.645751953125,45.9692268371582,0.034159012138843536,0.05989307165145874,0.6748725175857544,0.6045222282409668,1.009522795677185,32.68152618408203,36.25062942504883,0.034159012138843536,0.05989307165145874,33.97578811645508,32.68152618408203,36.25062942504883
scene12_traj1_1__000057,0.04037891700863838,0.0751936212182045,1.0816826820373535,0.6824396848678589,1.3728233575820923,48.60991668701172,45.909908294677734,0.04037891700863838,0.0751936212182045,48.87954330444336,48.60991668701172,45.909908294677734,0.034348879009485245,0.060460906475782394,0.6758726835250854,0.6024698615074158,1.0092207193374634,32.63988494873047,36.398040771484375,0.034348879009485245,0.060460906475782394,33.96670150756836,32.63988494873047,36.398040771484375
scene12_traj1_1__000058,0.04057101160287857,0.07537993788719177,1.080883502960205,0.682244598865509,1.3721965551376343,48.72951889038086,46.45981979370117,0.04057101160287857,0.07537993788719177,48.8536376953125,48.72951889038086,46.45981979370117,0.03439166769385338,0.06056518107652664,0.6730120182037354,0.6004809737205505,1.0050164461135864,32.45393753051758,36.041961669921875,0.03439166769385338,0.06056518107652664,33.805198669433594,32.45393753051758,36.041961669921875
scene12_traj1_1__000059,0.040670085698366165,0.07490213960409164,1.0800338983535767,0.6870840191841125,1.374437928199768,48.7779541015625,46.18710708618164,0.040670085698366165,0.07490213960409164,48.94324493408203,48.7779541015625,46.18710708618164,0.034193046391010284,0.06003352627158165,0.673731803894043,0.6024090647697449,1.0070855617523193,32.55311965942383,36.32881546020508,0.034193046391010284,0.06003352627158165,33.89137649536133,32.55311965942383,36.32881546020508
scene12_traj1_1__000060,0.040176358073949814,0.07427829504013062,1.0803565979003906,0.6850895881652832,1.3739172220230103,48.6434326171875,46.07231903076172,0.040176358073949814,0.07427829504013062,48.90635681152344,48.6434326171875,46.07231903076172,0.034243348985910416,0.06005820631980896,0.6729088425636292,0.6056401133537292,1.008981466293335,32.61419677734375,36.35584259033203,0.034243348985910416,0.06005820631980896,33.96055603027344,32.61419677734375,36.35584259033203
scene12_traj1_1__000061,0.03996356204152107,0.07420821487903595,1.0815197229385376,0.686068594455719,1.3753080368041992,48.817501068115234,45.96025466918945,0.03996356204152107,0.07420821487903595,48.989097595214844,48.817501068115234,45.96025466918945,0.03415759652853012,0.05991065502166748,0.673149824142456,0.6024938225746155,1.006845235824585,32.45515823364258,36.12350845336914,0.03415759652853012,0.05991065502166748,33.894775390625,32.45515823364258,36.12350845336914
scene12_traj1_1__000062,0.04033295065164566,0.0744795948266983,1.0805898904800415,0.688616156578064,1.3766515254974365,48.880069732666016,46.5087890625,0.04033295065164566,0.0744795948266983,49.03523254394531,48.880069732666016,46.5087890625,0.034245170652866364,0.05998428538441658,0.6745192408561707,0.6000462770462036,1.0065263509750366,32.42653274536133,35.82636642456055,0.034245170652866364,0.05998428538441658,33.85789108276367,32.42653274536133,35.82636642456055
scene12_traj1_1__000063,0.04051380231976509,0.0746600329875946,1.0837029218673706,0.6872125864028931,1.3785783052444458,48.92059326171875,46.155616760253906,0.04051380231976509,0.0746600329875946,49.128929138183594,48.92059326171875,46.155616760253906,0.03415920212864876,0.05993911623954773,0.6756081581115723,0.6011727452278137,1.008259654045105,32.58769226074219,36.28562927246094,0.03415920212864876,0.05993911623954773,33.92441177368164,32.58769226074219,36.28562927246094
scene12_traj1_1__000064,0.04063333198428154,0.07526731491088867,1.0794711112976074,0.6943024396896362,1.3793014287948608,48.90690231323242,46.215431213378906,0.04063333198428154,0.07526731491088867,49.14778518676758,48.90690231323242,46.215431213378906,0.034341491758823395,0.06047315150499344,0.6777455806732178,0.6050252914428711,1.0132031440734863,32.72118377685547,36.22835159301758,0.034341491758823395,0.06047315150499344,34.12165832519531,32.72118377685547,36.22835159301758
scene12_traj1_1__000065,0.04001668468117714,0.07457908242940903,1.0804625749588013,0.698832631111145,1.3843739032745361,49.264610290527344,46.659915924072266,0.04001668468117714,0.07457908242940903,49.35131072998047,49.264610290527344,46.659915924072266,0.034328218549489975,0.06021422892808914,0.6724292039871216,0.6024016737937927,1.006425142288208,32.39830017089844,35.83125686645508,0.034328218549489975,0.06021422892808914,33.86331558227539,32.39830017089844,35.83125686645508
scene12_traj1_1__000066,0.04058410972356796,0.07463753968477249,1.086195468902588,0.6928108930587769,1.3844150304794312,49.20036697387695,46.49063491821289,0.04058410972356796,0.07463753968477249,49.38035202026367,49.20036697387695,46.49063491821289,0.03431912139058113,0.060122299939394,0.6755856275558472,0.6012564897537231,1.0086373090744019,32.62154006958008,36.26270294189453,0.03431912139058113,0.060122299939394,33.9503059387207,32.62154006958008,36.26270294189453
scene12_traj1_1__000067,0.03991285338997841,0.07397469133138657,1.0851526260375977,0.6905233263969421,1.382271647453308,49.119720458984375,46.3120002746582,0.03991285338997841,0.07397469133138657,49.29615783691406,49.119720458984375,46.3120002746582,0.03413398191332817,0.05972522869706154,0.6739470958709717,0.6014721989631653,1.007225751876831,32.58530807495117,36.42583465576172,0.03413398191332817,0.05972522869706154,33.89238739013672,32.58530807495117,36.42583465576172
scene12_traj1_1__000068,0.04007922112941742,0.07401016354560852,1.0870106220245361,0.6956399083137512,1.3865803480148315,49.33729934692383,46.51096725463867,0.04007922112941742,0.07401016354560852,49.461021423339844,49.33729934692383,46.51096725463867,0.034169819205999374,0.05977655202150345,0.6739501357078552,0.6032571792602539,1.0087895393371582,32.600704193115234,36.2933464050293,0.034169819205999374,0.05977655202150345,33.964481353759766,32.600704193115234,36.2933464050293
scene12_traj1_1__000069,0.03985386714339256,0.07396567612886429,1.0820337533950806,0.6902773976325989,1.3798425197601318,49.10764694213867,46.51393127441406,0.03985386714339256,0.07396567612886429,49.1796760559082,49.10764694213867,46.51393127441406,0.03418328985571861,0.059604041278362274,0.6746031045913696,0.6033187508583069,1.009270191192627,32.5941276550293,36.26156997680664,0.03418328985571861,0.059604041278362274,33.967628479003906,32.5941276550293,36.26156997680664
scene12_traj1_1__000070,0.04002077504992485,0.07403428852558136,1.0859463214874268,0.6912832856178284,1.38338303565979,49.08339309692383,46.19839096069336,0.04002077504992485,0.07403428852558136,49.330223083496094,49.08339309692383,46.19839096069336,0.034265533089637756,0.05984209105372429,0.6725547909736633,0.601239800453186,1.0059620141983032,32.56045150756836,36.529441833496094,0.034265533089637756,0.05984209105372429,33.85346603393555,32.56045150756836,36.529441833496094
scene12_traj1_1__000071,0.04004666954278946,0.07447914034128189,1.0834486484527588,0.682720422744751,1.3753811120986938,48.82448959350586,46.16375732421875,0.04004666954278946,0.07447914034128189,49.011329650878906,48.82448959350586,46.16375732421875,0.03439420089125633,0.060151029378175735,0.6772941946983337,0.6037994623184204,1.0112433433532715,32.778934478759766,36.49030303955078,0.03439420089125633,0.060151029378175735,34.05215072631836,32.778934478759766,36.49030303955078
scene12_traj1_1__000072,0.04016552492976189,0.0745227187871933,1.0876929759979248,0.6829589605331421,1.3780568838119507,48.91225814819336,46.30720138549805,0.04016552492976189,0.0745227187871933,49.111785888671875,48.91225814819336,46.30720138549805,0.03440943360328674,0.06014275550842285,0.675555408000946,0.6044705510139465,1.010235071182251,32.665771484375,36.34790802001953,0.03440943360328674,0.06014275550842285,34.01166915893555,32.665771484375,36.34790802001953
scene12_traj1_1__000073,0.04026360437273979,0.07417025417089462,1.0897598266601562,0.6817877292633057,1.3796979188919067,49.0641975402832,46.485626220703125,0.04026360437273979,0.07417025417089462,49.195823669433594,49.0641975402832,46.485626220703125,0.03428523987531662,0.05945266783237457,0.6739852428436279,0.6067304015159607,1.010245442390442,32.6351203918457,36.16742706298828,0.03428523987531662,0.05945266783237457,34.01805877685547,32.6351203918457,36.16742706298828
scene12_traj1_1__000074,0.04040192812681198,0.07451590150594711,1.0885227918624878,0.6798553466796875,1.3767685890197754,48.935489654541016,46.32295608520508,0.04040192812681198,0.07451590150594711,49.05398178100586,48.935489654541016,46.32295608520508,0.03442249074578285,0.059776172041893005,0.6745251417160034,0.6035609245300293,1.0085744857788086,32.66843032836914,36.535953521728516,0.03442249074578285,0.059776172041893005,33.964115142822266,32.66843032836914,36.535953521728516
scene12_traj1_1__000075,0.03996779024600983,0.0737493634223938,1.086046576499939,0.6820932626724243,1.3761972188949585,48.967681884765625,46.473670959472656,0.03996779024600983,0.0737493634223938,49.02629470825195,48.967681884765625,46.473670959472656,0.03430400788784027,0.05952655151486397,0.6771899461746216,0.6054012179374695,1.0125744342803955,32.81245803833008,36.53934860229492,0.03430400788784027,0.05952655151486397,34.11368179321289,32.81245803833008,36.53934860229492
scene12_traj1_1__000076,0.03996764495968819,0.07384483516216278,1.0879448652267456,0.6818436980247498,1.378235936164856,49.0452995300293,46.5169563293457,0.03996764495968819,0.07384483516216278,49.13777160644531,49.0452995300293,46.5169563293457,0.034245673567056656,0.05938783288002014,0.6761305332183838,0.6036502122879028,1.0103576183319092,32.68046188354492,36.400726318359375,0.034245673567056656,0.05938783288002014,34.008819580078125,32.68046188354492,36.400726318359375
scene12_traj1_1__000077,0.04002058133482933,0.0740823745727539,1.0912747383117676,0.6865607500076294,1.3842483758926392,49.259544372558594,46.51094055175781,0.04002058133482933,0.0740823745727539,49.37560272216797,49.259544372558594,46.51094055175781,0.034416165202856064,0.059883613139390945,0.671990156173706,0.6051881313323975,1.0079874992370605,32.6750373840332,36.41208267211914,0.034416165202856064,0.059883613139390945,33.92338943481445,32.6750373840332,36.41208267211914
scene12_traj1_1__000078,0.04033486917614937,0.07489953190088272,1.088123083114624,0.6848885416984558,1.380806803703308,49.02023696899414,46.00053024291992,0.04033486917614937,0.07489953190088272,49.251773834228516,49.02023696899414,46.00053024291992,0.034475263208150864,0.06023256480693817,0.6770166754722595,0.6038910746574402,1.010554313659668,32.78370666503906,36.70886993408203,0.034475263208150864,0.06023256480693817,34.024532318115234,32.78370666503906,36.70886993408203
scene12_traj1_1__000079,0.03989125415682793,0.07407523691654205,1.09242844581604,0.6827191710472107,1.382490634918213,49.30891036987305,46.769493103027344,0.03989125415682793,0.07407523691654205,49.325679779052734,49.30891036987305,46.769493103027344,0.034396469593048096,0.05977384373545647,0.6762044429779053,0.6053747534751892,1.0117679834365845,32.737152099609375,36.557987213134766,0.034396469593048096,0.05977384373545647,34.064388275146484,32.737152099609375,36.557987213134766
scene12_traj1_1__000080,0.039601005613803864,0.07258910685777664,1.0912896394729614,0.67804354429245,1.3785871267318726,48.957550048828125,46.07094192504883,0.039601005613803864,0.07258910685777664,49.16974639892578,48.957550048828125,46.07094192504883,0.034008484333753586,0.058728549629449844,0.6780725717544556,0.6070455312728882,1.0149232149124146,32.90138244628906,36.75151443481445,0.034008484333753586,0.058728549629449844,34.19182205200195,32.90138244628906,36.75151443481445
scene12_traj1_1__000081,0.039904236793518066,0.07360099256038666,1.0891971588134766,0.6746325492858887,1.373799443244934,48.859153747558594,46.319984436035156,0.039904236793518066,0.07360099256038666,48.924827575683594,48.859153747558594,46.319984436035156,0.03424859046936035,0.059324007481336594,0.6814090609550476,0.6048473119735718,1.015784740447998,32.98478698730469,36.798152923583984,0.03424859046936035,0.059324007481336594,34.231746673583984,32.98478698730469,36.798152923583984
scene12_traj1_1__000082,0.03989151492714882,0.07339118421077728,1.0952320098876953,0.673055112361908,1.3779569864273071,49.06142807006836,46.559974670410156,0.03989151492714882,0.07339118421077728,49.118534088134766,49.06142807006836,46.559974670410156,0.034381382167339325,0.059164177626371384,0.6767429113388062,0.6065133810043335,1.0131080150604248,32.78557586669922,36.369937896728516,0.034381382167339325,0.059164177626371384,34.10823440551758,32.78557586669922,36.369937896728516
scene12_traj1_1__000083,0.03991834819316864,0.07365389913320541,1.0945881605148315,0.6721879839897156,1.3765840530395508,49.02597427368164,46.35776901245117,0.03991834819316864,0.07365389913320541,49.077091217041016,49.02597427368164,46.35776901245117,0.03446487709879875,0.059549007564783096,0.6808533668518066,0.6084398627281189,1.0185630321502686,33.077327728271484,36.90449905395508,0.03446487709879875,0.059549007564783096,34.34550476074219,33.077327728271484,36.90449905395508
scene12_traj1_1__000084,0.03981113061308861,0.07331337034702301,1.0929503440856934,0.6673466563224792,1.3719396591186523,48.85919189453125,46.36262130737305,0.03981113061308861,0.07331337034702301,48.87083435058594,48.85919189453125,46.36262130737305,0.034272849559783936,0.0590466633439064,0.6781644225120544,0.6087170839309692,1.0161559581756592,32.93281555175781,36.621368408203125,0.034272849559783936,0.0590466633439064,34.24212646484375,32.93281555175781,36.621368408203125
scene12_traj1_1__000085,0.039844218641519547,0.07334624230861664,1.092790126800537,0.6716055870056152,1.3754820823669434,48.94231414794922,46.36909103393555,0.039844218641519547,0.07334624230861664,49.01140594482422,48.94231414794922,46.36909103393555,0.034326326102018356,0.05897499993443489,0.6749527454376221,0.6084362268447876,1.0128871202468872,32.806766510009766,36.7716178894043,0.034326326102018356,0.05897499993443489,34.10828399658203,32.806766510009766,36.7716178894043
scene12_traj1_1__000086,0.0398312546312809,0.07338601350784302,1.0939600467681885,0.6762663125991821,1.379385232925415,49.12504959106445,46.50334548950195,0.0398312546312809,0.07338601350784302,49.189292907714844,49.12504959106445,46.50334548950195,0.03436923027038574,0.05907924100756645,0.6776089668273926,0.6059684753417969,1.013822078704834,32.800376892089844,36.47368621826172,0.03436923027038574,0.05907924100756645,34.145328521728516,32.800376892089844,36.47368621826172
scene12_traj1_1__000087,0.03975067287683487,0.07296672463417053,1.0955791473388672,0.6716542840003967,1.3774590492248535,49.09095001220703,46.61197280883789,0.03975067287683487,0.07296672463417053,49.1168327331543,49.09095001220703,46.61197280883789,0.03420720994472504,0.05884012579917908,0.6783604025840759,0.6071633100509644,1.014845848083496,32.9498405456543,36.79744338989258,0.03420720994472504,0.05884012579917908,34.20420455932617,32.9498405456543,36.79744338989258
scene12_traj1_1__000088,0.03996054083108902,0.07294618338346481,1.0948106050491333,0.672473132610321,1.3773666620254517,49.04952621459961,46.51621627807617,0.03996054083108902,0.07294618338346481,49.157257080078125,49.04952621459961,46.51621627807617,0.03419536352157593,0.058539215475320816,0.6776787042617798,0.6102467775344849,1.016633152961731,33.01752853393555,36.82942581176758,0.03419536352157593,0.058539215475320816,34.26163864135742,33.01752853393555,36.82942581176758
scene12_traj1_1__000089,0.03984646871685982,0.07283403724431992,1.097221851348877,0.6725074648857117,1.379425287246704,49.25304412841797,46.84635543823242,0.03984646871685982,0.07283403724431992,49.22628402709961,49.25304412841797,46.84635543823242,0.03418904170393944,0.05849703028798103,0.6760989427566528,0.6107068657875061,1.0152803659439087,32.83849334716797,36.44504165649414,0.03418904170393944,0.05849703028798103,34.20962905883789,32.83849334716797,36.44504165649414
scene12_traj1_1__000090,0.04013001546263695,0.07324296236038208,1.0965834856033325,0.6738181710243225,1.3799666166305542,49.16766357421875,46.589664459228516,0.04013001546263695,0.07324296236038208,49.24961471557617,49.16766357421875,46.589664459228516,0.03432909771800041,0.0588856041431427,0.6790693402290344,0.6113686561584473,1.0179517269134521,33.00791931152344,36.94132614135742,0.03432909771800041,0.0588856041431427,34.31373596191406,33.00791931152344,36.94132614135742
scene12_traj1_1__000091,0.040251970291137695,0.0737113207578659,1.0934749841690063,0.671648383140564,1.3754396438598633,48.97715377807617,46.154823303222656,0.040251970291137695,0.0737113207578659,49.049888610839844,48.97715377807617,46.154823303222656,0.034514907747507095,0.05924801900982857,0.6794835925102234,0.6084002256393433,1.0163458585739136,33.00217819213867,36.904232025146484,0.034514907747507095,0.05924801900982857,34.246307373046875,33.00217819213867,36.904232025146484
scene12_traj1_1__000092,0.040342383086681366,0.07392124086618423,1.093943476676941,0.6728330850601196,1.376957654953003,49.09986114501953,46.64055633544922,0.040342383086681366,0.07392124086618423,49.12670135498047,49.09986114501953,46.64055633544922,0.0345267690718174,0.059211794286966324,0.675827145576477,0.6123477220535278,1.016135811805725,32.89729690551758,36.55680847167969,0.0345267690718174,0.059211794286966324,34.237648010253906,32.89729690551758,36.55680847167969
scene12_traj1_1__000093,0.040297508239746094,0.0738268718123436,1.096012830734253,0.6693528294563293,1.375783920288086,48.978050231933594,46.40443420410156,0.040297508239746094,0.0738268718123436,49.06440734863281,48.978050231933594,46.40443420410156,0.034442830830812454,0.05925982445478439,0.6772962212562561,0.6155800223350525,1.0196820497512817,33.098167419433594,37.09933853149414,0.034442830830812454,0.05925982445478439,34.391441345214844,33.098167419433594,37.09933853149414
scene12_traj1_1__000094,0.04031699150800705,0.07374677807092667,1.0970078706741333,0.6702978014945984,1.377400517463684,49.0306510925293,46.48102951049805,0.04031699150800705,0.07374677807092667,49.12494659423828,49.0306510925293,46.48102951049805,0.03464862331748009,0.05939985811710358,0.6784340739250183,0.6121541261672974,1.0186983346939087,33.182167053222656,37.07390213012695,0.03464862331748009,0.05939985811710358,34.3397331237793,33.182167053222656,37.07390213012695
scene12_traj1_1__000095,0.040127336978912354,0.07331915199756622,1.0988099575042725,0.6709059476852417,1.3792271614074707,49.18596649169922,46.82659912109375,0.040127336978912354,0.07331915199756622,49.20379638671875,49.18596649169922,46.82659912109375,0.034452762454748154,0.05902121216058731,0.677168607711792,0.6084467768669128,1.0151375532150269,32.870601654052734,36.533138275146484,0.034452762454748154,0.05902121216058731,34.190147399902344,32.870601654052734,36.533138275146484
scene12_traj1_1__000096,0.040393929928541183,0.0739913284778595,1.0982604026794434,0.6670843362808228,1.3765743970870972,48.93527603149414,46.22941970825195,0.040393929928541183,0.0739913284778595,49.084014892578125,48.93527603149414,46.22941970825195,0.03460601717233658,0.05943817272782326,0.6807409524917603,0.6096827983856201,1.0186699628829956,33.220062255859375,36.994544982910156,0.03460601717233658,0.05943817272782326,34.33021926879883,33.220062255859375,36.994544982910156
scene12_traj1_1__000097,0.040344513952732086,0.07363103330135345,1.1000508069992065,0.6712173819541931,1.3802993297576904,49.10838317871094,46.33964920043945,0.040344513952732086,0.07363103330135345,49.25151062011719,49.10838317871094,46.33964920043945,0.03468215838074684,0.059426262974739075,0.6774458885192871,0.6070008277893066,1.013993740081787,33.06301498413086,37.161434173583984,0.03468215838074684,0.059426262974739075,34.153812408447266,33.06301498413086,37.161434173583984
scene12_traj1_1__000098,0.0405573770403862,0.07445041090250015,1.093704104423523,0.6820731163024902,1.3830173015594482,49.38669967651367,46.8200798034668,0.0405573770403862,0.07445041090250015,49.35242462158203,49.38669967651367,46.8200798034668,0.03480803966522217,0.05977356433868408,0.6773046255111694,0.6067144870758057,1.0142631530761719,32.9713020324707,36.81813430786133,0.03480803966522217,0.05977356433868408,34.16580581665039,32.9713020324707,36.81813430786133
scene12_traj1_1__000099,0.04051933065056801,0.07456476241350174,1.0973750352859497,0.6715711355209351,1.3782639503479004,49.17535400390625,46.76784133911133,0.04051933065056801,0.07456476241350174,49.15222930908203,49.17535400390625,46.76784133911133,0.03486160933971405,0.06000741198658943,0.6777905225753784,0.6096261739730835,1.0164395570755005,33.07158660888672,37.08420944213867,0.03486160933971405,0.06000741198658943,34.25184631347656,33.07158660888672,37.08420944213867
scene12_traj1_1__000100,0.04050379991531372,0.07472836971282959,1.09658944606781,0.6716496348381042,1.37794029712677,49.03658676147461,46.65100860595703,0.04050379991531372,0.07472836971282959,49.150508880615234,49.03658676147461,46.65100860595703,0.03479290381073952,0.05997738242149353,0.678687334060669,0.6071495413780212,1.0160584449768066,33.13713455200195,36.99708557128906,0.03479290381073952,0.05997738242149353,34.234169006347656,33.13713455200195,36.99708557128906
scene12_traj1_1__000101,0.04077059403061867,0.07516661286354065,1.098013997077942,0.6692403554916382,1.3768974542617798,49.1134033203125,46.80013656616211,0.04077059403061867,0.07516661286354065,49.08591842651367,49.1134033203125,46.80013656616211,0.03518226742744446,0.06059025228023529,0.678765594959259,0.6059486269950867,1.0148301124572754,33.01788330078125,36.960567474365234,0.03518226742744446,0.06059025228023529,34.1898193359375,33.01788330078125,36.960567474365234
scene12_traj1_1__000102,0.040782760828733444,0.07522062957286835,1.096000075340271,0.6720028519630432,1.3778146505355835,49.05940246582031,46.55331802368164,0.040782760828733444,0.07522062957286835,49.14900207519531,49.05940246582031,46.55331802368164,0.03507859632372856,0.06051748991012573,0.6799285411834717,0.6056025624275208,1.0145152807235718,33.05949401855469,36.985862731933594,0.03507859632372856,0.06051748991012573,34.16318893432617,33.05949401855469,36.985862731933594
scene12_traj1_1__000103,0.04092944785952568,0.0752752423286438,1.0942810773849487,0.6730360388755798,1.3767383098602295,49.01001739501953,46.747154235839844,0.04092944785952568,0.0752752423286438,49.081687927246094,49.01001739501953,46.747154235839844,0.03511665761470795,0.06035659462213516,0.679816484451294,0.6038362383842468,1.0137825012207031,33.01873779296875,36.77250671386719,0.03511665761470795,0.06035659462213516,34.14002990722656,33.01873779296875,36.77250671386719
scene12_traj1_1__000104,0.041189439594745636,0.07598725706338882,1.0917713642120361,0.6703648567199707,1.373213768005371,48.831478118896484,46.30516052246094,0.041189439594745636,0.07598725706338882,48.954498291015625,48.831478118896484,46.30516052246094,0.035342052578926086,0.060863904654979706,0.6782296299934387,0.6080275177955627,1.0155348777770996,33.14459228515625,37.12213134765625,0.035342052578926086,0.060863904654979706,34.22813415527344,33.14459228515625,37.12213134765625
scene12_traj1_1__000105,0.04129179194569588,0.07608011364936829,1.0968385934829712,0.6778715252876282,1.3830609321594238,49.33162307739258,46.824913024902344,0.04129179194569588,0.07608011364936829,49.38536071777344,49.33162307739258,46.824913024902344,0.03538323566317558,0.060852210968732834,0.6798580884933472,0.607879638671875,1.0174500942230225,33.28145217895508,37.17765426635742,0.03538323566317558,0.060852210968732834,34.293128967285156,33.28145217895508,37.17765426635742
scene12_traj1_1__000106,0.04121460020542145,0.07590163499116898,1.0953742265701294,0.6692035794258118,1.3752251863479614,49.12479019165039,46.92558288574219,0.04121460020542145,0.07590163499116898,49.04636764526367,49.12479019165039,46.92558288574219,0.0353785865008831,0.0606653094291687,0.6792755126953125,0.6063026785850525,1.0153717994689941,33.1239013671875,37.00684356689453,0.0353785865008831,0.0606653094291687,34.20915985107422,33.1239013671875,37.00684356689453
scene12_traj1_1__000107,0.04169900342822075,0.07670699805021286,1.090749979019165,0.6787747144699097,1.378050684928894,49.12888717651367,46.730224609375,0.04169900342822075,0.07670699805021286,49.14958572387695,49.12888717651367,46.730224609375,0.035468120127916336,0.060992252081632614,0.6805985569953918,0.6078038215637207,1.0180020332336426,33.24885940551758,37.20521545410156,0.035468120127916336,0.060992252081632614,34.32657241821289,33.24885940551758,37.20521545410156
scene12_traj1_1__000108,0.041638053953647614,0.07648622244596481,1.0915780067443848,0.6814192533493042,1.3809062242507935,49.283390045166016,46.8914680480957,0.041638053953647614,0.07648622244596481,49.266300201416016,49.283390045166016,46.8914680480957,0.03543602302670479,0.060916878283023834,0.6823440194129944,0.6048426628112793,1.0174064636230469,33.204769134521484,37.05315399169922,0.03543602302670479,0.060916878283023834,34.292884826660156,33.204769134521484,37.05315399169922
scene12_traj1_1__000109,0.04159186780452728,0.07665805518627167,1.0966070890426636,0.6751512885093689,1.3807467222213745,49.202125549316406,46.663700103759766,0.04159186780452728,0.07665805518627167,49.267051696777344,49.202125549316406,46.663700103759766,0.03557460755109787,0.06114684045314789,0.680698037147522,0.605750560760498,1.016775369644165,33.25708770751953,37.12886428833008,0.03557460755109787,0.06114684045314789,34.25286865234375,33.25708770751953,37.12886428833008
scene12_traj1_1__000110,0.04170478880405426,0.0774102434515953,1.093610405921936,0.6770032644271851,1.3787003755569458,49.20020294189453,46.851776123046875,0.04170478880405426,0.0774102434515953,49.16603469848633,49.20020294189453,46.851776123046875,0.03556837886571884,0.06157617270946503,0.6838445663452148,0.6012487411499023,1.0158005952835083,33.28378677368164,37.207420349121094,0.03556837886571884,0.06157617270946503,34.222412109375,33.28378677368164,37.207420349121094
scene12_traj1_1__000111,0.04174591973423958,0.07717618346214294,1.0969158411026,0.6791274547576904,1.383650541305542,49.307247161865234,46.85882568359375,0.04174591973423958,0.07717618346214294,49.37489318847656,49.307247161865234,46.85882568359375,0.03557579219341278,0.06130584329366684,0.6813780665397644,0.6044970750808716,1.016676664352417,33.33613204956055,37.31548309326172,0.03557579219341278,0.06130584329366684,34.25879669189453,33.33613204956055,37.31548309326172
scene12_traj1_1__000112,0.042163193225860596,0.07789825648069382,1.0956090688705444,0.673974871635437,1.3792208433151245,49.20393371582031,46.90812301635742,0.042163193225860596,0.07789825648069382,49.2215576171875,49.20393371582031,46.90812301635742,0.03583162650465965,0.06172030046582222,0.6841492652893066,0.6031822562217712,1.018188238143921,33.242008209228516,36.81380081176758,0.03583162650465965,0.06172030046582222,34.31650924682617,33.242008209228516,36.81380081176758
scene12_traj1_1__000113,0.04214949533343315,0.0779377669095993,1.09501051902771,0.6764670014381409,1.380557656288147,49.288936614990234,47.168575286865234,0.04214949533343315,0.0779377669095993,49.252262115478516,49.288936614990234,47.168575286865234,0.035779111087322235,0.061848461627960205,0.6824525594711304,0.6027346253395081,1.0155339241027832,33.24262619018555,37.06937026977539,0.035779111087322235,0.061848461627960205,34.21977615356445,33.24262619018555,37.06937026977539
scene12_traj1_1__000114,0.04217569902539253,0.07774493843317032,1.0913573503494263,0.6776556372642517,1.3789573907852173,49.231040954589844,46.714054107666016,0.04217569902539253,0.07774493843317032,49.21758270263672,49.231040954589844,46.714054107666016,0.03581073135137558,0.06169659644365311,0.6841443777084351,0.6047574281692505,1.018707275390625,33.362430572509766,37.21367263793945,0.03581073135137558,0.06169659644365311,34.343894958496094,33.362430572509766,37.21367263793945
scene12_traj1_1__000115,0.04230858385562897,0.07816306501626968,1.0926599502563477,0.6721457839012146,1.3747526407241821,49.113590240478516,47.08348083496094,0.04230858385562897,0.07816306501626968,48.999610900878906,49.113590240478516,47.08348083496094,0.03582052141427994,0.06177269667387009,0.6809835433959961,0.6072949171066284,1.0178242921829224,33.29984664916992,37.00458526611328,0.03582052141427994,0.06177269667387009,34.320682525634766,33.29984664916992,37.00458526611328
scene12_traj1_1__000116,0.042149510234594345,0.07771842926740646,1.0968626737594604,0.6757789850234985,1.381062626838684,49.37614822387695,47.25566101074219,0.042149510234594345,0.07771842926740646,49.27147674560547,49.37614822387695,47.25566101074219,0.03585577383637428,0.061663027852773666,0.6809653639793396,0.6057261228561401,1.016243577003479,33.21059799194336,36.892425537109375,0.03585577383637428,0.061663027852773666,34.24031448364258,33.21059799194336,36.892425537109375
scene12_traj1_1__000117,0.04190734028816223,0.07727362960577011,1.0949788093566895,0.6721475720405579,1.3776764869689941,49.18982696533203,47.10263442993164,0.04190734028816223,0.07727362960577011,49.14232635498047,49.18982696533203,47.10263442993164,0.03569808229804039,0.06131439283490181,0.6788822412490845,0.6047442555427551,1.0146803855895996,33.204246520996094,37.046958923339844,0.03569808229804039,0.06131439283490181,34.16879653930664,33.204246520996094,37.046958923339844
scene12_traj1_1__000118,0.04226625710725784,0.0777827799320221,1.0962271690368652,0.6725972890853882,1.3786640167236328,49.32889938354492,47.38092803955078,0.04226625710725784,0.0777827799320221,49.184051513671875,49.32889938354492,47.38092803955078,0.03588749095797539,0.06164301931858063,0.6812424063682556,0.605079174041748,1.0167560577392578,33.23661804199219,36.932952880859375,0.03588749095797539,0.06164301931858063,34.264320373535156,33.23661804199219,36.932952880859375
scene12_traj1_1__000119,0.042244840413331985,0.0778980702161789,1.097365379333496,0.6764038801193237,1.3826138973236084,49.48764419555664,47.08842086791992,0.042244840413331985,0.0778980702161789,49.350341796875,49.48764419555664,47.08842086791992,0.03582587093114853,0.06158807873725891,0.6792769432067871,0.6091118454933167,1.0183873176574707,33.3880500793457,37.32160186767578,0.03582587093114853,0.06158807873725891,34.33341979980469,33.3880500793457,37.32160186767578
scene12_traj1_1__000120,0.042201727628707886,0.07775226980447769,1.0944045782089233,0.6767086386680603,1.380408763885498,49.39623260498047,47.39042663574219,0.042201727628707886,0.07775226980447769,49.247093200683594,49.39623260498047,47.39042663574219,0.035891853272914886,0.061543937772512436,0.6808024048805237,0.6062185168266296,1.0175589323043823,33.28130340576172,36.86125564575195,0.035891853272914886,0.061543937772512436,34.301170349121094,33.28130340576172,36.86125564575195
scene12_traj1_1__000121,0.04222848266363144,0.07807404547929764,1.0951286554336548,0.6760179400444031,1.3804908990859985,49.428062438964844,47.11784744262695,0.04222848266363144,0.07807404547929764,49.273677825927734,49.428062438964844,47.11784744262695,0.03610551729798317,0.06210017949342728,0.679633378982544,0.6072290539741516,1.0169553756713867,33.283504486083984,37.100406646728516,0.03610551729798317,0.06210017949342728,34.28015899658203,33.283504486083984,37.100406646728516
scene12_traj1_1__000122,0.042099062353372574,0.07748348265886307,1.0996166467666626,0.672846794128418,1.3821035623550415,49.504581451416016,47.040283203125,0.042099062353372574,0.07748348265886307,49.33974838256836,49.504581451416016,47.040283203125,0.036025721579790115,0.06166524067521095,0.679914116859436,0.6051055192947388,1.0160771608352661,33.2817497253418,37.18807601928711,0.036025721579790115,0.06166524067521095,34.23805618286133,33.2817497253418,37.18807601928711
scene12_traj1_1__000123,0.04223605990409851,0.07776221632957458,1.0986557006835938,0.6677190661430359,1.377021074295044,49.222984313964844,46.86470031738281,0.04223605990409851,0.07776221632957458,49.122459411621094,49.222984313964844,46.86470031738281,0.03607356920838356,0.06183730438351631,0.68033766746521,0.6111345291137695,1.0201997756958008,33.44651794433594,37.38108825683594,0.03607356920838356,0.06183730438351631,34.39946365356445,33.44651794433594,37.38108825683594
scene12_traj1_1__000124,0.04221251234412193,0.07749822735786438,1.0970304012298584,0.673771858215332,1.3807191848754883,49.39767074584961,47.2437629699707,0.04221251234412193,0.07749822735786438,49.28007507324219,49.39767074584961,47.2437629699707,0.03604847565293312,0.061625875532627106,0.6804823279380798,0.6085177659988403,1.0185338258743286,33.41279220581055,37.29124069213867,0.03604847565293312,0.061625875532627106,34.34928512573242,33.41279220581055,37.29124069213867
scene12_traj1_1__000125,0.042427126318216324,0.07797352969646454,1.0968226194381714,0.6719585657119751,1.3791065216064453,49.50002670288086,47.57004165649414,0.042427126318216324,0.07797352969646454,49.22182083129883,49.50002670288086,47.57004165649414,0.03624530881643295,0.06199299171566963,0.681861937046051,0.6112134456634521,1.0209746360778809,33.5228385925293,37.260250091552734,0.03624530881643295,0.06199299171566963,34.44715881347656,33.5228385925293,37.260250091552734
scene12_traj1_1__000126,0.042375847697257996,0.0773678570985794,1.0963200330734253,0.6763337254524231,1.3822027444839478,49.66050338745117,47.492496490478516,0.042375847697257996,0.0773678570985794,49.34812545776367,49.66050338745117,47.492496490478516,0.03616512939333916,0.06159757450222969,0.6795440912246704,0.6090141534805298,1.018020510673523,33.42478942871094,37.399837493896484,0.03616512939333916,0.06159757450222969,34.32879638671875,33.42478942871094,37.399837493896484
scene12_traj1_1__000127,0.04255381599068642,0.07819550484418869,1.0968738794326782,0.6710129380226135,1.3782434463500977,49.353172302246094,47.28480529785156,0.04255381599068642,0.07819550484418869,49.1866340637207,49.353172302246094,47.28480529785156,0.036349982023239136,0.062248822301626205,0.6808034777641296,0.6105438470840454,1.0205152034759521,33.53542709350586,37.346317291259766,0.036349982023239136,0.062248822301626205,34.42361068725586,33.53542709350586,37.346317291259766
scene12_traj1_1__000128,0.042411919683218,0.07803283631801605,1.0972893238067627,0.6708980202674866,1.3781111240386963,49.31412887573242,47.05506896972656,0.042411919683218,0.07803283631801605,49.163108825683594,49.31412887573242,47.05506896972656,0.03627994656562805,0.06197332963347435,0.6796538829803467,0.6100819706916809,1.019538164138794,33.43718338012695,37.176170349121094,0.03627994656562805,0.06197332963347435,34.37651443481445,33.43718338012695,37.176170349121094
scene12_traj1_1__000129,0.04256902262568474,0.07807524502277374,1.0978161096572876,0.6712119579315186,1.3792285919189453,49.30741500854492,47.19561004638672,0.04256902262568474,0.07807524502277374,49.209842681884766,49.30741500854492,47.19561004638672,0.03632659465074539,0.06212582439184189,0.6814950704574585,0.6119363903999329,1.0222570896148682,33.62236785888672,37.39653015136719,0.03632659465074539,0.06212582439184189,34.47074890136719,33.62236785888672,37.39653015136719
scene12_traj1_1__000130,0.04270573705434799,0.07818309962749481,1.0959668159484863,0.6630237698554993,1.3714478015899658,49.11191177368164,47.4750862121582,0.04270573705434799,0.07818309962749481,48.89913558959961,49.11191177368164,47.4750862121582,0.036380067467689514,0.062075622379779816,0.678852915763855,0.6084434390068054,1.0168310403823853,33.313331604003906,36.93511962890625,0.036380067467689514,0.062075622379779816,34.26504898071289,33.313331604003906,36.93511962890625
scene12_traj1_1__000131,0.04318400099873543,0.07912395894527435,1.0934866666793823,0.6678274273872375,1.372299075126648,49.04582214355469,47.17576217651367,0.04318400099873543,0.07912395894527435,48.91807556152344,49.04582214355469,47.17576217651367,0.03669891506433487,0.06286639720201492,0.6784278750419617,0.6078271865844727,1.0159568786621094,33.32406234741211,36.977596282958984,0.03669891506433487,0.06286639720201492,34.23849868774414,33.32406234741211,36.977596282958984
scene12_traj1_1__000132,0.0428692065179348,0.0787234827876091,1.094560146331787,0.6702769994735718,1.3752963542938232,49.26214599609375,47.47600555419922,0.0428692065179348,0.0787234827876091,49.0555305480957,49.26214599609375,47.47600555419922,0.03664746135473251,0.06271342188119888,0.6800962686538696,0.6100801229476929,1.0187411308288574,33.37970733642578,37.020179748535156,0.03664746135473251,0.06271342188119888,34.33513641357422,33.37970733642578,37.020179748535156
scene12_traj1_1__000133,0.04305611550807953,0.07901204377412796,1.093635082244873,0.6748740077018738,1.378034234046936,49.29134750366211,47.285945892333984,0.04305611550807953,0.07901204377412796,49.166748046875,49.29134750366211,47.285945892333984,0.03675168380141258,0.0628606528043747,0.6794463992118835,0.6122280359268188,1.02031409740448,33.4609375,37.036006927490234,0.03675168380141258,0.0628606528043747,34.41103744506836,33.4609375,37.036006927490234
scene12_traj1_1__000134,0.04306776076555252,0.07890845090150833,1.0885066986083984,0.6734143495559692,1.372890830039978,48.997676849365234,47.07024383544922,0.04306776076555252,0.07890845090150833,48.9400634765625,48.997676849365234,47.07024383544922,0.036636482924222946,0.0626792311668396,0.682318389415741,0.612064003944397,1.022502064704895,33.620906829833984,37.2662239074707,0.036636482924222946,0.0626792311668396,34.48643112182617,33.620906829833984,37.2662239074707
scene12_traj1_1__000135,0.04313817247748375,0.07925084978342056,1.0892415046691895,0.6806280016899109,1.3787792921066284,49.36851501464844,47.24873733520508,0.04313817247748375,0.07925084978342056,49.168495178222656,49.36851501464844,47.24873733520508,0.03669365867972374,0.06295020878314972,0.6786921620368958,0.6093130111694336,1.0176860094070435,33.40475082397461,37.12267303466797,0.03669365867972374,0.06295020878314972,34.31037521362305,33.40475082397461,37.12267303466797
scene12_traj1_1__000136,0.043033670634031296,0.07925646007061005,1.0885999202728271,0.6816869378089905,1.3800439834594727,49.4483757019043,47.1495361328125,0.043033670634031296,0.07925646007061005,49.2566032409668,49.4483757019043,47.1495361328125,0.036680418998003006,0.06304411590099335,0.6819882392883301,0.6119681596755981,1.0224273204803467,33.597923278808594,37.39040756225586,0.036680418998003006,0.06304411590099335,34.477745056152344,33.597923278808594,37.39040756225586
scene12_traj1_1__000137,0.04336904361844063,0.08039260655641556,1.0932284593582153,0.6741679906845093,1.376592755317688,49.23524856567383,47.074337005615234,0.04336904361844063,0.08039260655641556,49.06370544433594,49.23524856567383,47.074337005615234,0.03699244558811188,0.06398608535528183,0.6810949444770813,0.6063088774681091,1.017827033996582,33.45734786987305,37.18360137939453,0.03699244558811188,0.06398608535528183,34.30964279174805,33.45734786987305,37.18360137939453
scene12_traj1_1__000138,0.04340524226427078,0.08039349317550659,1.0915119647979736,0.6723525524139404,1.3731281757354736,49.072288513183594,47.12474822998047,0.04340524226427078,0.08039349317550659,48.9270133972168,49.072288513183594,47.12474822998047,0.03684340789914131,0.06371624022722244,0.6842373609542847,0.6038512587547302,1.018611192703247,33.471946716308594,37.10291290283203,0.03684340789914131,0.06371624022722244,34.348716735839844,33.471946716308594,37.10291290283203
scene12_traj1_1__000139,0.04312872141599655,0.07956285774707794,1.090973138809204,0.6712634563446045,1.3725422620773315,48.84881591796875,46.654685974121094,0.04312872141599655,0.07956285774707794,48.9285774230957,48.84881591796875,46.654685974121094,0.03670964017510414,0.06318150460720062,0.6832183003425598,0.6049063205718994,1.0188391208648682,33.517940521240234,37.37172317504883,0.03670964017510414,0.06318150460720062,34.33574295043945,33.517940521240234,37.37172317504883
scene12_traj1_1__000140,0.04341523349285126,0.08071558177471161,1.0897514820098877,0.6743990778923035,1.3742105960845947,49.058109283447266,46.80196762084961,0.04341523349285126,0.08071558177471161,48.98088455200195,49.058109283447266,46.80196762084961,0.03692803904414177,0.0639801099896431,0.6849203705787659,0.604697585105896,1.019673228263855,33.536590576171875,37.18545913696289,0.03692803904414177,0.0639801099896431,34.38666915893555,33.536590576171875,37.18545913696289
scene12_traj1_1__000141,0.04330824688076973,0.08031610399484634,1.0878968238830566,0.6835485696792603,1.3801004886627197,49.3734016418457,47.15127182006836,0.04330824688076973,0.08031610399484634,49.223026275634766,49.3734016418457,47.15127182006836,0.03677762299776077,0.06367318332195282,0.6848497986793518,0.6006706357002258,1.0167595148086548,33.37937927246094,37.010013580322266,0.03677762299776077,0.06367318332195282,34.26614761352539,33.37937927246094,37.010013580322266
scene12_traj1_1__000142,0.04333461448550224,0.08017361909151077,1.0893961191177368,0.6861089468002319,1.382938027381897,49.511287689208984,47.29132843017578,0.04333461448550224,0.08017361909151077,49.35346221923828,49.511287689208984,47.29132843017578,0.036824628710746765,0.06366854161024094,0.6832141876220703,0.6016144156455994,1.016248106956482,33.3597526550293,36.96907424926758,0.036824628710746765,0.06366854161024094,34.227386474609375,33.3597526550293,36.96907424926758
scene12_traj1_1__000143,0.04387497529387474,0.08159205317497253,1.0899080038070679,0.6907309889793396,1.3870209455490112,49.7144660949707,47.315608978271484,0.04387497529387474,0.08159205317497253,49.5421028137207,49.7144660949707,47.315608978271484,0.03702763095498085,0.06456220149993896,0.680497407913208,0.6027573943138123,1.0151031017303467,33.391754150390625,37.224334716796875,0.03702763095498085,0.06456220149993896,34.1886100769043,33.391754150390625,37.224334716796875
scene12_traj1_1__000144,0.04366456717252731,0.08153116703033447,1.0888639688491821,0.682870090007782,1.3797798156738281,49.5068244934082,47.51898956298828,0.04366456717252731,0.08153116703033447,49.205997467041016,49.5068244934082,47.51898956298828,0.036891743540763855,0.06441746652126312,0.6827955842018127,0.6009396910667419,1.0150654315948486,33.36265182495117,37.10367202758789,0.036891743540763855,0.06441746652126312,34.198604583740234,33.36265182495117,37.10367202758789
scene12_traj1_1__000145,0.044010356068611145,0.08167845010757446,1.0835081338882446,0.6977739334106445,1.387126088142395,49.569339752197266,47.111663818359375,0.044010356068611145,0.08167845010757446,49.51411819458008,49.569339752197266,47.111663818359375,0.036831002682447433,0.0641632080078125,0.6830964684486389,0.5997851490974426,1.0147374868392944,33.407447814941406,37.31707000732422,0.036831002682447433,0.0641632080078125,34.187744140625,33.407447814941406,37.31707000732422
scene12_traj1_1__000146,0.04354264214634895,0.08138249814510345,1.086143136024475,0.689014196395874,1.3821327686309814,49.45983123779297,47.37723922729492,0.04354264214634895,0.08138249814510345,49.303401947021484,49.45983123779297,47.37723922729492,0.0366116464138031,0.06400944292545319,0.6811174750328064,0.5990420579910278,1.0123047828674316,33.34371566772461,37.20513153076172,0.0366116464138031,0.06400944292545319,34.09755325317383,33.34371566772461,37.20513153076172
scene12_traj1_1__000147,0.043268829584121704,0.08123085647821426,1.0898847579956055,0.6830395460128784,1.3817907571792603,49.41633987426758,47.24250030517578,0.043268829584121704,0.08123085647821426,49.301124572753906,49.41633987426758,47.24250030517578,0.03675416484475136,0.0642336905002594,0.6853500008583069,0.5965009927749634,1.0141521692276,33.50456619262695,37.66289138793945,0.03675416484475136,0.0642336905002594,34.16065216064453,33.50456619262695,37.66289138793945
scene12_traj1_1__000148,0.04333063215017319,0.08154149353504181,1.0884501934051514,0.6878410577774048,1.3825596570968628,49.32726287841797,47.183902740478516,0.04333063215017319,0.08154149353504181,49.311336517333984,49.32726287841797,47.183902740478516,0.03673967346549034,0.06441551446914673,0.6838205456733704,0.597813069820404,1.0138206481933594,33.43755340576172,37.369384765625,0.03673967346549034,0.06441551446914673,34.15210723876953,33.43755340576172,37.369384765625
scene12_traj1_1__000149,0.04347233846783638,0.08177580684423447,1.0854333639144897,0.6881035566329956,1.380899429321289,49.22735595703125,46.758358001708984,0.04347233846783638,0.08177580684423447,49.23030471801758,49.22735595703125,46.758358001708984,0.03680777549743652,0.0645250678062439,0.6834255456924438,0.596501350402832,1.012244462966919,33.404972076416016,37.4244499206543,0.03680777549743652,0.0645250678062439,34.08097457885742,33.404972076416016,37.4244499206543
scene12_traj1_1__000150,0.04319855570793152,0.0810435563325882,1.0895864963531494,0.6890512108802795,1.3849517107009888,49.50214767456055,47.20571517944336,0.04319855570793152,0.0810435563325882,49.4084587097168,49.50214767456055,47.20571517944336,0.03652111440896988,0.06388090550899506,0.683650016784668,0.5969553589820862,1.0130901336669922,33.41293716430664,37.59344482421875,0.03652111440896988,0.06388090550899506,34.11693572998047,33.41293716430664,37.59344482421875
scene12_traj1_1__000151,0.04313343018293381,0.08062930405139923,1.0881210565567017,0.6861429810523987,1.381178379058838,49.36470031738281,47.256256103515625,0.04313343018293381,0.08062930405139923,49.24483871459961,49.36470031738281,47.256256103515625,0.03642741218209267,0.0635434165596962,0.681148111820221,0.5954799652099609,1.0093616247177124,33.22026443481445,37.20838928222656,0.03642741218209267,0.0635434165596962,33.9775276184082,33.22026443481445,37.20838928222656
scene12_traj1_1__000152,0.043424513190984726,0.08093465119600296,1.0911787748336792,0.6933044195175171,1.3893458843231201,49.64581298828125,47.04239273071289,0.043424513190984726,0.08093465119600296,49.6075439453125,49.64581298828125,47.04239273071289,0.036466680467128754,0.06375744938850403,0.6802825331687927,0.5948709845542908,1.0080939531326294,33.192466735839844,37.562740325927734,0.036466680467128754,0.06375744938850403,33.93316650390625,33.192466735839844,37.562740325927734
scene12_traj1_1__000153,0.04325106367468834,0.08072461932897568,1.0876398086547852,0.6878717541694641,1.3826327323913574,49.271278381347656,46.790348052978516,0.04325106367468834,0.08072461932897568,49.31816864013672,49.271278381347656,46.790348052978516,0.03647143766283989,0.06375204026699066,0.6789756417274475,0.5988853573799133,1.0103639364242554,33.29613494873047,37.412025451660156,0.03647143766283989,0.06375204026699066,34.00322723388672,33.29613494873047,37.412025451660156
scene12_traj1_1__000154,0.04306429252028465,0.08016232401132584,1.091015338897705,0.6914085745811462,1.3881597518920898,49.53837966918945,46.81405258178711,0.04306429252028465,0.08016232401132584,49.5606803894043,49.53837966918945,46.81405258178711,0.03626189008355141,0.06340084969997406,0.6803149580955505,0.5984653830528259,1.0114129781723022,33.280601501464844,37.46086883544922,0.03626189008355141,0.06340084969997406,34.055660247802734,33.280601501464844,37.46086883544922
scene12_traj1_1__000155,0.042738091200590134,0.0803232491016388,1.096852421760559,0.6778749227523804,1.3831350803375244,49.46308898925781,46.85439682006836,0.042738091200590134,0.0803232491016388,49.380104064941406,49.46308898925781,46.85439682006836,0.03609626367688179,0.06339238584041595,0.6798380613327026,0.5978723764419556,1.0108798742294312,33.19038009643555,37.438377380371094,0.03609626367688179,0.06339238584041595,34.028934478759766,33.19038009643555,37.438377380371094
scene12_traj1_1__000156,0.0423906110227108,0.08016142249107361,1.0914517641067505,0.6764140129089355,1.3767391443252563,49.05832290649414,46.532569885253906,0.0423906110227108,0.08016142249107361,49.077293395996094,49.05832290649414,46.532569885253906,0.036116376519203186,0.06325112283229828,0.6802917718887329,0.5978481769561768,1.011373519897461,33.3181037902832,37.522865295410156,0.036116376519203186,0.06325112283229828,34.03802490234375,33.3181037902832,37.522865295410156
scene12_traj1_1__000157,0.04250406473875046,0.08006256818771362,1.0977256298065186,0.6766998171806335,1.3831197023391724,49.52243423461914,47.00062942504883,0.04250406473875046,0.08006256818771362,49.35783767700195,49.52243423461914,47.00062942504883,0.035983260720968246,0.06318015605211258,0.6820588707923889,0.5998412370681763,1.014648199081421,33.327762603759766,37.545265197753906,0.035983260720968246,0.06318015605211258,34.17658233642578,33.327762603759766,37.545265197753906
scene12_traj1_1__000158,0.04216928780078888,0.07951678335666656,1.0968917608261108,0.6694552898406982,1.3767400979995728,49.03936004638672,46.5067024230957,0.04216928780078888,0.07951678335666656,49.08025360107422,49.03936004638672,46.5067024230957,0.035855282098054886,0.06271836161613464,0.6784080266952515,0.6032967567443848,1.0134503841400146,33.44158935546875,38.128780364990234,0.035855282098054886,0.06271836161613464,34.137264251708984,33.44158935546875,38.128780364990234
scene12_traj1_1__000159,0.04218055680394173,0.07877969741821289,1.090972661972046,0.6841172575950623,1.3835302591323853,49.4581298828125,46.853240966796875,0.04218055680394173,0.07877969741821289,49.38203048706055,49.4581298828125,46.853240966796875,0.03566313534975052,0.0620914027094841,0.6786996126174927,0.6002825498580933,1.0120724439620972,33.26275634765625,37.583717346191406,0.03566313534975052,0.0620914027094841,34.068885803222656,33.26275634765625,37.583717346191406
scene12_traj1_1__000160,0.0424019955098629,0.07934893667697906,1.09746253490448,0.6858533024787903,1.3890048265457153,49.666961669921875,47.12628936767578,0.0424019955098629,0.07934893667697906,49.605892181396484,49.666961669921875,47.12628936767578,0.03570316359400749,0.06247583031654358,0.6802999973297119,0.5995497703552246,1.0131947994232178,33.18395233154297,37.21727752685547,0.03570316359400749,0.06247583031654358,34.11288833618164,33.18395233154297,37.21727752685547
scene12_traj1_1__000161,0.04306967556476593,0.08047375828027725,1.0906054973602295,0.682079553604126,1.3830277919769287,49.30269241333008,46.74307632446289,0.04306967556476593,0.08047375828027725,49.36160659790039,49.30269241333008,46.74307632446289,0.03581439331173897,0.06286689639091492,0.6766536831855774,0.6034125685691833,1.0128549337387085,33.23386001586914,37.49580383300781,0.03581439331173897,0.06286689639091492,34.098751068115234,33.23386001586914,37.49580383300781
scene12_traj1_1__000162,0.04290308430790901,0.08069361746311188,1.0878314971923828,0.6812623739242554,1.3794727325439453,49.28833770751953,46.86479187011719,0.04290308430790901,0.08069361746311188,49.1878547668457,49.28833770751953,46.86479187011719,0.03578668832778931,0.06301069259643555,0.6789486408233643,0.6034307479858398,1.0149877071380615,33.252315521240234,37.459171295166016,0.03578668832778931,0.06301069259643555,34.17692184448242,33.252315521240234,37.459171295166016
scene12_traj1_1__000163,0.043009523302316666,0.08099354058504105,1.0863759517669678,0.6845076084136963,1.3805087804794312,49.253746032714844,46.675498962402344,0.043009523302316666,0.08099354058504105,49.21551513671875,49.253746032714844,46.675498962402344,0.03582317382097244,0.06342389434576035,0.6801296472549438,0.6031920313835144,1.0151581764221191,33.367156982421875,37.7879524230957,0.03582317382097244,0.06342389434576035,34.1759033203125,33.367156982421875,37.7879524230957
scene12_traj1_1__000164,0.04410959780216217,0.08218685537576675,1.0893943309783936,0.6911019682884216,1.3881181478500366,49.56692123413086,46.791011810302734,0.04410959780216217,0.08218685537576675,49.58802032470703,49.56692123413086,46.791011810302734,0.03559291735291481,0.06331472843885422,0.6800390481948853,0.6027740836143494,1.014746069908142,33.22026443481445,37.3651123046875,0.03559291735291481,0.06331472843885422,34.164031982421875,33.22026443481445,37.3651123046875
scene12_traj1_1__000165,0.044356316328048706,0.0824652686715126,1.0842128992080688,0.6917889714241028,1.3847237825393677,49.432952880859375,47.041385650634766,0.044356316328048706,0.0824652686715126,49.377403259277344,49.432952880859375,47.041385650634766,0.035562895238399506,0.06326794624328613,0.6787446141242981,0.5981031656265259,1.01011323928833,33.0228271484375,37.16022872924805,0.035562895238399506,0.06326794624328613,33.978694915771484,33.0228271484375,37.16022872924805
scene12_traj1_1__000166,0.04477374628186226,0.08288998901844025,1.085797667503357,0.6908037066459656,1.3850221633911133,49.48991775512695,47.244468688964844,0.04477374628186226,0.08288998901844025,49.39798355102539,49.48991775512695,47.244468688964844,0.035412903875112534,0.06323862820863724,0.6774768829345703,0.5991451144218445,1.010094404220581,32.93952178955078,36.992713928222656,0.035412903875112534,0.06323862820863724,33.9797477722168,32.93952178955078,36.992713928222656
scene12_traj1_1__000167,0.04452461004257202,0.08281753957271576,1.0798826217651367,0.6884216666221619,1.3790513277053833,49.157039642333984,47.07919692993164,0.04452461004257202,0.08281753957271576,49.129493713378906,49.157039642333984,47.07919692993164,0.03536346182227135,0.06362253427505493,0.6790574193000793,0.5948713421821594,1.0081287622451782,32.87431716918945,37.01462936401367,0.03536346182227135,0.06362253427505493,33.894718170166016,32.87431716918945,37.01462936401367
scene12_traj1_1__000168,0.044515397399663925,0.08256161957979202,1.0828231573104858,0.6891676783561707,1.3819940090179443,49.27421569824219,47.03704071044922,0.044515397399663925,0.08256161957979202,49.24301528930664,49.27421569824219,47.03704071044922,0.03521538898348808,0.06325165927410126,0.6829291582107544,0.5922677516937256,1.0089675188064575,32.959686279296875,37.28794860839844,0.03521538898348808,0.06325165927410126,33.9402961730957,32.959686279296875,37.28794860839844
scene12_traj1_1__000169,0.04495259374380112,0.08290839940309525,1.0811151266098022,0.6874960064888,1.3790415525436401,49.096031188964844,46.528106689453125,0.04495259374380112,0.08290839940309525,49.12492752075195,49.096031188964844,46.528106689453125,0.03514161333441734,0.0630028024315834,0.6836872100830078,0.5931181311607361,1.0098471641540527,33.07210922241211,37.5349006652832,0.03514161333441734,0.0630028024315834,33.98064041137695,33.07210922241211,37.5349006652832
scene12_traj1_1__000170,0.04470869153738022,0.0824969932436943,1.083329677581787,0.692888617515564,1.3849339485168457,49.230350494384766,46.49309539794922,0.04470869153738022,0.0824969932436943,49.38199234008789,49.230350494384766,46.49309539794922,0.035127121955156326,0.06298772990703583,0.6827874779701233,0.5909461379051208,1.0077848434448242,32.92544937133789,37.38998031616211,0.035127121955156326,0.06298772990703583,33.8902587890625,32.92544937133789,37.38998031616211
scene12_traj1_1__000171,0.04504203796386719,0.0839696153998375,1.0823622941970825,0.6839063763618469,1.3769042491912842,48.9450569152832,46.8032341003418,0.04504203796386719,0.0839696153998375,49.007869720458984,48.9450569152832,46.8032341003418,0.035144928842782974,0.06375495344400406,0.6798416972160339,0.5911961793899536,1.0057071447372437,32.68343734741211,36.86337661743164,0.035144928842782974,0.06375495344400406,33.80561447143555,32.68343734741211,36.86337661743164
scene12_traj1_1__000172,0.0446937270462513,0.08292408287525177,1.085219144821167,0.6863101720809937,1.3804620504379272,49.064056396484375,46.91584777832031,0.0446937270462513,0.08292408287525177,49.154502868652344,49.064056396484375,46.91584777832031,0.034993454813957214,0.06306137144565582,0.6806149482727051,0.5883022546768188,1.004101276397705,32.68030548095703,36.99097442626953,0.034993454813957214,0.06306137144565582,33.73088836669922,32.68030548095703,36.99097442626953
scene12_traj1_1__000173,0.04444268345832825,0.08283013850450516,1.0849624872207642,0.6750355958938599,1.3715823888778687,48.52583312988281,46.17444610595703,0.04444268345832825,0.08283013850450516,48.770896911621094,48.52583312988281,46.17444610595703,0.03502533584833145,0.06319200247526169,0.6805673241615295,0.591880202293396,1.0067975521087646,32.85307693481445,37.54633712768555,0.03502533584833145,0.06319200247526169,33.83638000488281,32.85307693481445,37.54633712768555
scene12_traj1_1__000174,0.04361585155129433,0.08107065409421921,1.087138056755066,0.6684271097183228,1.3688064813613892,48.59461212158203,46.46231460571289,0.04361585155129433,0.08107065409421921,48.681617736816406,48.59461212158203,46.46231460571289,0.034597355872392654,0.062121570110321045,0.6814637184143066,0.5930681824684143,1.0081164836883545,32.655208587646484,36.79293441772461,0.034597355872392654,0.062121570110321045,33.899410247802734,32.655208587646484,36.79293441772461
scene12_traj1_1__000175,0.04338931292295456,0.07980294525623322,1.0834178924560547,0.6728125810623169,1.369605302810669,48.570560455322266,46.16511535644531,0.04338931292295456,0.07980294525623322,48.699180603027344,48.570560455322266,46.16511535644531,0.034318797290325165,0.06126809120178223,0.6811847686767578,0.6005904078483582,1.012678623199463,32.88580322265625,37.215858459472656,0.034318797290325165,0.06126809120178223,34.07513427734375,32.88580322265625,37.215858459472656
scene12_traj1_1__000176,0.042620282620191574,0.07949052006006241,1.0880708694458008,0.665005624294281,1.3661739826202393,48.53050994873047,46.550682067871094,0.042620282620191574,0.07949052006006241,48.5675163269043,48.53050994873047,46.550682067871094,0.034505560994148254,0.061489351093769073,0.6811202168464661,0.6004321575164795,1.0125646591186523,32.77239227294922,36.873069763183594,0.034505560994148254,0.061489351093769073,34.07669448852539,32.77239227294922,36.873069763183594
scene12_traj1_1__000177,0.04270613566040993,0.07939116656780243,1.0873064994812012,0.6641467213630676,1.3663108348846436,48.50330352783203,46.26586151123047,0.04270613566040993,0.07939116656780243,48.6031494140625,48.50330352783203,46.26586151123047,0.034330129623413086,0.06154598668217659,0.684651255607605,0.6004095077514648,1.0154855251312256,32.909019470214844,37.1578369140625,0.034330129623413086,0.06154598668217659,34.15653991699219,32.909019470214844,37.1578369140625
scene12_traj1_1__000178,0.04324118047952652,0.08000064641237259,1.0872513055801392,0.6734301447868347,1.3721328973770142,48.68043518066406,46.365238189697266,0.04324118047952652,0.08000064641237259,48.82234573364258,48.68043518066406,46.365238189697266,0.03439268097281456,0.061542849987745285,0.6867046356201172,0.5922330021858215,1.0119813680648804,32.78598403930664,37.02289581298828,0.03439268097281456,0.061542849987745285,34.02775192260742,32.78598403930664,37.02289581298828
scene12_traj1_1__000179,0.043170295655727386,0.07949075102806091,1.084335446357727,0.6714046597480774,1.3691326379776,48.590763092041016,46.50828552246094,0.043170295655727386,0.07949075102806091,48.67598342895508,48.590763092041016,46.50828552246094,0.03417748212814331,0.0610712394118309,0.6806578636169434,0.5950323343276978,1.0084314346313477,32.670501708984375,36.93954849243164,0.03417748212814331,0.0610712394118309,33.90914535522461,32.670501708984375,36.93954849243164
scene12_traj1_1__000180,0.04330393299460411,0.08018872141838074,1.0866663455963135,0.6697100400924683,1.3692411184310913,48.5673828125,46.57492446899414,0.04330393299460411,0.08018872141838074,48.67120361328125,48.5673828125,46.57492446899414,0.03422034904360771,0.061524633318185806,0.6783609986305237,0.5938215851783752,1.0052310228347778,32.50453567504883,36.797733306884766,0.03422034904360771,0.061524633318185806,33.7866096496582,32.50453567504883,36.797733306884766
scene12_traj1_1__000181,0.04338858276605606,0.08038922399282455,1.0824759006500244,0.6718410849571228,1.3672226667404175,48.337493896484375,46.11842727661133,0.04338858276605606,0.08038922399282455,48.590003967285156,48.337493896484375,46.11842727661133,0.034207988530397415,0.0618298277258873,0.6821953058242798,0.5892592668533325,1.0059010982513428,32.632041931152344,37.0504150390625,0.034207988530397415,0.0618298277258873,33.81492614746094,32.632041931152344,37.0504150390625
scene12_traj1_1__000182,0.043155863881111145,0.08004739880561829,1.0842880010604858,0.6758437752723694,1.3715155124664307,48.515350341796875,46.26856231689453,0.043155863881111145,0.08004739880561829,48.77904510498047,48.515350341796875,46.26856231689453,0.03417185693979263,0.061664484441280365,0.6817427277565002,0.5894100666046143,1.0056439638137817,32.60084915161133,36.876129150390625,0.03417185693979263,0.061664484441280365,33.784671783447266,32.60084915161133,36.876129150390625
scene12_traj1_1__000183,0.0435858853161335,0.08070250600576401,1.0819534063339233,0.67643141746521,1.369793176651001,48.464054107666016,46.49469757080078,0.0435858853161335,0.08070250600576401,48.68864059448242,48.464054107666016,46.49469757080078,0.03417687118053436,0.06180442497134209,0.678629457950592,0.5870082378387451,1.0007885694503784,32.3746337890625,36.68031692504883,0.03417687118053436,0.06180442497134209,33.617435455322266,32.3746337890625,36.68031692504883
scene12_traj1_1__000184,0.04376458749175072,0.08109807968139648,1.0795029401779175,0.679283618927002,1.3701348304748535,48.46531677246094,46.42487716674805,0.04376458749175072,0.08109807968139648,48.71599197387695,48.46531677246094,46.42487716674805,0.03428079932928085,0.06198622286319733,0.6860162615776062,0.5847927331924438,1.0055758953094482,32.67470169067383,37.0831413269043,0.03428079932928085,0.06198622286319733,33.79841232299805,32.67470169067383,37.0831413269043
scene12_traj1_1__000185,0.04373408108949661,0.081488236784935,1.0816006660461426,0.672369122505188,1.3664523363113403,48.268898010253906,46.29966354370117,0.04373408108949661,0.081488236784935,48.54046630859375,48.268898010253906,46.29966354370117,0.034448664635419846,0.06228159740567207,0.6845166087150574,0.5854143500328064,1.004634141921997,32.5736198425293,36.88176345825195,0.034448664635419846,0.06228159740567207,33.7569694519043,32.5736198425293,36.88176345825195
scene12_traj1_1__000186,0.04422033205628395,0.0823943018913269,1.0801711082458496,0.6859716176986694,1.3751745223999023,48.704734802246094,46.76007080078125,0.04422033205628395,0.0823943018913269,48.91297912597656,48.704734802246094,46.76007080078125,0.03461620211601257,0.06281039863824844,0.680394172668457,0.5863739252090454,1.0016000270843506,32.40155792236328,36.8712272644043,0.03461620211601257,0.06281039863824844,33.64628219604492,32.40155792236328,36.8712272644043
scene12_traj1_1__000187,0.04443327337503433,0.0830712616443634,1.079927921295166,0.6827981472015381,1.3727446794509888,48.561641693115234,46.761417388916016,0.04443327337503433,0.0830712616443634,48.799312591552734,48.561641693115234,46.761417388916016,0.0347343273460865,0.06342026591300964,0.6801803112030029,0.5843828320503235,1.0003324747085571,32.48103713989258,36.98081970214844,0.0347343273460865,0.06342026591300964,33.5810661315918,32.48103713989258,36.98081970214844
scene12_traj1_1__000188,0.04453607648611069,0.0831664651632309,1.0754764080047607,0.685652494430542,1.371433973312378,48.426666259765625,46.49139404296875,0.04453607648611069,0.0831664651632309,48.7187385559082,48.426666259765625,46.49139404296875,0.03476397693157196,0.06346190720796585,0.6819075345993042,0.5814008712768555,0.9994380474090576,32.530517578125,37.07988739013672,0.03476397693157196,0.06346190720796585,33.558082580566406,32.530517578125,37.07988739013672
scene12_traj1_1__000189,0.04389345645904541,0.08315572142601013,1.0776947736740112,0.6811802983283997,1.370185136795044,48.35799789428711,46.48431396484375,0.04389345645904541,0.08315572142601013,48.68764114379883,48.35799789428711,46.48431396484375,0.034920576959848404,0.06390347331762314,0.6790918707847595,0.5844228267669678,0.9987794756889343,32.56979751586914,37.40603256225586,0.034920576959848404,0.06390347331762314,33.5208625793457,32.56979751586914,37.40603256225586
scene12_traj1_1__000190,0.045026592910289764,0.08410817384719849,1.0749118328094482,0.6901191473007202,1.374216914176941,48.41548538208008,46.235748291015625,0.045026592910289764,0.08410817384719849,48.864192962646484,48.41548538208008,46.235748291015625,0.035060346126556396,0.064256452023983,0.680505096912384,0.579913318157196,0.9965841174125671,32.40633773803711,36.96863555908203,0.035060346126556396,0.064256452023983,33.42509460449219,32.40633773803711,36.96863555908203
scene12_traj1_1__000191,0.04548155143857002,0.08465508371591568,1.0734903812408447,0.6942757368087769,1.3758437633514404,48.50736618041992,46.287532806396484,0.04548155143857002,0.08465508371591568,48.92295837402344,48.50736618041992,46.287532806396484,0.03500721603631973,0.06400661915540695,0.6826817393302917,0.5778772234916687,0.9972561001777649,32.473777770996094,37.318241119384766,0.03500721603631973,0.06400661915540695,33.45246887207031,32.473777770996094,37.318241119384766
scene12_traj1_1__000192,0.04523927718400955,0.08355315774679184,1.074276089668274,0.6860859990119934,1.3705534934997559,48.2406120300293,46.33049774169922,0.04523927718400955,0.08355315774679184,48.70711135864258,48.2406120300293,46.33049774169922,0.034773219376802444,0.06328628957271576,0.6825276613235474,0.5768173933029175,0.9967610836029053,32.53566360473633,37.37632369995117,0.034773219376802444,0.06328628957271576,33.44477844238281,32.53566360473633,37.37632369995117
scene12_traj1_1__000193,0.04471411928534508,0.08323824405670166,1.072737455368042,0.6810789704322815,1.3654922246932983,48.11367416381836,46.60921859741211,0.04471411928534508,0.08323824405670166,48.454166412353516,48.11367416381836,46.60921859741211,0.034685131162405014,0.06281320750713348,0.6810843348503113,0.5789605379104614,0.9960409998893738,32.397483825683594,37.003231048583984,0.034685131162405014,0.06281320750713348,33.40557098388672,32.397483825683594,37.003231048583984
scene12_traj1_1__000194,0.04476705938577652,0.08382927626371384,1.0694897174835205,0.6824339628219604,1.364475131034851,47.835411071777344,45.39904022216797,0.04476705938577652,0.08382927626371384,48.461421966552734,47.835411071777344,45.39904022216797,0.03483396768569946,0.06403287500143051,0.6881902813911438,0.5765857100486755,1.0012810230255127,32.70254135131836,37.74285888671875,0.03483396768569946,0.06403287500143051,33.62202453613281,32.70254135131836,37.74285888671875
scene12_traj1_1__000195,0.04358064755797386,0.08068526536226273,1.0787551403045654,0.6748184561729431,1.3661649227142334,48.170169830322266,46.11220169067383,0.04358064755797386,0.08068526536226273,48.51639938354492,48.170169830322266,46.11220169067383,0.03428008779883385,0.062078386545181274,0.6805210709571838,0.5889989733695984,1.0035014152526855,32.5023307800293,37.23836898803711,0.03428008779883385,0.062078386545181274,33.6939811706543,32.5023307800293,37.23836898803711
scene12_traj1_1__000196,0.043328579515218735,0.08078169077634811,1.0795469284057617,0.6708575487136841,1.36368727684021,48.18442153930664,46.16334915161133,0.043328579515218735,0.08078169077634811,48.429744720458984,48.18442153930664,46.16334915161133,0.034125614911317825,0.061855047941207886,0.6848195195198059,0.5892843008041382,1.007010817527771,32.699432373046875,37.54923629760742,0.034125614911317825,0.061855047941207886,33.83765411376953,32.699432373046875,37.54923629760742
scene12_traj1_1__000197,0.04308034107089043,0.07949680835008621,1.0827561616897583,0.6660492420196533,1.3633249998092651,48.17847442626953,46.149391174316406,0.04308034107089043,0.07949680835008621,48.43545150756836,48.17847442626953,46.149391174316406,0.03394419327378273,0.0611707828938961,0.6800183653831482,0.5965083241462708,1.0083118677139282,32.70784378051758,37.61013412475586,0.03394419327378273,0.0611707828938961,33.88805389404297,32.70784378051758,37.61013412475586
scene12_traj1_1__000198,0.04239602014422417,0.07830013334751129,1.0803825855255127,0.6676473021507263,1.3626413345336914,48.12083053588867,45.88640213012695,0.04239602014422417,0.07830013334751129,48.400787353515625,48.12083053588867,45.88640213012695,0.03369714692234993,0.06062881648540497,0.6807169318199158,0.6019063591957092,1.012221336364746,32.934669494628906,38.049156188964844,0.03369714692234993,0.06062881648540497,34.050758361816406,32.934669494628906,38.049156188964844
scene12_traj1_1__000199,0.04233146831393242,0.07775948196649551,1.0813251733779907,0.6658959984779358,1.3621419668197632,48.18112564086914,45.995906829833984,0.04233146831393242,0.07775948196649551,48.37262725830078,48.18112564086914,45.995906829833984,0.03356997296214104,0.06016458570957184,0.6819145679473877,0.5993892550468445,1.0110254287719727,32.80597686767578,37.73986053466797,0.03356997296214104,0.06016458570957184,34.01390075683594,32.80597686767578,37.73986053466797
scene12_traj1_1__000200,0.04227238520979881,0.07755446434020996,1.0798640251159668,0.6696550846099854,1.363959550857544,48.24445724487305,45.938114166259766,0.04227238520979881,0.07755446434020996,48.4526481628418,48.24445724487305,45.938114166259766,0.03369253873825073,0.060215823352336884,0.6780272126197815,0.5971273183822632,1.0068845748901367,32.64366912841797,37.63846206665039,0.03369253873825073,0.060215823352336884,33.84181594848633,32.64366912841797,37.63846206665039
scene12_traj1_1__000201,0.04213704168796539,0.07775375247001648,1.0838063955307007,0.6655636429786682,1.3636168241500854,48.26408386230469,46.162818908691406,0.04213704168796539,0.07775375247001648,48.42855453491211,48.26408386230469,46.162818908691406,0.03361384943127632,0.06016908958554268,0.679486870765686,0.5975503921508789,1.008731722831726,32.6622314453125,37.51126480102539,0.03361384943127632,0.06016908958554268,33.91816711425781,32.6622314453125,37.51126480102539
scene12_traj1_1__000202,0.041556064039468765,0.07690809667110443,1.0807467699050903,0.6658202409744263,1.3609966039657593,48.0792236328125,45.62663650512695,0.041556064039468765,0.07690809667110443,48.34600830078125,48.0792236328125,45.62663650512695,0.033538706600666046,0.06005845218896866,0.6812635660171509,0.5998518466949463,1.0105658769607544,32.77666091918945,37.73402404785156,0.033538706600666046,0.06005845218896866,33.9711799621582,32.77666091918945,37.73402404785156
scene12_traj1_1__000203,0.04210551828145981,0.07780679315328598,1.0760866403579712,0.6727750897407532,1.3620465993881226,48.03822326660156,45.478763580322266,0.04210551828145981,0.07780679315328598,48.35505676269531,48.03822326660156,45.478763580322266,0.03384743630886078,0.06072377786040306,0.6825587749481201,0.6018856167793274,1.0130586624145508,32.89824676513672,37.78666305541992,0.03384743630886078,0.06072377786040306,34.08662414550781,32.89824676513672,37.78666305541992
scene12_traj1_1__000204,0.042084742337465286,0.07751980423927307,1.0783032178878784,0.6740674376487732,1.3654680252075195,48.28358840942383,46.125457763671875,0.042084742337465286,0.07751980423927307,48.50617599487305,48.28358840942383,46.125457763671875,0.03385808318853378,0.06088891252875328,0.6820659637451172,0.6015257239341736,1.0127182006835938,32.855430603027344,37.369667053222656,0.03385808318853378,0.06088891252875328,34.064613342285156,32.855430603027344,37.369667053222656
scene12_traj1_1__000205,0.04169495031237602,0.07734034955501556,1.0791677236557007,0.6697967648506165,1.3630074262619019,48.13223648071289,46.07527542114258,0.04169495031237602,0.07734034955501556,48.394081115722656,48.13223648071289,46.07527542114258,0.03397734835743904,0.06091195344924927,0.6782465577125549,0.6037423610687256,1.0105772018432617,32.88444519042969,37.56875228881836,0.03397734835743904,0.06091195344924927,33.99652862548828,32.88444519042969,37.56875228881836
scene12_traj1_1__000206,0.04268237575888634,0.07849662005901337,1.0770107507705688,0.6719556450843811,1.3635326623916626,48.13444900512695,45.90088653564453,0.04268237575888634,0.07849662005901337,48.436431884765625,48.13444900512695,45.90088653564453,0.03414569050073624,0.061288148164749146,0.6838803291320801,0.6018259525299072,1.0140860080718994,33.04194259643555,37.696014404296875,0.03414569050073624,0.061288148164749146,34.12624740600586,33.04194259643555,37.696014404296875
scene12_traj1_1__000207,0.04204760119318962,0.07796639204025269,1.0798627138137817,0.672906756401062,1.3653897047042847,48.30411911010742,46.238346099853516,0.04204760119318962,0.07796639204025269,48.51629638671875,48.30411911010742,46.238346099853516,0.03422053903341293,0.061540573835372925,0.6830849051475525,0.6039014458656311,1.0152690410614014,32.963951110839844,37.18069839477539,0.03422053903341293,0.061540573835372925,34.169189453125,32.963951110839844,37.18069839477539
scene12_traj1_1__000208,0.04157101735472679,0.07713127881288528,1.0806047916412354,0.6767691373825073,1.3685424327850342,48.280147552490234,45.81217956542969,0.04157101735472679,0.07713127881288528,48.68046569824219,48.280147552490234,45.81217956542969,0.03428478538990021,0.06105682998895645,0.6858233213424683,0.6053662896156311,1.018818736076355,33.31722640991211,37.980918884277344,0.03428478538990021,0.06105682998895645,34.30657958984375,33.31722640991211,37.980918884277344
scene12_traj1_1__000209,0.0411524698138237,0.07683299481868744,1.0801666975021362,0.6838927865028381,1.3728352785110474,48.56187057495117,46.06155014038086,0.0411524698138237,0.07683299481868744,48.848262786865234,48.56187057495117,46.06155014038086,0.034409601241350174,0.061346929520368576,0.6825190186500549,0.6043893098831177,1.0157698392868042,33.13290786743164,37.790931701660156,0.034409601241350174,0.061346929520368576,34.19099044799805,33.13290786743164,37.790931701660156
scene12_traj1_1__000210,0.04113943874835968,0.0773255005478859,1.0790437459945679,0.6776098012924194,1.3673299551010132,48.32367706298828,46.03611373901367,0.04113943874835968,0.0773255005478859,48.6226921081543,48.32367706298828,46.03611373901367,0.0344981774687767,0.06180768087506294,0.6865067481994629,0.6033435463905334,1.018282413482666,33.264556884765625,37.8339729309082,0.0344981774687767,0.06180768087506294,34.30458068847656,33.264556884765625,37.8339729309082
scene12_traj1_1__000211,0.04106526076793671,0.07698020339012146,1.0794639587402344,0.6782584190368652,1.3683478832244873,48.424442291259766,46.49714279174805,0.04106526076793671,0.07698020339012146,48.654296875,48.424442291259766,46.49714279174805,0.03457605093717575,0.06171971186995506,0.684736430644989,0.6035987138748169,1.0170849561691284,33.16223907470703,37.495452880859375,0.03457605093717575,0.06171971186995506,34.2364501953125,33.16223907470703,37.495452880859375
scene12_traj1_1__000212,0.041533682495355606,0.07740802317857742,1.0759387016296387,0.6773046851158142,1.3647905588150024,48.168907165527344,45.9100341796875,0.041533682495355606,0.07740802317857742,48.52312088012695,48.168907165527344,45.9100341796875,0.03465486317873001,0.06170516088604927,0.6836410164833069,0.6051297187805176,1.0167959928512573,33.08668518066406,37.326568603515625,0.03465486317873001,0.06170516088604927,34.24568176269531,33.08668518066406,37.326568603515625
scene12_traj1_1__000213,0.040647126734256744,0.07632201164960861,1.0802719593048096,0.6737034320831299,1.3655306100845337,48.405662536621094,46.31082534790039,0.040647126734256744,0.07632201164960861,48.54420471191406,48.405662536621094,46.31082534790039,0.034685827791690826,0.0614619180560112,0.6886623501777649,0.602691650390625,1.0197194814682007,33.29938507080078,37.7236328125,0.034685827791690826,0.0614619180560112,34.34476852416992,33.29938507080078,37.7236328125
scene12_traj1_1__000214,0.04071793332695961,0.07619041949510574,1.0792875289916992,0.6738585233688354,1.3656609058380127,48.37947082519531,46.09040451049805,0.04071793332695961,0.07619041949510574,48.556640625,48.37947082519531,46.09040451049805,0.03479861840605736,0.06153102591633797,0.6916106343269348,0.6058992147445679,1.024341106414795,33.38655090332031,37.5271110534668,0.03479861840605736,0.06153102591633797,34.52607345581055,33.38655090332031,37.5271110534668
scene12_traj1_1__000215,0.04079417511820793,0.07683875411748886,1.0798066854476929,0.6683780550956726,1.3618085384368896,48.142005920410156,45.984046936035156,0.04079417511820793,0.07683875411748886,48.40079879760742,48.142005920410156,45.984046936035156,0.03516089916229248,0.06228875368833542,0.6910305023193359,0.608961284160614,1.026461124420166,33.56580352783203,37.941287994384766,0.03516089916229248,0.06228875368833542,34.61130905151367,33.56580352783203,37.941287994384766
scene12_traj1_1__000216,0.04066834598779678,0.07714015990495682,1.0810731649398804,0.6656388640403748,1.3603187799453735,48.105411529541016,45.935401916503906,0.04066834598779678,0.07714015990495682,48.31309509277344,48.105411529541016,45.935401916503906,0.03519969433546066,0.06245412677526474,0.6885841488838196,0.6071290373802185,1.0233187675476074,33.343326568603516,37.60022735595703,0.03519969433546066,0.06245412677526474,34.48976516723633,33.343326568603516,37.60022735595703
scene12_traj1_1__000217,0.04085540771484375,0.0769159272313118,1.081423282623291,0.6624246835708618,1.359002947807312,48.159217834472656,46.38475036621094,0.04085540771484375,0.0769159272313118,48.293724060058594,48.159217834472656,46.38475036621094,0.03530517965555191,0.06240331754088402,0.6919687390327454,0.6113324761390686,1.029273271560669,33.613582611083984,37.80868148803711,0.03530517965555191,0.06240331754088402,34.7103157043457,33.613582611083984,37.80868148803711
scene12_traj1_1__000218,0.041162386536598206,0.07721038162708282,1.0828657150268555,0.6597054600715637,1.3585578203201294,48.07380294799805,45.947689056396484,0.041162386536598206,0.07721038162708282,48.28483963012695,48.07380294799805,45.947689056396484,0.03560599684715271,0.06277012825012207,0.6936950087547302,0.6109182834625244,1.0304197072982788,33.694435119628906,38.08349609375,0.03560599684715271,0.06277012825012207,34.752098083496094,33.694435119628906,38.08349609375
scene12_traj1_1__000219,0.04124267399311066,0.0778215229511261,1.0834242105484009,0.6582048535346985,1.3580399751663208,48.061866760253906,46.0698127746582,0.04124267399311066,0.0778215229511261,48.268795013427734,48.061866760253906,46.0698127746582,0.03561050444841385,0.0630837082862854,0.6928812861442566,0.6103454828262329,1.02922785282135,33.560302734375,37.59148406982422,0.03561050444841385,0.0630837082862854,34.69633865356445,33.560302734375,37.59148406982422
scene12_traj1_1__000220,0.0412374883890152,0.07720811665058136,1.0863261222839355,0.6560789346694946,1.3584723472595215,48.12242889404297,45.91086196899414,0.0412374883890152,0.07720811665058136,48.29229736328125,48.12242889404297,45.91086196899414,0.03574218228459358,0.06299427896738052,0.6935188174247742,0.6079938411712646,1.028233289718628,33.57914733886719,38.16611099243164,0.03574218228459358,0.06299427896738052,34.6761589050293,33.57914733886719,38.16611099243164
scene12_traj1_1__000221,0.04198826476931572,0.07837048918008804,1.0861718654632568,0.656847357749939,1.359153389930725,47.97945785522461,45.78512191772461,0.04198826476931572,0.07837048918008804,48.3362922668457,47.97945785522461,45.78512191772461,0.03606024384498596,0.06355423480272293,0.6915079951286316,0.6098127365112305,1.027767300605774,33.52538299560547,37.57444381713867,0.03606024384498596,0.06355423480272293,34.64739227294922,33.52538299560547,37.57444381713867
scene12_traj1_1__000222,0.04189377650618553,0.0779799297451973,1.0874561071395874,0.6577295064926147,1.360785961151123,48.23288345336914,46.27409744262695,0.04189377650618553,0.0779799297451973,48.41423034667969,48.23288345336914,46.27409744262695,0.03600504621863365,0.06337800621986389,0.691109836101532,0.6111365556716919,1.0284829139709473,33.49775314331055,37.70566177368164,0.03600504621863365,0.06337800621986389,34.68304443359375,33.49775314331055,37.70566177368164
scene12_traj1_1__000223,0.041985780000686646,0.0781579464673996,1.0833756923675537,0.6646096110343933,1.3619072437286377,48.31649398803711,46.54322052001953,0.041985780000686646,0.0781579464673996,48.4482536315918,48.31649398803711,46.54322052001953,0.03637018799781799,0.06407748907804489,0.6900531053543091,0.6115725636482239,1.028028130531311,33.58955383300781,37.6240348815918,0.03637018799781799,0.06407748907804489,34.67435836791992,33.58955383300781,37.6240348815918
scene12_traj1_1__000224,0.04276776313781738,0.07949164509773254,1.084777593612671,0.6626194715499878,1.3618355989456177,48.22907257080078,46.44303512573242,0.04276776313781738,0.07949164509773254,48.45613479614258,48.22907257080078,46.44303512573242,0.036814574152231216,0.0649149939417839,0.6865456104278564,0.6146419644355774,1.0272878408432007,33.68442153930664,37.9376335144043,0.036814574152231216,0.0649149939417839,34.65048599243164,33.68442153930664,37.9376335144043
scene12_traj1_1__000225,0.0426924005150795,0.07927154004573822,1.0861262083053589,0.6690729260444641,1.3676025867462158,48.45762252807617,46.400821685791016,0.0426924005150795,0.07927154004573822,48.678321838378906,48.45762252807617,46.400821685791016,0.03674481064081192,0.06461896747350693,0.6845296025276184,0.6151038408279419,1.0253949165344238,33.5455436706543,37.554588317871094,0.03674481064081192,0.06461896747350693,34.55904769897461,33.5455436706543,37.554588317871094
scene12_traj1_1__000226,0.0429389514029026,0.07935672998428345,1.0844371318817139,0.6682262420654297,1.3654831647872925,48.44269943237305,46.674224853515625,0.0429389514029026,0.07935672998428345,48.58448028564453,48.44269943237305,46.674224853515625,0.03691895678639412,0.06469207257032394,0.6829284429550171,0.6133959293365479,1.023451566696167,33.44794845581055,37.333740234375,0.03691895678639412,0.06469207257032394,34.5109977722168,33.44794845581055,37.333740234375
scene12_traj1_1__000227,0.04292074590921402,0.07942178845405579,1.0894246101379395,0.6661825776100159,1.3679295778274536,48.528419494628906,46.8395881652832,0.04292074590921402,0.07942178845405579,48.694889068603516,48.528419494628906,46.8395881652832,0.03697111830115318,0.06494534015655518,0.6830724477767944,0.6146973967552185,1.0244511365890503,33.54731369018555,37.65214157104492,0.03697111830115318,0.06494534015655518,34.551109313964844,33.54731369018555,37.65214157104492
scene12_traj1_1__000228,0.04287371039390564,0.07952413707971573,1.0851377248764038,0.6656699776649475,1.3641177415847778,48.42415237426758,46.631046295166016,0.04287371039390564,0.07952413707971573,48.53662872314453,48.42415237426758,46.631046295166016,0.03693382069468498,0.06487902253866196,0.6809360384941101,0.6141403913497925,1.0219603776931763,33.3000373840332,37.32120132446289,0.03693382069468498,0.06487902253866196,34.462711334228516,33.3000373840332,37.32120132446289
scene12_traj1_1__000229,0.04276413843035698,0.07917855679988861,1.0857479572296143,0.6642298698425293,1.3637123107910156,48.352481842041016,46.637210845947266,0.04276413843035698,0.07917855679988861,48.5093994140625,48.352481842041016,46.637210845947266,0.03681354224681854,0.06464865803718567,0.6824809908866882,0.617605984210968,1.0261608362197876,33.646209716796875,37.89036178588867,0.03681354224681854,0.06464865803718567,34.60453414916992,33.646209716796875,37.89036178588867
scene12_traj1_1__000230,0.04251592978835106,0.07848353683948517,1.0919592380523682,0.6581562161445618,1.3641128540039062,48.564048767089844,47.21854019165039,0.04251592978835106,0.07848353683948517,48.56828308105469,48.564048767089844,47.21854019165039,0.03677472472190857,0.06446932256221771,0.6820337176322937,0.6157268285751343,1.024152159690857,33.53790283203125,37.74329376220703,0.03677472472190857,0.06446932256221771,34.54111099243164,33.53790283203125,37.74329376220703
scene12_traj1_1__000231,0.04242365434765816,0.07819659262895584,1.0913220643997192,0.6547756791114807,1.3615080118179321,48.347652435302734,46.64855194091797,0.04242365434765816,0.07819659262895584,48.450008392333984,48.347652435302734,46.64855194091797,0.036720141768455505,0.06402619183063507,0.6837350726127625,0.6168540716171265,1.0268325805664062,33.48920440673828,37.27408981323242,0.036720141768455505,0.06402619183063507,34.63185501098633,33.48920440673828,37.27408981323242
scene12_traj1_1__000232,0.04260367900133133,0.07842051982879639,1.0920511484146118,0.6576709747314453,1.3648093938827515,48.464969635009766,46.73754119873047,0.04260367900133133,0.07842051982879639,48.61127853393555,48.464969635009766,46.73754119873047,0.03687440976500511,0.06424032151699066,0.6847708821296692,0.6181600093841553,1.0283797979354858,33.55699920654297,37.385986328125,0.03687440976500511,0.06424032151699066,34.68374252319336,33.55699920654297,37.385986328125
scene12_traj1_1__000233,0.04291531816124916,0.07909689098596573,1.0930519104003906,0.6592149138450623,1.3663631677627563,48.58207702636719,46.692840576171875,0.04291531816124916,0.07909689098596573,48.664337158203125,48.58207702636719,46.692840576171875,0.03699064627289772,0.06487107276916504,0.6841233968734741,0.6198647618293762,1.029343605041504,33.51472854614258,37.48665237426758,0.03699064627289772,0.06487107276916504,34.73653030395508,33.51472854614258,37.48665237426758
scene12_traj1_1__000234,0.042472220957279205,0.07758640497922897,1.092110276222229,0.6503794193267822,1.3604857921600342,48.29377365112305,46.68736267089844,0.042472220957279205,0.07758640497922897,48.444889068603516,48.29377365112305,46.68736267089844,0.03678343445062637,0.06393805146217346,0.6853233575820923,0.6195735335350037,1.0300843715667725,33.535247802734375,37.756126403808594,0.03678343445062637,0.06393805146217346,34.73518371582031,33.535247802734375,37.756126403808594
scene12_traj1_1__000235,0.04248306527733803,0.07754215598106384,1.0931450128555298,0.6416788101196289,1.3560210466384888,48.149620056152344,46.533111572265625,0.04248306527733803,0.07754215598106384,48.289085388183594,48.149620056152344,46.533111572265625,0.03667054325342178,0.06360484659671783,0.6803381443023682,0.6218230724334717,1.0279666185379028,33.3912353515625,37.56439208984375,0.03667054325342178,0.06360484659671783,34.66277313232422,33.3912353515625,37.56439208984375
scene12_traj1_1__000236,0.042356543242931366,0.07719963788986206,1.0866693258285522,0.641862690448761,1.3510966300964355,47.940093994140625,46.423946380615234,0.042356543242931366,0.07719963788986206,48.08160400390625,47.940093994140625,46.423946380615234,0.036656443029642105,0.06355839222669601,0.6825025677680969,0.6234094500541687,1.0308215618133545,33.56779098510742,37.86882781982422,0.036656443029642105,0.06355839222669601,34.77925491333008,33.56779098510742,37.86882781982422
scene12_traj1_1__000237,0.04245447739958763,0.0778113380074501,1.0881731510162354,0.6379276514053345,1.3505579233169556,47.882389068603516,46.303646087646484,0.04245447739958763,0.0778113380074501,48.07524490356445,47.882389068603516,46.303646087646484,0.036926813423633575,0.0642143115401268,0.6850319504737854,0.6202029585838318,1.0306642055511475,33.537498474121094,37.6271858215332,0.036926813423633575,0.0642143115401268,34.77652359008789,33.537498474121094,37.6271858215332
scene12_traj1_1__000238,0.04292123019695282,0.07841756939888,1.0886881351470947,0.6410040259361267,1.3528344631195068,47.950225830078125,46.4780387878418,0.04292123019695282,0.07841756939888,48.15943145751953,47.950225830078125,46.4780387878418,0.03704961761832237,0.0643075555562973,0.6816047430038452,0.6275379061698914,1.0329656600952148,33.51021957397461,37.5069580078125,0.03704961761832237,0.0643075555562973,34.86395263671875,33.51021957397461,37.5069580078125
scene12_traj1_1__000239,0.042966149747371674,0.0783734917640686,1.0885744094848633,0.6407160758972168,1.3525400161743164,48.0373649597168,46.60670852661133,0.042966149747371674,0.0783734917640686,48.16435241699219,48.0373649597168,46.60670852661133,0.03707633912563324,0.0644889697432518,0.6829639673233032,0.6248289346694946,1.0316792726516724,33.60807418823242,37.88310623168945,0.03707633912563324,0.0644889697432518,34.812252044677734,33.60807418823242,37.88310623168945
scene12_traj1_1__000240,0.04352471977472305,0.07914122939109802,1.0865939855575562,0.644227921962738,1.3534200191497803,47.98914337158203,46.258522033691406,0.04352471977472305,0.07914122939109802,48.20457458496094,47.98914337158203,46.258522033691406,0.03742961212992668,0.06496743857860565,0.6829367876052856,0.6266741752624512,1.0336261987686157,33.572383880615234,37.535743713378906,0.03742961212992668,0.06496743857860565,34.89040756225586,33.572383880615234,37.535743713378906
scene12_traj1_1__000241,0.044002730399370193,0.07996856421232224,1.08951997756958,0.6402839422225952,1.3529236316680908,48.11733627319336,46.45582962036133,0.044002730399370193,0.07996856421232224,48.1983528137207,48.11733627319336,46.45582962036133,0.03759537264704704,0.0651344433426857,0.6841490864753723,0.6262853145599365,1.034826397895813,33.72268295288086,37.690608978271484,0.03759537264704704,0.0651344433426857,34.9384765625,33.72268295288086,37.690608978271484
scene12_traj1_1__000242,0.04376106336712837,0.07970363646745682,1.0856647491455078,0.6460483074188232,1.3530126810073853,48.10888671875,46.57712936401367,0.04376106336712837,0.07970363646745682,48.17243576049805,48.10888671875,46.57712936401367,0.03761069104075432,0.0651945099234581,0.684665858745575,0.6242775321006775,1.0341116189956665,33.72224426269531,37.768470764160156,0.03761069104075432,0.0651945099234581,34.90586471557617,33.72224426269531,37.768470764160156
scene12_traj1_1__000243,0.04436102136969566,0.08022698014974594,1.0841097831726074,0.645345151424408,1.3526257276535034,48.197669982910156,46.661128997802734,0.04436102136969566,0.08022698014974594,48.19157791137695,48.197669982910156,46.661128997802734,0.03804369643330574,0.06575626879930496,0.6865362524986267,0.6285400390625,1.0380126237869263,33.80788040161133,37.542564392089844,0.03804369643330574,0.06575626879930496,35.05497741699219,33.80788040161133,37.542564392089844
scene12_traj1_1__000244,0.04433458670973778,0.08028149604797363,1.0892714262008667,0.6530650854110718,1.360869288444519,48.50499725341797,46.804988861083984,0.04433458670973778,0.08028149604797363,48.500675201416016,48.50499725341797,46.804988861083984,0.03804929926991463,0.06560203433036804,0.6840144395828247,0.6291700005531311,1.0372308492660522,33.790245056152344,37.44120407104492,0.03804929926991463,0.06560203433036804,35.041603088378906,33.790245056152344,37.44120407104492
scene12_traj1_1__000245,0.044455934315919876,0.08021920174360275,1.090869426727295,0.6435023546218872,1.3558496236801147,48.305137634277344,46.84920120239258,0.044455934315919876,0.08021920174360275,48.29545974731445,48.305137634277344,46.84920120239258,0.038094259798526764,0.06543224304914474,0.6840833425521851,0.6280430555343628,1.0368317365646362,33.82014083862305,37.55665969848633,0.038094259798526764,0.06543224304914474,35.01197814941406,33.82014083862305,37.55665969848633
scene12_traj1_1__000246,0.04468974843621254,0.0804753452539444,1.0897620916366577,0.6449933648109436,1.3563592433929443,48.39079284667969,46.612388610839844,0.04468974843621254,0.0804753452539444,48.34701919555664,48.39079284667969,46.612388610839844,0.03817888721823692,0.06555652618408203,0.6836126446723938,0.6238927245140076,1.0320810079574585,33.650367736816406,37.364524841308594,0.03817888721823692,0.06555652618408203,34.83039093017578,33.650367736816406,37.364524841308594
scene12_traj1_1__000247,0.04511581361293793,0.08133973181247711,1.0853182077407837,0.6447606682777405,1.3524024486541748,48.14461135864258,46.711509704589844,0.04511581361293793,0.08133973181247711,48.13996124267578,48.14461135864258,46.711509704589844,0.03850914537906647,0.06618435680866241,0.6839581727981567,0.627626359462738,1.0352884531021118,33.76447296142578,37.387020111083984,0.03850914537906647,0.06618435680866241,34.96547317504883,33.76447296142578,37.387020111083984
scene12_traj1_1__000248,0.0453055277466774,0.08195456862449646,1.089900255203247,0.6513162851333618,1.361071228981018,48.582252502441406,47.02115249633789,0.0453055277466774,0.08195456862449646,48.5267333984375,48.582252502441406,47.02115249633789,0.038648571819067,0.06648989766836166,0.6821629405021667,0.628793478012085,1.0350967645645142,33.73649215698242,37.24224853515625,0.038648571819067,0.06648989766836166,34.95655822753906,33.73649215698242,37.24224853515625
scene12_traj1_1__000249,0.045297715812921524,0.08150850236415863,1.0841765403747559,0.6476600766181946,1.3539701700210571,48.33806610107422,46.98339080810547,0.045297715812921524,0.08150850236415863,48.20818328857422,48.33806610107422,46.98339080810547,0.0385732538998127,0.06603611260652542,0.6838323473930359,0.629473090171814,1.0368672609329224,33.78396224975586,37.065731048583984,0.0385732538998127,0.06603611260652542,35.031681060791016,33.78396224975586,37.065731048583984
scene12_traj1_1__000250,0.04538622498512268,0.08179169148206711,1.089585781097412,0.6534848213195801,1.362308382987976,48.67964172363281,47.17654037475586,0.04538622498512268,0.08179169148206711,48.563690185546875,48.67964172363281,47.17654037475586,0.03869764506816864,0.06627867370843887,0.6828122138977051,0.6304694414138794,1.0368547439575195,33.81404113769531,37.0926513671875,0.03869764506816864,0.06627867370843887,35.036834716796875,33.81404113769531,37.0926513671875
scene12_traj1_1__000251,0.04575994238257408,0.08243679255247116,1.0859642028808594,0.661327600479126,1.3648260831832886,48.67432403564453,46.91607666015625,0.04575994238257408,0.08243679255247116,48.65547180175781,48.67432403564453,46.91607666015625,0.0388762392103672,0.06662143021821976,0.6802495718002319,0.6295138597488403,1.0340640544891357,33.92021179199219,37.62516784667969,0.0388762392103672,0.06662143021821976,34.933311462402344,33.92021179199219,37.62516784667969
scene12_traj1_1__000252,0.04554314911365509,0.08216685056686401,1.0880341529846191,0.6599987745285034,1.3655579090118408,48.768680572509766,47.188167572021484,0.04554314911365509,0.08216685056686401,48.680049896240234,48.768680572509766,47.188167572021484,0.038855694234371185,0.06651072949171066,0.6830654740333557,0.6313261389732361,1.0384495258331299,33.94984436035156,37.391902923583984,0.038855694234371185,0.06651072949171066,35.09613037109375,33.94984436035156,37.391902923583984
scene12_traj1_1__000253,0.04572043567895889,0.08225763589143753,1.0887802839279175,0.6589359641075134,1.3652352094650269,48.718379974365234,46.80952453613281,0.04572043567895889,0.08225763589143753,48.69635009765625,48.718379974365234,46.80952453613281,0.038926735520362854,0.06659722328186035,0.6851003170013428,0.6292396187782288,1.0375727415084839,33.91099166870117,37.421356201171875,0.038926735520362854,0.06659722328186035,35.048526763916016,33.91099166870117,37.421356201171875
scene12_traj1_1__000254,0.04540282115340233,0.081540547311306,1.0912610292434692,0.658280611038208,1.3671623468399048,48.80709457397461,46.99200439453125,0.04540282115340233,0.081540547311306,48.77143096923828,48.80709457397461,46.99200439453125,0.03865135833621025,0.06580466777086258,0.684395968914032,0.6291495561599731,1.0379350185394287,33.84318542480469,37.208091735839844,0.03865135833621025,0.06580466777086258,35.05231857299805,33.84318542480469,37.208091735839844
scene12_traj1_1__000255,0.04555298388004303,0.08183657377958298,1.0875508785247803,0.6618845462799072,1.3666322231292725,48.7819938659668,46.855987548828125,0.04555298388004303,0.08183657377958298,48.781761169433594,48.7819938659668,46.855987548828125,0.038733575493097305,0.06621202081441879,0.6811754703521729,0.63368821144104,1.0384876728057861,33.98809051513672,37.53242874145508,0.038733575493097305,0.06621202081441879,35.09352111816406,33.98809051513672,37.53242874145508
scene12_traj1_1__000256,0.04562176391482353,0.08183026313781738,1.0928890705108643,0.6552346348762512,1.3659319877624512,48.83271789550781,47.09142303466797,0.04562176391482353,0.08183026313781738,48.743125915527344,48.83271789550781,47.09142303466797,0.03877778351306915,0.06603917479515076,0.6823829412460327,0.629926323890686,1.036778211593628,33.77204132080078,37.033721923828125,0.03877778351306915,0.06603917479515076,35.012420654296875,33.77204132080078,37.033721923828125
scene12_traj1_1__000257,0.04567427933216095,0.08190305531024933,1.0908132791519165,0.6575639247894287,1.3659999370574951,48.83561325073242,47.166934967041016,0.04567427933216095,0.08190305531024933,48.71062469482422,48.83561325073242,47.166934967041016,0.038761384785175323,0.06597818434238434,0.683167040348053,0.6305281519889832,1.037600040435791,33.84300231933594,37.29103469848633,0.038761384785175323,0.06597818434238434,35.0694694519043,33.84300231933594,37.29103469848633
scene12_traj1_1__000258,0.0454125739634037,0.08148538321256638,1.0925544500350952,0.6545008420944214,1.3656108379364014,48.740684509277344,46.944252014160156,0.0454125739634037,0.08148538321256638,48.6936149597168,48.740684509277344,46.944252014160156,0.0386153906583786,0.0656612291932106,0.6808117032051086,0.6319584846496582,1.0367634296417236,33.9156379699707,37.357078552246094,0.0386153906583786,0.0656612291932106,35.02311325073242,33.9156379699707,37.357078552246094
scene12_traj1_1__000259,0.04554472863674164,0.08177028596401215,1.0892889499664307,0.646647036075592,1.3573445081710815,48.47230529785156,46.811683654785156,0.04554472863674164,0.08177028596401215,48.37348556518555,48.47230529785156,46.811683654785156,0.03871163725852966,0.06596559286117554,0.6849197745323181,0.6303025484085083,1.0385358333587646,33.97524642944336,37.29890441894531,0.03871163725852966,0.06596559286117554,35.094058990478516,33.97524642944336,37.29890441894531
scene12_traj1_1__000260,0.04537147283554077,0.0819125846028328,1.0872831344604492,0.6589025855064392,1.3636587858200073,48.689762115478516,47.0317497253418,0.04537147283554077,0.0819125846028328,48.59416580200195,48.689762115478516,47.0317497253418,0.03863853961229324,0.06587795168161392,0.6821089386940002,0.6308167576789856,1.0368316173553467,33.95759201049805,37.2822265625,0.03863853961229324,0.06587795168161392,35.01933288574219,33.95759201049805,37.2822265625
scene12_traj1_1__000261,0.04563356563448906,0.0819922387599945,1.0871565341949463,0.6532372236251831,1.359417200088501,48.56101608276367,46.97745132446289,0.04563356563448906,0.0819922387599945,48.46305847167969,48.56101608276367,46.97745132446289,0.038576941937208176,0.0656578317284584,0.6815499067306519,0.6291276216506958,1.0344254970550537,33.93939208984375,37.538143157958984,0.038576941937208176,0.0656578317284584,34.952396392822266,33.93939208984375,37.538143157958984
scene12_traj1_1__000262,0.04532979428768158,0.08101172745227814,1.0910296440124512,0.6522213816642761,1.361938238143921,48.69647216796875,47.29263687133789,0.04532979428768158,0.08101172745227814,48.54990768432617,48.69647216796875,47.29263687133789,0.038381706923246384,0.06491991132497787,0.6809435486793518,0.6230681538581848,1.0297038555145264,33.74119186401367,37.24855422973633,0.038381706923246384,0.06491991132497787,34.7667350769043,33.74119186401367,37.24855422973633
scene12_traj1_1__000263,0.04561109095811844,0.08162026852369308,1.089412808418274,0.6536206007003784,1.3616105318069458,48.66072463989258,47.275604248046875,0.04561109095811844,0.08162026852369308,48.508792877197266,48.66072463989258,47.275604248046875,0.03850861266255379,0.06522209197282791,0.679311215877533,0.6286942958831787,1.033258318901062,33.78657150268555,37.092201232910156,0.03850861266255379,0.06522209197282791,34.88951873779297,33.78657150268555,37.092201232910156
scene12_traj1_1__000264,0.045526858419179916,0.08133518695831299,1.0935413837432861,0.6535935401916504,1.3648513555526733,48.896446228027344,47.51780319213867,0.045526858419179916,0.08133518695831299,48.68041229248047,48.896446228027344,47.51780319213867,0.0386931449174881,0.06536314636468887,0.6765012145042419,0.6289551854133606,1.0309239625930786,33.69635009765625,36.85746383666992,0.0386931449174881,0.06536314636468887,34.811767578125,33.69635009765625,36.85746383666992
scene12_traj1_1__000265,0.04581080749630928,0.08144907653331757,1.090698003768921,0.6500966548919678,1.3605031967163086,48.618324279785156,47.31351089477539,0.04581080749630928,0.08144907653331757,48.49723815917969,48.618324279785156,47.31351089477539,0.038690805435180664,0.06523951143026352,0.6765261292457581,0.6340011954307556,1.0346944332122803,33.869468688964844,37.028724670410156,0.038690805435180664,0.06523951143026352,34.96082305908203,33.869468688964844,37.028724670410156
scene12_traj1_1__000266,0.04551053047180176,0.08086028695106506,1.0923298597335815,0.6492260098457336,1.3609747886657715,48.61648941040039,47.162540435791016,0.04551053047180176,0.08086028695106506,48.5116081237793,48.61648941040039,47.162540435791016,0.03859711438417435,0.0648542195558548,0.6770151853561401,0.6296334266662598,1.031719446182251,33.775882720947266,37.121185302734375,0.03859711438417435,0.0648542195558548,34.83502960205078,33.775882720947266,37.121185302734375
scene12_traj1_1__000267,0.04595686495304108,0.08230330049991608,1.087722897529602,0.6540994644165039,1.3611217737197876,48.59656524658203,47.190773010253906,0.04595686495304108,0.08230330049991608,48.501258850097656,48.59656524658203,47.190773010253906,0.039066508412361145,0.0661465972661972,0.6794521808624268,0.6308189630508423,1.0343663692474365,33.88493347167969,36.93720245361328,0.039066508412361145,0.0661465972661972,34.95353698730469,33.88493347167969,36.93720245361328
scene12_traj1_1__000268,0.04563266038894653,0.08114226907491684,1.0875557661056519,0.6625068783760071,1.367785096168518,49.00804138183594,47.70215606689453,0.04563266038894653,0.08114226907491684,48.767333984375,49.00804138183594,47.70215606689453,0.038875460624694824,0.06521415710449219,0.6757001876831055,0.6319981813430786,1.032109022140503,33.85564422607422,37.05535125732422,0.038875460624694824,0.06521415710449219,34.868873596191406,33.85564422607422,37.05535125732422
scene12_traj1_1__000269,0.046009715646505356,0.08184142410755157,1.0928878784179688,0.6593031287193298,1.3695684671401978,49.078773498535156,47.72806167602539,0.046009715646505356,0.08184142410755157,48.83903121948242,49.078773498535156,47.72806167602539,0.03907609358429909,0.0656190812587738,0.6758255958557129,0.6304129362106323,1.0313522815704346,33.79080581665039,36.993873596191406,0.03907609358429909,0.0656190812587738,34.81597137451172,33.79080581665039,36.993873596191406
scene12_traj1_1__000270,0.04615653678774834,0.0820411741733551,1.0898867845535278,0.6573643684387207,1.3661178350448608,48.921302795410156,47.563472747802734,0.04615653678774834,0.0820411741733551,48.7110595703125,48.921302795410156,47.563472747802734,0.03909023851156235,0.06572777777910233,0.6755440831184387,0.632344126701355,1.0328502655029297,33.77730941772461,36.90497589111328,0.03909023851156235,0.06572777777910233,34.89371109008789,33.77730941772461,36.90497589111328
scene12_traj1_1__000271,0.0459715873003006,0.08137454837560654,1.0882540941238403,0.6651419401168823,1.3702678680419922,49.08835220336914,47.6632080078125,0.0459715873003006,0.08137454837560654,48.89124298095703,49.08835220336914,47.6632080078125,0.039001625031232834,0.0652254968881607,0.6785143613815308,0.6307370066642761,1.0341997146606445,33.941776275634766,37.18892288208008,0.039001625031232834,0.0652254968881607,34.931461334228516,33.941776275634766,37.18892288208008
scene12_traj1_1__000272,0.04577990993857384,0.08166603744029999,1.090924620628357,0.6602599620819092,1.3685128688812256,49.09471130371094,47.93355941772461,0.04577990993857384,0.08166603744029999,48.81039047241211,49.09471130371094,47.93355941772461,0.038875725120306015,0.06541957706212997,0.6773709058761597,0.6312652826309204,1.033511996269226,33.81769561767578,36.8909912109375,0.038875725120306015,0.06541957706212997,34.90592575073242,33.81769561767578,36.8909912109375
scene12_traj1_1__000273,0.04589083790779114,0.08185234665870667,1.0936685800552368,0.6560039520263672,1.3682788610458374,49.04966735839844,47.79478073120117,0.04589083790779114,0.08185234665870667,48.8039665222168,49.04966735839844,47.79478073120117,0.038909949362277985,0.06557731330394745,0.6767416596412659,0.6314361095428467,1.032799482345581,33.835296630859375,36.88684844970703,0.038909949362277985,0.06557731330394745,34.882591247558594,33.835296630859375,36.88684844970703
scene12_traj1_1__000274,0.04591648280620575,0.08129990845918655,1.0883573293685913,0.6538874506950378,1.3610388040542603,48.690555572509766,47.50082015991211,0.04591648280620575,0.08129990845918655,48.538814544677734,48.690555572509766,47.50082015991211,0.03880653902888298,0.06500890851020813,0.6796477437019348,0.6325381398200989,1.0362471342086792,33.86178970336914,36.780731201171875,0.03880653902888298,0.06500890851020813,35.01513671875,33.86178970336914,36.780731201171875
scene12_traj1_1__000275,0.045984603464603424,0.0809042677283287,1.0905838012695312,0.6566448211669922,1.3652969598770142,48.83525085449219,47.409297943115234,0.045984603464603424,0.0809042677283287,48.7003288269043,48.83525085449219,47.409297943115234,0.038748279213905334,0.06463751941919327,0.674304723739624,0.6312854290008545,1.0301131010055542,33.67345428466797,36.94059371948242,0.038748279213905334,0.06463751941919327,34.79066467285156,33.67345428466797,36.94059371948242
scene12_traj1_1__000276,0.045789413154125214,0.08077467232942581,1.0926008224487305,0.6566057205200195,1.367343783378601,48.948551177978516,47.627281188964844,0.045789413154125214,0.08077467232942581,48.775115966796875,48.948551177978516,47.627281188964844,0.03876439854502678,0.06464575231075287,0.6770109534263611,0.632988452911377,1.034064769744873,33.80609893798828,36.82952117919922,0.03876439854502678,0.06464575231075287,34.937313079833984,33.80609893798828,36.82952117919922
scene12_traj1_1__000277,0.04572278633713722,0.08072550594806671,1.091378927230835,0.6569998860359192,1.3661324977874756,48.888545989990234,47.613525390625,0.04572278633713722,0.08072550594806671,48.72860336303711,48.888545989990234,47.613525390625,0.03867384418845177,0.06466066837310791,0.6746950745582581,0.6366937756538391,1.0348752737045288,33.902915954589844,37.042579650878906,0.03867384418845177,0.06466066837310791,34.96657943725586,33.902915954589844,37.042579650878906
scene12_traj1_1__000278,0.045927438884973526,0.08118820935487747,1.091051697731018,0.6572983264923096,1.366967797279358,48.87868118286133,47.64659881591797,0.045927438884973526,0.08118820935487747,48.753238677978516,48.87868118286133,47.64659881591797,0.03886674344539642,0.06512864679098129,0.6759522557258606,0.6357147097587585,1.0353314876556396,33.95893478393555,37.06293869018555,0.03886674344539642,0.06512864679098129,34.98496627807617,33.95893478393555,37.06293869018555
scene12_traj1_1__000279,0.04607406631112099,0.08156421035528183,1.0849236249923706,0.6560418605804443,1.3607392311096191,48.477561950683594,47.00801467895508,0.04607406631112099,0.08156421035528183,48.48764419555664,48.477561950683594,47.00801467895508,0.03892108425498009,0.06529639661312103,0.678813099861145,0.6377707123756409,1.039389729499817,34.03622817993164,37.136348724365234,0.03892108425498009,0.06529639661312103,35.14862060546875,34.03622817993164,37.136348724365234
scene12_traj1_1__000280,0.04651787132024765,0.08232434093952179,1.0823249816894531,0.6605057716369629,1.3621702194213867,48.65281295776367,47.497554779052734,0.04651787132024765,0.08232434093952179,48.545448303222656,48.65281295776367,47.497554779052734,0.03917340934276581,0.06559240818023682,0.6759345531463623,0.6369854211807251,1.0362908840179443,33.87800216674805,36.83052444458008,0.03917340934276581,0.06559240818023682,35.02653884887695,33.87800216674805,36.83052444458008
scene12_traj1_1__000281,0.046793147921562195,0.08265338838100433,1.0852941274642944,0.6511045694351196,1.357764482498169,48.54172897338867,47.575801849365234,0.046793147921562195,0.08265338838100433,48.39961242675781,48.54172897338867,47.575801849365234,0.03933166339993477,0.06575796753168106,0.6771171689033508,0.6338448524475098,1.0351895093917847,33.826881408691406,36.469085693359375,0.03933166339993477,0.06575796753168106,34.97766876220703,33.826881408691406,36.469085693359375
scene12_traj1_1__000282,0.04660304635763168,0.08247744292020798,1.0841004848480225,0.6532849669456482,1.3582054376602173,48.42068862915039,47.18141174316406,0.04660304635763168,0.08247744292020798,48.38850402832031,48.42068862915039,47.18141174316406,0.0392584390938282,0.06572122871875763,0.6796225309371948,0.6309946775436401,1.0350804328918457,33.92500305175781,36.68913650512695,0.0392584390938282,0.06572122871875763,34.97225570678711,33.92500305175781,36.68913650512695
scene12_traj1_1__000283,0.047279443591833115,0.083161860704422,1.0803375244140625,0.655717670917511,1.356249213218689,48.370201110839844,47.33561706542969,0.047279443591833115,0.083161860704422,48.303043365478516,48.370201110839844,47.33561706542969,0.03949655592441559,0.06593749672174454,0.6791413426399231,0.6329481601715088,1.0356733798980713,33.84329605102539,36.70042037963867,0.03949655592441559,0.06593749672174454,35.01291275024414,33.84329605102539,36.70042037963867
scene12_traj1_1__000284,0.047299668192863464,0.08383809030056,1.0855700969696045,0.6508927941322327,1.357415795326233,48.397216796875,47.45732498168945,0.047299668192863464,0.08383809030056,48.342750549316406,48.397216796875,47.45732498168945,0.03968726098537445,0.0666816309094429,0.676581621170044,0.6317200064659119,1.0335478782653809,33.89179992675781,36.658504486083984,0.03968726098537445,0.0666816309094429,34.91879653930664,33.89179992675781,36.658504486083984
scene12_traj1_1__000285,0.04742872714996338,0.08371469378471375,1.0821377038955688,0.6532741785049438,1.3572691679000854,48.41452407836914,47.40155792236328,0.04742872714996338,0.08371469378471375,48.389122009277344,48.41452407836914,47.40155792236328,0.039707936346530914,0.06642141938209534,0.6739895343780518,0.6365790963172913,1.0343738794326782,33.82893371582031,36.603065490722656,0.039707936346530914,0.06642141938209534,34.96257400512695,33.82893371582031,36.603065490722656
scene12_traj1_1__000286,0.04740048572421074,0.08354512602090836,1.0837359428405762,0.6546988487243652,1.3592950105667114,48.55336380004883,47.4619255065918,0.04740048572421074,0.08354512602090836,48.47390365600586,48.55336380004883,47.4619255065918,0.039609625935554504,0.06621565669775009,0.6762754917144775,0.6380369663238525,1.0375899076461792,33.957637786865234,36.71772003173828,0.039609625935554504,0.06621565669775009,35.076690673828125,33.957637786865234,36.71772003173828
scene12_traj1_1__000287,0.04775827378034592,0.08426366746425629,1.0772448778152466,0.6565094590187073,1.3558686971664429,48.396392822265625,47.336421966552734,0.04775827378034592,0.08426366746425629,48.32305145263672,48.396392822265625,47.336421966552734,0.03992012143135071,0.06692954897880554,0.6796424388885498,0.638536274433136,1.040221929550171,34.12124252319336,36.967308044433594,0.03992012143135071,0.06692954897880554,35.17341232299805,34.12124252319336,36.967308044433594
scene12_traj1_1__000288,0.0482177734375,0.08511215448379517,1.0841416120529175,0.6605930328369141,1.3651440143585205,48.755680084228516,47.488075256347656,0.0482177734375,0.08511215448379517,48.73137283325195,48.755680084228516,47.488075256347656,0.040131643414497375,0.06737498939037323,0.6777471899986267,0.6411527991294861,1.0407111644744873,34.142669677734375,36.9019660949707,0.040131643414497375,0.06737498939037323,35.210594177246094,34.142669677734375,36.9019660949707
scene12_traj1_1__000289,0.04803740978240967,0.084446020424366,1.0840299129486084,0.6593179106712341,1.3639343976974487,48.804115295410156,47.74504470825195,0.04803740978240967,0.084446020424366,48.67660140991211,48.804115295410156,47.74504470825195,0.04003982990980148,0.06692709028720856,0.6756992936134338,0.6386577486991882,1.0374901294708252,33.98774337768555,36.78633117675781,0.04003982990980148,0.06692709028720856,35.08890151977539,33.98774337768555,36.78633117675781
scene12_traj1_1__000290,0.047882139682769775,0.08440281450748444,1.07856285572052,0.6659807562828064,1.3642674684524536,48.769126892089844,47.68788146972656,0.047882139682769775,0.08440281450748444,48.676090240478516,48.769126892089844,47.68788146972656,0.03999371826648712,0.06700288504362106,0.6753061413764954,0.6392698884010315,1.0372616052627563,34.002281188964844,36.8891487121582,0.03999371826648712,0.06700288504362106,35.06431579589844,34.002281188964844,36.8891487121582
scene12_traj1_1__000291,0.04818221554160118,0.08466076105833054,1.0893369913101196,0.6569976806640625,1.3658394813537598,48.954524993896484,48.07183837890625,0.04818221554160118,0.08466076105833054,48.759254455566406,48.954524993896484,48.07183837890625,0.040141455829143524,0.06712578982114792,0.6761393547058105,0.6364836692810059,1.0364680290222168,33.78905487060547,36.201148986816406,0.040141455829143524,0.06712578982114792,35.02556610107422,33.78905487060547,36.201148986816406
scene12_traj1_1__000292,0.04816702753305435,0.08492095023393631,1.0893452167510986,0.6481008529663086,1.3594858646392822,48.603023529052734,47.72605895996094,0.04816702753305435,0.08492095023393631,48.49711990356445,48.603023529052734,47.72605895996094,0.04005969688296318,0.0671083852648735,0.6772755980491638,0.639288604259491,1.0391616821289062,33.998897552490234,36.65162658691406,0.04005969688296318,0.0671083852648735,35.141746520996094,33.998897552490234,36.65162658691406
scene12_traj1_1__000293,0.04796363413333893,0.08427093178033829,1.0879640579223633,0.6568489670753479,1.3652093410491943,48.938777923583984,47.995243072509766,0.04796363413333893,0.08427093178033829,48.76458740234375,48.938777923583984,47.995243072509766,0.04006446525454521,0.06686804443597794,0.6749923229217529,0.6405500769615173,1.0381675958633423,33.99709701538086,36.46296310424805,0.04006446525454521,0.06686804443597794,35.111228942871094,33.99709701538086,36.46296310424805
scene12_traj1_1__000294,0.0482444167137146,0.08476831018924713,1.0868462324142456,0.6558206081390381,1.3633192777633667,48.6832389831543,47.66926956176758,0.0482444167137146,0.08476831018924713,48.66149139404297,48.6832389831543,47.66926956176758,0.040138330310583115,0.06693945080041885,0.6754643321037292,0.6420027017593384,1.039867639541626,34.10447311401367,36.71632385253906,0.040138330310583115,0.06693945080041885,35.17921447753906,34.10447311401367,36.71632385253906
scene12_traj1_1__000295,0.048722896724939346,0.0862620621919632,1.087195873260498,0.6504664421081543,1.3604410886764526,48.651458740234375,48.05825424194336,0.048722896724939346,0.0862620621919632,48.555912017822266,48.651458740234375,48.05825424194336,0.040543630719184875,0.06810411810874939,0.6747016906738281,0.6410099267959595,1.0379739999771118,34.13334655761719,36.83343505859375,0.040543630719184875,0.06810411810874939,35.11191177368164,34.13334655761719,36.83343505859375
scene12_traj1_1__000296,0.04878320172429085,0.08614304661750793,1.0862900018692017,0.6515815258026123,1.3594920635223389,48.62912368774414,47.897216796875,0.04878320172429085,0.08614304661750793,48.49600601196289,48.62912368774414,47.897216796875,0.04055483266711235,0.06796840578317642,0.6753618121147156,0.6389241814613342,1.037328839302063,34.0333366394043,36.65631103515625,0.04055483266711235,0.06796840578317642,35.08123779296875,34.0333366394043,36.65631103515625
scene12_traj1_1__000297,0.04873014613986015,0.08657831698656082,1.0886518955230713,0.6513046622276306,1.3607394695281982,48.547454833984375,48.067161560058594,0.04873014613986015,0.08657831698656082,48.53139114379883,48.547454833984375,48.067161560058594,0.04056485369801521,0.0682900995016098,0.6760873794555664,0.6347683668136597,1.0360419750213623,33.982757568359375,36.58037185668945,0.04056485369801521,0.0682900995016098,35.003578186035156,33.982757568359375,36.58037185668945
scene12_traj1_1__000298,0.048792801797389984,0.08684400469064713,1.0909278392791748,0.6548055410385132,1.3655754327774048,48.89635467529297,48.14582824707031,0.048792801797389984,0.08684400469064713,48.75571060180664,48.89635467529297,48.14582824707031,0.040433138608932495,0.06825070828199387,0.6737881898880005,0.6330043077468872,1.0326296091079712,33.848968505859375,36.5691032409668,0.040433138608932495,0.06825070828199387,34.89088439941406,33.848968505859375,36.5691032409668
scene12_traj1_1__000299,0.04865431413054466,0.08685807138681412,1.0883944034576416,0.6539998650550842,1.3625380992889404,48.651329040527344,47.84434509277344,0.04865431413054466,0.08685807138681412,48.606353759765625,48.651329040527344,47.84434509277344,0.04024766758084297,0.06805701553821564,0.6754035353660583,0.6369463801383972,1.037079095840454,34.13483810424805,36.97727584838867,0.04024766758084297,0.06805701553821564,35.06856155395508,34.13483810424805,36.97727584838867
scene12_traj1_1__000300,0.04780153930187225,0.0864870697259903,1.0945637226104736,0.6570906639099121,1.37010657787323,49.10475158691406,48.51887512207031,0.04780153930187225,0.0864870697259903,48.94423294067383,49.10475158691406,48.51887512207031,0.040001995861530304,0.06809636950492859,0.6750231385231018,0.6294685006141663,1.031637191772461,33.86955642700195,36.68511199951172,0.040001995861530304,0.06809636950492859,34.83575439453125,33.86955642700195,36.68511199951172
scene12_traj1_1__000301,0.047782570123672485,0.08666905760765076,1.0974794626235962,0.6599074006080627,1.3735731840133667,49.09688949584961,48.07395553588867,0.047782570123672485,0.08666905760765076,49.07678985595703,49.09688949584961,48.07395553588867,0.039741575717926025,0.06788214296102524,0.6719376444816589,0.6275553703308105,1.0283972024917603,33.82086944580078,36.85027313232422,0.039741575717926025,0.06788214296102524,34.70453643798828,33.82086944580078,36.85027313232422
scene12_traj1_1__000302,0.047663506120443344,0.08656157553195953,1.087658166885376,0.6628757119178772,1.3669267892837524,48.78274154663086,47.92934036254883,0.047663506120443344,0.08656157553195953,48.777870178222656,48.78274154663086,47.92934036254883,0.03973334655165672,0.06802113354206085,0.6784998178482056,0.6281660199165344,1.033892035484314,34.104469299316406,37.05820083618164,0.03973334655165672,0.06802113354206085,34.9405632019043,34.104469299316406,37.05820083618164
scene12_traj1_1__000303,0.048105932772159576,0.08775543421506882,1.1021426916122437,0.6569988131523132,1.3751411437988281,49.22677230834961,48.367835998535156,0.048105932772159576,0.08775543421506882,49.148075103759766,49.22677230834961,48.367835998535156,0.03985457494854927,0.0685255378484726,0.674767792224884,0.6300679445266724,1.0323255062103271,34.01498794555664,37.084346771240234,0.03985457494854927,0.0685255378484726,34.85466766357422,34.01498794555664,37.084346771240234
scene12_traj1_1__000304,0.048597220331430435,0.08815617114305496,1.1016581058502197,0.6574341058731079,1.3748359680175781,49.29536056518555,48.59036636352539,0.048597220331430435,0.08815617114305496,49.1343994140625,49.29536056518555,48.59036636352539,0.04018223285675049,0.0689036175608635,0.6744522452354431,0.6309294104576111,1.0331685543060303,34.0944709777832,37.31924057006836,0.04018223285675049,0.0689036175608635,34.9144401550293,34.0944709777832,37.31924057006836
scene12_traj1_1__000305,0.04861194267868996,0.08803108334541321,1.1040546894073486,0.6530584692955017,1.3746650218963623,49.38315963745117,48.575008392333984,0.04861194267868996,0.08803108334541321,49.14728927612305,49.38315963745117,48.575008392333984,0.04032380133867264,0.06894958764314651,0.6720464825630188,0.6345937848091125,1.0343068838119507,34.146018981933594,37.288536071777344,0.04032380133867264,0.06894958764314651,34.93729782104492,34.146018981933594,37.288536071777344
scene12_traj1_1__000306,0.04833341762423515,0.08733710646629333,1.1065139770507812,0.655316174030304,1.377962589263916,49.52545928955078,48.764163970947266,0.04833341762423515,0.08733710646629333,49.293357849121094,49.52545928955078,48.764163970947266,0.04012469947338104,0.06845398247241974,0.6711798906326294,0.6365687847137451,1.0352222919464111,34.10103988647461,37.06809997558594,0.04012469947338104,0.06845398247241974,34.964908599853516,34.10103988647461,37.06809997558594
scene12_traj1_1__000307,0.048717278987169266,0.08867455273866653,1.1054065227508545,0.6568678617477417,1.3785048723220825,49.56184387207031,48.883155822753906,0.048717278987169266,0.08867455273866653,49.30742645263672,49.56184387207031,48.883155822753906,0.040613286197185516,0.0696779265999794,0.6668813824653625,0.635291576385498,1.0318325757980347,33.99740982055664,37.02534484863281,0.040613286197185516,0.0696779265999794,34.81655502319336,33.99740982055664,37.02534484863281
scene12_traj1_1__000308,0.04881905019283295,0.08862990140914917,1.110489010810852,0.6555520296096802,1.381534218788147,49.73049545288086,48.93684005737305,0.04881905019283295,0.08862990140914917,49.428531646728516,49.73049545288086,48.93684005737305,0.04038998484611511,0.06930874288082123,0.66550213098526,0.6347399950027466,1.0298478603363037,33.88496780395508,36.92158126831055,0.04038998484611511,0.06930874288082123,34.741546630859375,33.88496780395508,36.92158126831055
scene12_traj1_1__000309,0.04861333221197128,0.08854169398546219,1.1090822219848633,0.6583648920059204,1.3824350833892822,49.808311462402344,49.06141662597656,0.04861333221197128,0.08854169398546219,49.46607208251953,49.808311462402344,49.06141662597656,0.04053620621562004,0.06971733272075653,0.6665045022964478,0.6352046132087708,1.0314397811889648,33.98942565917969,37.13986587524414,0.04053620621562004,0.06971733272075653,34.79790496826172,33.98942565917969,37.13986587524414
scene12_traj1_1__000310,0.04817899689078331,0.08826036751270294,1.1109743118286133,0.658743143081665,1.3848711252212524,49.99108123779297,49.10399627685547,0.04817899689078331,0.08826036751270294,49.58854293823242,49.99108123779297,49.10399627685547,0.04024132713675499,0.06949488818645477,0.6664859056472778,0.6383442878723145,1.0333898067474365,34.10332489013672,37.27115249633789,0.04024132713675499,0.06949488818645477,34.878211975097656,34.10332489013672,37.27115249633789
scene12_traj1_1__000311,0.04808848351240158,0.0879344642162323,1.116564393043518,0.652988612651825,1.384365200996399,49.987667083740234,49.00422286987305,0.04808848351240158,0.0879344642162323,49.57957077026367,49.987667083740234,49.00422286987305,0.040108028799295425,0.06912273168563843,0.6633654236793518,0.6336491107940674,1.0279825925827026,33.86970901489258,37.031982421875,0.040108028799295425,0.06912273168563843,34.65106201171875,33.86970901489258,37.031982421875
scene12_traj1_1__000312,0.048094529658555984,0.08793290704488754,1.114656925201416,0.6502005457878113,1.3807343244552612,49.959266662597656,49.17550277709961,0.048094529658555984,0.08793290704488754,49.41476821899414,49.959266662597656,49.17550277709961,0.040195174515247345,0.06928001344203949,0.664974570274353,0.6335639357566833,1.0284595489501953,33.88071060180664,37.18539810180664,0.040195174515247345,0.06928001344203949,34.6858024597168,33.88071060180664,37.18539810180664
scene12_traj1_1__000313,0.048239897936582565,0.0884631872177124,1.1121282577514648,0.6493432521820068,1.3789297342300415,49.828758239746094,48.981231689453125,0.048239897936582565,0.0884631872177124,49.3094596862793,49.828758239746094,48.981231689453125,0.040097154676914215,0.06949083507061005,0.6651041507720947,0.6356227397918701,1.0309722423553467,33.973899841308594,37.414390563964844,0.040097154676914215,0.06949083507061005,34.77394104003906,33.973899841308594,37.414390563964844
scene12_traj1_1__000314,0.048020292073488235,0.08757250010967255,1.1149969100952148,0.6513643860816956,1.3828893899917603,49.87617111206055,48.904151916503906,0.048020292073488235,0.08757250010967255,49.501163482666016,49.87617111206055,48.904151916503906,0.04024582728743553,0.06918845325708389,0.6631416082382202,0.6361114382743835,1.0288681983947754,33.87958526611328,37.18999099731445,0.04024582728743553,0.06918845325708389,34.69791030883789,33.87958526611328,37.18999099731445
scene12_traj1_1__000315,0.04775671288371086,0.0863974392414093,1.1084201335906982,0.6472496390342712,1.375014305114746,49.7242546081543,49.137718200683594,0.04775671288371086,0.0863974392414093,49.175819396972656,49.7242546081543,49.137718200683594,0.03997330740094185,0.06828363239765167,0.6637969613075256,0.6389759182929993,1.0306074619293213,33.93764877319336,37.21345138549805,0.03997330740094185,0.06828363239765167,34.80463790893555,33.93764877319336,37.21345138549805
scene12_traj1_1__000316,0.047426123172044754,0.08560117334127426,1.1037063598632812,0.6499780416488647,1.3724799156188965,49.51667022705078,48.74574661254883,0.047426123172044754,0.08560117334127426,49.03660583496094,49.51667022705078,48.74574661254883,0.03976909816265106,0.06767691671848297,0.6652339100837708,0.6384590864181519,1.0309996604919434,33.91012191772461,37.27995681762695,0.03976909816265106,0.06767691671848297,34.80370330810547,33.91012191772461,37.27995681762695
scene12_traj1_1__000317,0.047078631818294525,0.08458749204874039,1.110607624053955,0.6462600231170654,1.375209927558899,49.70143508911133,48.99964904785156,0.047078631818294525,0.08458749204874039,49.159358978271484,49.70143508911133,48.99964904785156,0.03946789354085922,0.0669596791267395,0.6641470193862915,0.6353667378425598,1.0283960103988647,33.67156982421875,36.9344482421875,0.03946789354085922,0.0669596791267395,34.69207763671875,33.67156982421875,36.9344482421875
scene12_traj1_1__000318,0.04688432440161705,0.08433761447668076,1.1011441946029663,0.6472561359405518,1.3680675029754639,49.35722732543945,48.54513168334961,0.04688432440161705,0.08433761447668076,48.84495544433594,49.35722732543945,48.54513168334961,0.03953550010919571,0.06698880344629288,0.6682312488555908,0.630781888961792,1.0271252393722534,33.636444091796875,36.989017486572266,0.03953550010919571,0.06698880344629288,34.654170989990234,33.636444091796875,36.989017486572266
scene12_traj2_1__000000,0.06411104649305344,0.12290553748607635,1.0178478956222534,0.6768379211425781,1.315871238708496,44.693504333496094,44.650142669677734,0.06411104649305344,0.12290553748607635,46.395809173583984,44.693504333496094,44.650142669677734,0.051199305802583694,0.09419801831245422,0.6800554394721985,0.5828895568847656,0.9997967481613159,33.835201263427734,38.96085739135742,0.051199305802583694,0.09419801831245422,33.502098083496094,33.835201263427734,38.96085739135742
scene12_traj2_1__000001,0.06417153775691986,0.12298176437616348,1.0191189050674438,0.6782668232917786,1.3181719779968262,44.846763610839844,44.97279357910156,0.06417153775691986,0.12298176437616348,46.481719970703125,44.846763610839844,44.97279357910156,0.051339127123355865,0.09423699975013733,0.6752287149429321,0.5860011577606201,0.9973751902580261,33.664249420166016,38.66707992553711,0.051339127123355865,0.09423699975013733,33.41899871826172,33.664249420166016,38.66707992553711
scene12_traj2_1__000002,0.06414679437875748,0.12302805483341217,1.0189450979232788,0.6792756915092468,1.319017767906189,44.79863357543945,44.65467071533203,0.06414679437875748,0.12302805483341217,46.525970458984375,44.79863357543945,44.65467071533203,0.051445964723825455,0.09441991150379181,0.6738041043281555,0.5840851664543152,0.9946900606155396,33.627769470214844,38.76493835449219,0.051445964723825455,0.09441991150379181,33.30788040161133,33.627769470214844,38.76493835449219
scene12_traj2_1__000003,0.06422875076532364,0.12294485419988632,1.0205832719802856,0.6768954396247864,1.3189806938171387,44.86936569213867,44.61616516113281,0.06422875076532364,0.12294485419988632,46.50270462036133,44.86936569213867,44.61616516113281,0.05127706006169319,0.09418709576129913,0.6732054948806763,0.5863829255104065,0.9958202838897705,33.73046112060547,39.01860427856445,0.05127706006169319,0.09418709576129913,33.37498092651367,33.73046112060547,39.01860427856445
scene12_traj2_1__000004,0.06508105248212814,0.12447492778301239,1.019788146018982,0.67780601978302,1.3185889720916748,44.905982971191406,44.86785125732422,0.06508105248212814,0.12447492778301239,46.49327850341797,44.905982971191406,44.86785125732422,0.05193711444735527,0.09534052014350891,0.6720396280288696,0.5864210724830627,0.9950563311576843,33.57647705078125,38.6508903503418,0.05193711444735527,0.09534052014350891,33.33893966674805,33.57647705078125,38.6508903503418
scene12_traj2_1__000005,0.06477035582065582,0.12375106662511826,1.0177582502365112,0.6745737791061401,1.315409779548645,44.79852294921875,44.818756103515625,0.06477035582065582,0.12375106662511826,46.36164474487305,44.79852294921875,44.818756103515625,0.051775719970464706,0.09492076933383942,0.6728833913803101,0.5867021083831787,0.9955587983131409,33.63800811767578,38.640377044677734,0.051775719970464706,0.09492076933383942,33.36562728881836,33.63800811767578,38.640377044677734
scene12_traj2_1__000006,0.06473123282194138,0.1238153725862503,1.0196533203125,0.6751848459243774,1.3165611028671265,44.767818450927734,44.73854064941406,0.06473123282194138,0.1238153725862503,46.40945816040039,44.767818450927734,44.73854064941406,0.05171063542366028,0.09492192417383194,0.6742130517959595,0.5851395130157471,0.9956923723220825,33.69026184082031,38.662166595458984,0.05171063542366028,0.09492192417383194,33.35267639160156,33.69026184082031,38.662166595458984
scene12_traj2_1__000007,0.0648302212357521,0.12413005530834198,1.0179070234298706,0.6784747242927551,1.3177306652069092,45.031410217285156,45.249080657958984,0.0648302212357521,0.12413005530834198,46.44418716430664,45.031410217285156,45.249080657958984,0.05195726454257965,0.09541366249322891,0.675093412399292,0.5861493349075317,0.9974400997161865,33.736785888671875,38.81242752075195,0.05195726454257965,0.09541366249322891,33.43716049194336,33.736785888671875,38.81242752075195
scene12_traj2_1__000008,0.06527803838253021,0.12499433010816574,1.0196752548217773,0.6755191683769226,1.3171755075454712,44.83970642089844,44.837074279785156,0.06527803838253021,0.12499433010816574,46.46734619140625,44.83970642089844,44.837074279785156,0.05213054269552231,0.09584316611289978,0.6765319108963013,0.5881007313728333,1.0001530647277832,33.94615936279297,39.134925842285156,0.05213054269552231,0.09584316611289978,33.53624725341797,33.94615936279297,39.134925842285156
scene12_traj2_1__000009,0.0652092844247818,0.12451593577861786,1.0146104097366333,0.6780307292938232,1.3148497343063354,44.68795394897461,44.58460235595703,0.0652092844247818,0.12451593577861786,46.34250259399414,44.68795394897461,44.58460235595703,0.051918212324380875,0.0952967181801796,0.6795247197151184,0.586146891117096,1.0009300708770752,33.977413177490234,39.14885711669922,0.051918212324380875,0.0952967181801796,33.56041717529297,33.977413177490234,39.14885711669922
scene12_traj2_1__000010,0.06527607142925262,0.12457416206598282,1.0182600021362305,0.677863359451294,1.3170357942581177,44.69469451904297,44.431880950927734,0.06527607142925262,0.12457416206598282,46.42918395996094,44.69469451904297,44.431880950927734,0.0520223006606102,0.09550522267818451,0.6771628260612488,0.5867903828620911,0.9997808337211609,33.92244338989258,39.139156341552734,0.0520223006606102,0.09550522267818451,33.522586822509766,33.92244338989258,39.139156341552734
scene12_traj2_1__000011,0.06547059863805771,0.12499899417161942,1.020575761795044,0.6745887398719788,1.3171920776367188,44.93263626098633,44.93212890625,0.06547059863805771,0.12499899417161942,46.45066833496094,44.93263626098633,44.93212890625,0.052254848182201385,0.09583903849124908,0.6779296398162842,0.5896866917610168,1.003095269203186,34.073055267333984,39.25604248046875,0.052254848182201385,0.09583903849124908,33.652259826660156,34.073055267333984,39.25604248046875
scene12_traj2_1__000012,0.06557289510965347,0.12504622340202332,1.0169140100479126,0.6781654953956604,1.3168702125549316,44.852294921875,44.84767150878906,0.06557289510965347,0.12504622340202332,46.414222717285156,44.852294921875,44.84767150878906,0.05228857696056366,0.09601660817861557,0.677088737487793,0.5851922631263733,0.9979743361473083,33.80213165283203,38.93462371826172,0.05228857696056366,0.09601660817861557,33.45102310180664,33.80213165283203,38.93462371826172
scene12_traj2_1__000013,0.06551596522331238,0.12445221096277237,1.0189530849456787,0.6759974360466003,1.3169578313827515,44.79213333129883,44.59883499145508,0.06551596522331238,0.12445221096277237,46.409324645996094,44.79213333129883,44.59883499145508,0.05219767987728119,0.09530338644981384,0.6758227348327637,0.5840590000152588,0.9962833523750305,33.866817474365234,39.246978759765625,0.05219767987728119,0.09530338644981384,33.372337341308594,33.866817474365234,39.246978759765625
scene12_traj2_1__000014,0.06582307070493698,0.1255342662334442,1.0207643508911133,0.6800311207771301,1.321326732635498,45.12744903564453,45.11406326293945,0.06582307070493698,0.1255342662334442,46.60444641113281,45.12744903564453,45.11406326293945,0.05242856964468956,0.09623309969902039,0.6758893728256226,0.5861340761184692,0.9979305863380432,33.67056655883789,38.46831512451172,0.05242856964468956,0.09623309969902039,33.45931625366211,33.67056655883789,38.46831512451172
scene12_traj2_1__000015,0.06588046252727509,0.125311017036438,1.0133088827133179,0.6744983792304993,1.3109313249588013,44.58829879760742,44.447792053222656,0.06588046252727509,0.125311017036438,46.17424011230469,44.58829879760742,44.447792053222656,0.052552785724401474,0.096146360039711,0.6822206377983093,0.585403323173523,1.0032049417495728,34.064998626708984,39.2602653503418,0.052552785724401474,0.096146360039711,33.64377212524414,34.064998626708984,39.2602653503418
scene12_traj2_1__000016,0.06601890176534653,0.12569764256477356,1.0154621601104736,0.6754860281944275,1.3144069910049438,44.85026550292969,44.87639236450195,0.06601890176534653,0.12569764256477356,46.32962417602539,44.85026550292969,44.87639236450195,0.05258164182305336,0.09643484652042389,0.6796971559524536,0.586753785610199,1.0014841556549072,34.0208625793457,39.09844970703125,0.05258164182305336,0.09643484652042389,33.60557556152344,34.0208625793457,39.09844970703125
scene12_traj2_1__000017,0.06587348133325577,0.1250680387020111,1.014994502067566,0.6746813654899597,1.313073754310608,44.84873580932617,44.88315200805664,0.06587348133325577,0.1250680387020111,46.2550048828125,44.84873580932617,44.88315200805664,0.05244935303926468,0.09586936980485916,0.6804530620574951,0.5874916911125183,1.0024479627609253,34.05374526977539,39.22037887573242,0.05244935303926468,0.09586936980485916,33.633052825927734,34.05374526977539,39.22037887573242
scene12_traj2_1__000018,0.06680723279714584,0.12694822251796722,1.0152305364608765,0.677035391330719,1.314492106437683,44.77654266357422,44.51310729980469,0.06680723279714584,0.12694822251796722,46.32760238647461,44.77654266357422,44.51310729980469,0.05312088876962662,0.0973334014415741,0.681321918964386,0.5855154395103455,1.0027637481689453,34.09635925292969,39.22774124145508,0.05312088876962662,0.0973334014415741,33.637855529785156,34.09635925292969,39.22774124145508
scene12_traj2_1__000019,0.0664062649011612,0.12624600529670715,1.018066644668579,0.6717532873153687,1.3129302263259888,44.778011322021484,44.7133674621582,0.0664062649011612,0.12624600529670715,46.2609748840332,44.778011322021484,44.7133674621582,0.05302722752094269,0.09690211713314056,0.680690586566925,0.584778368473053,1.0015789270401,34.01181411743164,39.09999084472656,0.05302722752094269,0.09690211713314056,33.59435272216797,34.01181411743164,39.09999084472656
scene12_traj2_1__000020,0.06603894382715225,0.1256466656923294,1.0137526988983154,0.6758367419242859,1.3130394220352173,44.67101287841797,44.64247512817383,0.06603894382715225,0.1256466656923294,46.26026916503906,44.67101287841797,44.64247512817383,0.05276582017540932,0.09659520536661148,0.6794359683990479,0.5869873762130737,1.00215744972229,34.02939224243164,38.958614349365234,0.05276582017540932,0.09659520536661148,33.614933013916016,34.02939224243164,38.958614349365234
scene12_traj2_1__000021,0.06612402200698853,0.12542596459388733,1.0195701122283936,0.6765848398208618,1.3176337480545044,44.90119171142578,44.76163101196289,0.06612402200698853,0.12542596459388733,46.48262023925781,44.90119171142578,44.76163101196289,0.05287274345755577,0.09638884663581848,0.6801884174346924,0.5851907730102539,1.0020447969436646,34.00324249267578,38.82284927368164,0.05287274345755577,0.09638884663581848,33.601898193359375,34.00324249267578,38.82284927368164
scene12_traj2_1__000022,0.06626176089048386,0.12605851888656616,1.0157700777053833,0.6771462559700012,1.3161098957061768,44.817054748535156,44.592498779296875,0.06626176089048386,0.12605851888656616,46.388160705566406,44.817054748535156,44.592498779296875,0.05296080932021141,0.0969391018152237,0.6788687705993652,0.5873875021934509,1.0014488697052002,34.086265563964844,39.21936798095703,0.05296080932021141,0.0969391018152237,33.58531951904297,34.086265563964844,39.21936798095703
scene12_traj2_1__000023,0.06607165932655334,0.12574322521686554,1.0179864168167114,0.6773070693016052,1.3170424699783325,44.78410720825195,44.463356018066406,0.06607165932655334,0.12574322521686554,46.448265075683594,44.78410720825195,44.463356018066406,0.052811019122600555,0.09653933346271515,0.6794217228889465,0.586999237537384,1.003161072731018,34.124176025390625,39.19247055053711,0.052811019122600555,0.09653933346271515,33.637351989746094,34.124176025390625,39.19247055053711
scene12_traj2_1__000024,0.06587615609169006,0.12490008771419525,1.0175987482070923,0.6784860491752625,1.3178220987319946,44.839839935302734,44.641143798828125,0.06587615609169006,0.12490008771419525,46.459049224853516,44.839839935302734,44.641143798828125,0.05270766094326973,0.09597009420394897,0.6766976714134216,0.5870622396469116,0.9996008276939392,34.010589599609375,39.14722442626953,0.05270766094326973,0.09597009420394897,33.51712417602539,34.010589599609375,39.14722442626953
scene12_traj2_1__000025,0.06608393043279648,0.1256711483001709,1.0186631679534912,0.676199734210968,1.317238211631775,44.99698257446289,44.95282745361328,0.06608393043279648,0.1256711483001709,46.44901657104492,44.99698257446289,44.95282745361328,0.052800025790929794,0.09664571285247803,0.6786354184150696,0.5864025354385376,1.0010693073272705,34.021263122558594,39.17713165283203,0.052800025790929794,0.09664571285247803,33.56767654418945,34.021263122558594,39.17713165283203
scene12_traj2_1__000026,0.0660080835223198,0.1258115917444229,1.0185718536376953,0.6779149770736694,1.3180571794509888,44.92559814453125,44.767478942871094,0.0660080835223198,0.1258115917444229,46.47697448730469,44.92559814453125,44.767478942871094,0.05278679355978966,0.09662000089883804,0.6799635291099548,0.5882645845413208,1.0037862062454224,34.213905334472656,39.29246520996094,0.05278679355978966,0.09662000089883804,33.67578887939453,34.213905334472656,39.29246520996094
scene12_traj2_1__000027,0.06573406606912613,0.12481191009283066,1.0161917209625244,0.6780679821968079,1.3163862228393555,44.86064147949219,44.778892517089844,0.06573406606912613,0.12481191009283066,46.4028205871582,44.86064147949219,44.778892517089844,0.05240701138973236,0.09572312980890274,0.6781494617462158,0.5879731178283691,1.001617193222046,34.03630828857422,39.125518798828125,0.05240701138973236,0.09572312980890274,33.59658432006836,34.03630828857422,39.125518798828125
scene12_traj2_1__000028,0.0655844584107399,0.12476032227277756,1.0176568031311035,0.6810198426246643,1.3195412158966064,45.042091369628906,45.15221405029297,0.0655844584107399,0.12476032227277756,46.53651809692383,45.042091369628906,45.15221405029297,0.05236668139696121,0.09576402604579926,0.6773898601531982,0.586294412612915,0.999738872051239,33.85748291015625,38.78313446044922,0.05236668139696121,0.09576402604579926,33.514122009277344,33.85748291015625,38.78313446044922
scene12_traj2_1__000029,0.0657537505030632,0.12483353912830353,1.0140269994735718,0.6821721196174622,1.317646861076355,44.86307144165039,44.706790924072266,0.0657537505030632,0.12483353912830353,46.44033432006836,44.86307144165039,44.706790924072266,0.05243855342268944,0.09562907367944717,0.6754117012023926,0.587043285369873,0.998283863067627,33.83367156982422,38.798736572265625,0.05243855342268944,0.09562907367944717,33.472618103027344,33.83367156982422,38.798736572265625
scene12_traj2_1__000030,0.06524299085140228,0.12394902855157852,1.0207549333572388,0.6834930777549744,1.3243985176086426,45.267330169677734,45.23628616333008,0.06524299085140228,0.12394902855157852,46.7356071472168,45.267330169677734,45.23628616333008,0.05209175497293472,0.09518769383430481,0.6733860373497009,0.5885559320449829,0.9982901811599731,33.80353927612305,38.88290786743164,0.05209175497293472,0.09518769383430481,33.47411346435547,33.80353927612305,38.88290786743164
scene12_traj2_1__000031,0.06564687192440033,0.12493878602981567,1.0166667699813843,0.6824079155921936,1.3202691078186035,44.996524810791016,44.886173248291016,0.06564687192440033,0.12493878602981567,46.5632209777832,44.996524810791016,44.886173248291016,0.052453041076660156,0.09603997319936752,0.6761044859886169,0.5887371301651001,0.9999431371688843,33.92707443237305,38.97701644897461,0.052453041076660156,0.09603997319936752,33.52670669555664,33.92707443237305,38.97701644897461
scene12_traj2_1__000032,0.0658973976969719,0.12531182169914246,1.0175288915634155,0.6825682520866394,1.3203656673431396,44.86511993408203,44.600830078125,0.0658973976969719,0.12531182169914246,46.56593704223633,44.86511993408203,44.600830078125,0.05257705599069595,0.09616416692733765,0.6768186688423157,0.5873939394950867,1.0004328489303589,33.859249114990234,38.79558563232422,0.05257705599069595,0.09616416692733765,33.559505462646484,33.859249114990234,38.79558563232422
scene12_traj2_1__000033,0.06594354659318924,0.12488175928592682,1.0197573900222778,0.6821410059928894,1.3223001956939697,45.02268600463867,44.79671859741211,0.06594354659318924,0.12488175928592682,46.64385986328125,45.02268600463867,44.79671859741211,0.05261951684951782,0.09583102911710739,0.6785461902618408,0.5856699347496033,1.0011582374572754,33.9990348815918,39.03759002685547,0.05261951684951782,0.09583102911710739,33.5617790222168,33.9990348815918,39.03759002685547
scene12_traj2_1__000034,0.0655396357178688,0.12458007782697678,1.018455982208252,0.6819964051246643,1.3210774660110474,45.053428649902344,44.87937545776367,0.0655396357178688,0.12458007782697678,46.62738800048828,45.053428649902344,44.87937545776367,0.05246107280254364,0.0957893431186676,0.6759408712387085,0.5891371965408325,1.0009629726409912,33.91541290283203,38.85190963745117,0.05246107280254364,0.0957893431186676,33.56950378417969,33.91541290283203,38.85190963745117
scene12_traj2_1__000035,0.06605789065361023,0.12538862228393555,1.0195468664169312,0.6831473112106323,1.3224501609802246,45.145530700683594,45.06031036376953,0.06605789065361023,0.12538862228393555,46.65947723388672,45.145530700683594,45.06031036376953,0.05285685136914253,0.09643321484327316,0.673802375793457,0.5861293077468872,0.9969090223312378,33.77137756347656,38.78376770019531,0.05285685136914253,0.09643321484327316,33.42092514038086,33.77137756347656,38.78376770019531
scene12_traj2_1__000036,0.06589257717132568,0.12477891147136688,1.0194364786148071,0.6824342012405396,1.3219902515411377,45.10049819946289,45.00257110595703,0.06589257717132568,0.12477891147136688,46.654083251953125,45.10049819946289,45.00257110595703,0.05274111405014992,0.09604254364967346,0.6791642904281616,0.5856470465660095,1.0007930994033813,34.02120590209961,38.926326751708984,0.05274111405014992,0.09604254364967346,33.564754486083984,34.02120590209961,38.926326751708984
scene12_traj2_1__000037,0.06605668365955353,0.12511105835437775,1.0186219215393066,0.6800448298454285,1.3199498653411865,45.08317947387695,45.07239532470703,0.06605668365955353,0.12511105835437775,46.568477630615234,45.08317947387695,45.07239532470703,0.052728090435266495,0.0961240604519844,0.6776518225669861,0.5872913599014282,1.0013079643249512,34.005104064941406,38.92953109741211,0.052728090435266495,0.0961240604519844,33.58271789550781,34.005104064941406,38.92953109741211
scene12_traj2_1__000038,0.06753253936767578,0.12788455188274384,1.0139176845550537,0.6747061014175415,1.3125050067901611,44.73887634277344,44.70402908325195,0.06753253936767578,0.12788455188274384,46.24050521850586,44.73887634277344,44.70402908325195,0.05400090292096138,0.09876135736703873,0.6868029236793518,0.5846652984619141,1.0066684484481812,34.354270935058594,39.31605529785156,0.05400090292096138,0.09876135736703873,33.7908935546875,34.354270935058594,39.31605529785156
scene12_traj2_1__000039,0.06782028079032898,0.12771600484848022,1.018466830253601,0.6732160449028015,1.3158423900604248,44.856502532958984,44.66987609863281,0.06782028079032898,0.12771600484848022,46.429962158203125,44.856502532958984,44.66987609863281,0.054014310240745544,0.098390132188797,0.6832517981529236,0.5904368162155151,1.0089476108551025,34.4421501159668,39.261322021484375,0.054014310240745544,0.098390132188797,33.87606430053711,34.4421501159668,39.261322021484375
scene12_traj2_1__000040,0.0680517703294754,0.12798234820365906,1.0147122144699097,0.6777300834655762,1.3154155015945435,44.902503967285156,44.863922119140625,0.0680517703294754,0.12798234820365906,46.38438034057617,44.902503967285156,44.863922119140625,0.05423109605908394,0.09885773062705994,0.6848933696746826,0.5924608111381531,1.0112913846969604,34.53792953491211,39.282997131347656,0.05423109605908394,0.09885773062705994,33.975215911865234,34.53792953491211,39.282997131347656
scene12_traj2_1__000041,0.06850195676088333,0.1289552003145218,1.0182453393936157,0.6738988757133484,1.3152611255645752,45.00324630737305,45.177494049072266,0.06850195676088333,0.1289552003145218,46.41843795776367,45.00324630737305,45.177494049072266,0.05446869507431984,0.09953148663043976,0.687980592250824,0.5875644683837891,1.0111308097839355,34.554664611816406,39.22585678100586,0.05446869507431984,0.09953148663043976,33.9414176940918,34.554664611816406,39.22585678100586
scene12_traj2_1__000042,0.06910360604524612,0.1301575005054474,1.02107572555542,0.6730999946594238,1.3174549341201782,44.998050689697266,44.93428421020508,0.06910360604524612,0.1301575005054474,46.49988555908203,44.998050689697266,44.93428421020508,0.054895490407943726,0.10057101398706436,0.6862854361534119,0.5912404656410217,1.0117483139038086,34.614524841308594,39.34794235229492,0.054895490407943726,0.10057101398706436,33.995906829833984,34.614524841308594,39.34794235229492
scene12_traj2_1__000043,0.06877203285694122,0.12924769520759583,1.02052903175354,0.6819192171096802,1.3234153985977173,45.18647766113281,45.14093780517578,0.06877203285694122,0.12924769520759583,46.73835754394531,45.18647766113281,45.14093780517578,0.05457855761051178,0.09970741719007492,0.6813733577728271,0.5901493430137634,1.0079679489135742,34.368446350097656,38.87642288208008,0.05457855761051178,0.09970741719007492,33.811859130859375,34.368446350097656,38.87642288208008
scene12_traj2_1__000044,0.069428451359272,0.13020864129066467,1.0198570489883423,0.6780735850334167,1.3202942609786987,45.1054801940918,44.97842788696289,0.069428451359272,0.13020864129066467,46.606590270996094,45.1054801940918,44.97842788696289,0.05517171695828438,0.10069623589515686,0.686344563961029,0.5886690020561218,1.0105576515197754,34.524173736572266,39.044036865234375,0.05517171695828438,0.10069623589515686,33.92251205444336,34.524173736572266,39.044036865234375
scene12_traj2_1__000045,0.06971871107816696,0.13119211792945862,1.0157467126846313,0.6770781874656677,1.3159583806991577,44.87025833129883,44.70758056640625,0.06971871107816696,0.13119211792945862,46.40460968017578,44.87025833129883,44.70758056640625,0.05553150549530983,0.10165651887655258,0.6860690116882324,0.5897350907325745,1.0113469362258911,34.630035400390625,39.283145904541016,0.05553150549530983,0.10165651887655258,33.9620475769043,34.630035400390625,39.283145904541016
scene12_traj2_1__000046,0.06949181109666824,0.13072839379310608,1.0186529159545898,0.6745685338973999,1.316637635231018,45.05610656738281,45.11042785644531,0.06949181109666824,0.13072839379310608,46.44151306152344,45.05610656738281,45.11042785644531,0.055359095335006714,0.10111601650714874,0.6873767375946045,0.5902122855186462,1.0123686790466309,34.5861701965332,39.16177749633789,0.055359095335006714,0.10111601650714874,33.996646881103516,34.5861701965332,39.16177749633789
scene12_traj2_1__000047,0.07011907547712326,0.13141126930713654,1.019187092781067,0.6798165440559387,1.3217580318450928,45.37017059326172,45.652957916259766,0.07011907547712326,0.13141126930713654,46.64812469482422,45.37017059326172,45.652957916259766,0.05581652373075485,0.10195121169090271,0.6847008466720581,0.5900478959083557,1.010258436203003,34.50121307373047,39.00680160522461,0.05581652373075485,0.10195121169090271,33.91728973388672,34.50121307373047,39.00680160522461
scene12_traj2_1__000048,0.07015962898731232,0.13174599409103394,1.0183998346328735,0.678581714630127,1.319664478302002,45.194664001464844,45.30223846435547,0.07015962898731232,0.13174599409103394,46.59176254272461,45.194664001464844,45.30223846435547,0.055884797126054764,0.10229696333408356,0.6928956508636475,0.5886833667755127,1.0167522430419922,34.80474853515625,39.32876205444336,0.055884797126054764,0.10229696333408356,34.16694259643555,34.80474853515625,39.32876205444336
scene12_traj2_1__000049,0.07008374482393265,0.13193026185035706,1.020044207572937,0.6799678802490234,1.3219393491744995,45.36982345581055,45.51304244995117,0.07008374482393265,0.13193026185035706,46.642852783203125,45.36982345581055,45.51304244995117,0.05586763098835945,0.10242496430873871,0.6877471804618835,0.5908284783363342,1.0136479139328003,34.650238037109375,39.133575439453125,0.05586763098835945,0.10242496430873871,34.060787200927734,34.650238037109375,39.133575439453125
scene12_traj2_1__000050,0.0703008621931076,0.1317797601222992,1.015820860862732,0.6794894337654114,1.3183616399765015,45.06913757324219,45.09748840332031,0.0703008621931076,0.1317797601222992,46.49356460571289,45.06913757324219,45.09748840332031,0.05592793971300125,0.10226946324110031,0.6873025298118591,0.5930585861206055,1.0149155855178833,34.76853561401367,39.27075958251953,0.05592793971300125,0.10226946324110031,34.117576599121094,34.76853561401367,39.27075958251953
scene12_traj2_1__000051,0.07015358656644821,0.1310761421918869,1.0221160650253296,0.6770386099815369,1.3218443393707275,45.36056137084961,45.395973205566406,0.07015358656644821,0.1310761421918869,46.68467330932617,45.36056137084961,45.395973205566406,0.055810555815696716,0.10172371566295624,0.6898335814476013,0.5923888087272644,1.0164449214935303,34.842899322509766,39.31726837158203,0.055810555815696716,0.10172371566295624,34.15156555175781,34.842899322509766,39.31726837158203
scene12_traj2_1__000052,0.070297971367836,0.13156573474407196,1.0186058282852173,0.6739506721496582,1.3164165019989014,44.999176025390625,44.97056198120117,0.070297971367836,0.13156573474407196,46.4317741394043,44.999176025390625,44.97056198120117,0.05579999461770058,0.10193680226802826,0.6884525418281555,0.5926262140274048,1.015246033668518,34.756248474121094,39.294185638427734,0.05579999461770058,0.10193680226802826,34.121253967285156,34.756248474121094,39.294185638427734
scene12_traj2_1__000053,0.07077683508396149,0.13274499773979187,1.020188331604004,0.675987958908081,1.318941593170166,45.274349212646484,45.339683532714844,0.07077683508396149,0.13274499773979187,46.55796813964844,45.274349212646484,45.339683532714844,0.05620064586400986,0.10303935408592224,0.6880303025245667,0.59135901927948,1.0139967203140259,34.73114776611328,39.19637680053711,0.05620064586400986,0.10303935408592224,34.063720703125,34.73114776611328,39.19637680053711
scene12_traj2_1__000054,0.0705319344997406,0.13213738799095154,1.019660472869873,0.6788695454597473,1.321048617362976,45.41570281982422,45.514373779296875,0.0705319344997406,0.13213738799095154,46.65256118774414,45.41570281982422,45.514373779296875,0.05614609643816948,0.10272876173257828,0.6880192160606384,0.592775285243988,1.015596628189087,34.713287353515625,39.06019592285156,0.05614609643816948,0.10272876173257828,34.12923049926758,34.713287353515625,39.06019592285156
scene12_traj2_1__000055,0.07093162089586258,0.1325168013572693,1.0221681594848633,0.6753197312355042,1.3205803632736206,45.167205810546875,45.057376861572266,0.07093162089586258,0.1325168013572693,46.64014434814453,45.167205810546875,45.057376861572266,0.05619785934686661,0.1027744859457016,0.689015805721283,0.5945830941200256,1.017626404762268,34.9526252746582,39.33927917480469,0.05619785934686661,0.1027744859457016,34.199729919433594,34.9526252746582,39.33927917480469
scene12_traj2_1__000056,0.07081758230924606,0.1326713114976883,1.0189539194107056,0.6798879504203796,1.3210170269012451,45.38182830810547,45.479209899902344,0.07081758230924606,0.1326713114976883,46.646419525146484,45.38182830810547,45.479209899902344,0.05637814849615097,0.10323071479797363,0.6873992681503296,0.5919656753540039,1.0146170854568481,34.776309967041016,39.14974594116211,0.05637814849615097,0.10323071479797363,34.10276412963867,34.776309967041016,39.14974594116211
scene12_traj2_1__000057,0.07077344506978989,0.13261231780052185,1.020004153251648,0.6799054145812988,1.3222178220748901,45.37969207763672,45.48859405517578,0.07077344506978989,0.13261231780052185,46.68413162231445,45.37969207763672,45.48859405517578,0.056504566222429276,0.10344751924276352,0.6873515844345093,0.5895686149597168,1.0121433734893799,34.69440460205078,39.07451248168945,0.056504566222429276,0.10344751924276352,33.99477767944336,34.69440460205078,39.07451248168945
scene12_traj2_1__000058,0.07063736766576767,0.13228163123130798,1.0197999477386475,0.6808768510818481,1.3228747844696045,45.401451110839844,45.56855010986328,0.07063736766576767,0.13228163123130798,46.74076843261719,45.401451110839844,45.56855010986328,0.056242991238832474,0.10292278230190277,0.6898249983787537,0.5937644839286804,1.0171252489089966,34.86344528198242,39.14540481567383,0.056242991238832474,0.10292278230190277,34.18390655517578,34.86344528198242,39.14540481567383
scene12_traj2_1__000059,0.07126274704933167,0.13321346044540405,1.024590015411377,0.676612138748169,1.323704481124878,45.456722259521484,45.55064010620117,0.07126274704933167,0.13321346044540405,46.76055145263672,45.456722259521484,45.55064010620117,0.05673547461628914,0.1038741022348404,0.6857671737670898,0.5927962064743042,1.0139871835708618,34.63307571411133,38.86054992675781,0.05673547461628914,0.1038741022348404,34.040775299072266,34.63307571411133,38.86054992675781
scene12_traj2_1__000060,0.0708148330450058,0.13273847103118896,1.0221689939498901,0.6746764779090881,1.320171594619751,45.27105712890625,45.34965515136719,0.0708148330450058,0.13273847103118896,46.611751556396484,45.27105712890625,45.34965515136719,0.056430552154779434,0.10343930870294571,0.6895042061805725,0.5927057862281799,1.0171102285385132,34.92107009887695,39.21430969238281,0.056430552154779434,0.10343930870294571,34.193363189697266,34.92107009887695,39.21430969238281
scene12_traj2_1__000061,0.0708317756652832,0.13259722292423248,1.0228732824325562,0.6746085286140442,1.3211898803710938,45.297306060791016,45.32099914550781,0.0708317756652832,0.13259722292423248,46.659637451171875,45.297306060791016,45.32099914550781,0.05632801726460457,0.10300932079553604,0.6887578964233398,0.5949951410293579,1.017993688583374,34.88996505737305,39.091835021972656,0.05632801726460457,0.10300932079553604,34.227779388427734,34.88996505737305,39.091835021972656
scene12_traj2_1__000062,0.07088378816843033,0.13296279311180115,1.023972511291504,0.676365077495575,1.3236534595489502,45.4109001159668,45.47697067260742,0.07088378816843033,0.13296279311180115,46.767879486083984,45.4109001159668,45.47697067260742,0.056312620639801025,0.1031484380364418,0.6861838698387146,0.5934732556343079,1.0150405168533325,34.85972213745117,39.224205017089844,0.056312620639801025,0.1031484380364418,34.101192474365234,34.85972213745117,39.224205017089844
scene12_traj2_1__000063,0.0704440027475357,0.13163824379444122,1.0226432085037231,0.6784706115722656,1.3230546712875366,45.46120834350586,45.620059967041016,0.0704440027475357,0.13163824379444122,46.71985626220703,45.46120834350586,45.620059967041016,0.05600724741816521,0.10232065618038177,0.6867656707763672,0.5907896757125854,1.0122861862182617,34.5928840637207,38.74614334106445,0.05600724741816521,0.10232065618038177,34.014976501464844,34.5928840637207,38.74614334106445
scene12_traj2_1__000064,0.06968244165182114,0.13034507632255554,1.0224608182907104,0.677229642868042,1.3217318058013916,45.314674377441406,45.488407135009766,0.06968244165182114,0.13034507632255554,46.679264068603516,45.314674377441406,45.488407135009766,0.055162567645311356,0.10065170377492905,0.6862120032310486,0.5911435484886169,1.0124026536941528,34.601051330566406,38.82547378540039,0.055162567645311356,0.10065170377492905,34.007347106933594,34.601051330566406,38.82547378540039
scene12_traj2_1__000065,0.06844629347324371,0.12830990552902222,1.0206314325332642,0.6808182597160339,1.322278618812561,45.17392349243164,45.27464294433594,0.06844629347324371,0.12830990552902222,46.680850982666016,45.17392349243164,45.27464294433594,0.05423041060566902,0.09877738356590271,0.6845048666000366,0.594109833240509,1.0122358798980713,34.58050537109375,38.83091735839844,0.05423041060566902,0.09877738356590271,34.025386810302734,34.58050537109375,38.83091735839844
scene12_traj2_1__000066,0.06858275830745697,0.12840357422828674,1.025536060333252,0.6829747557640076,1.3279393911361694,45.40599060058594,45.23991012573242,0.06858275830745697,0.12840357422828674,46.9001579284668,45.40599060058594,45.23991012573242,0.05427883565425873,0.0989496260881424,0.6799123287200928,0.5924670100212097,1.0082881450653076,34.45281982421875,38.8731575012207,0.05427883565425873,0.0989496260881424,33.856956481933594,34.45281982421875,38.8731575012207
scene12_traj2_1__000067,0.06863521039485931,0.1283896267414093,1.0260363817214966,0.6800953149795532,1.326238989830017,45.38249206542969,45.3511962890625,0.06863521039485931,0.1283896267414093,46.83724594116211,45.38249206542969,45.3511962890625,0.054234579205513,0.09855032712221146,0.6827995181083679,0.5921059846878052,1.0102343559265137,34.58208465576172,38.944068908691406,0.054234579205513,0.09855032712221146,33.94062423706055,34.58208465576172,38.944068908691406
scene12_traj2_1__000068,0.06856506317853928,0.12853194773197174,1.0314416885375977,0.6764834523200989,1.3283758163452148,45.54157638549805,45.61473846435547,0.06856506317853928,0.12853194773197174,46.94538879394531,45.54157638549805,45.61473846435547,0.05439247190952301,0.09891433268785477,0.682063102722168,0.5902007818222046,1.0076192617416382,34.44807815551758,38.834449768066406,0.05439247190952301,0.09891433268785477,33.83476638793945,34.44807815551758,38.834449768066406
scene12_traj2_1__000069,0.0681319609284401,0.12806566059589386,1.0247935056686401,0.6809244155883789,1.3259371519088745,45.3907585144043,45.330238342285156,0.0681319609284401,0.12806566059589386,46.8388557434082,45.3907585144043,45.330238342285156,0.05416546016931534,0.09877616912126541,0.6826045513153076,0.594157338142395,1.0106303691864014,34.47116470336914,38.866363525390625,0.05416546016931534,0.09877616912126541,33.95904541015625,34.47116470336914,38.866363525390625
scene12_traj2_1__000070,0.06810539960861206,0.12742334604263306,1.0299729108810425,0.6805458664894104,1.3298280239105225,45.59990692138672,45.660518646240234,0.06810539960861206,0.12742334604263306,47.014732360839844,45.59990692138672,45.660518646240234,0.05398644134402275,0.09820156544446945,0.6792740225791931,0.5935894250869751,1.008177638053894,34.48374557495117,38.879878997802734,0.05398644134402275,0.09820156544446945,33.867679595947266,34.48374557495117,38.879878997802734
scene12_traj2_1__000071,0.06802374124526978,0.12751007080078125,1.0253392457962036,0.6801722645759583,1.326137900352478,45.4929084777832,45.56379699707031,0.06802374124526978,0.12751007080078125,46.847293853759766,45.4929084777832,45.56379699707031,0.05391395092010498,0.0983148142695427,0.6812282800674438,0.593029260635376,1.0082393884658813,34.41783142089844,38.92508316040039,0.05391395092010498,0.0983148142695427,33.86235427856445,34.41783142089844,38.92508316040039
scene12_traj2_1__000072,0.06811819970607758,0.12798543274402618,1.0278373956680298,0.6811125874519348,1.3288339376449585,45.555419921875,45.535072326660156,0.06811819970607758,0.12798543274402618,46.950618743896484,45.555419921875,45.535072326660156,0.05400901287794113,0.09845557063817978,0.680619478225708,0.5940213203430176,1.009106993675232,34.43075942993164,38.866844177246094,0.05400901287794113,0.09845557063817978,33.887691497802734,34.43075942993164,38.866844177246094
scene12_traj2_1__000073,0.06665728986263275,0.12525370717048645,1.0248628854751587,0.6800306439399719,1.3248486518859863,45.22964859008789,45.12139129638672,0.06665728986263275,0.12525370717048645,46.79225158691406,45.22964859008789,45.12139129638672,0.052908822894096375,0.0961422324180603,0.6810522079467773,0.5934643745422363,1.0083104372024536,34.48891830444336,39.19384002685547,0.052908822894096375,0.0961422324180603,33.87153244018555,34.48891830444336,39.19384002685547
scene12_traj2_1__000074,0.06635978072881699,0.12518881261348724,1.0263829231262207,0.6777234673500061,1.3252195119857788,45.31941604614258,45.41978073120117,0.06635978072881699,0.12518881261348724,46.836463928222656,45.31941604614258,45.41978073120117,0.052893806248903275,0.09646095335483551,0.6767573356628418,0.592555582523346,1.0035761594772339,34.241451263427734,38.95452117919922,0.052893806248903275,0.09646095335483551,33.69082260131836,34.241451263427734,38.95452117919922
scene12_traj2_1__000075,0.0658111721277237,0.12405183911323547,1.0242127180099487,0.6842469573020935,1.3271076679229736,45.316162109375,45.33387756347656,0.0658111721277237,0.12405183911323547,46.91788101196289,45.316162109375,45.33387756347656,0.05245333909988403,0.09552078694105148,0.6787379384040833,0.5919346809387207,1.0045109987258911,34.34862518310547,39.046844482421875,0.05245333909988403,0.09552078694105148,33.73936462402344,34.34862518310547,39.046844482421875
scene12_traj2_1__000076,0.0663389340043068,0.1251443475484848,1.024645209312439,0.6822679042816162,1.326414942741394,45.38189697265625,45.44669723510742,0.0663389340043068,0.1251443475484848,46.88608169555664,45.38189697265625,45.44669723510742,0.05277392268180847,0.09621260315179825,0.676987886428833,0.5920758843421936,1.0033576488494873,34.227874755859375,38.91510772705078,0.05277392268180847,0.09621260315179825,33.692256927490234,34.227874755859375,38.91510772705078
scene12_traj2_1__000077,0.0656486377120018,0.12401436269283295,1.0252268314361572,0.6814157962799072,1.3263858556747437,45.359901428222656,45.53947448730469,0.0656486377120018,0.12401436269283295,46.87022018432617,45.359901428222656,45.53947448730469,0.05226701870560646,0.09526228904724121,0.6756677627563477,0.591640293598175,1.0017677545547485,34.19660186767578,39.013458251953125,0.05226701870560646,0.09526228904724121,33.630104064941406,34.19660186767578,39.013458251953125
scene12_traj2_1__000078,0.06600974500179291,0.12485300749540329,1.0244346857070923,0.686474621295929,1.3294683694839478,45.42985534667969,45.28144073486328,0.06600974500179291,0.12485300749540329,46.98672866821289,45.42985534667969,45.28144073486328,0.05238553136587143,0.09584888070821762,0.6769662499427795,0.5928122997283936,1.0040004253387451,34.27625274658203,39.08849334716797,0.05238553136587143,0.09584888070821762,33.720191955566406,34.27625274658203,39.08849334716797
scene12_traj2_1__000079,0.06572142988443375,0.12456154823303223,1.0254154205322266,0.6779087781906128,1.3237996101379395,45.127323150634766,45.00342559814453,0.06572142988443375,0.12456154823303223,46.75844955444336,45.127323150634766,45.00342559814453,0.05219732224941254,0.09558331221342087,0.6781864762306213,0.5921151041984558,1.004409670829773,34.341651916503906,39.211002349853516,0.05219732224941254,0.09558331221342087,33.740692138671875,34.341651916503906,39.211002349853516
scene12_traj2_1__000080,0.06428858637809753,0.12219797074794769,1.0287455320358276,0.6834285259246826,1.3306196928024292,45.41025161743164,45.35232925415039,0.06428858637809753,0.12219797074794769,47.043304443359375,45.41025161743164,45.35232925415039,0.051141053438186646,0.09377163648605347,0.6728547215461731,0.5940195918083191,1.0013290643692017,34.020809173583984,38.974876403808594,0.051141053438186646,0.09377163648605347,33.606876373291016,34.020809173583984,38.974876403808594
scene12_traj2_1__000081,0.06432218104600906,0.12265735864639282,1.0304951667785645,0.6780972480773926,1.3281445503234863,45.258758544921875,45.197265625,0.06432218104600906,0.12265735864639282,46.955421447753906,45.258758544921875,45.197265625,0.05120864138007164,0.09407740831375122,0.6740325093269348,0.5919584631919861,1.0003572702407837,34.06991958618164,39.06626892089844,0.05120864138007164,0.09407740831375122,33.56927490234375,34.06991958618164,39.06626892089844
scene12_traj2_1__000082,0.06350865960121155,0.12164878845214844,1.0317695140838623,0.6804190278053284,1.3308485746383667,45.29009246826172,45.042755126953125,0.06350865960121155,0.12164878845214844,47.062049865722656,45.29009246826172,45.042755126953125,0.050823867321014404,0.09345218539237976,0.672478437423706,0.5909534692764282,0.9977033138275146,33.92387390136719,39.023223876953125,0.050823867321014404,0.09345218539237976,33.47733688354492,33.92387390136719,39.023223876953125
scene12_traj2_1__000083,0.06332296133041382,0.12186787277460098,1.0304763317108154,0.6799845099449158,1.32920241355896,45.27206039428711,45.1146240234375,0.06332296133041382,0.12186787277460098,46.99687576293945,45.27206039428711,45.1146240234375,0.05046853795647621,0.09337199479341507,0.6691542267799377,0.5914498567581177,0.9950458407402039,33.793216705322266,38.94076919555664,0.05046853795647621,0.09337199479341507,33.378604888916016,33.793216705322266,38.94076919555664
scene12_traj2_1__000084,0.06324507296085358,0.12165658175945282,1.0277043581008911,0.681333601474762,1.3280681371688843,45.18596267700195,44.92855453491211,0.06324507296085358,0.12165658175945282,46.94861602783203,45.18596267700195,44.92855453491211,0.05037771910429001,0.09304390102624893,0.6691547632217407,0.5937649607658386,0.9971394538879395,33.67451477050781,38.70842742919922,0.05037771910429001,0.09304390102624893,33.449981689453125,33.67451477050781,38.70842742919922
scene12_traj2_1__000085,0.06337277591228485,0.12194898724555969,1.0290610790252686,0.6856930255889893,1.3317958116531372,45.37033462524414,45.24081802368164,0.06337277591228485,0.12194898724555969,47.10432434082031,45.37033462524414,45.24081802368164,0.050602030009031296,0.09358248859643936,0.6684154868125916,0.590743899345398,0.9941838383674622,33.59951400756836,38.61613845825195,0.050602030009031296,0.09358248859643936,33.335269927978516,33.59951400756836,38.61613845825195
scene12_traj2_1__000086,0.06363239139318466,0.1226615384221077,1.0260605812072754,0.6795514225959778,1.3250964879989624,45.056129455566406,44.93421173095703,0.06363239139318466,0.1226615384221077,46.80833435058594,45.056129455566406,44.93421173095703,0.05062141641974449,0.09390081465244293,0.6714286804199219,0.588599681854248,0.9945417046546936,33.77339553833008,39.04367446899414,0.05062141641974449,0.09390081465244293,33.36222839355469,33.77339553833008,39.04367446899414
scene12_traj2_1__000087,0.06310416013002396,0.12221059948205948,1.023358702659607,0.6769571900367737,1.321144938468933,44.76896667480469,44.59626388549805,0.06310416013002396,0.12221059948205948,46.623779296875,44.76896667480469,44.59626388549805,0.05021500959992409,0.09333685040473938,0.672725260257721,0.5903667211532593,0.9969184398651123,33.86592102050781,39.33687210083008,0.05021500959992409,0.09333685040473938,33.456138610839844,33.86592102050781,39.33687210083008
scene12_traj2_1__000088,0.06320243328809738,0.12241808325052261,1.0259637832641602,0.6771004796028137,1.3232378959655762,44.859649658203125,44.74795150756836,0.06320243328809738,0.12241808325052261,46.700199127197266,44.859649658203125,44.74795150756836,0.0502738393843174,0.09367074072360992,0.6709449291229248,0.5911065936088562,0.9959016442298889,33.7761344909668,39.24150466918945,0.0502738393843174,0.09367074072360992,33.4106330871582,33.7761344909668,39.24150466918945
scene12_traj2_1__000089,0.06303262710571289,0.12219878286123276,1.0320087671279907,0.6787002086639404,1.3293001651763916,45.214473724365234,45.21048355102539,0.06303262710571289,0.12219878286123276,46.96855163574219,45.214473724365234,45.21048355102539,0.05000663176178932,0.0932849869132042,0.6687948703765869,0.5885147452354431,0.9918357729911804,33.69760513305664,39.16597366333008,0.05000663176178932,0.0932849869132042,33.26065444946289,33.69760513305664,39.16597366333008
scene12_traj2_1__000090,0.06306464225053787,0.12202710658311844,1.0270477533340454,0.6774149537086487,1.3242757320404053,44.97100830078125,44.87202835083008,0.06306464225053787,0.12202710658311844,46.75301742553711,44.97100830078125,44.87202835083008,0.0499865785241127,0.09309384971857071,0.6719065308570862,0.5902385711669922,0.996772825717926,33.8692512512207,39.078548431396484,0.0499865785241127,0.09309384971857071,33.433082580566406,33.8692512512207,39.078548431396484
scene12_traj2_1__000091,0.06328143179416656,0.12248290330171585,1.0267218351364136,0.6772863268852234,1.3237165212631226,44.79695510864258,44.49054718017578,0.06328143179416656,0.12248290330171585,46.732112884521484,44.79695510864258,44.49054718017578,0.050193123519420624,0.09354911744594574,0.669419527053833,0.5903878211975098,0.9939734935760498,33.80724334716797,39.314266204833984,0.050193123519420624,0.09354911744594574,33.34031677246094,33.80724334716797,39.314266204833984
scene12_traj2_1__000092,0.06319645047187805,0.12211795896291733,1.0309463739395142,0.6779417991638184,1.3276647329330444,45.04387283325195,44.95146179199219,0.06319645047187805,0.12211795896291733,46.88858413696289,45.04387283325195,44.95146179199219,0.050336699932813644,0.09354213625192642,0.6695125102996826,0.5888228416442871,0.993888795375824,33.77761459350586,39.09614944458008,0.050336699932813644,0.09354213625192642,33.32992935180664,33.77761459350586,39.09614944458008
scene12_traj2_1__000093,0.06483026593923569,0.12453898042440414,1.0293159484863281,0.6803884506225586,1.3283331394195557,45.226619720458984,45.00930404663086,0.06483026593923569,0.12453898042440414,46.93245315551758,45.226619720458984,45.00930404663086,0.05143164470791817,0.09517785161733627,0.6688071489334106,0.5909267067909241,0.9951415657997131,33.80213928222656,38.75929260253906,0.05143164470791817,0.09517785161733627,33.389469146728516,33.80213928222656,38.75929260253906
scene12_traj2_1__000094,0.06677000969648361,0.12707984447479248,1.026515007019043,0.6809473633766174,1.3269572257995605,45.31904602050781,45.23395919799805,0.06677000969648361,0.12707984447479248,46.86925506591797,45.31904602050781,45.23395919799805,0.05285969376564026,0.09754502773284912,0.6723026037216187,0.594133198261261,1.0013947486877441,33.96968460083008,38.65375900268555,0.05285969376564026,0.09754502773284912,33.6065788269043,33.96968460083008,38.65375900268555
scene12_traj2_2__000000,0.06043689325451851,0.1168590635061264,1.0274739265441895,0.6837080121040344,1.328641414642334,45.20222473144531,44.9367790222168,0.06043689325451851,0.1168590635061264,46.9097900390625,45.20222473144531,44.9367790222168,0.048373688012361526,0.08963612467050552,0.667258620262146,0.5862752795219421,0.9895108342170715,33.39504623413086,38.49372863769531,0.048373688012361526,0.08963612467050552,33.15279006958008,33.39504623413086,38.49372863769531
scene12_traj2_2__000001,0.06095079705119133,0.11746654659509659,1.029172658920288,0.6848937273025513,1.3313097953796387,45.19919204711914,44.78304672241211,0.06095079705119133,0.11746654659509659,47.0244140625,45.19919204711914,44.78304672241211,0.048649344593286514,0.08992288261651993,0.6679459810256958,0.5853846669197083,0.9904748797416687,33.37205123901367,38.440284729003906,0.048649344593286514,0.08992288261651993,33.165775299072266,33.37205123901367,38.440284729003906
scene12_traj2_2__000002,0.06015971675515175,0.11586499214172363,1.0258594751358032,0.680647075176239,1.3249266147613525,45.06161117553711,44.91432189941406,0.06015971675515175,0.11586499214172363,46.74000930786133,45.06161117553711,44.91432189941406,0.04805712774395943,0.08861644566059113,0.6655435562133789,0.5860432982444763,0.9879432916641235,33.204978942871094,38.30168151855469,0.04805712774395943,0.08861644566059113,33.092533111572266,33.204978942871094,38.30168151855469
scene12_traj2_2__000003,0.06031961739063263,0.11631305515766144,1.0234695672988892,0.6797613501548767,1.3223216533660889,44.84042739868164,44.42927551269531,0.06031961739063263,0.11631305515766144,46.64585876464844,44.84042739868164,44.42927551269531,0.04827341437339783,0.08923391997814178,0.668919026851654,0.5868953466415405,0.9920545220375061,33.45405578613281,38.815330505371094,0.04827341437339783,0.08923391997814178,33.24314498901367,33.45405578613281,38.815330505371094
scene12_traj2_2__000004,0.06032230332493782,0.1171148270368576,1.027323842048645,0.6797090172767639,1.3256899118423462,44.905174255371094,44.496700286865234,0.06032230332493782,0.1171148270368576,46.79072570800781,44.905174255371094,44.496700286865234,0.04851555824279785,0.09013739228248596,0.6644608378410339,0.5873122811317444,0.9886868000030518,33.3441276550293,38.678043365478516,0.04851555824279785,0.09013739228248596,33.12126922607422,33.3441276550293,38.678043365478516
scene12_traj2_2__000005,0.06055425852537155,0.11714033782482147,1.025456190109253,0.6796942949295044,1.3241486549377441,44.999267578125,44.74326705932617,0.06055425852537155,0.11714033782482147,46.705501556396484,44.999267578125,44.74326705932617,0.04850452020764351,0.08967172354459763,0.6647903919219971,0.5835952162742615,0.9866541624069214,33.171424865722656,38.39560317993164,0.04850452020764351,0.08967172354459763,33.03477478027344,33.171424865722656,38.39560317993164
scene12_traj2_2__000006,0.060743559151887894,0.11762735992670059,1.024343490600586,0.677109956741333,1.3214788436889648,44.799659729003906,44.453330993652344,0.060743559151887894,0.11762735992670059,46.615074157714844,44.799659729003906,44.453330993652344,0.048570990562438965,0.09000464528799057,0.6673960089683533,0.585656464099884,0.9896832704544067,33.40639114379883,38.83129119873047,0.048570990562438965,0.09000464528799057,33.157894134521484,33.40639114379883,38.83129119873047
scene12_traj2_2__000007,0.06099625676870346,0.11799589544534683,1.0211998224258423,0.678045392036438,1.3195531368255615,44.83557891845703,44.68366622924805,0.06099625676870346,0.11799589544534683,46.52208709716797,44.83557891845703,44.68366622924805,0.048829641193151474,0.09052493423223495,0.669918954372406,0.5807101130485535,0.9880910515785217,33.39278793334961,38.872100830078125,0.048829641193151474,0.09052493423223495,33.096683502197266,33.39278793334961,38.872100830078125
scene12_traj2_2__000008,0.06043669208884239,0.11725392192602158,1.0182547569274902,0.6768407225608826,1.3159065246582031,44.61212921142578,44.253326416015625,0.06043669208884239,0.11725392192602158,46.36561584472656,44.61212921142578,44.253326416015625,0.048397209495306015,0.08969694375991821,0.6695208549499512,0.5846562385559082,0.9907130599021912,33.41490936279297,38.7798957824707,0.048397209495306015,0.08969694375991821,33.17496871948242,33.41490936279297,38.7798957824707
scene12_traj2_2__000009,0.060227710753679276,0.11680567264556885,1.0209611654281616,0.6802020072937012,1.3204073905944824,44.84225845336914,44.58226013183594,0.060227710753679276,0.11680567264556885,46.533203125,44.84225845336914,44.58226013183594,0.04830923303961754,0.08947259187698364,0.6680725812911987,0.5825787782669067,0.9879075288772583,33.18639373779297,38.581932067871094,0.04830923303961754,0.08947259187698364,33.098167419433594,33.18639373779297,38.581932067871094
scene12_traj2_2__000010,0.06056983396410942,0.11757844686508179,1.0218238830566406,0.6742594242095947,1.3171511888504028,44.7037239074707,44.4268684387207,0.06056983396410942,0.11757844686508179,46.428401947021484,44.7037239074707,44.4268684387207,0.048508670181035995,0.0900321677327156,0.669204831123352,0.5810608863830566,0.988411545753479,33.223758697509766,38.548641204833984,0.048508670181035995,0.0900321677327156,33.08298873901367,33.223758697509766,38.548641204833984
scene12_traj2_2__000011,0.06061182916164398,0.1176832839846611,1.019811749458313,0.6805658340454102,1.3200188875198364,44.748809814453125,44.293701171875,0.06061182916164398,0.1176832839846611,46.515872955322266,44.748809814453125,44.293701171875,0.04860159009695053,0.09018182754516602,0.6694798469543457,0.5811859965324402,0.9885874390602112,33.33380126953125,38.8309326171875,0.04860159009695053,0.09018182754516602,33.098304748535156,33.33380126953125,38.8309326171875
scene12_traj2_2__000012,0.0606219545006752,0.11768745630979538,1.0220067501068115,0.6775156259536743,1.3200687170028687,44.76114273071289,44.48692321777344,0.0606219545006752,0.11768745630979538,46.52690887451172,44.76114273071289,44.48692321777344,0.048667822033166885,0.090271957218647,0.6703001856803894,0.5829288363456726,0.9903690218925476,33.42224884033203,38.96302795410156,0.048667822033166885,0.090271957218647,33.1701774597168,33.42224884033203,38.96302795410156
scene12_traj2_2__000013,0.06080757454037666,0.1180243194103241,1.0196326971054077,0.6753090620040894,1.3165684938430786,44.65473556518555,44.301231384277344,0.06080757454037666,0.1180243194103241,46.381771087646484,44.65473556518555,44.301231384277344,0.04862622916698456,0.09026562422513962,0.6719038486480713,0.583115816116333,0.9913766980171204,33.43472671508789,38.99544143676758,0.04862622916698456,0.09026562422513962,33.20512771606445,33.43472671508789,38.99544143676758
scene12_traj2_2__000014,0.06036878004670143,0.1176747977733612,1.0216587781906128,0.6789067387580872,1.3207632303237915,44.867820739746094,44.69840621948242,0.06036878004670143,0.1176747977733612,46.55226135253906,44.867820739746094,44.69840621948242,0.048410769551992416,0.09000841528177261,0.666572630405426,0.5822105407714844,0.9867434501647949,33.0473747253418,38.21760177612305,0.048410769551992416,0.09000841528177261,33.02018356323242,33.0473747253418,38.21760177612305
scene12_traj2_2__000015,0.060593828558921814,0.11835698038339615,1.018947720527649,0.6812598705291748,1.3198904991149902,44.72389221191406,44.14459228515625,0.060593828558921814,0.11835698038339615,46.4955940246582,44.72389221191406,44.14459228515625,0.04851093143224716,0.0905204489827156,0.6693646907806396,0.5808589458465576,0.9882931113243103,33.174224853515625,38.66269302368164,0.04851093143224716,0.0905204489827156,33.073848724365234,33.174224853515625,38.66269302368164
scene12_traj2_2__000016,0.060020990669727325,0.1170811578631401,1.0190753936767578,0.676567792892456,1.3165360689163208,44.60806655883789,44.263824462890625,0.060020990669727325,0.1170811578631401,46.368553161621094,44.60806655883789,44.263824462890625,0.04813285917043686,0.08961848169565201,0.6684331297874451,0.5837370157241821,0.9885783195495605,33.27913284301758,39.022579193115234,0.04813285917043686,0.08961848169565201,33.08917236328125,33.27913284301758,39.022579193115234
scene12_traj2_2__000017,0.06005704402923584,0.11715883761644363,1.0171412229537964,0.6803345680236816,1.317794680595398,44.650264739990234,44.12202835083008,0.06005704402923584,0.11715883761644363,46.431480407714844,44.650264739990234,44.12202835083008,0.04811485856771469,0.08980827033519745,0.6691851019859314,0.5803702473640442,0.9872874021530151,33.161537170410156,38.71309280395508,0.04811485856771469,0.08980827033519745,33.049034118652344,33.161537170410156,38.71309280395508
scene12_traj2_2__000018,0.05998975411057472,0.11741507053375244,1.016023874282837,0.6730296015739441,1.3115441799163818,44.31910705566406,43.73454666137695,0.05998975411057472,0.11741507053375244,46.16856384277344,44.31910705566406,43.73454666137695,0.04797697812318802,0.0897347554564476,0.6704292893409729,0.5826478004455566,0.9895670413970947,33.141239166259766,38.83897399902344,0.04797697812318802,0.0897347554564476,33.12037658691406,33.141239166259766,38.83897399902344
scene12_traj2_2__000019,0.05977260321378708,0.11733542382717133,1.0160894393920898,0.6738437414169312,1.3118573427200317,44.295310974121094,43.95256042480469,0.05977260321378708,0.11733542382717133,46.15363693237305,44.295310974121094,43.95256042480469,0.04788445308804512,0.08980502188205719,0.666218638420105,0.5824973583221436,0.9858594536781311,32.989471435546875,38.53095626831055,0.04788445308804512,0.08980502188205719,32.98516082763672,32.989471435546875,38.53095626831055
scene12_traj2_2__000020,0.059543829411268234,0.11700401455163956,1.0193417072296143,0.6766624450683594,1.3159654140472412,44.38882064819336,43.83945083618164,0.059543829411268234,0.11700401455163956,46.326622009277344,44.38882064819336,43.83945083618164,0.04764740169048309,0.08939363062381744,0.6664659380912781,0.5798555016517639,0.9839816093444824,32.83893585205078,38.41303634643555,0.04764740169048309,0.08939363062381744,32.92237091064453,32.83893585205078,38.41303634643555
scene12_traj2_2__000021,0.05912986025214195,0.11611907184123993,1.018508791923523,0.6779114007949829,1.315860629081726,44.35718536376953,43.82528305053711,0.05912986025214195,0.11611907184123993,46.33596420288086,44.35718536376953,43.82528305053711,0.047258276492357254,0.08864609897136688,0.665202260017395,0.5812990069389343,0.984521746635437,32.85877227783203,38.44700241088867,0.047258276492357254,0.08864609897136688,32.93295669555664,32.85877227783203,38.44700241088867
scene12_traj2_2__000022,0.058326832950115204,0.11544600874185562,1.018017292022705,0.6705241203308105,1.3103052377700806,44.01640319824219,43.33522415161133,0.058326832950115204,0.11544600874185562,46.11322021484375,44.01640319824219,43.33522415161133,0.04639718309044838,0.08801255375146866,0.666678249835968,0.577472448348999,0.9827436208724976,32.73990249633789,38.470767974853516,0.04639718309044838,0.08801255375146866,32.85615921020508,32.73990249633789,38.470767974853516
scene12_traj2_2__000023,0.05721971392631531,0.11453093588352203,1.020429015159607,0.6698287129402161,1.3110883235931396,43.819862365722656,42.943702697753906,0.05721971392631531,0.11453093588352203,46.14275360107422,43.819862365722656,42.943702697753906,0.0455843061208725,0.0872364193201065,0.6644443273544312,0.5777234435081482,0.981445848941803,32.52442169189453,38.21280288696289,0.0455843061208725,0.0872364193201065,32.80335998535156,32.52442169189453,38.21280288696289
scene12_traj2_2__000024,0.05728231370449066,0.1147988885641098,1.0222529172897339,0.6681047677993774,1.3111950159072876,43.76997375488281,42.928550720214844,0.05728231370449066,0.1147988885641098,46.19428634643555,43.76997375488281,42.928550720214844,0.045503079891204834,0.08737096190452576,0.661126434803009,0.5757473111152649,0.9767240881919861,32.38254165649414,38.21973419189453,0.045503079891204834,0.08737096190452576,32.62976837158203,32.38254165649414,38.21973419189453
scene12_traj2_2__000025,0.0566633865237236,0.11428713798522949,1.0237948894500732,0.6686280369758606,1.3134424686431885,43.849327087402344,42.878639221191406,0.0566633865237236,0.11428713798522949,46.26350402832031,43.849327087402344,42.878639221191406,0.045244377106428146,0.08714383840560913,0.6594575047492981,0.5757660865783691,0.9754912853240967,32.109622955322266,37.69230651855469,0.045244377106428146,0.08714383840560913,32.57808303833008,32.109622955322266,37.69230651855469
scene12_traj2_2__000026,0.05681329593062401,0.11418421566486359,1.0257689952850342,0.6681822538375854,1.3146082162857056,43.94730758666992,43.024009704589844,0.05681329593062401,0.11418421566486359,46.339900970458984,43.94730758666992,43.024009704589844,0.04522499069571495,0.08711060136556625,0.6609352827072144,0.5745999217033386,0.9761512875556946,32.11973571777344,37.612815856933594,0.04522499069571495,0.08711060136556625,32.593994140625,32.11973571777344,37.612815856933594
scene12_traj2_2__000027,0.05661159008741379,0.11360588669776917,1.0236449241638184,0.6706627607345581,1.3145036697387695,43.972206115722656,43.04866027832031,0.05661159008741379,0.11360588669776917,46.333946228027344,43.972206115722656,43.04866027832031,0.04524111747741699,0.0867113471031189,0.6598952412605286,0.5765412449836731,0.9763115644454956,32.167640686035156,37.97488021850586,0.04524111747741699,0.0867113471031189,32.61296081542969,32.167640686035156,37.97488021850586
scene12_traj2_2__000028,0.05652909725904465,0.11392328143119812,1.023140788078308,0.6623828411102295,1.3076732158660889,43.439361572265625,42.21678924560547,0.05652909725904465,0.11392328143119812,46.053932189941406,43.439361572265625,42.21678924560547,0.04510810971260071,0.08689981698989868,0.6637356281280518,0.5775269865989685,0.9805499315261841,32.46744155883789,38.45802307128906,0.04510810971260071,0.08689981698989868,32.78116989135742,32.46744155883789,38.45802307128906
scene12_traj2_2__000029,0.056649599224328995,0.11422698199748993,1.0192898511886597,0.6589206457138062,1.302250623703003,43.35038375854492,42.4915885925293,0.056649599224328995,0.11422698199748993,45.789649963378906,43.35038375854492,42.4915885925293,0.04520311951637268,0.08741138875484467,0.6552903056144714,0.5774936676025391,0.9725100994110107,32.05854797363281,38.02486801147461,0.04520311951637268,0.08741138875484467,32.48060989379883,32.05854797363281,38.02486801147461
scene12_traj2_2__000030,0.0566946342587471,0.11438470333814621,1.0235947370529175,0.663510262966156,1.3087962865829468,43.748207092285156,42.86367416381836,0.0566946342587471,0.11438470333814621,46.09517288208008,43.748207092285156,42.86367416381836,0.045233119279146194,0.08751875162124634,0.6596384644508362,0.5779685974121094,0.9765133857727051,32.04608154296875,37.55605697631836,0.045233119279146194,0.08751875162124634,32.64065170288086,32.04608154296875,37.55605697631836
scene12_traj2_2__000031,0.056810952723026276,0.11425045132637024,1.0253620147705078,0.6641128063201904,1.3111581802368164,43.80079650878906,42.662841796875,0.056810952723026276,0.11425045132637024,46.18744659423828,43.80079650878906,42.662841796875,0.045210979878902435,0.08726656436920166,0.6565310955047607,0.5780894160270691,0.9741572737693787,31.973737716674805,37.466495513916016,0.045210979878902435,0.08726656436920166,32.547000885009766,31.973737716674805,37.466495513916016
scene12_traj2_2__000032,0.05638045817613602,0.11310356110334396,1.0247761011123657,0.6636428236961365,1.3101115226745605,43.729984283447266,42.756004333496094,0.05638045817613602,0.11310356110334396,46.15439224243164,43.729984283447266,42.756004333496094,0.045117784291505814,0.08650970458984375,0.6614351868629456,0.5771775841712952,0.9779764413833618,32.150177001953125,37.74423599243164,0.045117784291505814,0.08650970458984375,32.677616119384766,32.150177001953125,37.74423599243164
scene12_traj2_2__000033,0.05692493915557861,0.11401008814573288,1.0242927074432373,0.6644300818443298,1.309597134590149,43.720706939697266,42.8054313659668,0.05692493915557861,0.11401008814573288,46.12019348144531,43.720706939697266,42.8054313659668,0.04546462744474411,0.08713398873806,0.6608986854553223,0.5761132836341858,0.9766162037849426,32.129638671875,37.799591064453125,0.04546462744474411,0.08713398873806,32.616371154785156,32.129638671875,37.799591064453125
scene12_traj2_2__000034,0.05694995075464249,0.1143837422132492,1.0244392156600952,0.664411723613739,1.3096565008163452,43.68448257446289,42.4754524230957,0.05694995075464249,0.1143837422132492,46.116302490234375,43.68448257446289,42.4754524230957,0.045527633279561996,0.08762815594673157,0.6619915962219238,0.5788324475288391,0.9798210263252258,32.36576843261719,38.2916374206543,0.045527633279561996,0.08762815594673157,32.76296615600586,32.36576843261719,38.2916374206543
scene12_traj2_2__000035,0.056866131722927094,0.11407387256622314,1.0228008031845093,0.6662967801094055,1.3107779026031494,43.87295150756836,42.837303161621094,0.056866131722927094,0.11407387256622314,46.16239929199219,43.87295150756836,42.837303161621094,0.0456438772380352,0.08729737251996994,0.6591883897781372,0.5790088772773743,0.9769138097763062,32.23960876464844,38.013092041015625,0.0456438772380352,0.08729737251996994,32.64682388305664,32.23960876464844,38.013092041015625
scene12_traj2_2__000036,0.057122159749269485,0.11431550979614258,1.0220061540603638,0.6655195951461792,1.3089792728424072,43.709232330322266,42.61463928222656,0.057122159749269485,0.11431550979614258,46.06529235839844,43.709232330322266,42.61463928222656,0.045785676687955856,0.08758025616407394,0.6614366173744202,0.5794111490249634,0.9796221256256104,32.43174362182617,38.304569244384766,0.045785676687955856,0.08758025616407394,32.7668571472168,32.43174362182617,38.304569244384766
scene12_traj2_2__000037,0.05773278325796127,0.11545941978693008,1.0217384099960327,0.6633003950119019,1.3072344064712524,43.70560836791992,42.57258605957031,0.05773278325796127,0.11545941978693008,46.03258514404297,43.70560836791992,42.57258605957031,0.04606081172823906,0.0884292870759964,0.6630902886390686,0.5818381905555725,0.9827576875686646,32.508155822753906,38.4489860534668,0.04606081172823906,0.0884292870759964,32.87223434448242,32.508155822753906,38.4489860534668
scene12_traj2_2__000038,0.058782920241355896,0.11727258563041687,1.0209970474243164,0.6712595224380493,1.3126459121704102,44.119964599609375,43.19890594482422,0.058782920241355896,0.11727258563041687,46.223114013671875,44.119964599609375,43.19890594482422,0.04692082479596138,0.0895446240901947,0.6634564399719238,0.5812578201293945,0.982958197593689,32.429012298583984,37.70144271850586,0.04692082479596138,0.0895446240901947,32.86123275756836,32.429012298583984,37.70144271850586
scene12_traj2_2__000039,0.05976489186286926,0.11847826093435287,1.019474744796753,0.674350917339325,1.3139625787734985,44.484405517578125,43.730934143066406,0.05976489186286926,0.11847826093435287,46.25457763671875,44.484405517578125,43.730934143066406,0.04777374863624573,0.09055610746145248,0.6641170978546143,0.5788158774375916,0.9819083213806152,32.44161605834961,37.6858024597168,0.04777374863624573,0.09055610746145248,32.82083511352539,32.44161605834961,37.6858024597168
scene12_traj2_2__000040,0.0607423298060894,0.11976443231105804,1.0180717706680298,0.6690021753311157,1.309913158416748,44.24561309814453,43.2105827331543,0.0607423298060894,0.11976443231105804,46.072994232177734,44.24561309814453,43.2105827331543,0.048438940197229385,0.09160208702087402,0.666547417640686,0.5825628042221069,0.9861143231391907,32.84596252441406,38.498226165771484,0.048438940197229385,0.09160208702087402,32.98919677734375,32.84596252441406,38.498226165771484
scene12_traj2_2__000041,0.06039049103856087,0.11892981827259064,1.0176599025726318,0.6681240200996399,1.3089295625686646,44.106502532958984,43.255489349365234,0.06039049103856087,0.11892981827259064,46.055755615234375,44.106502532958984,43.255489349365234,0.048188716173172,0.09080250561237335,0.664707362651825,0.5807342529296875,0.9833946824073792,32.75545120239258,38.27031326293945,0.048188716173172,0.09080250561237335,32.88883590698242,32.75545120239258,38.27031326293945
scene12_traj2_2__000042,0.06187419593334198,0.12114182859659195,1.0173141956329346,0.6638375520706177,1.3055061101913452,44.1745719909668,43.48838424682617,0.06187419593334198,0.12114182859659195,45.94808578491211,44.1745719909668,43.48838424682617,0.04924585670232773,0.0924544483423233,0.6720848679542542,0.5827467441558838,0.991524875164032,33.11787796020508,38.512664794921875,0.04924585670232773,0.0924544483423233,33.195491790771484,33.11787796020508,38.512664794921875
scene12_traj2_2__000043,0.06298662722110748,0.12320873141288757,1.0171347856521606,0.6638737320899963,1.3052603006362915,44.24185562133789,43.6014518737793,0.06298662722110748,0.12320873141288757,45.96805953979492,44.24185562133789,43.6014518737793,0.04997855797410011,0.09405988454818726,0.6679246425628662,0.5857466459274292,0.9899855256080627,33.11638259887695,38.409610748291016,0.04997855797410011,0.09405988454818726,33.15095901489258,33.11638259887695,38.409610748291016
scene12_traj2_2__000044,0.06287074089050293,0.12290898710489273,1.015516996383667,0.6626185178756714,1.303086280822754,44.12841796875,43.67740249633789,0.06287074089050293,0.12290898710489273,45.85170364379883,44.12841796875,43.67740249633789,0.049965277314186096,0.09397603571414948,0.671893298625946,0.5869179964065552,0.993851900100708,33.31583023071289,38.69046401977539,0.049965277314186096,0.09397603571414948,33.293418884277344,33.31583023071289,38.69046401977539
scene12_traj2_2__000045,0.06339371204376221,0.12408223003149033,1.014201283454895,0.6662103533744812,1.3038291931152344,44.1139030456543,43.40528869628906,0.06339371204376221,0.12408223003149033,45.89620590209961,44.1139030456543,43.40528869628906,0.05040443316102028,0.0950281098484993,0.675011396408081,0.5872640013694763,0.997432291507721,33.46192169189453,38.836944580078125,0.05040443316102028,0.0950281098484993,33.42607498168945,33.46192169189453,38.836944580078125
scene12_traj2_2__000046,0.06526893377304077,0.12686492502689362,1.022410273551941,0.6719856262207031,1.3157992362976074,44.694698333740234,43.77296447753906,0.06526893377304077,0.12686492502689362,46.36196517944336,44.694698333740234,43.77296447753906,0.051598913967609406,0.09680931270122528,0.6733192205429077,0.5906145572662354,0.9988978505134583,33.56235885620117,38.654300689697266,0.051598913967609406,0.09680931270122528,33.49592208862305,33.56235885620117,38.654300689697266
scene12_traj2_2__000047,0.0648040622472763,0.1262727826833725,1.0141245126724243,0.6745486259460449,1.3115655183792114,44.630348205566406,43.988746643066406,0.0648040622472763,0.1262727826833725,46.19625473022461,44.630348205566406,43.988746643066406,0.05135259032249451,0.09642874449491501,0.6761112809181213,0.591346263885498,1.0015418529510498,33.57252502441406,38.46937942504883,0.05135259032249451,0.09642874449491501,33.57532501220703,33.57252502441406,38.46937942504883
scene12_traj2_2__000048,0.0656583309173584,0.12758995592594147,1.0188329219818115,0.6660779118537903,1.3085460662841797,44.462554931640625,43.65742874145508,0.0656583309173584,0.12758995592594147,46.074378967285156,44.462554931640625,43.65742874145508,0.05178142711520195,0.09730815887451172,0.6769409775733948,0.5909239053726196,1.0032099485397339,33.78068542480469,38.74108123779297,0.05178142711520195,0.09730815887451172,33.638179779052734,33.78068542480469,38.74108123779297
scene12_traj2_2__000049,0.06651611626148224,0.12917427718639374,1.0200589895248413,0.6638912558555603,1.3079584836959839,44.47926712036133,43.85496139526367,0.06651611626148224,0.12917427718639374,46.0887336730957,44.47926712036133,43.85496139526367,0.05227813124656677,0.09853359311819077,0.6779609322547913,0.5933476686477661,1.005994200706482,33.96991729736328,38.77849197387695,0.05227813124656677,0.09853359311819077,33.74758529663086,33.96991729736328,38.77849197387695
scene12_traj2_2__000050,0.06792543828487396,0.13065581023693085,1.0228294134140015,0.663406491279602,1.3101452589035034,44.76658630371094,44.21855926513672,0.06792543828487396,0.13065581023693085,46.16713333129883,44.76658630371094,44.21855926513672,0.05326661467552185,0.09958706051111221,0.6793252229690552,0.5937069058418274,1.007647156715393,34.16248321533203,38.984947204589844,0.05326661467552185,0.09958706051111221,33.82097244262695,34.16248321533203,38.984947204589844
scene12_traj2_2__000051,0.06773148477077484,0.1303090751171112,1.0220997333526611,0.6662648916244507,1.3111861944198608,44.73182678222656,44.19647979736328,0.06773148477077484,0.1303090751171112,46.23200607299805,44.73182678222656,44.19647979736328,0.05329837277531624,0.09956426918506622,0.6810896992683411,0.5952168703079224,1.0104273557662964,34.24724578857422,38.858306884765625,0.05329837277531624,0.09956426918506622,33.925289154052734,34.24724578857422,38.858306884765625
scene12_traj2_2__000052,0.06894189119338989,0.13150610029697418,1.0174440145492554,0.6668758988380432,1.3087952136993408,44.779876708984375,44.25886154174805,0.06894189119338989,0.13150610029697418,46.098960876464844,44.779876708984375,44.25886154174805,0.054313819855451584,0.10071825236082077,0.6834288835525513,0.5954182744026184,1.012424111366272,34.43607711791992,39.05569076538086,0.054313819855451584,0.10071825236082077,34.005615234375,34.43607711791992,39.05569076538086
scene12_traj2_2__000053,0.07044375687837601,0.13426172733306885,1.0220931768417358,0.6664210557937622,1.3118789196014404,44.766292572021484,44.13457489013672,0.07044375687837601,0.13426172733306885,46.22688674926758,44.766292572021484,44.13457489013672,0.05553735792636871,0.10322784632444382,0.6835917234420776,0.5958002209663391,1.0131608247756958,34.59734344482422,39.35526657104492,0.05553735792636871,0.10322784632444382,34.03972625732422,34.59734344482422,39.35526657104492
scene13_traj1_1__000000,0.08219591528177261,0.12473142147064209,0.8253827095031738,0.7023990154266357,1.1869401931762695,34.50578308105469,30.0947322845459,0.08219591528177261,0.12473142147064209,40.78407287597656,34.50578308105469,30.0947322845459,0.047657910734415054,0.07607250660657883,0.48331546783447266,0.44086259603500366,0.7202131152153015,17.233816146850586,13.337355613708496,0.047657910734415054,0.07607250660657883,23.512386322021484,17.233816146850586,13.337355613708496
scene13_traj1_1__000001,0.08209154009819031,0.1248665526509285,0.8296521902084351,0.6921989917755127,1.1816163063049316,34.50237274169922,30.14234161376953,0.08209154009819031,0.1248665526509285,40.59710693359375,34.50237274169922,30.14234161376953,0.04765188321471214,0.07613451033830643,0.48421740531921387,0.4384126365184784,0.7186695337295532,17.20135498046875,13.233365058898926,0.04765188321471214,0.07613451033830643,23.45040512084961,17.20135498046875,13.233365058898926
scene13_traj1_1__000002,0.08263102918863297,0.12579044699668884,0.8276734948158264,0.687039315700531,1.1736712455749512,34.262367248535156,29.9803524017334,0.08263102918863297,0.12579044699668884,40.32236099243164,34.262367248535156,29.9803524017334,0.04780426621437073,0.0762699618935585,0.4830981194972992,0.43845218420028687,0.7183395028114319,17.236661911010742,13.328812599182129,0.04780426621437073,0.0762699618935585,23.435123443603516,17.236661911010742,13.328812599182129
scene13_traj1_1__000003,0.08266137540340424,0.1252492219209671,0.8294652104377747,0.6868624687194824,1.177304744720459,34.220394134521484,29.769372940063477,0.08266137540340424,0.1252492219209671,40.42770767211914,34.220394134521484,29.769372940063477,0.048177290707826614,0.07639241963624954,0.4834432601928711,0.43916797637939453,0.7188138365745544,17.37232208251953,13.44413948059082,0.048177290707826614,0.07639241963624954,23.476953506469727,17.37232208251953,13.44413948059082
scene13_traj1_1__000004,0.08290192484855652,0.12537503242492676,0.8240571022033691,0.6960174441337585,1.1803696155548096,34.444217681884766,30.070581436157227,0.08290192484855652,0.12537503242492676,40.57960891723633,34.444217681884766,30.070581436157227,0.048483267426490784,0.0771227553486824,0.48696306347846985,0.43969130516052246,0.7221730947494507,17.547340393066406,13.660855293273926,0.048483267426490784,0.0771227553486824,23.58226776123047,17.547340393066406,13.660855293273926
scene13_traj1_1__000005,0.08239904791116714,0.12487427145242691,0.8266164660453796,0.7044991254806519,1.1889314651489258,34.799930572509766,30.393892288208008,0.08239904791116714,0.12487427145242691,40.910831451416016,34.799930572509766,30.393892288208008,0.04792087525129318,0.07595337182283401,0.4853658676147461,0.44102200865745544,0.7219492793083191,17.560911178588867,13.643150329589844,0.04792087525129318,0.07595337182283401,23.559873580932617,17.560911178588867,13.643150329589844
scene13_traj1_1__000006,0.08239733427762985,0.12480799853801727,0.8284646272659302,0.7000315189361572,1.185757040977478,34.67606735229492,30.152145385742188,0.08239733427762985,0.12480799853801727,40.80426025390625,34.67606735229492,30.152145385742188,0.04824990779161453,0.07642343640327454,0.4848223924636841,0.44015321135520935,0.7207899689674377,17.508432388305664,13.53693675994873,0.04824990779161453,0.07642343640327454,23.534812927246094,17.508432388305664,13.53693675994873
scene13_traj1_1__000007,0.08308345079421997,0.12552374601364136,0.8197332620620728,0.6971594095230103,1.1771537065505981,34.18387985229492,29.632394790649414,0.08308345079421997,0.12552374601364136,40.44548416137695,34.18387985229492,29.632394790649414,0.04828451946377754,0.07638087123632431,0.48481428623199463,0.4396001100540161,0.7205086946487427,17.472864151000977,13.539677619934082,0.04828451946377754,0.07638087123632431,23.5260066986084,17.472864151000977,13.539677619934082
scene13_traj1_1__000008,0.08329028636217117,0.12552028894424438,0.821345329284668,0.6981874108314514,1.1778955459594727,34.44968795776367,29.997779846191406,0.08329028636217117,0.12552028894424438,40.44257354736328,34.44968795776367,29.997779846191406,0.04860088974237442,0.0768163874745369,0.4883057475090027,0.44133105874061584,0.7242319583892822,17.671539306640625,13.739230155944824,0.04860088974237442,0.0768163874745369,23.680152893066406,17.671539306640625,13.739230155944824
scene13_traj1_1__000009,0.08327348530292511,0.12554407119750977,0.8212577104568481,0.7054570913314819,1.1845601797103882,34.82654571533203,30.555524826049805,0.08327348530292511,0.12554407119750977,40.685302734375,34.82654571533203,30.555524826049805,0.04860389605164528,0.07675524801015854,0.4887191951274872,0.4447699189186096,0.7273693084716797,17.900312423706055,14.045353889465332,0.04860389605164528,0.07675524801015854,23.778345108032227,17.900312423706055,14.045353889465332
scene13_traj1_1__000010,0.08282261341810226,0.12515737116336823,0.8262616395950317,0.7096402049064636,1.1913602352142334,35.13714599609375,30.854015350341797,0.08282261341810226,0.12515737116336823,40.88949966430664,35.13714599609375,30.854015350341797,0.04836731404066086,0.07624072581529617,0.4861485958099365,0.44103747606277466,0.7223837971687317,17.688308715820312,13.762269973754883,0.04836731404066086,0.07624072581529617,23.607425689697266,17.688308715820312,13.762269973754883
scene13_traj1_1__000011,0.08318417519330978,0.1256946176290512,0.8315715789794922,0.7164936065673828,1.2012511491775513,35.47319793701172,31.2755126953125,0.08318417519330978,0.1256946176290512,41.275020599365234,35.47319793701172,31.2755126953125,0.048397235572338104,0.0765400379896164,0.48732492327690125,0.44321340322494507,0.725274920463562,17.76425552368164,13.76571273803711,0.048397235572338104,0.0765400379896164,23.721525192260742,17.76425552368164,13.76571273803711
scene13_traj1_1__000012,0.08327670395374298,0.12555912137031555,0.8307442665100098,0.722846508026123,1.2056556940078735,35.85271072387695,31.63859748840332,0.08327670395374298,0.12555912137031555,41.47996520996094,35.85271072387695,31.63859748840332,0.04814155027270317,0.07580341398715973,0.4875793755054474,0.44532865285873413,0.7259476184844971,17.76906967163086,13.76555347442627,0.04814155027270317,0.07580341398715973,23.742212295532227,17.76906967163086,13.76555347442627
scene13_traj1_1__000013,0.08280967175960541,0.12494924664497375,0.8316750526428223,0.714716911315918,1.2006434202194214,35.70438766479492,31.646591186523438,0.08280967175960541,0.12494924664497375,41.23164367675781,35.70438766479492,31.646591186523438,0.0482616163790226,0.07585602253675461,0.48850247263908386,0.44479790329933167,0.7270206809043884,17.781902313232422,13.81994342803955,0.0482616163790226,0.07585602253675461,23.7838191986084,17.781902313232422,13.81994342803955
scene13_traj1_1__000014,0.08302614092826843,0.12503471970558167,0.8289538621902466,0.7163988947868347,1.1987781524658203,35.60543441772461,31.45709228515625,0.08302614092826843,0.12503471970558167,41.15949630737305,35.60543441772461,31.45709228515625,0.04828515276312828,0.07593125849962234,0.485215961933136,0.44383612275123596,0.7233837842941284,17.61610221862793,13.565009117126465,0.04828515276312828,0.07593125849962234,23.648252487182617,17.61610221862793,13.565009117126465
scene13_traj1_1__000015,0.08248749375343323,0.12422855198383331,0.8323844075202942,0.727649450302124,1.2120733261108398,36.21445846557617,32.085147857666016,0.08248749375343323,0.12422855198383331,41.66896438598633,36.21445846557617,32.085147857666016,0.04811043664813042,0.07538563013076782,0.4868738651275635,0.4466276168823242,0.7269399166107178,17.847814559936523,13.809316635131836,0.04811043664813042,0.07538563013076782,23.78189468383789,17.847814559936523,13.809316635131836
scene13_traj1_1__000016,0.08156677335500717,0.12322791665792465,0.8297571539878845,0.7193349599838257,1.203222393989563,35.8404541015625,31.713327407836914,0.08156677335500717,0.12322791665792465,41.31193542480469,35.8404541015625,31.713327407836914,0.047724898904561996,0.07489924132823944,0.4868362545967102,0.4468795955181122,0.7273634672164917,17.822002410888672,13.732400894165039,0.047724898904561996,0.07489924132823944,23.79796600341797,17.822002410888672,13.732400894165039
scene13_traj1_1__000017,0.081996388733387,0.12366451323032379,0.8328331708908081,0.7228391766548157,1.2079848051071167,36.28122329711914,32.272220611572266,0.081996388733387,0.12366451323032379,41.514644622802734,36.28122329711914,32.272220611572266,0.047692324966192245,0.07491157948970795,0.4870466887950897,0.44541335105895996,0.7259817123413086,17.86056900024414,13.845361709594727,0.047692324966192245,0.07491157948970795,23.740577697753906,17.86056900024414,13.845361709594727
scene13_traj1_1__000018,0.08147602528333664,0.12295161932706833,0.8286951780319214,0.7247992753982544,1.2073007822036743,36.02156448364258,31.94632911682129,0.08147602528333664,0.12295161932706833,41.482112884521484,36.02156448364258,31.94632911682129,0.04760647192597389,0.07464499771595001,0.48596706986427307,0.44622185826301575,0.7262271046638489,17.834117889404297,13.772130012512207,0.04760647192597389,0.07464499771595001,23.763671875,17.834117889404297,13.772130012512207
scene13_traj1_1__000019,0.0811830461025238,0.12271492183208466,0.8318508267402649,0.7207553386688232,1.206597089767456,36.1035270690918,31.974639892578125,0.0811830461025238,0.12271492183208466,41.45673370361328,36.1035270690918,31.974639892578125,0.04729948565363884,0.07430800050497055,0.48461657762527466,0.4463402032852173,0.7247914671897888,17.690204620361328,13.541488647460938,0.04729948565363884,0.07430800050497055,23.701181411743164,17.690204620361328,13.541488647460938
scene13_traj1_1__000020,0.08138543367385864,0.12297549098730087,0.8334693908691406,0.7286182641983032,1.213039755821228,36.0992546081543,31.931358337402344,0.08138543367385864,0.12297549098730087,41.73281478881836,36.0992546081543,31.931358337402344,0.04716888442635536,0.07406152784824371,0.48688697814941406,0.44345346093177795,0.7246667742729187,17.681713104248047,13.516432762145996,0.04716888442635536,0.07406152784824371,23.716815948486328,17.681713104248047,13.516432762145996
scene13_traj1_1__000021,0.08155911415815353,0.12334926426410675,0.8361759781837463,0.7231147289276123,1.21049964427948,36.0472526550293,31.81928062438965,0.08155911415815353,0.12334926426410675,41.66404342651367,36.0472526550293,31.81928062438965,0.047562554478645325,0.074778251349926,0.48622581362724304,0.44604814052581787,0.7253677845001221,17.725584030151367,13.628263473510742,0.047562554478645325,0.074778251349926,23.731740951538086,17.725584030151367,13.628263473510742
scene13_traj1_1__000022,0.08136366307735443,0.12290222942829132,0.8371776938438416,0.7185982465744019,1.2089974880218506,36.03179168701172,31.877920150756836,0.08136366307735443,0.12290222942829132,41.54190444946289,36.03179168701172,31.877920150756836,0.04716631770133972,0.07401715219020844,0.4857138693332672,0.44293349981307983,0.7226689457893372,17.652910232543945,13.547840118408203,0.04716631770133972,0.07401715219020844,23.643598556518555,17.652910232543945,13.547840118408203
scene13_traj1_1__000023,0.08111675828695297,0.12283416092395782,0.8361653685569763,0.719376802444458,1.2078136205673218,36.0735969543457,31.773487091064453,0.08111675828695297,0.12283416092395782,41.60974884033203,36.0735969543457,31.773487091064453,0.0473104827105999,0.0742349624633789,0.4877190887928009,0.4458252787590027,0.7263022065162659,17.79952049255371,13.563437461853027,0.0473104827105999,0.0742349624633789,23.76403045654297,17.79952049255371,13.563437461853027
scene13_traj1_1__000024,0.0811036080121994,0.1226973757147789,0.83145672082901,0.7236943244934082,1.2079764604568481,36.04182815551758,31.813138961791992,0.0811036080121994,0.1226973757147789,41.602088928222656,36.04182815551758,31.813138961791992,0.04705388844013214,0.07378575205802917,0.4882887303829193,0.4488231837749481,0.7296011447906494,17.88746452331543,13.669889450073242,0.04705388844013214,0.07378575205802917,23.886606216430664,17.88746452331543,13.669889450073242
scene13_traj1_1__000025,0.08045663684606552,0.12186470627784729,0.8340086936950684,0.7198411226272583,1.2049914598464966,35.78136444091797,31.419435501098633,0.08045663684606552,0.12186470627784729,41.5385627746582,35.78136444091797,31.419435501098633,0.0470617450773716,0.07363634556531906,0.48540300130844116,0.4462028741836548,0.72550368309021,17.7645206451416,13.566933631896973,0.0470617450773716,0.07363634556531906,23.731332778930664,17.7645206451416,13.566933631896973
scene13_traj1_1__000026,0.0807592049241066,0.12219887971878052,0.8359518051147461,0.7163640856742859,1.2058967351913452,35.82582092285156,31.444135665893555,0.0807592049241066,0.12219887971878052,41.548301696777344,35.82582092285156,31.444135665893555,0.04699409380555153,0.0734117403626442,0.48838552832603455,0.4461040496826172,0.7271201014518738,17.836299896240234,13.615584373474121,0.04699409380555153,0.0734117403626442,23.7938232421875,17.836299896240234,13.615584373474121
scene13_traj1_1__000027,0.08018404245376587,0.12166920304298401,0.8348658084869385,0.7143742442131042,1.2037338018417358,35.99585723876953,31.74932861328125,0.08018404245376587,0.12166920304298401,41.45725631713867,35.99585723876953,31.74932861328125,0.04735725000500679,0.07409904152154922,0.48995840549468994,0.4479467272758484,0.7302679419517517,17.920944213867188,13.713637351989746,0.04735725000500679,0.07409904152154922,23.901412963867188,17.920944213867188,13.713637351989746
scene13_traj1_1__000028,0.08017098158597946,0.12153077870607376,0.8355087637901306,0.7125560641288757,1.203961730003357,36.118099212646484,31.922714233398438,0.08017098158597946,0.12153077870607376,41.44911575317383,36.118099212646484,31.922714233398438,0.04709804430603981,0.07369162887334824,0.49216601252555847,0.4503394663333893,0.7339890599250793,18.1024169921875,13.873652458190918,0.04709804430603981,0.07369162887334824,24.040761947631836,18.1024169921875,13.873652458190918
scene13_traj1_1__000029,0.08088286966085434,0.1226385310292244,0.834234893321991,0.7150508761405945,1.205289363861084,35.90962600708008,31.644657135009766,0.08088286966085434,0.1226385310292244,41.4744758605957,35.90962600708008,31.644657135009766,0.047176193445920944,0.07393860816955566,0.48995712399482727,0.45077458024024963,0.7325478196144104,18.088661193847656,13.818489074707031,0.047176193445920944,0.07393860816955566,23.987001419067383,18.088661193847656,13.818489074707031
scene13_traj1_1__000030,0.0807357057929039,0.12217698246240616,0.8368129134178162,0.7191749215126038,1.2103198766708374,36.264183044433594,32.166473388671875,0.0807357057929039,0.12217698246240616,41.67256546020508,36.264183044433594,32.166473388671875,0.04683006927371025,0.07331513613462448,0.49172765016555786,0.4520131051540375,0.7340893149375916,18.134008407592773,13.920523643493652,0.04683006927371025,0.07331513613462448,24.057342529296875,18.134008407592773,13.920523643493652
scene13_traj1_1__000031,0.0802040621638298,0.12148686498403549,0.8303321599960327,0.7109094262123108,1.1985971927642822,35.565696716308594,31.183809280395508,0.0802040621638298,0.12148686498403549,41.21092987060547,35.565696716308594,31.183809280395508,0.04646988958120346,0.07275620102882385,0.48901963233947754,0.452300101518631,0.732406497001648,18.005319595336914,13.65665340423584,0.04646988958120346,0.07275620102882385,24.00334358215332,18.005319595336914,13.65665340423584
scene13_traj1_1__000032,0.08013851940631866,0.1215134859085083,0.8343825936317444,0.7149844765663147,1.2037954330444336,35.988189697265625,31.76822280883789,0.08013851940631866,0.1215134859085083,41.48387145996094,35.988189697265625,31.76822280883789,0.04649721086025238,0.0728454440832138,0.49050307273864746,0.45322978496551514,0.7344686985015869,18.06110191345215,13.737566947937012,0.04649721086025238,0.0728454440832138,24.06440544128418,18.06110191345215,13.737566947937012
scene13_traj1_1__000033,0.07964988052845001,0.12098195403814316,0.8385450839996338,0.7077412605285645,1.2026872634887695,35.73067855834961,31.42371368408203,0.07964988052845001,0.12098195403814316,41.414329528808594,35.73067855834961,31.42371368408203,0.04634389281272888,0.07196737825870514,0.4899039566516876,0.4531744718551636,0.7342796921730042,17.9395694732666,13.530559539794922,0.04634389281272888,0.07196737825870514,24.057716369628906,17.9395694732666,13.530559539794922
scene13_traj1_1__000034,0.07843609899282455,0.11919964104890823,0.8407610654830933,0.7008053660392761,1.1969740390777588,35.22476577758789,30.60782814025879,0.07843609899282455,0.11919964104890823,41.266990661621094,35.22476577758789,30.60782814025879,0.044909458607435226,0.06847049295902252,0.48893991112709045,0.45588111877441406,0.734828531742096,17.9012508392334,13.270987510681152,0.044909458607435226,0.06847049295902252,24.10135269165039,17.9012508392334,13.270987510681152
scene13_traj1_1__000035,0.07822127640247345,0.11855404078960419,0.8301064372062683,0.6977214813232422,1.1869103908538818,34.981117248535156,30.499832153320312,0.07822127640247345,0.11855404078960419,40.864097595214844,34.981117248535156,30.499832153320312,0.04463633522391319,0.06787656992673874,0.4883136451244354,0.4578288197517395,0.7344433069229126,17.83904457092285,13.15500259399414,0.04463633522391319,0.06787656992673874,24.08126449584961,17.83904457092285,13.15500259399414
scene13_traj1_1__000036,0.07771821320056915,0.118198461830616,0.8321463465690613,0.7128152847290039,1.2015409469604492,35.65863037109375,31.211618423461914,0.07771821320056915,0.118198461830616,41.41568374633789,35.65863037109375,31.211618423461914,0.04425651207566261,0.06673774868249893,0.48771512508392334,0.46262192726135254,0.7379269003868103,17.83425521850586,13.052199363708496,0.04425651207566261,0.06673774868249893,24.220592498779297,17.83425521850586,13.052199363708496
scene13_traj1_1__000037,0.07680393755435944,0.11691328138113022,0.850436806678772,0.6944273710250854,1.2007770538330078,35.43589782714844,30.786609649658203,0.07680393755435944,0.11691328138113022,41.41880798339844,35.43589782714844,30.786609649658203,0.043830253183841705,0.06561926752328873,0.4869704842567444,0.46336817741394043,0.7381211519241333,17.80940055847168,12.903985023498535,0.043830253183841705,0.06561926752328873,24.232851028442383,17.80940055847168,12.903985023498535
scene13_traj1_1__000038,0.07556942105293274,0.11484572291374207,0.8464254140853882,0.6995977759361267,1.2009687423706055,35.33281326293945,30.496767044067383,0.07556942105293274,0.11484572291374207,41.4370231628418,35.33281326293945,30.496767044067383,0.04271229729056358,0.06343794614076614,0.49092158675193787,0.4638556241989136,0.740993082523346,17.91448974609375,13.002927780151367,0.04271229729056358,0.06343794614076614,24.34422492980957,17.91448974609375,13.002927780151367
scene13_traj1_1__000039,0.07549703866243362,0.11493930965662003,0.8533957600593567,0.7025561332702637,1.2092608213424683,35.92593765258789,31.257274627685547,0.07549703866243362,0.11493930965662003,41.76941680908203,35.92593765258789,31.257274627685547,0.04282978177070618,0.06383918225765228,0.4922560155391693,0.4669053554534912,0.7441954016685486,18.0377197265625,13.117419242858887,0.04282978177070618,0.06383918225765228,24.435941696166992,18.0377197265625,13.117419242858887
scene13_traj1_1__000040,0.0751182958483696,0.11454399675130844,0.8582749366760254,0.6891394853591919,1.201651692390442,35.4837760925293,30.754953384399414,0.0751182958483696,0.11454399675130844,41.49126052856445,35.4837760925293,30.754953384399414,0.04263658821582794,0.06353215128183365,0.4913753569126129,0.4688869118690491,0.7451238632202148,18.036998748779297,13.049249649047852,0.04263658821582794,0.06353215128183365,24.489259719848633,18.036998748779297,13.049249649047852
scene13_traj1_1__000041,0.07498136162757874,0.11425953358411789,0.8573761582374573,0.6942654848098755,1.2050997018814087,35.56487274169922,30.869192123413086,0.07498136162757874,0.11425953358411789,41.58820343017578,35.56487274169922,30.869192123413086,0.0426601842045784,0.06355368345975876,0.4917301833629608,0.4683064818382263,0.7448798418045044,18.069055557250977,13.117451667785645,0.0426601842045784,0.06355368345975876,24.487289428710938,18.069055557250977,13.117451667785645
scene13_traj1_1__000042,0.07524769753217697,0.1146080419421196,0.8574038147926331,0.6998940706253052,1.210234522819519,35.88904571533203,31.210859298706055,0.07524769753217697,0.1146080419421196,41.7899055480957,35.88904571533203,31.210859298706055,0.04295835271477699,0.06414758414030075,0.4931629002094269,0.46996772289276123,0.7473627924919128,18.163612365722656,13.164034843444824,0.04295835271477699,0.06414758414030075,24.57638931274414,18.163612365722656,13.164034843444824
scene13_traj1_1__000043,0.07497339695692062,0.11399610340595245,0.8592144250869751,0.710115373134613,1.2210626602172852,36.650089263916016,32.31637954711914,0.07497339695692062,0.11399610340595245,42.18534851074219,36.650089263916016,32.31637954711914,0.04296961426734924,0.06411167234182358,0.49489063024520874,0.47072499990463257,0.7488142848014832,18.34522819519043,13.393418312072754,0.04296961426734924,0.06411167234182358,24.648990631103516,18.34522819519043,13.393418312072754
scene13_traj1_1__000044,0.07504800707101822,0.11421661078929901,0.8597934246063232,0.7156457901000977,1.2252660989761353,36.754295349121094,32.300071716308594,0.07504800707101822,0.11421661078929901,42.34663009643555,36.754295349121094,32.300071716308594,0.04289283975958824,0.06417148560285568,0.4953143000602722,0.4725172519683838,0.7506483197212219,18.389102935791016,13.356945991516113,0.04289283975958824,0.06417148560285568,24.7103328704834,18.389102935791016,13.356945991516113
scene13_traj1_1__000045,0.07466541975736618,0.11371227353811264,0.8677257895469666,0.7098779678344727,1.2280751466751099,36.90756607055664,32.57416915893555,0.07466541975736618,0.11371227353811264,42.45515441894531,36.90756607055664,32.57416915893555,0.04281231388449669,0.0639224722981453,0.49571290612220764,0.4737508296966553,0.7520420551300049,18.518096923828125,13.462055206298828,0.04281231388449669,0.0639224722981453,24.749618530273438,18.518096923828125,13.462055206298828
scene13_traj1_1__000046,0.07469490170478821,0.11375013738870621,0.8620591163635254,0.7106291055679321,1.2230488061904907,36.63884353637695,32.23887634277344,0.07469490170478821,0.11375013738870621,42.29783248901367,36.63884353637695,32.23887634277344,0.04282354190945625,0.06393870711326599,0.4977143704891205,0.4736194312572479,0.7536607384681702,18.476900100708008,13.430645942687988,0.04282354190945625,0.06393870711326599,24.815929412841797,18.476900100708008,13.430645942687988
scene13_traj1_1__000047,0.07402943819761276,0.1128535270690918,0.8634653687477112,0.704447329044342,1.219742774963379,36.453758239746094,31.909658432006836,0.07402943819761276,0.1128535270690918,42.17229461669922,36.453758239746094,31.909658432006836,0.042873356491327286,0.06396928429603577,0.4980945587158203,0.4749490022659302,0.7547916769981384,18.561880111694336,13.48945426940918,0.042873356491327286,0.06396928429603577,24.857418060302734,18.561880111694336,13.48945426940918
scene13_traj1_1__000048,0.07425960898399353,0.11317729204893112,0.85811847448349,0.7097970247268677,1.2193480730056763,36.43297576904297,31.90505599975586,0.07425960898399353,0.11317729204893112,42.170860290527344,36.43297576904297,31.90505599975586,0.04245807230472565,0.06320715695619583,0.4965352416038513,0.4716741740703583,0.7514169216156006,18.431447982788086,13.39697551727295,0.04245807230472565,0.06320715695619583,24.732933044433594,18.431447982788086,13.39697551727295
scene13_traj1_1__000049,0.07391626387834549,0.11286335438489914,0.8633875846862793,0.7006701827049255,1.2153129577636719,36.21923828125,31.626676559448242,0.07391626387834549,0.11286335438489914,42.03289031982422,36.21923828125,31.626676559448242,0.04276575893163681,0.06393340229988098,0.49691078066825867,0.47358614206314087,0.753011167049408,18.423233032226562,13.367180824279785,0.04276575893163681,0.06393340229988098,24.79757308959961,18.423233032226562,13.367180824279785
scene13_traj1_1__000050,0.07426701486110687,0.11319625377655029,0.8652475476264954,0.7031988501548767,1.2194446325302124,36.488807678222656,31.996137619018555,0.07426701486110687,0.11319625377655029,42.18297576904297,36.488807678222656,31.996137619018555,0.04306773468852043,0.0644165650010109,0.4984312057495117,0.475987046957016,0.7559800148010254,18.611894607543945,13.559551239013672,0.04306773468852043,0.0644165650010109,24.90425682067871,18.611894607543945,13.559551239013672
scene13_traj1_1__000051,0.07423584163188934,0.11328814178705215,0.8654601573944092,0.7137469053268433,1.2280353307724,37.02391815185547,32.689735412597656,0.07423584163188934,0.11328814178705215,42.52312469482422,37.02391815185547,32.689735412597656,0.043218787759542465,0.06480517238378525,0.4984898269176483,0.476464182138443,0.7561545968055725,18.750133514404297,13.773693084716797,0.043218787759542465,0.06480517238378525,24.917713165283203,18.750133514404297,13.773693084716797
scene13_traj1_1__000052,0.07398805767297745,0.11335352808237076,0.8602093458175659,0.7067262530326843,1.2189306020736694,36.58574295043945,32.23054122924805,0.07398805767297745,0.11335352808237076,42.15251159667969,36.58574295043945,32.23054122924805,0.04343309998512268,0.06507821381092072,0.49933719635009766,0.4770738482475281,0.7574339509010315,18.767263412475586,13.690488815307617,0.04343309998512268,0.06507821381092072,24.95564079284668,18.767263412475586,13.690488815307617
scene13_traj1_1__000053,0.07372719794511795,0.11258257925510406,0.8616663217544556,0.7050634622573853,1.2175519466400146,36.40720748901367,31.839935302734375,0.07372719794511795,0.11258257925510406,42.122337341308594,36.40720748901367,31.839935302734375,0.043034058064222336,0.06439226865768433,0.5013242959976196,0.4754072427749634,0.7576610445976257,18.79874038696289,13.735957145690918,0.043034058064222336,0.06439226865768433,24.98713493347168,18.79874038696289,13.735957145690918
scene13_traj1_1__000054,0.07331714034080505,0.11192299425601959,0.8675622940063477,0.7036215662956238,1.2214783430099487,36.916866302490234,32.62038040161133,0.07331714034080505,0.11192299425601959,42.24628829956055,36.916866302490234,32.62038040161133,0.043308645486831665,0.0647023469209671,0.5021047592163086,0.47899317741394043,0.7608476281166077,18.954050064086914,13.906189918518066,0.043308645486831665,0.0647023469209671,25.103349685668945,18.954050064086914,13.906189918518066
scene13_traj1_1__000055,0.07339940965175629,0.11195899546146393,0.8670752048492432,0.708223283290863,1.2252172231674194,37.075923919677734,32.71426773071289,0.07339940965175629,0.11195899546146393,42.41045379638672,37.075923919677734,32.71426773071289,0.04285355657339096,0.06399892270565033,0.5025526285171509,0.4773184657096863,0.7595630884170532,18.919300079345703,13.82750129699707,0.04285355657339096,0.06399892270565033,25.043811798095703,18.919300079345703,13.82750129699707
scene13_traj1_1__000056,0.07360067218542099,0.11219090968370438,0.8660599589347839,0.6967979073524475,1.215884804725647,36.505184173583984,32.014102935791016,0.07360067218542099,0.11219090968370438,42.042110443115234,36.505184173583984,32.014102935791016,0.04295331612229347,0.06395163387060165,0.5033957362174988,0.4788993000984192,0.7618347406387329,18.98295021057129,13.848464965820312,0.04295331612229347,0.06395163387060165,25.13318634033203,18.98295021057129,13.848464965820312
scene13_traj1_1__000057,0.07316844165325165,0.1116398349404335,0.8724459409713745,0.6953200697898865,1.2188657522201538,36.604732513427734,32.1082763671875,0.07316844165325165,0.1116398349404335,42.198856353759766,36.604732513427734,32.1082763671875,0.04337316006422043,0.06455866992473602,0.5024113655090332,0.4793962836265564,0.7613151669502258,19.063541412353516,13.919477462768555,0.04337316006422043,0.06455866992473602,25.13006591796875,19.063541412353516,13.919477462768555
scene13_traj1_1__000058,0.0735691487789154,0.11223132163286209,0.8662636280059814,0.7015005946159363,1.2202457189559937,36.795989990234375,32.337745666503906,0.0735691487789154,0.11223132163286209,42.219764709472656,36.795989990234375,32.337745666503906,0.04320627450942993,0.06450872868299484,0.5036183595657349,0.48334866762161255,0.7649148106575012,19.14113426208496,13.965588569641113,0.04320627450942993,0.06450872868299484,25.26178741455078,19.14113426208496,13.965588569641113
scene13_traj1_1__000059,0.07346814125776291,0.11199703812599182,0.8687282800674438,0.7041277885437012,1.2234798669815063,36.92845916748047,32.65252685546875,0.07346814125776291,0.11199703812599182,42.32723617553711,36.92845916748047,32.65252685546875,0.04355650767683983,0.06482453644275665,0.5017871260643005,0.4823448359966278,0.7630812525749207,19.094818115234375,13.912622451782227,0.04355650767683983,0.06482453644275665,25.193389892578125,19.094818115234375,13.912622451782227
scene13_traj1_1__000060,0.07362513989210129,0.11221403628587723,0.8770098686218262,0.7072632908821106,1.2327098846435547,37.62119674682617,33.55030059814453,0.07362513989210129,0.11221403628587723,42.66175842285156,37.62119674682617,33.55030059814453,0.043666113168001175,0.06522653996944427,0.5085901021957397,0.4833436906337738,0.7683278918266296,19.488126754760742,14.40134334564209,0.043666113168001175,0.06522653996944427,25.401351928710938,19.488126754760742,14.40134334564209
scene13_traj1_1__000061,0.07362964749336243,0.11204149574041367,0.867824375629425,0.7183671593666077,1.2341029644012451,37.72526168823242,33.64179611206055,0.07362964749336243,0.11204149574041367,42.694847106933594,37.72526168823242,33.64179611206055,0.0436101071536541,0.06489439308643341,0.5072044730186462,0.48230892419815063,0.7669904232025146,19.435365676879883,14.303059577941895,0.0436101071536541,0.06489439308643341,25.356979370117188,19.435365676879883,14.303059577941895
scene13_traj1_1__000062,0.07349372655153275,0.11185331642627716,0.8760684132575989,0.7130618095397949,1.2354973554611206,37.69491195678711,33.4442024230957,0.07349372655153275,0.11185331642627716,42.785614013671875,37.69491195678711,33.4442024230957,0.0437946580350399,0.06518152356147766,0.5077866911888123,0.48368576169013977,0.7686858177185059,19.523895263671875,14.4323091506958,0.0437946580350399,0.06518152356147766,25.422378540039062,19.523895263671875,14.4323091506958
scene13_traj1_1__000063,0.07421226054430008,0.11284537613391876,0.8699975609779358,0.706016480922699,1.2252570390701294,37.08964920043945,32.73820114135742,0.07421226054430008,0.11284537613391876,42.436561584472656,37.08964920043945,32.73820114135742,0.043949808925390244,0.06576038151979446,0.50589519739151,0.4851248264312744,0.768032431602478,19.417869567871094,14.304451942443848,0.043949808925390244,0.06576038151979446,25.397939682006836,19.417869567871094,14.304451942443848
scene13_traj1_1__000064,0.07460063695907593,0.11341582238674164,0.8742653131484985,0.7061392664909363,1.228877305984497,37.57649612426758,33.31839370727539,0.07460063695907593,0.11341582238674164,42.579856872558594,37.57649612426758,33.31839370727539,0.04419095814228058,0.0663791373372078,0.5084766745567322,0.4851701259613037,0.7692728042602539,19.553451538085938,14.424272537231445,0.04419095814228058,0.0663791373372078,25.444961547851562,19.553451538085938,14.424272537231445
scene13_traj1_1__000065,0.07474715262651443,0.1138860359787941,0.8751145601272583,0.7023865580558777,1.226609230041504,37.57019805908203,33.32097244262695,0.07474715262651443,0.1138860359787941,42.496238708496094,37.57019805908203,33.32097244262695,0.04472975805401802,0.06770782917737961,0.5090957880020142,0.47966206073760986,0.7667147517204285,19.620742797851562,14.60371208190918,0.04472975805401802,0.06770782917737961,25.333036422729492,19.620742797851562,14.60371208190918
scene13_traj1_1__000066,0.07469192892313004,0.11354902386665344,0.8725498914718628,0.7064514756202698,1.2286028861999512,37.59719467163086,33.404571533203125,0.07469192892313004,0.11354902386665344,42.523292541503906,37.59719467163086,33.404571533203125,0.04458429664373398,0.06737050414085388,0.5060076713562012,0.4794834554195404,0.7640305161476135,19.452518463134766,14.465583801269531,0.04458429664373398,0.06737050414085388,25.252460479736328,19.452518463134766,14.465583801269531
scene13_traj1_1__000067,0.07502026110887527,0.1143408864736557,0.8657693862915039,0.7077201008796692,1.222570776939392,37.19276809692383,32.88113784790039,0.07502026110887527,0.1143408864736557,42.34346389770508,37.19276809692383,32.88113784790039,0.04502919316291809,0.06860856711864471,0.5101988315582275,0.48096176981925964,0.7687194347381592,19.625822067260742,14.66390609741211,0.04502919316291809,0.06860856711864471,25.400400161743164,19.625822067260742,14.66390609741211
scene13_traj1_1__000068,0.07493184506893158,0.11387679725885391,0.870948314666748,0.7096697092056274,1.2287423610687256,37.51496505737305,33.22001266479492,0.07493184506893158,0.11387679725885391,42.55329895019531,37.51496505737305,33.22001266479492,0.04473733529448509,0.06760740280151367,0.5094344019889832,0.4801226258277893,0.7676335573196411,19.619855880737305,14.597565650939941,0.04473733529448509,0.06760740280151367,25.37141990661621,19.619855880737305,14.597565650939941
scene13_traj1_1__000069,0.0749908909201622,0.11423201858997345,0.8687097430229187,0.7036721110343933,1.2228260040283203,37.0940055847168,32.65617370605469,0.0749908909201622,0.11423201858997345,42.297271728515625,37.0940055847168,32.65617370605469,0.044987376779317856,0.06829065829515457,0.5074807405471802,0.48190441727638245,0.7671870589256287,19.59785270690918,14.551437377929688,0.044987376779317856,0.06829065829515457,25.361499786376953,19.59785270690918,14.551437377929688
scene13_traj1_1__000070,0.07540244609117508,0.11464294046163559,0.8684043884277344,0.7214788794517517,1.2377294301986694,38.04927444458008,33.985939025878906,0.07540244609117508,0.11464294046163559,42.88796615600586,38.04927444458008,33.985939025878906,0.04527697339653969,0.06897734105587006,0.5086752772331238,0.4805399477481842,0.7672154903411865,19.665023803710938,14.718987464904785,0.04527697339653969,0.06897734105587006,25.3561954498291,19.665023803710938,14.718987464904785
scene13_traj1_1__000071,0.07557134330272675,0.11495966464281082,0.8683865070343018,0.7015527486801147,1.2209457159042358,37.380699157714844,33.24577713012695,0.07557134330272675,0.11495966464281082,42.26219177246094,37.380699157714844,33.24577713012695,0.045524489134550095,0.06992289423942566,0.5111278295516968,0.48210495710372925,0.7707059979438782,19.93123435974121,15.108985900878906,0.045524489134550095,0.06992289423942566,25.488882064819336,19.93123435974121,15.108985900878906
scene13_traj1_1__000072,0.07539580762386322,0.11471927165985107,0.8685123324394226,0.6989145278930664,1.2187772989273071,37.219818115234375,33.064884185791016,0.07539580762386322,0.11471927165985107,42.17898178100586,37.219818115234375,33.064884185791016,0.04550175741314888,0.0697421282529831,0.5106510519981384,0.4821476936340332,0.7699537873268127,19.897615432739258,15.028651237487793,0.04550175741314888,0.0697421282529831,25.450742721557617,19.897615432739258,15.028651237487793
scene13_traj1_1__000073,0.07540902495384216,0.1146506741642952,0.8680758476257324,0.698312520980835,1.217594861984253,37.25163269042969,33.06757736206055,0.07540902495384216,0.1146506741642952,42.153045654296875,37.25163269042969,33.06757736206055,0.04533867910504341,0.06939872354269028,0.5098446011543274,0.4854297935962677,0.7717105746269226,19.961706161499023,15.037578582763672,0.04533867910504341,0.06939872354269028,25.522159576416016,19.961706161499023,15.037578582763672
scene13_traj1_1__000074,0.07490189373493195,0.11392871290445328,0.8715603947639465,0.6997077465057373,1.2223209142684937,37.68575668334961,33.73115921020508,0.07490189373493195,0.11392871290445328,42.32442092895508,37.68575668334961,33.73115921020508,0.04554986581206322,0.06985141336917877,0.5135621428489685,0.4848646819591522,0.7742918133735657,20.083538055419922,15.178420066833496,0.04554986581206322,0.06985141336917877,25.625776290893555,20.083538055419922,15.178420066833496
scene13_traj1_1__000075,0.0747191309928894,0.11384105682373047,0.8667324781417847,0.7016854286193848,1.220022439956665,37.32649612426758,33.25343704223633,0.0747191309928894,0.11384105682373047,42.19624328613281,37.32649612426758,33.25343704223633,0.04548954591155052,0.0698484256863594,0.5129152536392212,0.48618635535240173,0.7748361825942993,20.15315055847168,15.293021202087402,0.04548954591155052,0.0698484256863594,25.637523651123047,20.15315055847168,15.293021202087402
scene13_traj1_1__000076,0.07518977671861649,0.1143447682261467,0.8773029446601868,0.7056366801261902,1.2313823699951172,38.307186126708984,34.57419204711914,0.07518977671861649,0.1143447682261467,42.70257568359375,38.307186126708984,34.57419204711914,0.04541609808802605,0.06988176703453064,0.516089677810669,0.4885644316673279,0.7791139483451843,20.495399475097656,15.716160774230957,0.04541609808802605,0.06988176703453064,25.833303451538086,20.495399475097656,15.716160774230957
scene13_traj1_1__000077,0.07523474842309952,0.11429520696401596,0.8806571960449219,0.6984597444534302,1.2291423082351685,38.16154098510742,34.25437545776367,0.07523474842309952,0.11429520696401596,42.605831146240234,38.16154098510742,34.25437545776367,0.04541294276714325,0.06988758593797684,0.5157703161239624,0.48805680871009827,0.7777308225631714,20.401615142822266,15.564287185668945,0.04541294276714325,0.06988758593797684,25.778987884521484,20.401615142822266,15.564287185668945
scene13_traj1_1__000078,0.07503033429384232,0.11404574662446976,0.8791034817695618,0.6974581480026245,1.226728916168213,38.114830017089844,34.20344924926758,0.07503033429384232,0.11404574662446976,42.52827072143555,38.114830017089844,34.20344924926758,0.04547696188092232,0.06979764997959137,0.519166111946106,0.48995763063430786,0.7820352911949158,20.655839920043945,15.886752128601074,0.04547696188092232,0.06979764997959137,25.942373275756836,20.655839920043945,15.886752128601074
scene13_traj1_1__000079,0.07492250949144363,0.1136673092842102,0.8814220428466797,0.6968784928321838,1.2280333042144775,38.4028205871582,34.68198013305664,0.07492250949144363,0.1136673092842102,42.52404022216797,38.4028205871582,34.68198013305664,0.04548114165663719,0.0695367231965065,0.5185472965240479,0.489799439907074,0.7811615467071533,20.621118545532227,15.78622055053711,0.04548114165663719,0.0695367231965065,25.926799774169922,20.621118545532227,15.78622055053711
scene13_traj1_1__000080,0.07480058819055557,0.11348109692335129,0.8833985924720764,0.7015520334243774,1.2340567111968994,38.589908599853516,34.823158264160156,0.07480058819055557,0.11348109692335129,42.7933235168457,38.589908599853516,34.823158264160156,0.045352816581726074,0.06943488121032715,0.5187177062034607,0.49242743849754333,0.7831657528877258,20.80616569519043,16.068218231201172,0.045352816581726074,0.06943488121032715,25.9928035736084,20.80616569519043,16.068218231201172
scene13_traj1_1__000081,0.07452581077814102,0.11293213069438934,0.8824276924133301,0.7132046818733215,1.2423306703567505,38.719337463378906,34.826786041259766,0.07452581077814102,0.11293213069438934,43.098392486572266,38.719337463378906,34.826786041259766,0.045054543763399124,0.06857345253229141,0.5204762816429138,0.48843201994895935,0.7814157605171204,20.82114601135254,16.039403915405273,0.045054543763399124,0.06857345253229141,25.94803810119629,20.82114601135254,16.039403915405273
scene13_traj1_1__000082,0.07457290589809418,0.11315153539180756,0.8832857012748718,0.7045537233352661,1.2356420755386353,38.635807037353516,34.87602996826172,0.07457290589809418,0.11315153539180756,42.88201141357422,38.635807037353516,34.87602996826172,0.045431628823280334,0.06946272403001785,0.5207497477531433,0.49181628227233887,0.7843918204307556,21.03430938720703,16.287151336669922,0.045431628823280334,0.06946272403001785,26.058595657348633,21.03430938720703,16.287151336669922
scene13_traj1_1__000083,0.07454987615346909,0.1130586490035057,0.8739917278289795,0.7008182406425476,1.2233775854110718,37.78867721557617,33.84309387207031,0.07454987615346909,0.1130586490035057,42.33652114868164,37.78867721557617,33.84309387207031,0.045199960470199585,0.06907447427511215,0.5133240818977356,0.49020254611968994,0.7775818705558777,20.658493041992188,15.95330810546875,0.045199960470199585,0.06907447427511215,25.781429290771484,20.658493041992188,15.95330810546875
scene13_traj1_1__000084,0.07450331747531891,0.11302121728658676,0.8848369717597961,0.6990956664085388,1.2313250303268433,38.352542877197266,34.370277404785156,0.07450331747531891,0.11302121728658676,42.736114501953125,38.352542877197266,34.370277404785156,0.04536614567041397,0.06957198679447174,0.5197109580039978,0.49170270562171936,0.7828966379165649,21.008596420288086,16.324556350708008,0.04536614567041397,0.06957198679447174,26.004901885986328,21.008596420288086,16.324556350708008
scene13_traj1_1__000085,0.07412686198949814,0.11244868487119675,0.8812577128410339,0.7155369520187378,1.2416750192642212,38.727073669433594,34.915626525878906,0.07412686198949814,0.11244868487119675,43.08681869506836,38.727073669433594,34.915626525878906,0.045519184321165085,0.06976952403783798,0.5210658311843872,0.4970139265060425,0.7882014513015747,21.28666114807129,16.677583694458008,0.045519184321165085,0.06976952403783798,26.23889923095703,21.28666114807129,16.677583694458008
scene13_traj1_1__000086,0.07399887591600418,0.11228983849287033,0.8862985372543335,0.7128693461418152,1.2440097332000732,39.10546112060547,35.41554641723633,0.07399887591600418,0.11228983849287033,43.19418716430664,39.10546112060547,35.41554641723633,0.045503225177526474,0.06968000531196594,0.5194071531295776,0.49557560682296753,0.7858111262321472,21.203418731689453,16.644329071044922,0.045503225177526474,0.06968000531196594,26.13191795349121,21.203418731689453,16.644329071044922
scene13_traj1_1__000087,0.07385463267564774,0.11207351088523865,0.8885351419448853,0.7059736251831055,1.2412432432174683,38.87473678588867,35.18546676635742,0.07385463267564774,0.11207351088523865,43.08143997192383,38.87473678588867,35.18546676635742,0.04583087936043739,0.07044483721256256,0.5221601128578186,0.49529972672462463,0.787827730178833,21.262914657592773,16.6707763671875,0.04583087936043739,0.07044483721256256,26.180686950683594,21.262914657592773,16.6707763671875
scene13_traj1_1__000088,0.07336165755987167,0.11125189810991287,0.8899518251419067,0.7105115652084351,1.2453298568725586,39.080841064453125,35.59866714477539,0.07336165755987167,0.11125189810991287,43.18550109863281,39.080841064453125,35.59866714477539,0.04497982934117317,0.06883134692907333,0.5182201266288757,0.49905118346214294,0.7877252697944641,21.295888900756836,16.783287048339844,0.04497982934117317,0.06883134692907333,26.202312469482422,21.295888900756836,16.783287048339844
scene13_traj1_1__000089,0.07336507737636566,0.1112457737326622,0.88922518491745,0.7118571996688843,1.2473450899124146,39.36196517944336,35.98080062866211,0.07336507737636566,0.1112457737326622,43.283756256103516,39.36196517944336,35.98080062866211,0.04505956172943115,0.06904737651348114,0.5239368081092834,0.502237856388092,0.7941348552703857,21.616817474365234,17.126760482788086,0.04505956172943115,0.06904737651348114,26.443578720092773,21.616817474365234,17.126760482788086
scene13_traj1_1__000090,0.0735716000199318,0.11163006722927094,0.8930250406265259,0.7141057252883911,1.2514017820358276,39.50194549560547,36.0284423828125,0.0735716000199318,0.11163006722927094,43.45816421508789,39.50194549560547,36.0284423828125,0.04535377770662308,0.06954123079776764,0.5242648124694824,0.49853911995887756,0.7909590601921082,21.669633865356445,17.27135467529297,0.04535377770662308,0.06954123079776764,26.334041595458984,21.669633865356445,17.27135467529297
scene13_traj1_1__000091,0.0735490620136261,0.11146257817745209,0.8933496475219727,0.711219310760498,1.2493609189987183,39.359230041503906,35.87104415893555,0.0735490620136261,0.11146257817745209,43.38601303100586,39.359230041503906,35.87104415893555,0.045279670506715775,0.06945717334747314,0.5246005654335022,0.49895691871643066,0.7923371195793152,21.67478370666504,17.283855438232422,0.045279670506715775,0.06945717334747314,26.375354766845703,21.67478370666504,17.283855438232422
scene13_traj1_1__000092,0.07314492762088776,0.11071303486824036,0.8919185996055603,0.7189538478851318,1.2556931972503662,39.85406494140625,36.448333740234375,0.07314492762088776,0.11071303486824036,43.64177703857422,39.85406494140625,36.448333740234375,0.04525143280625343,0.06926965713500977,0.5263087749481201,0.5038563013076782,0.7968795299530029,21.939477920532227,17.578359603881836,0.04525143280625343,0.06926965713500977,26.56133270263672,21.939477920532227,17.578359603881836
scene13_traj1_1__000093,0.07309321314096451,0.11079499870538712,0.8859608769416809,0.7223999500274658,1.2524158954620361,39.518775939941406,36.18815994262695,0.07309321314096451,0.11079499870538712,43.45872497558594,39.518775939941406,36.18815994262695,0.044931549578905106,0.06852538883686066,0.5237816572189331,0.5070705413818359,0.797370970249176,21.9588623046875,17.63463592529297,0.044931549578905106,0.06852538883686066,26.559839248657227,21.9588623046875,17.63463592529297
scene13_traj1_1__000094,0.0727875754237175,0.11022110283374786,0.89801025390625,0.7097752690315247,1.2496894598007202,39.7122688293457,36.50323486328125,0.0727875754237175,0.11022110283374786,43.42150115966797,39.7122688293457,36.50323486328125,0.04551516845822334,0.0695398673415184,0.525017261505127,0.509196400642395,0.7993469834327698,22.250707626342773,18.192218780517578,0.04551516845822334,0.0695398673415184,26.67010498046875,22.250707626342773,18.192218780517578
scene13_traj1_1__000095,0.07298164069652557,0.11059387028217316,0.9002419114112854,0.7053313851356506,1.2496026754379272,39.90943908691406,36.77108383178711,0.07298164069652557,0.11059387028217316,43.41741180419922,39.90943908691406,36.77108383178711,0.04535634070634842,0.06916623562574387,0.5287401080131531,0.5100144147872925,0.803310751914978,22.469329833984375,18.40754508972168,0.04535634070634842,0.06916623562574387,26.8177433013916,22.469329833984375,18.40754508972168
scene13_traj1_1__000096,0.07333101332187653,0.11096520721912384,0.8936781287193298,0.706889271736145,1.2435928583145142,39.63689422607422,36.501739501953125,0.07333101332187653,0.11096520721912384,43.18021011352539,39.63689422607422,36.501739501953125,0.0454791821539402,0.06959483027458191,0.5289545059204102,0.5073378086090088,0.8009949922561646,22.481367111206055,18.56003189086914,0.0454791821539402,0.06959483027458191,26.732589721679688,22.481367111206055,18.56003189086914
scene13_traj1_1__000097,0.07277515530586243,0.11022352427244186,0.8980616331100464,0.6941078305244446,1.2384504079818726,39.14219284057617,35.8017578125,0.07277515530586243,0.11022352427244186,43.00552749633789,39.14219284057617,35.8017578125,0.04502342268824577,0.06853418797254562,0.5236153602600098,0.5069857835769653,0.7965442538261414,22.131925582885742,18.064510345458984,0.04502342268824577,0.06853418797254562,26.57525634765625,22.131925582885742,18.064510345458984
scene13_traj1_1__000098,0.0724935382604599,0.11000492423772812,0.8985430002212524,0.7004981637001038,1.2440978288650513,39.43752670288086,36.2318000793457,0.0724935382604599,0.11000492423772812,43.24871826171875,39.43752670288086,36.2318000793457,0.04468342289328575,0.06835769861936569,0.5262238383293152,0.5022945404052734,0.7953276634216309,22.182374954223633,18.205198287963867,0.04468342289328575,0.06835769861936569,26.52345085144043,22.182374954223633,18.205198287963867
scene13_traj1_1__000099,0.07230602204799652,0.10991319268941879,0.899684488773346,0.7033810615539551,1.2469452619552612,39.51814270019531,36.248924255371094,0.07230602204799652,0.10991319268941879,43.35110855102539,39.51814270019531,36.248924255371094,0.0447523295879364,0.06830772012472153,0.5250353813171387,0.5046080350875854,0.7957925796508789,22.09874153137207,18.01921272277832,0.0447523295879364,0.06830772012472153,26.54195213317871,22.09874153137207,18.01921272277832
scene13_traj1_1__000100,0.07199735194444656,0.10934790968894958,0.8977488279342651,0.7023285031318665,1.2444137334823608,39.40107727050781,36.084075927734375,0.07199735194444656,0.10934790968894958,43.24036407470703,39.40107727050781,36.084075927734375,0.04432893171906471,0.06759167462587357,0.5244608521461487,0.5066475868225098,0.7971595525741577,22.129215240478516,17.90586280822754,0.04432893171906471,0.06759167462587357,26.603775024414062,22.129215240478516,17.90586280822754
scene13_traj1_1__000101,0.07266317307949066,0.1104755699634552,0.9002536535263062,0.7092306017875671,1.2509006261825562,39.79811096191406,36.5240364074707,0.07266317307949066,0.1104755699634552,43.52885818481445,39.79811096191406,36.5240364074707,0.04443405941128731,0.06767811626195908,0.525436282157898,0.50505530834198,0.7968382835388184,22.213937759399414,18.18133544921875,0.04443405941128731,0.06767811626195908,26.592763900756836,22.213937759399414,18.18133544921875
scene13_traj1_1__000102,0.07235386222600937,0.11007065325975418,0.8970582485198975,0.7093055248260498,1.248754858970642,39.5927619934082,36.32150650024414,0.07235386222600937,0.11007065325975418,43.391544342041016,39.5927619934082,36.32150650024414,0.044212114065885544,0.06740300357341766,0.524109423160553,0.5056177973747253,0.7958641648292542,22.168142318725586,18.040502548217773,0.044212114065885544,0.06740300357341766,26.55144500732422,22.168142318725586,18.040502548217773
scene13_traj1_1__000103,0.07207291573286057,0.10956814885139465,0.8986808061599731,0.7133833169937134,1.2541661262512207,40.02677917480469,36.97093200683594,0.07207291573286057,0.10956814885139465,43.59125900268555,40.02677917480469,36.97093200683594,0.04416526481509209,0.06708025187253952,0.5263157486915588,0.5056021809577942,0.7974629998207092,22.171207427978516,18.02804183959961,0.04416526481509209,0.06708025187253952,26.60323143005371,22.171207427978516,18.02804183959961
scene13_traj1_1__000104,0.07252117246389389,0.11023986339569092,0.8981492519378662,0.7006652355194092,1.2430977821350098,39.37467575073242,36.133113861083984,0.07252117246389389,0.11023986339569092,43.19181442260742,39.37467575073242,36.133113861083984,0.043920669704675674,0.06652756035327911,0.5201011300086975,0.5042060017585754,0.7918504476547241,21.859100341796875,17.695653915405273,0.043920669704675674,0.06652756035327911,26.389978408813477,21.859100341796875,17.695653915405273
scene13_traj1_1__000105,0.0720934346318245,0.1096302792429924,0.9013696312904358,0.7024706602096558,1.2466837167739868,39.62214279174805,36.43065643310547,0.0720934346318245,0.1096302792429924,43.33993911743164,39.62214279174805,36.43065643310547,0.04380270466208458,0.06679435819387436,0.5235385894775391,0.5050827860832214,0.7954933643341064,22.103328704833984,18.16082000732422,0.04380270466208458,0.06679435819387436,26.517179489135742,22.103328704833984,18.16082000732422
scene13_traj1_1__000106,0.07230719923973083,0.11004788428544998,0.9030444622039795,0.6952211260795593,1.2435129880905151,39.49927520751953,36.287776947021484,0.07230719923973083,0.11004788428544998,43.18052673339844,39.49927520751953,36.287776947021484,0.043715499341487885,0.06664229184389114,0.5227805972099304,0.5047459006309509,0.7946624755859375,22.010217666625977,17.882843017578125,0.043715499341487885,0.06664229184389114,26.493175506591797,22.010217666625977,17.882843017578125
scene13_traj1_1__000107,0.07248517870903015,0.11055643111467361,0.8993764519691467,0.6910952925682068,1.2371656894683838,39.253273010253906,36.12900924682617,0.07248517870903015,0.11055643111467361,42.94340896606445,39.253273010253906,36.12900924682617,0.04351202771067619,0.06650546938180923,0.5171830654144287,0.5072326064109802,0.7932437062263489,21.815937042236328,17.72626495361328,0.04351202771067619,0.06650546938180923,26.393709182739258,21.815937042236328,17.72626495361328
scene13_traj1_1__000108,0.07216888666152954,0.11004536598920822,0.899573564529419,0.6963326334953308,1.2422230243682861,39.487953186035156,36.433128356933594,0.07216888666152954,0.11004536598920822,43.11320877075195,39.487953186035156,36.433128356933594,0.04334913194179535,0.06616568565368652,0.5187463164329529,0.5060118436813354,0.7934344410896301,21.901954650878906,17.873422622680664,0.04334913194179535,0.06616568565368652,26.406831741333008,21.901954650878906,17.873422622680664
scene13_traj1_1__000109,0.07209371030330658,0.11003894358873367,0.9040204882621765,0.7041062116622925,1.251869559288025,39.91170883178711,36.98747253417969,0.07209371030330658,0.11003894358873367,43.413002014160156,39.91170883178711,36.98747253417969,0.04308675229549408,0.06576558202505112,0.5182986259460449,0.5081871151924133,0.794385552406311,22.039508819580078,18.10837173461914,0.04308675229549408,0.06576558202505112,26.44654083251953,22.039508819580078,18.10837173461914
scene13_traj1_1__000110,0.07135537266731262,0.1091279610991478,0.9090193510055542,0.7044898867607117,1.2573426961898804,40.41642761230469,37.684078216552734,0.07135537266731262,0.1091279610991478,43.64447784423828,40.41642761230469,37.684078216552734,0.04296455532312393,0.06579048186540604,0.517977774143219,0.5108975172042847,0.7972419261932373,22.068885803222656,18.12554359436035,0.04296455532312393,0.06579048186540604,26.50873374938965,22.068885803222656,18.12554359436035
scene13_traj1_1__000111,0.07114749401807785,0.10879423469305038,0.9091240167617798,0.7041773796081543,1.2559691667556763,40.41775894165039,37.768455505371094,0.07114749401807785,0.10879423469305038,43.6408805847168,40.41775894165039,37.768455505371094,0.04275202378630638,0.06525180488824844,0.5202428698539734,0.5093497633934021,0.7974311113357544,22.133893966674805,18.244537353515625,0.04275202378630638,0.06525180488824844,26.524024963378906,22.133893966674805,18.244537353515625
scene13_traj1_1__000112,0.07128137350082397,0.10905608534812927,0.9052839279174805,0.7061793208122253,1.2555078268051147,40.26004409790039,37.56056213378906,0.07128137350082397,0.10905608534812927,43.5411491394043,40.26004409790039,37.56056213378906,0.042736899107694626,0.06527290493249893,0.5151044726371765,0.5077313780784607,0.7928504347801208,21.788894653320312,17.964040756225586,0.042736899107694626,0.06527290493249893,26.314834594726562,21.788894653320312,17.964040756225586
scene13_traj1_1__000113,0.07118464261293411,0.10872063785791397,0.9114215970039368,0.7087991833686829,1.2612333297729492,40.6671142578125,38.062740325927734,0.07118464261293411,0.10872063785791397,43.810279846191406,40.6671142578125,38.062740325927734,0.042693618685007095,0.06469739973545074,0.5188048481941223,0.5080668330192566,0.7952406406402588,22.203445434570312,18.54847526550293,0.042693618685007095,0.06469739973545074,26.45366096496582,22.203445434570312,18.54847526550293
scene13_traj1_1__000114,0.07143077254295349,0.1090606227517128,0.909298300743103,0.6985426545143127,1.2519619464874268,39.97279739379883,37.2531852722168,0.07143077254295349,0.1090606227517128,43.38862609863281,39.97279739379883,37.2531852722168,0.04301958903670311,0.06576035916805267,0.5166441798210144,0.5111265778541565,0.7967403531074524,22.066497802734375,18.349529266357422,0.04301958903670311,0.06576035916805267,26.490089416503906,22.066497802734375,18.349529266357422
scene13_traj1_1__000115,0.07132057845592499,0.10903862118721008,0.9074707627296448,0.7008209824562073,1.251037836074829,40.16923904418945,37.50298309326172,0.07132057845592499,0.10903862118721008,43.40108871459961,40.16923904418945,37.50298309326172,0.042592450976371765,0.06472314894199371,0.5177392959594727,0.5116732120513916,0.7974070310592651,22.227027893066406,18.654550552368164,0.042592450976371765,0.06472314894199371,26.53005599975586,22.227027893066406,18.654550552368164
scene13_traj1_1__000116,0.07185577601194382,0.1095840334892273,0.9131832718849182,0.6982613205909729,1.2528449296951294,40.06448745727539,37.270381927490234,0.07185577601194382,0.1095840334892273,43.51893615722656,40.06448745727539,37.270381927490234,0.04318436607718468,0.06572947651147842,0.5180169939994812,0.5079108476638794,0.7946920394897461,22.214012145996094,18.755741119384766,0.04318436607718468,0.06572947651147842,26.421772003173828,22.214012145996094,18.755741119384766
scene13_traj1_1__000117,0.07119233161211014,0.10863111913204193,0.9084142446517944,0.7116085290908813,1.2604656219482422,40.56509017944336,38.05912780761719,0.07119233161211014,0.10863111913204193,43.76811599731445,40.56509017944336,38.05912780761719,0.04304972663521767,0.0657457560300827,0.5184420943260193,0.5092430114746094,0.7964327931404114,22.212121963500977,18.755840301513672,0.04304972663521767,0.0657457560300827,26.481821060180664,22.212121963500977,18.755840301513672
scene13_traj1_1__000118,0.0713011771440506,0.10872893035411835,0.9081256985664368,0.7051674723625183,1.2556626796722412,40.33146286010742,37.86573028564453,0.0713011771440506,0.10872893035411835,43.54820251464844,40.33146286010742,37.86573028564453,0.042986951768398285,0.06570570915937424,0.517577588558197,0.5091654062271118,0.7960088849067688,22.272216796875,18.85675048828125,0.042986951768398285,0.06570570915937424,26.486736297607422,22.272216796875,18.85675048828125
scene13_traj1_1__000119,0.071288101375103,0.10866286605596542,0.9072096943855286,0.7039304971694946,1.2541016340255737,40.21977233886719,37.637298583984375,0.071288101375103,0.10866286605596542,43.458290100097656,40.21977233886719,37.637298583984375,0.04270167276263237,0.06476234644651413,0.514769434928894,0.5046716928482056,0.7902848720550537,21.821590423583984,18.285703659057617,0.04270167276263237,0.06476234644651413,26.21285057067871,21.821590423583984,18.285703659057617
scene13_traj1_1__000120,0.07163887470960617,0.10854793339967728,0.9038103818893433,0.709445059299469,1.2591646909713745,40.39352798461914,38.0038948059082,0.07163887470960617,0.10854793339967728,43.59690475463867,40.39352798461914,38.0038948059082,0.042803701013326645,0.06491918116807938,0.5147307515144348,0.504947304725647,0.7907020449638367,21.997236251831055,18.672269821166992,0.042803701013326645,0.06491918116807938,26.252229690551758,21.997236251831055,18.672269821166992
scene13_traj1_1__000121,0.07165578007698059,0.10862239450216293,0.9051076173782349,0.7014347314834595,1.2503033876419067,39.93602752685547,37.27013397216797,0.07165578007698059,0.10862239450216293,43.30132293701172,39.93602752685547,37.27013397216797,0.04273572936654091,0.06451936066150665,0.5147599577903748,0.5027338862419128,0.7890410423278809,21.866092681884766,18.429285049438477,0.04273572936654091,0.06451936066150665,26.189884185791016,21.866092681884766,18.429285049438477
scene13_traj1_1__000122,0.07235632091760635,0.10949265956878662,0.8994958400726318,0.6971515417098999,1.2417776584625244,39.6047248840332,37.035125732421875,0.07235632091760635,0.10949265956878662,42.9652099609375,39.6047248840332,37.035125732421875,0.04306598752737045,0.06513267755508423,0.5075221061706543,0.49763110280036926,0.7798165678977966,21.2233829498291,17.627683639526367,0.04306598752737045,0.06513267755508423,25.810413360595703,21.2233829498291,17.627683639526367
scene13_traj1_1__000123,0.07258773595094681,0.10964081436395645,0.8978723287582397,0.6922987699508667,1.237627625465393,39.34585952758789,36.73572540283203,0.07258773595094681,0.10964081436395645,42.777854919433594,39.34585952758789,36.73572540283203,0.043158333748579025,0.06522704660892487,0.5052025318145752,0.4965914785861969,0.7777274250984192,21.06021499633789,17.381101608276367,0.043158333748579025,0.06522704660892487,25.723161697387695,21.06021499633789,17.381101608276367
scene13_traj1_1__000124,0.07310527563095093,0.10997983068227768,0.8941692113876343,0.7041109800338745,1.2448960542678833,39.87507247924805,37.56901168823242,0.07310527563095093,0.10997983068227768,43.06196212768555,39.87507247924805,37.56901168823242,0.04309966415166855,0.06499849259853363,0.5079116821289062,0.5007891058921814,0.7826243042945862,21.465410232543945,17.919750213623047,0.04309966415166855,0.06499849259853363,25.9296817779541,21.465410232543945,17.919750213623047
scene13_traj1_1__000125,0.0741887241601944,0.1117963194847107,0.8893499374389648,0.7118024230003357,1.247157335281372,39.88516616821289,37.63313674926758,0.0741887241601944,0.1117963194847107,43.08341598510742,39.88516616821289,37.63313674926758,0.04391346126794815,0.06643862277269363,0.5060543417930603,0.4965672791004181,0.7781370878219604,21.417709350585938,17.940765380859375,0.04391346126794815,0.06643862277269363,25.785146713256836,21.417709350585938,17.940765380859375
scene13_traj1_1__000126,0.07429330050945282,0.11183416843414307,0.8890476822853088,0.7233399152755737,1.256942629814148,40.44623947143555,38.23409652709961,0.07429330050945282,0.11183416843414307,43.47198486328125,40.44623947143555,38.23409652709961,0.04396604374051094,0.06655620783567429,0.5078768730163574,0.49596717953681946,0.7787642478942871,21.3699951171875,17.83426856994629,0.04396604374051094,0.06655620783567429,25.814523696899414,21.3699951171875,17.83426856994629
scene13_traj1_1__000127,0.07486633211374283,0.11270195245742798,0.8864503502845764,0.7092753052711487,1.242987871170044,39.553707122802734,37.16254425048828,0.07486633211374283,0.11270195245742798,42.93185806274414,39.553707122802734,37.16254425048828,0.04417634382843971,0.0669640377163887,0.5073612332344055,0.4945496916770935,0.7773296236991882,21.421375274658203,18.015417098999023,0.04417634382843971,0.0669640377163887,25.754056930541992,21.421375274658203,18.015417098999023
scene13_traj1_1__000128,0.0754307433962822,0.11369099467992783,0.8885705471038818,0.709454357624054,1.2442948818206787,39.807090759277344,37.505645751953125,0.0754307433962822,0.11369099467992783,43.0130500793457,39.807090759277344,37.505645751953125,0.04441278800368309,0.06752515584230423,0.5078462362289429,0.4950522780418396,0.7783172726631165,21.362529754638672,17.89783477783203,0.04441278800368309,0.06752515584230423,25.79216957092285,21.362529754638672,17.89783477783203
scene13_traj1_1__000129,0.07436688989400864,0.11210862547159195,0.8935840129852295,0.704104483127594,1.242599606513977,39.83329772949219,37.46467971801758,0.07436688989400864,0.11210862547159195,43.0019645690918,39.83329772949219,37.46467971801758,0.04432138800621033,0.0671115592122078,0.5108130574226379,0.5029049515724182,0.7868787050247192,22.035932540893555,18.72749900817871,0.04432138800621033,0.0671115592122078,26.102251052856445,22.035932540893555,18.72749900817871
scene13_traj1_1__000130,0.07452855259180069,0.11203835159540176,0.8955774307250977,0.708112895488739,1.2473876476287842,40.27321243286133,38.00503921508789,0.07452855259180069,0.11203835159540176,43.24409484863281,40.27321243286133,38.00503921508789,0.04464876279234886,0.06731907278299332,0.5187349915504456,0.510979175567627,0.7975790500640869,22.918394088745117,19.935932159423828,0.04464876279234886,0.06731907278299332,26.589435577392578,22.918394088745117,19.935932159423828
scene13_traj1_1__000131,0.07547731697559357,0.11276507377624512,0.8981710076332092,0.7152421474456787,1.2542070150375366,40.914794921875,38.95711898803711,0.07547731697559357,0.11276507377624512,43.45103454589844,40.914794921875,38.95711898803711,0.04543089121580124,0.06841055303812027,0.5171138644218445,0.5115721225738525,0.7976601719856262,22.93240737915039,19.971527099609375,0.04543089121580124,0.06841055303812027,26.55865478515625,22.93240737915039,19.971527099609375
scene13_traj1_1__000132,0.07519296556711197,0.11234758049249649,0.9015499949455261,0.7031180262565613,1.2471729516983032,40.671504974365234,38.64115524291992,0.07519296556711197,0.11234758049249649,43.20576477050781,40.671504974365234,38.64115524291992,0.04560340568423271,0.0686294361948967,0.5143251419067383,0.5108639597892761,0.7961252927780151,22.748838424682617,19.6367130279541,0.04560340568423271,0.0686294361948967,26.434986114501953,22.748838424682617,19.6367130279541
scene13_traj1_1__000133,0.07630143314599991,0.11396002024412155,0.8959125280380249,0.7057287693023682,1.2442740201950073,40.54448318481445,38.57440948486328,0.07630143314599991,0.11396002024412155,43.1159553527832,40.54448318481445,38.57440948486328,0.04582633078098297,0.06890089809894562,0.5183030962944031,0.5138675570487976,0.7997265458106995,23.196306228637695,20.266897201538086,0.04582633078098297,0.06890089809894562,26.657564163208008,23.196306228637695,20.266897201538086
scene13_traj1_1__000134,0.07583585381507874,0.11332523077726364,0.9024271965026855,0.7125902771949768,1.255380630493164,41.16993713378906,39.2903938293457,0.07583585381507874,0.11332523077726364,43.529014587402344,41.16993713378906,39.2903938293457,0.046071600168943405,0.06925812363624573,0.513908326625824,0.5132470726966858,0.7973341345787048,22.988174438476562,20.000612258911133,0.046071600168943405,0.06925812363624573,26.51655387878418,22.988174438476562,20.000612258911133
scene13_traj1_1__000135,0.07520821690559387,0.11252779513597488,0.9040406346321106,0.7038387656211853,1.2473281621932983,40.68717956542969,38.58932876586914,0.07520821690559387,0.11252779513597488,43.27509307861328,40.68717956542969,38.58932876586914,0.04593904688954353,0.06911210715770721,0.513472855091095,0.513401210308075,0.7980011105537415,22.8467960357666,19.729780197143555,0.04593904688954353,0.06911210715770721,26.490583419799805,22.8467960357666,19.729780197143555
scene13_traj1_1__000136,0.07500709593296051,0.11238415539264679,0.9020071029663086,0.7030751705169678,1.2455745935440063,40.416786193847656,38.31461715698242,0.07500709593296051,0.11238415539264679,43.21379470825195,40.416786193847656,38.31461715698242,0.045235659927129745,0.06819003820419312,0.5183247923851013,0.5161511301994324,0.8021164536476135,23.19980812072754,20.223684310913086,0.045235659927129745,0.06819003820419312,26.707202911376953,23.19980812072754,20.223684310913086
scene13_traj1_1__000137,0.07521192729473114,0.11287977546453476,0.9017649292945862,0.7029756307601929,1.2465033531188965,40.3310661315918,38.063114166259766,0.07521192729473114,0.11287977546453476,43.24542999267578,40.3310661315918,38.063114166259766,0.04518662020564079,0.0682227611541748,0.5211328268051147,0.5131098031997681,0.8012643456459045,23.279037475585938,20.43625259399414,0.04518662020564079,0.0682227611541748,26.684289932250977,23.279037475585938,20.43625259399414
scene13_traj1_1__000138,0.07487618923187256,0.11252158135175705,0.900421142578125,0.699956476688385,1.242803692817688,40.33494567871094,38.12520980834961,0.07487618923187256,0.11252158135175705,43.120208740234375,40.33494567871094,38.12520980834961,0.044839125126600266,0.06760435551404953,0.5173636674880981,0.513832688331604,0.7998780012130737,23.009790420532227,20.073793411254883,0.044839125126600266,0.06760435551404953,26.609533309936523,23.009790420532227,20.073793411254883
scene13_traj1_1__000139,0.07475542277097702,0.11225558817386627,0.9006649851799011,0.6999500393867493,1.2422494888305664,40.25252151489258,38.005096435546875,0.07475542277097702,0.11225558817386627,43.11330795288086,40.25252151489258,38.005096435546875,0.045116133987903595,0.06810491532087326,0.515739917755127,0.5110657811164856,0.7964591979980469,22.94886016845703,20.068443298339844,0.045116133987903595,0.06810491532087326,26.457565307617188,22.94886016845703,20.068443298339844
scene13_traj1_1__000140,0.07407207041978836,0.11158270388841629,0.8994374871253967,0.6965807676315308,1.2413303852081299,40.136871337890625,37.9039192199707,0.07407207041978836,0.11158270388841629,42.94805145263672,40.136871337890625,37.9039192199707,0.044783588498830795,0.06791368126869202,0.5115916132926941,0.5075109004974365,0.7916695475578308,22.46369171142578,19.521100997924805,0.044783588498830795,0.06791368126869202,26.23382568359375,22.46369171142578,19.521100997924805
scene13_traj1_1__000141,0.07409121096134186,0.11186425387859344,0.9008086919784546,0.6911354660987854,1.2378451824188232,39.895389556884766,37.72899627685547,0.07409121096134186,0.11186425387859344,42.84397506713867,39.895389556884766,37.72899627685547,0.045030295848846436,0.06855252385139465,0.5078703761100769,0.5044853091239929,0.7870900630950928,22.083829879760742,19.064733505249023,0.045030295848846436,0.06855252385139465,26.03823471069336,22.083829879760742,19.064733505249023
scene13_traj1_1__000142,0.07359617948532104,0.1110432967543602,0.8974247574806213,0.7025678157806396,1.2424184083938599,40.080440521240234,38.0427360534668,0.07359617948532104,0.1110432967543602,43.046695709228516,40.080440521240234,38.0427360534668,0.044800058007240295,0.06843270361423492,0.5130163431167603,0.5040022134780884,0.7898410558700562,22.451810836791992,19.647056579589844,0.044800058007240295,0.06843270361423492,26.19007682800293,22.451810836791992,19.647056579589844
scene13_traj1_1__000143,0.0734875351190567,0.11088506132364273,0.8982506394386292,0.7053431272506714,1.2482353448867798,40.11896514892578,38.019474029541016,0.0734875351190567,0.11088506132364273,43.239627838134766,40.11896514892578,38.019474029541016,0.04491730034351349,0.06865677982568741,0.5131797790527344,0.5029352903366089,0.7892454862594604,22.425926208496094,19.61126708984375,0.04491730034351349,0.06865677982568741,26.16590118408203,22.425926208496094,19.61126708984375
scene13_traj1_1__000144,0.0733630582690239,0.11116258800029755,0.8982371091842651,0.7029526829719543,1.245100975036621,40.20576477050781,38.224090576171875,0.0733630582690239,0.11116258800029755,43.122623443603516,40.20576477050781,38.224090576171875,0.044998712837696075,0.06917783617973328,0.5116569995880127,0.5005125999450684,0.7871970534324646,22.202552795410156,19.3713321685791,0.044998712837696075,0.06917783617973328,26.058359146118164,22.202552795410156,19.3713321685791
scene13_traj1_1__000145,0.07274364680051804,0.11034882068634033,0.891973078250885,0.7005192637443542,1.2376182079315186,39.7026481628418,37.54621887207031,0.07274364680051804,0.11034882068634033,42.79294204711914,39.7026481628418,37.54621887207031,0.04506658762693405,0.06943239271640778,0.5142914056777954,0.4963787794113159,0.7851603031158447,22.032962799072266,19.154266357421875,0.04506658762693405,0.06943239271640778,25.977209091186523,22.032962799072266,19.154266357421875
scene13_traj1_1__000146,0.07138197869062424,0.10868452489376068,0.8961620926856995,0.723000168800354,1.260071873664856,40.700042724609375,38.65959167480469,0.07138197869062424,0.10868452489376068,43.55544662475586,40.700042724609375,38.65959167480469,0.04444383084774017,0.06862322986125946,0.5141503810882568,0.49222126603126526,0.7814784049987793,21.705896377563477,18.625280380249023,0.04444383084774017,0.06862322986125946,25.84572982788086,21.705896377563477,18.625280380249023
scene13_traj1_1__000147,0.07153318077325821,0.10930731892585754,0.8929380774497986,0.7206188440322876,1.2563912868499756,40.317325592041016,38.385074615478516,0.07153318077325821,0.10930731892585754,43.45718765258789,40.317325592041016,38.385074615478516,0.044068556278944016,0.06827406585216522,0.5159769654273987,0.4896625280380249,0.7816193699836731,21.554101943969727,18.411943435668945,0.044068556278944016,0.06827406585216522,25.851072311401367,21.554101943969727,18.411943435668945
scene13_traj1_1__000148,0.07151509821414948,0.10900702327489853,0.8908807635307312,0.7112776637077332,1.247767686843872,39.77546310424805,37.71792984008789,0.07151509821414948,0.10900702327489853,43.117557525634766,39.77546310424805,37.71792984008789,0.04413551092147827,0.06825258582830429,0.5163601040840149,0.48774611949920654,0.7802149057388306,21.530004501342773,18.42692756652832,0.04413551092147827,0.06825258582830429,25.785545349121094,21.530004501342773,18.42692756652832
scene13_traj1_1__000149,0.07102550566196442,0.10823529213666916,0.8917891383171082,0.7149323225021362,1.250468134880066,39.496944427490234,37.05117416381836,0.07102550566196442,0.10823529213666916,43.220672607421875,39.496944427490234,37.05117416381836,0.04356924444437027,0.06753823161125183,0.5165367126464844,0.48643675446510315,0.7788649797439575,21.522275924682617,18.40188217163086,0.04356924444437027,0.06753823161125183,25.75813865661621,21.522275924682617,18.40188217163086
scene13_traj1_1__000150,0.07089217007160187,0.10809461772441864,0.8873449563980103,0.7257130742073059,1.2564690113067627,39.787017822265625,37.44691848754883,0.07089217007160187,0.10809461772441864,43.42533874511719,39.787017822265625,37.44691848754883,0.04353322088718414,0.0675058513879776,0.5194079279899597,0.48783838748931885,0.7821351289749146,21.702808380126953,18.69499969482422,0.04353322088718414,0.0675058513879776,25.903038024902344,21.702808380126953,18.69499969482422
scene13_traj1_1__000151,0.07009327411651611,0.10713835805654526,0.8925943374633789,0.7162235379219055,1.251142144203186,39.77297592163086,37.558353424072266,0.07009327411651611,0.10713835805654526,43.28193664550781,39.77297592163086,37.558353424072266,0.04383731260895729,0.06830472499132156,0.5191217660903931,0.48643988370895386,0.7814608216285706,21.525550842285156,18.53897476196289,0.04383731260895729,0.06830472499132156,25.824874877929688,21.525550842285156,18.53897476196289
scene13_traj1_1__000152,0.06960286945104599,0.10651089251041412,0.8949426412582397,0.7154549360275269,1.2523901462554932,39.758785247802734,37.50906753540039,0.06960286945104599,0.10651089251041412,43.288822174072266,39.758785247802734,37.50906753540039,0.04348597303032875,0.06794329732656479,0.5214195251464844,0.48925328254699707,0.785512387752533,21.651762008666992,18.633604049682617,0.04348597303032875,0.06794329732656479,25.986194610595703,21.651762008666992,18.633604049682617
scene13_traj1_1__000153,0.06848959624767303,0.10525833070278168,0.8890885710716248,0.7124512195587158,1.2480143308639526,39.19139099121094,36.648746490478516,0.06848959624767303,0.10525833070278168,43.01875305175781,39.19139099121094,36.648746490478516,0.04320896044373512,0.06756258755922318,0.5224494338035583,0.48826169967651367,0.7859193682670593,21.5541934967041,18.369705200195312,0.04320896044373512,0.06756258755922318,25.984333038330078,21.5541934967041,18.369705200195312
scene13_traj1_1__000154,0.06839491426944733,0.10516860336065292,0.8908286690711975,0.70964515209198,1.2473423480987549,39.20915985107422,36.65835189819336,0.06839491426944733,0.10516860336065292,42.94801330566406,39.20915985107422,36.65835189819336,0.04348807409405708,0.06828555464744568,0.5222110748291016,0.48497655987739563,0.7829641103744507,21.455663681030273,18.32378387451172,0.04348807409405708,0.06828555464744568,25.878408432006836,21.455663681030273,18.32378387451172
scene13_traj1_1__000155,0.06807474046945572,0.10443127900362015,0.8932481408119202,0.709892988204956,1.2502808570861816,39.276424407958984,36.692378997802734,0.06807474046945572,0.10443127900362015,43.09720993041992,39.276424407958984,36.692378997802734,0.0430884025990963,0.06774464249610901,0.5231599807739258,0.4857003092765808,0.7842928767204285,21.562389373779297,18.563880920410156,0.0430884025990963,0.06774464249610901,25.936399459838867,21.562389373779297,18.563880920410156
scene13_traj1_1__000156,0.06438630074262619,0.09959243983030319,0.9067605137825012,0.7178829312324524,1.2657674551010132,39.91706848144531,37.027164459228516,0.06438630074262619,0.09959243983030319,43.76457214355469,39.91706848144531,37.027164459228516,0.04182486981153488,0.065386563539505,0.5272451043128967,0.4979747235774994,0.7963788509368896,22.227291107177734,19.273353576660156,0.04182486981153488,0.065386563539505,26.340654373168945,22.227291107177734,19.273353576660156
scene13_traj1_1__000157,0.06339368224143982,0.09841245412826538,0.9076198935508728,0.7027314901351929,1.252431035041809,39.32966232299805,36.45777130126953,0.06339368224143982,0.09841245412826538,43.24458312988281,39.32966232299805,36.45777130126953,0.041331157088279724,0.06456580013036728,0.525502622127533,0.4960549473762512,0.7940734624862671,22.044254302978516,19.125932693481445,0.041331157088279724,0.06456580013036728,26.25923728942871,22.044254302978516,19.125932693481445
scene13_traj1_1__000158,0.06322450935840607,0.09868311882019043,0.9296972155570984,0.6735514402389526,1.2486191987991333,39.4681510925293,36.830684661865234,0.06322450935840607,0.09868311882019043,43.173240661621094,39.4681510925293,36.830684661865234,0.04186813160777092,0.0655008852481842,0.5255442261695862,0.5009446740150452,0.7988930940628052,22.287784576416016,19.48815155029297,0.04186813160777092,0.0655008852481842,26.378232955932617,22.287784576416016,19.48815155029297
scene13_traj1_1__000159,0.06460943818092346,0.10080639272928238,0.9231849908828735,0.6911799907684326,1.25517737865448,40.20259094238281,37.93670654296875,0.06460943818092346,0.10080639272928238,43.480838775634766,40.20259094238281,37.93670654296875,0.04247260466217995,0.06640598177909851,0.5263830423355103,0.5076695680618286,0.8035156726837158,22.883026123046875,20.337953567504883,0.04247260466217995,0.06640598177909851,26.601797103881836,22.883026123046875,20.337953567504883
scene13_traj1_1__000160,0.06494827568531036,0.10057374089956284,0.9170802235603333,0.6991211175918579,1.2577617168426514,40.72214889526367,38.846065521240234,0.06494827568531036,0.10057374089956284,43.57600784301758,40.72214889526367,38.846065521240234,0.043647650629282,0.0681377425789833,0.5234830379486084,0.5099274516105652,0.8046755790710449,23.00920295715332,20.562625885009766,0.043647650629282,0.0681377425789833,26.58187484741211,23.00920295715332,20.562625885009766
scene13_traj1_1__000161,0.06657033413648605,0.10272476077079773,0.9192180633544922,0.6904755234718323,1.2506074905395508,40.420631408691406,38.2779426574707,0.06657033413648605,0.10272476077079773,43.35435485839844,40.420631408691406,38.2779426574707,0.04446147009730339,0.06941589713096619,0.5276802778244019,0.5191282629966736,0.8147169351577759,24.001739501953125,22.01443099975586,0.04446147009730339,0.06941589713096619,27.0007266998291,24.001739501953125,22.01443099975586
scene13_traj1_1__000162,0.06740671396255493,0.10387421399354935,0.9220810532569885,0.6849895715713501,1.2488571405410767,40.37498092651367,38.20204162597656,0.06740671396255493,0.10387421399354935,43.33381271362305,40.37498092651367,38.20204162597656,0.044832393527030945,0.07014128565788269,0.5293264389038086,0.518932580947876,0.8161624073982239,23.9993953704834,21.980852127075195,0.044832393527030945,0.07014128565788269,27.036731719970703,23.9993953704834,21.980852127075195
scene13_traj1_1__000163,0.06737801432609558,0.10327000170946121,0.9253133535385132,0.6931341290473938,1.2579609155654907,41.452674865722656,40.066715240478516,0.06737801432609558,0.10327000170946121,43.66311264038086,41.452674865722656,40.066715240478516,0.04541626572608948,0.0707816630601883,0.5240088701248169,0.5168564915657043,0.8115135431289673,23.789138793945312,21.757831573486328,0.04541626572608948,0.0707816630601883,26.800804138183594,23.789138793945312,21.757831573486328
scene13_traj1_1__000164,0.06789150834083557,0.103938527405262,0.9279728531837463,0.7097776532173157,1.270724892616272,42.20145034790039,40.98761749267578,0.06789150834083557,0.103938527405262,44.2476921081543,42.20145034790039,40.98761749267578,0.04550410062074661,0.0709235668182373,0.5356374382972717,0.5310173034667969,0.8292587995529175,25.202312469482422,23.8817081451416,0.04550410062074661,0.0709235668182373,27.569093704223633,25.202312469482422,23.8817081451416
scene13_traj1_1__000165,0.06770288199186325,0.10354079306125641,0.9336045980453491,0.6919538378715515,1.26289963722229,41.86710739135742,40.506202697753906,0.06770288199186325,0.10354079306125641,43.98836135864258,41.86710739135742,40.506202697753906,0.04575250670313835,0.0712883472442627,0.5456441640853882,0.5410606861114502,0.8425954580307007,26.411067962646484,25.725540161132812,0.04575250670313835,0.0712883472442627,28.165067672729492,26.411067962646484,25.725540161132812
scene13_traj1_1__000166,0.06643351167440414,0.1018291711807251,0.944031298160553,0.7080214023590088,1.2831048965454102,43.20703125,42.45362091064453,0.06643351167440414,0.1018291711807251,44.74863815307617,43.20703125,42.45362091064453,0.045174740254879,0.0702696219086647,0.555423378944397,0.5461031794548035,0.8533059358596802,27.100749969482422,26.580026626586914,0.045174740254879,0.0702696219086647,28.594274520874023,27.100749969482422,26.580026626586914
scene13_traj1_1__000167,0.06636995077133179,0.10165705531835556,0.9452188611030579,0.7137477993965149,1.2887815237045288,43.656497955322266,42.91170120239258,0.06636995077133179,0.10165705531835556,45.02896499633789,43.656497955322266,42.91170120239258,0.04528983682394028,0.07031109929084778,0.5564664006233215,0.549250066280365,0.8560411930084229,27.347116470336914,26.97854232788086,0.04528983682394028,0.07031109929084778,28.724889755249023,27.347116470336914,26.97854232788086
scene13_traj1_1__000168,0.06591086834669113,0.10091539472341537,0.9452641606330872,0.6973856091499329,1.2756402492523193,42.63137435913086,41.47667694091797,0.06591086834669113,0.10091539472341537,44.54035568237305,42.63137435913086,41.47667694091797,0.04450945183634758,0.06894034892320633,0.5575872659683228,0.5483109951019287,0.8555048704147339,27.390459060668945,26.914852142333984,0.04450945183634758,0.06894034892320633,28.72760581970215,27.390459060668945,26.914852142333984
scene13_traj1_1__000169,0.06648972630500793,0.10215006023645401,0.9476064443588257,0.6865708231925964,1.2703077793121338,42.33100509643555,41.01443099975586,0.06648972630500793,0.10215006023645401,44.33788299560547,42.33100509643555,41.01443099975586,0.04448489099740982,0.06903266906738281,0.5592325329780579,0.5494412779808044,0.8578185439109802,27.52138900756836,26.942609786987305,0.04448489099740982,0.06903266906738281,28.841081619262695,27.52138900756836,26.942609786987305
scene13_traj1_1__000170,0.06622790545225143,0.10146846622228622,0.9465352296829224,0.6969586610794067,1.277068018913269,42.6753044128418,41.45649337768555,0.06622790545225143,0.10146846622228622,44.60759735107422,42.6753044128418,41.45649337768555,0.044591471552848816,0.06888579577207565,0.5616412162780762,0.5501679182052612,0.8599438667297363,27.59550666809082,27.150527954101562,0.044591471552848816,0.06888579577207565,28.904802322387695,27.59550666809082,27.150527954101562
scene13_traj1_1__000171,0.0669427216053009,0.10182610899209976,0.9499536752700806,0.6897485256195068,1.2740516662597656,42.31385803222656,40.60499572753906,0.0669427216053009,0.10182610899209976,44.542293548583984,42.31385803222656,40.60499572753906,0.04428212344646454,0.06772582232952118,0.5648818016052246,0.5534325242042542,0.8641309142112732,27.909543991088867,27.032310485839844,0.04428212344646454,0.06772582232952118,29.137418746948242,27.909543991088867,27.032310485839844
scene13_traj1_1__000172,0.06732655316591263,0.10213633626699448,0.9453707337379456,0.7013375163078308,1.2792927026748657,42.803558349609375,41.410709381103516,0.06732655316591263,0.10213633626699448,44.70223617553711,42.803558349609375,41.410709381103516,0.04436653479933739,0.06787581741809845,0.57058185338974,0.5552712082862854,0.8687341213226318,28.316946029663086,27.580137252807617,0.04436653479933739,0.06787581741809845,29.377695083618164,28.316946029663086,27.580137252807617
scene13_traj1_1__000173,0.06753730028867722,0.10280471295118332,0.9444870352745056,0.6827924251556396,1.2639787197113037,41.59274673461914,39.39816665649414,0.06753730028867722,0.10280471295118332,44.101871490478516,41.59274673461914,39.39816665649414,0.04410913586616516,0.06741895526647568,0.5609548687934875,0.5459872484207153,0.8555057048797607,27.1645450592041,25.738632202148438,0.04410913586616516,0.06741895526647568,28.792810440063477,27.1645450592041,25.738632202148438
scene13_traj1_1__000174,0.06696726381778717,0.10244289040565491,0.9404301643371582,0.7034314274787903,1.2773985862731934,42.0721321105957,39.581512451171875,0.06696726381778717,0.10244289040565491,44.66167449951172,42.0721321105957,39.581512451171875,0.04348171129822731,0.06662297993898392,0.5610817670822144,0.5437706112861633,0.8539333343505859,26.62609100341797,24.41510009765625,0.04348171129822731,0.06662297993898392,28.7016544342041,26.62609100341797,24.41510009765625
scene13_traj1_1__000175,0.06681942194700241,0.10275094956159592,0.9284157752990723,0.6894493103027344,1.2570397853851318,40.35708236694336,37.34917449951172,0.06681942194700241,0.10275094956159592,43.757774353027344,40.35708236694336,37.34917449951172,0.04270193725824356,0.06536683440208435,0.5433008074760437,0.5343379378318787,0.834269642829895,25.018823623657227,22.017742156982422,0.04270193725824356,0.06536683440208435,27.892112731933594,25.018823623657227,22.017742156982422
scene13_traj1_1__000176,0.0680181011557579,0.10427165776491165,0.9137853980064392,0.6968771815299988,1.2531005144119263,40.18832015991211,37.03013610839844,0.0680181011557579,0.10427165776491165,43.518463134765625,40.18832015991211,37.03013610839844,0.04207031428813934,0.0641612634062767,0.5341519117355347,0.5196509957313538,0.8163806796073914,23.764854431152344,20.227954864501953,0.04207031428813934,0.0641612634062767,27.213977813720703,23.764854431152344,20.227954864501953
scene13_traj1_1__000177,0.0692237839102745,0.10586947202682495,0.9014758467674255,0.6950035095214844,1.2409671545028687,38.98402786254883,35.09263229370117,0.0692237839102745,0.10586947202682495,43.042762756347656,38.98402786254883,35.09263229370117,0.04181075468659401,0.0631636306643486,0.5205257534980774,0.5119929909706116,0.8006398677825928,22.561702728271484,18.510135650634766,0.04181075468659401,0.0631636306643486,26.59381866455078,22.561702728271484,18.510135650634766
scene13_traj1_1__000178,0.07189612835645676,0.10989835858345032,0.8821799755096436,0.7083811163902283,1.2360869646072388,38.69211959838867,35.072967529296875,0.07189612835645676,0.10989835858345032,42.76347732543945,38.69211959838867,35.072967529296875,0.04330943897366524,0.06609176844358444,0.5122408270835876,0.5004567503929138,0.7850040197372437,21.565807342529297,17.438770294189453,0.04330943897366524,0.06609176844358444,26.026884078979492,21.565807342529297,17.438770294189453
scene13_traj1_1__000179,0.07267318665981293,0.11138072609901428,0.870710015296936,0.7036717534065247,1.2229206562042236,37.61735534667969,33.86984634399414,0.07267318665981293,0.11138072609901428,42.13919448852539,37.61735534667969,33.86984634399414,0.04331484064459801,0.06649765372276306,0.5006518363952637,0.4869822561740875,0.7673569917678833,20.527788162231445,16.37492561340332,0.04331484064459801,0.06649765372276306,25.308900833129883,20.527788162231445,16.37492561340332
scene13_traj1_1__000180,0.07330586016178131,0.11196787655353546,0.8773190379142761,0.7207888960838318,1.2431840896606445,39.12922668457031,35.880149841308594,0.07330586016178131,0.11196787655353546,42.91743087768555,39.12922668457031,35.880149841308594,0.04429034888744354,0.06806890666484833,0.5070710778236389,0.4821225106716156,0.7687508463859558,20.761280059814453,16.827510833740234,0.04429034888744354,0.06806890666484833,25.336206436157227,20.761280059814453,16.827510833740234
scene13_traj1_1__000181,0.07424776256084442,0.11326482146978378,0.8734467029571533,0.7332479953765869,1.25225830078125,39.86588668823242,37.11540603637695,0.07424776256084442,0.11326482146978378,43.1872673034668,39.86588668823242,37.11540603637695,0.044694289565086365,0.06877251714468002,0.5081490278244019,0.4758202135562897,0.7643521428108215,20.63772964477539,16.934186935424805,0.044694289565086365,0.06877251714468002,25.19760513305664,20.63772964477539,16.934186935424805
scene13_traj1_1__000182,0.07423002272844315,0.11327502876520157,0.8704235553741455,0.7399203181266785,1.2544082403182983,39.790863037109375,36.876731872558594,0.07423002272844315,0.11327502876520157,43.2830696105957,39.790863037109375,36.876731872558594,0.04459774121642113,0.06871264427900314,0.5104008316993713,0.4749837815761566,0.7649982571601868,20.712308883666992,16.996360778808594,0.04459774121642113,0.06871264427900314,25.239177703857422,20.712308883666992,16.996360778808594
scene13_traj1_1__000183,0.07423626631498337,0.11355815082788467,0.8684021234512329,0.7222411632537842,1.237383484840393,38.64586639404297,35.514488220214844,0.07423626631498337,0.11355815082788467,42.597869873046875,38.64586639404297,35.514488220214844,0.04466252401471138,0.06889238208532333,0.5100155472755432,0.4684221148490906,0.7607924938201904,20.476545333862305,16.82274055480957,0.04466252401471138,0.06889238208532333,25.075117111206055,20.476545333862305,16.82274055480957
scene13_traj1_1__000184,0.07448622584342957,0.1136990562081337,0.8582299947738647,0.7035935521125793,1.2139177322387695,37.2266845703125,34.08240509033203,0.07448622584342957,0.1136990562081337,41.7027587890625,37.2266845703125,34.08240509033203,0.044722482562065125,0.06938039511442184,0.5104270577430725,0.4616509675979614,0.7566384077072144,20.121089935302734,16.600072860717773,0.044722482562065125,0.06938039511442184,24.894807815551758,20.121089935302734,16.600072860717773
scene13_traj1_1__000185,0.07474938780069351,0.11421126127243042,0.8529617786407471,0.7261519432067871,1.2305686473846436,38.29304504394531,35.790706634521484,0.07474938780069351,0.11421126127243042,42.29389572143555,38.29304504394531,35.790706634521484,0.045485422015190125,0.07108466327190399,0.5130957961082458,0.4584977626800537,0.7564297318458557,20.1236515045166,16.73198890686035,0.045485422015190125,0.07108466327190399,24.88700294494629,20.1236515045166,16.73198890686035
scene13_traj1_1__000186,0.07449597865343094,0.11382435262203217,0.8589980006217957,0.7115412354469299,1.222253441810608,37.833587646484375,35.2286376953125,0.07449597865343094,0.11382435262203217,41.99101257324219,37.833587646484375,35.2286376953125,0.045520152896642685,0.07133466750383377,0.5170412063598633,0.45627444982528687,0.7585105299949646,20.192949295043945,16.823453903198242,0.045520152896642685,0.07133466750383377,24.942087173461914,20.192949295043945,16.823453903198242
scene13_traj1_1__000187,0.0743078738451004,0.11361254751682281,0.8582651019096375,0.719215989112854,1.2279328107833862,37.93114471435547,35.22644805908203,0.0743078738451004,0.11361254751682281,42.148223876953125,37.93114471435547,35.22644805908203,0.04552633687853813,0.07135514914989471,0.5181476473808289,0.4582643508911133,0.7609128355979919,20.318870544433594,16.918516159057617,0.04552633687853813,0.07135514914989471,25.03610610961914,20.318870544433594,16.918516159057617
scene13_traj1_1__000188,0.07362154126167297,0.11252411454916,0.8657274842262268,0.7066459059715271,1.2226778268814087,37.88986587524414,35.22210693359375,0.07362154126167297,0.11252411454916,41.95933532714844,37.88986587524414,35.22210693359375,0.04545561596751213,0.07126693427562714,0.5182068347930908,0.4579419493675232,0.7613133192062378,20.39372444152832,17.157615661621094,0.04545561596751213,0.07126693427562714,25.047075271606445,20.39372444152832,17.157615661621094
scene13_traj1_1__000189,0.07309003919363022,0.11177756637334824,0.8661848306655884,0.705880343914032,1.221367597579956,38.00243377685547,35.39179992675781,0.07309003919363022,0.11177756637334824,41.992130279541016,38.00243377685547,35.39179992675781,0.04497914761304855,0.07049228996038437,0.5189841985702515,0.46002790331840515,0.7626794576644897,20.364532470703125,17.097572326660156,0.04497914761304855,0.07049228996038437,25.094223022460938,20.364532470703125,17.097572326660156
scene13_traj1_1__000190,0.07293651252985,0.11134981364011765,0.867973804473877,0.7283560037612915,1.2436798810958862,39.100582122802734,36.79224395751953,0.07293651252985,0.11134981364011765,42.7326545715332,39.100582122802734,36.79224395751953,0.04530351981520653,0.07105795294046402,0.5206177234649658,0.4613414704799652,0.7654522061347961,20.459205627441406,17.152250289916992,0.04530351981520653,0.07105795294046402,25.195363998413086,20.459205627441406,17.152250289916992
scene13_traj1_1__000191,0.07234705239534378,0.11072216182947159,0.8655352592468262,0.7338529825210571,1.2472188472747803,39.392330169677734,37.040958404541016,0.07234705239534378,0.11072216182947159,42.853511810302734,39.392330169677734,37.040958404541016,0.04480026289820671,0.07081454247236252,0.52289879322052,0.4626353681087494,0.7674970030784607,20.44599151611328,17.031288146972656,0.04480026289820671,0.07081454247236252,25.267866134643555,20.44599151611328,17.031288146972656
scene13_traj1_1__000192,0.07203391939401627,0.11030223220586777,0.8675457835197449,0.7148358225822449,1.232952356338501,38.30267333984375,35.67536163330078,0.07203391939401627,0.11030223220586777,42.29344177246094,38.30267333984375,35.67536163330078,0.04469599202275276,0.07049976289272308,0.5195924043655396,0.45991891622543335,0.7631364464759827,20.27180290222168,16.891563415527344,0.04469599202275276,0.07049976289272308,25.111284255981445,20.27180290222168,16.891563415527344
scene13_traj1_1__000193,0.07151371240615845,0.10955760627985,0.8692896366119385,0.7221618294715881,1.2406500577926636,38.783912658691406,36.300479888916016,0.07151371240615845,0.10955760627985,42.657676696777344,38.783912658691406,36.300479888916016,0.04467063024640083,0.07063635438680649,0.5238122940063477,0.45734283328056335,0.7645111680030823,20.169748306274414,16.752120971679688,0.04467063024640083,0.07063635438680649,25.151063919067383,20.169748306274414,16.752120971679688
scene13_traj1_1__000194,0.06920965015888214,0.10697737336158752,0.8603659868240356,0.7276769280433655,1.2377697229385376,37.921295166015625,34.87389373779297,0.06920965015888214,0.10697737336158752,42.4764518737793,37.921295166015625,34.87389373779297,0.043585095554590225,0.06890594214200974,0.5213177800178528,0.4566214680671692,0.7620344161987305,19.505735397338867,15.698671340942383,0.043585095554590225,0.06890594214200974,25.0163516998291,19.505735397338867,15.698671340942383
scene13_traj1_1__000195,0.06643792241811752,0.10366880893707275,0.8704127073287964,0.7131132483482361,1.2327418327331543,37.0761604309082,33.39337921142578,0.06643792241811752,0.10366880893707275,42.40083694458008,37.0761604309082,33.39337921142578,0.04208434373140335,0.06666994094848633,0.5224437713623047,0.4585053026676178,0.7638038992881775,19.185611724853516,15.123688697814941,0.04208434373140335,0.06666994094848633,25.08109474182129,19.185611724853516,15.123688697814941
scene13_traj1_1__000196,0.06430540233850479,0.10150908678770065,0.8803889155387878,0.7340500950813293,1.2590835094451904,38.59169006347656,35.312808990478516,0.06430540233850479,0.10150908678770065,43.37471389770508,38.59169006347656,35.312808990478516,0.04040835052728653,0.06396063417196274,0.5222168564796448,0.46706944704055786,0.7700570821762085,19.117368698120117,14.918808937072754,0.04040835052728653,0.06396063417196274,25.322267532348633,19.117368698120117,14.918808937072754
scene13_traj1_1__000197,0.06408201158046722,0.10095016658306122,0.8864301443099976,0.7258707880973816,1.25801420211792,38.548057556152344,35.148780822753906,0.06408201158046722,0.10095016658306122,43.35045623779297,38.548057556152344,35.148780822753906,0.039978060871362686,0.0630461722612381,0.5220007300376892,0.465660959482193,0.7687625288963318,19.172029495239258,15.049073219299316,0.039978060871362686,0.0630461722612381,25.265689849853516,19.172029495239258,15.049073219299316
scene13_traj1_1__000198,0.06222632899880409,0.09882444888353348,0.8982264995574951,0.7387852668762207,1.2795007228851318,40.2193603515625,37.24329376220703,0.06222632899880409,0.09882444888353348,44.268131256103516,40.2193603515625,37.24329376220703,0.03899708017706871,0.061410997062921524,0.5250697135925293,0.46969929337501526,0.7741864919662476,19.319364547729492,15.13702392578125,0.03899708017706871,0.061410997062921524,25.453210830688477,19.319364547729492,15.13702392578125
scene13_traj1_1__000199,0.06157850846648216,0.09841928631067276,0.8988773822784424,0.6987645626068115,1.2456943988800049,37.53615951538086,33.63533401489258,0.06157850846648216,0.09841928631067276,42.95833969116211,37.53615951538086,33.63533401489258,0.03824649751186371,0.06026534363627434,0.5238404273986816,0.4736731946468353,0.7762032747268677,18.97553062438965,14.425308227539062,0.03824649751186371,0.06026534363627434,25.529376983642578,18.97553062438965,14.425308227539062
scene13_traj1_1__000200,0.06011576950550079,0.09694065898656845,0.9063672423362732,0.7015187740325928,1.2543233633041382,37.61412048339844,33.63351058959961,0.06011576950550079,0.09694065898656845,43.350337982177734,37.61412048339844,33.63351058959961,0.0377105250954628,0.05918281897902489,0.5210550427436829,0.4795028269290924,0.7795421481132507,19.198558807373047,14.846357345581055,0.0377105250954628,0.05918281897902489,25.635236740112305,19.198558807373047,14.846357345581055
scene13_traj1_1__000201,0.05993510037660599,0.09695030748844147,0.9221495389938354,0.70818692445755,1.2744061946868896,39.50822448730469,36.12405014038086,0.05993510037660599,0.09695030748844147,44.185096740722656,39.50822448730469,36.12405014038086,0.037166912108659744,0.05843338370323181,0.5239087343215942,0.4924522638320923,0.791047990322113,19.975540161132812,15.882840156555176,0.037166912108659744,0.05843338370323181,26.084543228149414,19.975540161132812,15.882840156555176
scene13_traj1_1__000202,0.05985449627041817,0.09697543829679489,0.9182653427124023,0.7106478810310364,1.2728183269500732,39.12950897216797,35.63531494140625,0.05985449627041817,0.09697543829679489,44.0730094909668,39.12950897216797,35.63531494140625,0.03729294613003731,0.05844751372933388,0.5226384401321411,0.49040815234184265,0.7886727452278137,19.83521842956543,15.663249969482422,0.03729294613003731,0.05844751372933388,25.98175811767578,19.83521842956543,15.663249969482422
scene13_traj1_1__000203,0.05949403718113899,0.09677550196647644,0.9287357926368713,0.677258312702179,1.2514960765838623,37.51561737060547,33.056915283203125,0.05949403718113899,0.09677550196647644,43.315364837646484,37.51561737060547,33.056915283203125,0.03711408004164696,0.05828169360756874,0.5167110562324524,0.4954500198364258,0.788818895816803,19.874225616455078,15.64075756072998,0.03711408004164696,0.05828169360756874,25.976110458374023,19.874225616455078,15.64075756072998
scene13_traj1_1__000204,0.05930830538272858,0.09664277732372284,0.9404243230819702,0.673611044883728,1.2585231065750122,38.11848449707031,33.83941650390625,0.05930830538272858,0.09664277732372284,43.65607452392578,38.11848449707031,33.83941650390625,0.037361517548561096,0.05867462605237961,0.5182992219924927,0.49964579939842224,0.7929861545562744,20.316213607788086,16.375900268554688,0.037361517548561096,0.05867462605237961,26.138347625732422,20.316213607788086,16.375900268554688
scene13_traj1_1__000205,0.05984495207667351,0.0972757413983345,0.9388287663459778,0.6733793616294861,1.2575501203536987,38.03960418701172,33.581787109375,0.05984495207667351,0.0972757413983345,43.64657211303711,38.03960418701172,33.581787109375,0.037606704980134964,0.059207625687122345,0.5202719569206238,0.5052802562713623,0.7983247637748718,20.672718048095703,16.68037223815918,0.037606704980134964,0.059207625687122345,26.342700958251953,20.672718048095703,16.68037223815918
scene13_traj1_1__000206,0.05939539149403572,0.09663187712430954,0.9484589695930481,0.6717048287391663,1.2614537477493286,38.47687530517578,34.108001708984375,0.05939539149403572,0.09663187712430954,43.859214782714844,38.47687530517578,34.108001708984375,0.03739641234278679,0.05876639857888222,0.5226907134056091,0.5091070532798767,0.803148627281189,21.005937576293945,17.059829711914062,0.03739641234278679,0.05876639857888222,26.557472229003906,21.005937576293945,17.059829711914062
scene13_traj1_1__000207,0.05953535437583923,0.09702873229980469,0.9468603134155273,0.666083574295044,1.2568122148513794,38.279335021972656,33.84934616088867,0.05953535437583923,0.09702873229980469,43.62616729736328,38.279335021972656,33.84934616088867,0.03739641234278679,0.058878567069768906,0.5199127793312073,0.5082448124885559,0.800543487071991,20.844640731811523,16.890172958374023,0.03739641234278679,0.058878567069768906,26.431835174560547,20.844640731811523,16.890172958374023
scene13_traj1_1__000208,0.059995152056217194,0.09737624228000641,0.9457083940505981,0.693719208240509,1.2776979207992554,39.73164367675781,35.702335357666016,0.059995152056217194,0.09737624228000641,44.4874267578125,39.73164367675781,35.702335357666016,0.03759811818599701,0.059084534645080566,0.5269324779510498,0.5063973069190979,0.8032311201095581,21.171390533447266,17.297327041625977,0.03759811818599701,0.059084534645080566,26.58180809020996,21.171390533447266,17.297327041625977
scene13_traj1_1__000209,0.05966901406645775,0.09704972803592682,0.943962574005127,0.6837806105613708,1.2688448429107666,38.79191970825195,34.331851959228516,0.05966901406645775,0.09704972803592682,44.072906494140625,38.79191970825195,34.331851959228516,0.03732910379767418,0.05863760784268379,0.5203403830528259,0.5055311322212219,0.7982518672943115,20.808385848999023,16.660341262817383,0.03732910379767418,0.05863760784268379,26.38835334777832,20.808385848999023,16.660341262817383
scene13_traj1_1__000210,0.05998162180185318,0.09765343368053436,0.940112292766571,0.6973256468772888,1.2755978107452393,39.442100524902344,35.158992767333984,0.05998162180185318,0.09765343368053436,44.39737319946289,39.442100524902344,35.158992767333984,0.037599269300699234,0.059190310537815094,0.521836519241333,0.5051199793815613,0.7984177470207214,20.743457794189453,16.431964874267578,0.037599269300699234,0.059190310537815094,26.414220809936523,20.743457794189453,16.431964874267578
scene13_traj1_1__000211,0.062037695199251175,0.10063506662845612,0.9343722462654114,0.7087059617042542,1.2838770151138306,40.302711486816406,36.56044387817383,0.062037695199251175,0.10063506662845612,44.66486740112305,40.302711486816406,36.56044387817383,0.038072939962148666,0.060490626841783524,0.5185239911079407,0.4989221692085266,0.7909660935401917,20.21088981628418,15.773160934448242,0.038072939962148666,0.060490626841783524,26.125812530517578,20.21088981628418,15.773160934448242
scene13_traj1_1__000212,0.06197705119848251,0.10081662982702255,0.9367992877960205,0.6971262693405151,1.2763431072235107,39.667171478271484,35.82087707519531,0.06197705119848251,0.10081662982702255,44.358402252197266,39.667171478271484,35.82087707519531,0.0381225049495697,0.06055804714560509,0.5172248482704163,0.49896371364593506,0.7903590798377991,20.186002731323242,15.652359962463379,0.0381225049495697,0.06055804714560509,26.10365867614746,20.186002731323242,15.652359962463379
scene13_traj1_1__000213,0.062208954244852066,0.10129742324352264,0.9364174008369446,0.6833184957504272,1.2633893489837646,38.7241325378418,34.44517135620117,0.062208954244852066,0.10129742324352264,43.884822845458984,38.7241325378418,34.44517135620117,0.038105033338069916,0.060652825981378555,0.5152702927589417,0.4963211417198181,0.7872485518455505,19.82293128967285,15.042963981628418,0.038105033338069916,0.060652825981378555,25.981433868408203,19.82293128967285,15.042963981628418
scene13_traj1_1__000214,0.06246473640203476,0.10160350054502487,0.9331724643707275,0.6841326951980591,1.2617162466049194,38.48228073120117,34.08523941040039,0.06246473640203476,0.10160350054502487,43.84542465209961,38.48228073120117,34.08523941040039,0.03820348158478737,0.06057304888963699,0.5164162516593933,0.49734604358673096,0.7890143990516663,19.869701385498047,15.055078506469727,0.03820348158478737,0.06057304888963699,26.036542892456055,19.869701385498047,15.055078506469727
scene13_traj1_1__000215,0.06235726922750473,0.10123037546873093,0.9345008730888367,0.674007773399353,1.2533334493637085,37.790287017822266,33.01560974121094,0.06235726922750473,0.10123037546873093,43.53636169433594,37.790287017822266,33.01560974121094,0.03832724690437317,0.06069902330636978,0.5181503891944885,0.4992315471172333,0.7917683720588684,19.86001968383789,15.012999534606934,0.03832724690437317,0.06069902330636978,26.133506774902344,19.86001968383789,15.012999534606934
scene13_traj1_1__000216,0.06274773925542831,0.10196930915117264,0.9364194273948669,0.6726078391075134,1.2536195516586304,37.4487419128418,32.16486358642578,0.06274773925542831,0.10196930915117264,43.634761810302734,37.4487419128418,32.16486358642578,0.038014501333236694,0.060180678963661194,0.517815351486206,0.4966025948524475,0.7899557948112488,19.84670066833496,14.861845016479492,0.038014501333236694,0.060180678963661194,26.058895111083984,19.84670066833496,14.861845016479492
scene13_traj1_1__000217,0.06265044957399368,0.1018371433019638,0.9337964057922363,0.6702331304550171,1.2484768629074097,37.00530242919922,31.567886352539062,0.06265044957399368,0.1018371433019638,43.38699722290039,37.00530242919922,31.567886352539062,0.03783131018280983,0.05934297665953636,0.5160231590270996,0.4962926208972931,0.7884740233421326,19.684894561767578,14.666890144348145,0.03783131018280983,0.05934297665953636,26.012624740600586,19.684894561767578,14.666890144348145
scene13_traj1_1__000218,0.06281527131795883,0.10238339751958847,0.9331403970718384,0.6716404557228088,1.250396490097046,37.237606048583984,31.91213035583496,0.06281527131795883,0.10238339751958847,43.4446907043457,37.237606048583984,31.91213035583496,0.03780420124530792,0.059511613100767136,0.5150861740112305,0.4968833327293396,0.7876446843147278,19.572284698486328,14.446615219116211,0.03780420124530792,0.059511613100767136,25.966835021972656,19.572284698486328,14.446615219116211
scene13_traj1_1__000219,0.06291962414979935,0.10237614065408707,0.9245744943618774,0.6810280084609985,1.250158429145813,37.17616271972656,32.12417221069336,0.06291962414979935,0.10237614065408707,43.42262268066406,37.17616271972656,32.12417221069336,0.03839576616883278,0.06041579321026802,0.5158707499504089,0.4996688961982727,0.7905531525611877,19.80589485168457,14.79537582397461,0.03839576616883278,0.06041579321026802,26.04780387878418,19.80589485168457,14.79537582397461
scene13_traj1_1__000220,0.06306639313697815,0.10277082771062851,0.9367750287055969,0.6680817604064941,1.2480911016464233,36.984310150146484,31.511381149291992,0.06306639313697815,0.10277082771062851,43.41195297241211,36.984310150146484,31.511381149291992,0.03795637562870979,0.05948495492339134,0.5172187685966492,0.4982495605945587,0.790646493434906,19.73023223876953,14.516643524169922,0.03795637562870979,0.05948495492339134,26.075458526611328,19.73023223876953,14.516643524169922
scene13_traj1_1__000221,0.06332825124263763,0.10285253822803497,0.9350132942199707,0.6752398014068604,1.2537120580673218,37.76791000366211,32.78813171386719,0.06332825124263763,0.10285253822803497,43.63503646850586,37.76791000366211,32.78813171386719,0.03854553773999214,0.06071992591023445,0.5199189782142639,0.498667448759079,0.793221116065979,19.818191528320312,14.5914888381958,0.03854553773999214,0.06071992591023445,26.151676177978516,19.818191528320312,14.5914888381958
scene13_traj1_1__000222,0.06328209489583969,0.10293394327163696,0.9430030584335327,0.6665965914726257,1.253579020500183,37.823829650878906,32.94556427001953,0.06328209489583969,0.10293394327163696,43.662269592285156,37.823829650878906,32.94556427001953,0.03877988085150719,0.061105258762836456,0.5200087428092957,0.4978025555610657,0.7927438020706177,19.754901885986328,14.543620109558105,0.03877988085150719,0.061105258762836456,26.115036010742188,19.754901885986328,14.543620109558105
scene13_traj1_1__000223,0.06395220756530762,0.10403691232204437,0.9277793169021606,0.6572697758674622,1.2325087785720825,36.15849685668945,30.435007095336914,0.06395220756530762,0.10403691232204437,42.86262130737305,36.15849685668945,30.435007095336914,0.03864865005016327,0.06070506200194359,0.5167894959449768,0.4939360022544861,0.787399411201477,19.47426986694336,14.214030265808105,0.03864865005016327,0.06070506200194359,25.917137145996094,19.47426986694336,14.214030265808105
scene13_traj1_1__000224,0.06373748928308487,0.10381287336349487,0.9284601807594299,0.6551809310913086,1.2326711416244507,36.084259033203125,30.416706085205078,0.06373748928308487,0.10381287336349487,42.852508544921875,36.084259033203125,30.416706085205078,0.03911862149834633,0.061573345214128494,0.5119994282722473,0.49070069193840027,0.7806038856506348,18.981433868408203,13.74423599243164,0.03911862149834633,0.061573345214128494,25.66519546508789,18.981433868408203,13.74423599243164
scene13_traj1_1__000225,0.06527892500162125,0.10575848817825317,0.9256268739700317,0.6662939190864563,1.2360845804214478,36.59248733520508,31.55569076538086,0.06527892500162125,0.10575848817825317,42.93218994140625,36.59248733520508,31.55569076538086,0.039381444454193115,0.06136590614914894,0.5109453797340393,0.48519259691238403,0.7751714587211609,18.801115036010742,13.483893394470215,0.039381444454193115,0.06136590614914894,25.472511291503906,18.801115036010742,13.483893394470215
scene13_traj1_1__000226,0.06668797880411148,0.10720089823007584,0.9114573001861572,0.6763139367103577,1.2359967231750488,36.346702575683594,31.157867431640625,0.06668797880411148,0.10720089823007584,42.8802375793457,36.346702575683594,31.157867431640625,0.03955228626728058,0.061119645833969116,0.512874960899353,0.48757287859916687,0.7781938314437866,19.086618423461914,13.775272369384766,0.03955228626728058,0.061119645833969116,25.616270065307617,19.086618423461914,13.775272369384766
scene13_traj1_1__000227,0.0667007640004158,0.10679540038108826,0.9091516733169556,0.6723871827125549,1.2298603057861328,36.05605697631836,30.75039291381836,0.0667007640004158,0.10679540038108826,42.68302536010742,36.05605697631836,30.75039291381836,0.03950231894850731,0.060840632766485214,0.5129895210266113,0.4879387319087982,0.7784056663513184,19.243513107299805,14.041646957397461,0.03950231894850731,0.060840632766485214,25.623455047607422,19.243513107299805,14.041646957397461
scene13_traj1_1__000228,0.06658622622489929,0.10614686459302902,0.9137362837791443,0.6671568751335144,1.2290998697280884,36.31013488769531,30.949296951293945,0.06658622622489929,0.10614686459302902,42.65605163574219,36.31013488769531,30.949296951293945,0.04005245864391327,0.06165977939963341,0.5163787007331848,0.490454763174057,0.7830854058265686,19.533761978149414,14.31379222869873,0.04005245864391327,0.06165977939963341,25.807584762573242,19.533761978149414,14.31379222869873
scene13_traj1_1__000229,0.0669785812497139,0.10623764991760254,0.9177855849266052,0.7011772394180298,1.259819746017456,38.425926208496094,33.95256805419922,0.0669785812497139,0.10623764991760254,43.82826614379883,38.425926208496094,33.95256805419922,0.040629446506500244,0.06255307793617249,0.5155678987503052,0.4869097173213959,0.7787490487098694,19.351381301879883,14.122481346130371,0.040629446506500244,0.06255307793617249,25.637357711791992,19.351381301879883,14.122481346130371
scene13_traj1_1__000230,0.06860724091529846,0.10825509577989578,0.9149566292762756,0.6853160858154297,1.2464569807052612,37.64854431152344,33.24894714355469,0.06860724091529846,0.10825509577989578,43.2789421081543,37.64854431152344,33.24894714355469,0.040327802300453186,0.061941299587488174,0.5088770389556885,0.48521023988723755,0.7716666460037231,19.004831314086914,13.813326835632324,0.040327802300453186,0.061941299587488174,25.386213302612305,19.004831314086914,13.813326835632324
scene13_traj1_1__000231,0.0704057514667511,0.10979270190000534,0.877572774887085,0.7102499008178711,1.2362886667251587,36.917808532714844,32.30556869506836,0.0704057514667511,0.10979270190000534,42.852813720703125,36.917808532714844,32.30556869506836,0.040522217750549316,0.0612463653087616,0.5049687027931213,0.48041003942489624,0.7650629878044128,18.793365478515625,13.659107208251953,0.040522217750549316,0.0612463653087616,25.194028854370117,18.793365478515625,13.659107208251953
scene13_traj1_1__000232,0.06982632726430893,0.10895713418722153,0.8684341907501221,0.713775634765625,1.2311705350875854,36.78691482543945,32.11198425292969,0.06982632726430893,0.10895713418722153,42.625946044921875,36.78691482543945,32.11198425292969,0.04066884145140648,0.06160745024681091,0.5014311671257019,0.47875863313674927,0.7607102394104004,18.64954948425293,13.376626968383789,0.04066884145140648,0.06160745024681091,25.04253578186035,18.64954948425293,13.376626968383789
scene13_traj1_1__000233,0.07276231795549393,0.11237096041440964,0.8675463795661926,0.7122254371643066,1.228533387184143,37.098262786865234,32.407047271728516,0.07276231795549393,0.11237096041440964,42.55744171142578,37.098262786865234,32.407047271728516,0.04168294370174408,0.06268403679132462,0.5010719299316406,0.4734519124031067,0.7558196187019348,18.711841583251953,13.619869232177734,0.04168294370174408,0.06268403679132462,24.8900203704834,18.711841583251953,13.619869232177734
scene13_traj1_1__000234,0.07545202970504761,0.11680138111114502,0.8600864410400391,0.7234184741973877,1.2309486865997314,37.226531982421875,32.850128173828125,0.07545202970504761,0.11680138111114502,42.58345413208008,37.226531982421875,32.850128173828125,0.044395964592695236,0.06961754709482193,0.4947589635848999,0.46202149987220764,0.7437224984169006,18.300764083862305,13.597925186157227,0.044395964592695236,0.06961754709482193,24.426624298095703,18.300764083862305,13.597925186157227
scene13_traj1_1__000235,0.07855893671512604,0.12195926904678345,0.840395987033844,0.7352895736694336,1.2294458150863647,36.4708251953125,32.197654724121094,0.07855893671512604,0.12195926904678345,42.37556838989258,36.4708251953125,32.197654724121094,0.04827738553285599,0.07868261635303497,0.5072801113128662,0.4387494921684265,0.7376618385314941,17.747095108032227,13.796928405761719,0.04827738553285599,0.07868261635303497,24.120664596557617,17.747095108032227,13.796928405761719
scene13_traj1_1__000236,0.0790124237537384,0.12242332845926285,0.8398205637931824,0.7379313111305237,1.2279490232467651,36.575897216796875,32.29117202758789,0.0790124237537384,0.12242332845926285,42.464820861816406,36.575897216796875,32.29117202758789,0.04987098649144173,0.08114077150821686,0.5139329433441162,0.43223926424980164,0.7386668920516968,17.969552993774414,14.368505477905273,0.04987098649144173,0.08114077150821686,24.129348754882812,17.969552993774414,14.368505477905273
scene13_traj1_1__000237,0.07979703694581985,0.12311916053295135,0.83551025390625,0.7422288060188293,1.2294973134994507,36.830291748046875,32.729034423828125,0.07979703694581985,0.12311916053295135,42.42490005493164,36.830291748046875,32.729034423828125,0.0495687834918499,0.0808996856212616,0.5137664079666138,0.4327489137649536,0.73859703540802,17.99703598022461,14.333285331726074,0.0495687834918499,0.0808996856212616,24.113109588623047,17.99703598022461,14.333285331726074
scene13_traj1_1__000238,0.07928967475891113,0.12272023409605026,0.8319613337516785,0.7278583645820618,1.2152552604675293,35.29039764404297,30.891334533691406,0.07928967475891113,0.12272023409605026,41.85133361816406,35.29039764404297,30.891334533691406,0.05057414993643761,0.0823366716504097,0.5195836424827576,0.43005281686782837,0.7418473362922668,18.308589935302734,14.89521598815918,0.05057414993643761,0.0823366716504097,24.247758865356445,18.308589935302734,14.89521598815918
scene13_traj1_1__000239,0.08033274859189987,0.12431766837835312,0.8421605825424194,0.7011683583259583,1.1992409229278564,34.78641891479492,30.095396041870117,0.08033274859189987,0.12431766837835312,41.362857818603516,34.78641891479492,30.095396041870117,0.049961451441049576,0.08162960410118103,0.5140994191169739,0.4227340519428253,0.731537401676178,17.530664443969727,14.212135314941406,0.049961451441049576,0.08162960410118103,23.83579444885254,17.530664443969727,14.212135314941406
scene13_traj1_1__000240,0.0800011083483696,0.12438317388296127,0.8370057940483093,0.7141146659851074,1.206246256828308,34.655921936035156,30.222021102905273,0.0800011083483696,0.12438317388296127,41.43164825439453,34.655921936035156,30.222021102905273,0.051495276391506195,0.08420901000499725,0.5173778533935547,0.4192308783531189,0.7321741580963135,17.702558517456055,14.504284858703613,0.051495276391506195,0.08420901000499725,23.87514305114746,17.702558517456055,14.504284858703613
scene13_traj1_1__000241,0.081516794860363,0.12627947330474854,0.8274646401405334,0.6979705691337585,1.1854761838912964,33.46991729736328,28.979257583618164,0.081516794860363,0.12627947330474854,40.768035888671875,33.46991729736328,28.979257583618164,0.05198341980576515,0.08543132245540619,0.517703115940094,0.41705480217933655,0.7301324605941772,17.56941032409668,14.517282485961914,0.05198341980576515,0.08543132245540619,23.780441284179688,17.56941032409668,14.517282485961914
scene13_traj1_1__000242,0.08197914808988571,0.12695088982582092,0.8233147263526917,0.6944787502288818,1.1796799898147583,33.317237854003906,28.898765563964844,0.08197914808988571,0.12695088982582092,40.539451599121094,33.317237854003906,28.898765563964844,0.05215027183294296,0.08527380228042603,0.5189914703369141,0.41492682695388794,0.7294833660125732,17.619190216064453,14.680570602416992,0.05215027183294296,0.08527380228042603,23.77166175842285,17.619190216064453,14.680570602416992
scene13_traj1_1__000243,0.0834546834230423,0.12837384641170502,0.8222763538360596,0.7045938372612,1.1867808103561401,33.58330154418945,29.20228385925293,0.0834546834230423,0.12837384641170502,40.67555236816406,33.58330154418945,29.20228385925293,0.052187345921993256,0.08529534190893173,0.513333261013031,0.40956953167915344,0.7203906178474426,17.223461151123047,14.160690307617188,0.052187345921993256,0.08529534190893173,23.447994232177734,17.223461151123047,14.160690307617188
scene13_traj1_1__000244,0.08398019522428513,0.12824496626853943,0.8177881240844727,0.6928372383117676,1.1685470342636108,32.427024841308594,28.32006072998047,0.08398019522428513,0.12824496626853943,40.027854919433594,32.427024841308594,28.32006072998047,0.053482092916965485,0.08680989593267441,0.512112557888031,0.40742453932762146,0.7170662879943848,17.27303695678711,14.455869674682617,0.053482092916965485,0.08680989593267441,23.29924201965332,17.27303695678711,14.455869674682617
scene13_traj1_1__000245,0.08551348000764847,0.1298515498638153,0.8113589286804199,0.6737583875656128,1.1495471000671387,31.550621032714844,27.40328598022461,0.08551348000764847,0.1298515498638153,39.36372756958008,31.550621032714844,27.40328598022461,0.05367729440331459,0.08692571520805359,0.5157915949821472,0.40352267026901245,0.716498613357544,17.270971298217773,14.500760078430176,0.05367729440331459,0.08692571520805359,23.31766700744629,17.270971298217773,14.500760078430176
scene13_traj1_1__000246,0.08481822162866592,0.12919631600379944,0.8135322332382202,0.7152330279350281,1.1860357522964478,33.31053161621094,29.20219612121582,0.08481822162866592,0.12919631600379944,40.6329231262207,33.31053161621094,29.20219612121582,0.05292325094342232,0.0862531065940857,0.5046613216400146,0.4016290009021759,0.7059639692306519,16.725975036621094,13.87185001373291,0.05292325094342232,0.0862531065940857,22.922470092773438,16.725975036621094,13.87185001373291
scene13_traj1_1__000247,0.08516154438257217,0.12947091460227966,0.8108556866645813,0.7009825706481934,1.170883297920227,32.663726806640625,28.692461013793945,0.08516154438257217,0.12947091460227966,40.07557678222656,32.663726806640625,28.692461013793945,0.05303128808736801,0.08678169548511505,0.5067884922027588,0.40647804737091064,0.7117569446563721,17.082311630249023,14.302549362182617,0.05303128808736801,0.08678169548511505,23.14055824279785,17.082311630249023,14.302549362182617
scene13_traj1_1__000248,0.08273103088140488,0.12808386981487274,0.8319318890571594,0.689836323261261,1.1827539205551147,33.02834701538086,28.946367263793945,0.08273103088140488,0.12808386981487274,40.56338882446289,33.02834701538086,28.946367263793945,0.05025731772184372,0.08426189422607422,0.5075995326042175,0.4088965952396393,0.7157484292984009,16.665943145751953,13.807901382446289,0.05025731772184372,0.08426189422607422,23.283315658569336,16.665943145751953,13.807901382446289
scene13_traj1_1__000249,0.08020889759063721,0.12665864825248718,0.8577471971511841,0.6695618033409119,1.18468177318573,32.42391586303711,27.973602294921875,0.08020889759063721,0.12665864825248718,40.68545150756836,32.42391586303711,27.973602294921875,0.048307035118341446,0.08291562646627426,0.5077678561210632,0.41435423493385315,0.7208506464958191,16.20536231994629,13.244498252868652,0.048307035118341446,0.08291562646627426,23.474376678466797,16.20536231994629,13.244498252868652
scene13_traj1_1__000250,0.07913386076688766,0.12535418570041656,0.8560556769371033,0.6629721522331238,1.1801813840866089,31.975831985473633,27.54755401611328,0.07913386076688766,0.12535418570041656,40.567108154296875,31.975831985473633,27.54755401611328,0.04751984775066376,0.08110740780830383,0.5132378935813904,0.41436097025871277,0.7265315055847168,16.345563888549805,13.283327102661133,0.04751984775066376,0.08110740780830383,23.661808013916016,16.345563888549805,13.283327102661133
scene13_traj1_1__000251,0.07820173352956772,0.12446339428424835,0.8600916862487793,0.6476050615310669,1.169396996498108,31.170310974121094,26.301998138427734,0.07820173352956772,0.12446339428424835,40.191471099853516,31.170310974121094,26.301998138427734,0.04728614538908005,0.08087987452745438,0.5126485824584961,0.4182365834712982,0.7284733653068542,16.401897430419922,13.30406665802002,0.04728614538908005,0.08087987452745438,23.766939163208008,16.401897430419922,13.30406665802002
scene13_traj1_1__000252,0.07856078445911407,0.1250157654285431,0.8633027076721191,0.6494492292404175,1.1739649772644043,31.387550354003906,26.590904235839844,0.07856078445911407,0.1250157654285431,40.33917999267578,31.387550354003906,26.590904235839844,0.04691657796502113,0.08049046993255615,0.5118014216423035,0.4172443449497223,0.7270247936248779,16.370893478393555,13.244428634643555,0.04691657796502113,0.08049046993255615,23.692829132080078,16.370893478393555,13.244428634643555
scene13_traj1_1__000253,0.07979587465524673,0.12631188333034515,0.8567901253700256,0.6510266065597534,1.1696553230285645,31.240785598754883,26.467321395874023,0.07979587465524673,0.12631188333034515,40.182003021240234,31.240785598754883,26.467321395874023,0.04769524559378624,0.08142762631177902,0.5096986293792725,0.4165610373020172,0.7245025634765625,16.253572463989258,13.223140716552734,0.04769524559378624,0.08142762631177902,23.621007919311523,16.253572463989258,13.223140716552734
scene13_traj1_1__000254,0.0806426852941513,0.12788332998752594,0.8555915951728821,0.6552050113677979,1.1714212894439697,31.237045288085938,26.454696655273438,0.0806426852941513,0.12788332998752594,40.17179870605469,31.237045288085938,26.454696655273438,0.04841683804988861,0.08282873034477234,0.5092929005622864,0.41537317633628845,0.7236515879631042,16.241640090942383,13.205523490905762,0.04841683804988861,0.08282873034477234,23.587764739990234,16.241640090942383,13.205523490905762
scene13_traj1_1__000255,0.08041691780090332,0.1280186027288437,0.8591127991676331,0.6703936457633972,1.1883596181869507,32.41698455810547,27.568084716796875,0.08041691780090332,0.1280186027288437,40.834598541259766,32.41698455810547,27.568084716796875,0.047844018787145615,0.08190593123435974,0.5061599016189575,0.421297550201416,0.7252667546272278,16.099300384521484,12.726166725158691,0.047844018787145615,0.08190593123435974,23.6595401763916,16.099300384521484,12.726166725158691
scene13_traj1_1__000256,0.08000020682811737,0.12809190154075623,0.8644724488258362,0.651826798915863,1.1770445108413696,31.753767013549805,26.56951141357422,0.08000020682811737,0.12809190154075623,40.45903778076172,31.753767013549805,26.56951141357422,0.04768978804349899,0.08172240853309631,0.5007776021957397,0.42232757806777954,0.7215210199356079,15.78905200958252,12.288849830627441,0.04768978804349899,0.08172240853309631,23.52553939819336,15.78905200958252,12.288849830627441
scene13_traj1_1__000257,0.07927816361188889,0.12771853804588318,0.881141722202301,0.662316620349884,1.1995704174041748,32.859169006347656,27.601640701293945,0.07927816361188889,0.12771853804588318,41.30258560180664,32.859169006347656,27.601640701293945,0.04723817855119705,0.08163712173700333,0.503108024597168,0.4308505952358246,0.7302329540252686,16.02573013305664,12.429106712341309,0.04723817855119705,0.08163712173700333,23.836145401000977,16.02573013305664,12.429106712341309
scene13_traj1_1__000258,0.07388023287057877,0.12216148525476456,0.9047812819480896,0.6551217436790466,1.2111767530441284,32.98439025878906,26.701210021972656,0.07388023287057877,0.12216148525476456,41.86751937866211,32.98439025878906,26.701210021972656,0.045353908091783524,0.07945210486650467,0.5161033272743225,0.44345444440841675,0.7527368068695068,16.648849487304688,12.623186111450195,0.045353908091783524,0.07945210486650467,24.632503509521484,16.648849487304688,12.623186111450195
scene13_traj1_1__000259,0.06924410909414291,0.11574463546276093,0.9210431575775146,0.6341589093208313,1.2078752517700195,32.32057189941406,24.625141143798828,0.06924410909414291,0.11574463546276093,41.94717788696289,32.32057189941406,24.625141143798828,0.043159257620573044,0.07514321058988571,0.5226726531982422,0.45212340354919434,0.7662457227706909,17.062217712402344,12.414077758789062,0.043159257620573044,0.07514321058988571,25.124122619628906,17.062217712402344,12.414077758789062
scene13_traj1_1__000260,0.06583347916603088,0.11066479980945587,0.9344891309738159,0.636979341506958,1.2198373079299927,33.09034729003906,25.181411743164062,0.06583347916603088,0.11066479980945587,42.39472961425781,33.09034729003906,25.181411743164062,0.04158522188663483,0.07178962975740433,0.5212104916572571,0.4592629671096802,0.7708090543746948,17.052141189575195,12.125457763671875,0.04158522188663483,0.07178962975740433,25.28042984008789,17.052141189575195,12.125457763671875
scene13_traj1_1__000261,0.06416837871074677,0.10731274634599686,0.9394121170043945,0.6383596658706665,1.2240070104599,33.37102127075195,25.313386917114258,0.06416837871074677,0.10731274634599686,42.573062896728516,33.37102127075195,25.313386917114258,0.04012759402394295,0.06778883934020996,0.5172505378723145,0.46117284893989563,0.768595814704895,16.846403121948242,11.700176239013672,0.04012759402394295,0.06778883934020996,25.21354866027832,16.846403121948242,11.700176239013672
scene13_traj1_1__000262,0.06452396512031555,0.10800733417272568,0.9362360239028931,0.640927255153656,1.2239755392074585,33.42378616333008,25.400232315063477,0.06452396512031555,0.10800733417272568,42.60418701171875,33.42378616333008,25.400232315063477,0.04010692611336708,0.06794433295726776,0.5197698473930359,0.4641822576522827,0.7728537321090698,16.95787811279297,11.698554039001465,0.04010692611336708,0.06794433295726776,25.377050399780273,16.95787811279297,11.698554039001465
scene13_traj1_1__000263,0.06593314558267593,0.10944431275129318,0.9292318224906921,0.6619325280189514,1.237748622894287,34.58150100708008,27.49896240234375,0.06593314558267593,0.10944431275129318,43.01280212402344,34.58150100708008,27.49896240234375,0.03992215171456337,0.0670548677444458,0.509506106376648,0.4599786400794983,0.7596322894096375,16.53165626525879,11.421744346618652,0.03992215171456337,0.0670548677444458,24.892295837402344,16.53165626525879,11.421744346618652
scene13_traj2_1__000000,0.0670778751373291,0.11057033389806747,0.9469665884971619,0.7009167075157166,1.2906272411346436,37.44080352783203,30.587682723999023,0.0670778751373291,0.11057033389806747,45.06097412109375,37.44080352783203,30.587682723999023,0.03665463998913765,0.05554759129881859,0.47905781865119934,0.48211804032325745,0.7448516488075256,15.124246597290039,9.071555137634277,0.03665463998913765,0.05554759129881859,24.370342254638672,15.124246597290039,9.071555137634277
scene13_traj2_1__000001,0.0666666105389595,0.11045071482658386,0.9430069923400879,0.7029384970664978,1.2883734703063965,37.23374938964844,30.858415603637695,0.0666666105389595,0.11045071482658386,44.95865249633789,37.23374938964844,30.858415603637695,0.036651115864515305,0.05583154037594795,0.4809653162956238,0.4828561842441559,0.7467414140701294,15.046175003051758,9.064395904541016,0.036651115864515305,0.05583154037594795,24.46213150024414,15.046175003051758,9.064395904541016
scene13_traj2_1__000002,0.06654048711061478,0.10989955067634583,0.9449812173843384,0.7059550285339355,1.293982982635498,37.63882827758789,31.243480682373047,0.06654048711061478,0.10989955067634583,45.15806198120117,37.63882827758789,31.243480682373047,0.03667746111750603,0.05570251867175102,0.48172155022621155,0.48079442977905273,0.7457085251808167,15.055949211120605,9.087316513061523,0.03667746111750603,0.05570251867175102,24.400714874267578,15.055949211120605,9.087316513061523
scene13_traj2_1__000003,0.06735703349113464,0.11145404726266861,0.941131591796875,0.700176477432251,1.2848364114761353,36.879146575927734,30.15756607055664,0.06735703349113464,0.11145404726266861,44.80120086669922,36.879146575927734,30.15756607055664,0.036561205983161926,0.055583301931619644,0.48023054003715515,0.4760415554046631,0.7403694987297058,14.781622886657715,8.9539794921875,0.036561205983161926,0.055583301931619644,24.226999282836914,14.781622886657715,8.9539794921875
scene13_traj2_1__000004,0.06716987490653992,0.11160723865032196,0.9394555687904358,0.7022954225540161,1.2862558364868164,37.061500549316406,30.70328140258789,0.06716987490653992,0.11160723865032196,44.82863235473633,37.061500549316406,30.70328140258789,0.03661300614476204,0.055875957012176514,0.48162585496902466,0.4805666208267212,0.7450209259986877,14.943541526794434,9.099370956420898,0.03661300614476204,0.055875957012176514,24.40199089050293,14.943541526794434,9.099370956420898
scene13_traj2_1__000005,0.06770256161689758,0.11229780316352844,0.9403030872344971,0.7160683274269104,1.2977018356323242,37.6748161315918,31.44266700744629,0.06770256161689758,0.11229780316352844,45.25508499145508,37.6748161315918,31.44266700744629,0.036788154393434525,0.056104693561792374,0.4817012846469879,0.4805968403816223,0.7449939846992493,14.986489295959473,9.140165328979492,0.036788154393434525,0.056104693561792374,24.40472412109375,14.986489295959473,9.140165328979492
scene13_traj2_1__000006,0.06692945957183838,0.11058163642883301,0.9400150179862976,0.7130455374717712,1.2948548793792725,37.47679138183594,31.325836181640625,0.06692945957183838,0.11058163642883301,45.13692092895508,37.47679138183594,31.325836181640625,0.036357488483190536,0.05532829463481903,0.4821189045906067,0.4800451695919037,0.7446249127388,14.901091575622559,9.054580688476562,0.036357488483190536,0.05532829463481903,24.39537811279297,14.901091575622559,9.054580688476562
scene13_traj2_1__000007,0.06758963316679001,0.11183954775333405,0.9362894296646118,0.710003137588501,1.2889139652252197,37.13486862182617,31.1573429107666,0.06758963316679001,0.11183954775333405,44.8746452331543,37.13486862182617,31.1573429107666,0.03649412840604782,0.055685482919216156,0.48181408643722534,0.4743078649044037,0.7398395538330078,14.752896308898926,9.096429824829102,0.03649412840604782,0.055685482919216156,24.221792221069336,14.752896308898926,9.096429824829102
scene13_traj2_1__000008,0.06719563156366348,0.11133939772844315,0.9350310564041138,0.7138597965240479,1.291271448135376,37.34363555908203,31.440711975097656,0.06719563156366348,0.11133939772844315,44.9742431640625,37.34363555908203,31.440711975097656,0.03654801473021507,0.05571668967604637,0.482394814491272,0.4754546880722046,0.7406906485557556,14.74581241607666,9.023652076721191,0.03654801473021507,0.05571668967604637,24.254602432250977,14.74581241607666,9.023652076721191
scene13_traj2_1__000009,0.06725175678730011,0.11116849631071091,0.9337689280509949,0.7116434574127197,1.288652777671814,37.177650451660156,31.384689331054688,0.06725175678730011,0.11116849631071091,44.848289489746094,37.177650451660156,31.384689331054688,0.03673927113413811,0.05606522411108017,0.4834100008010864,0.4744867980480194,0.740493893623352,14.815689086914062,9.195085525512695,0.03673927113413811,0.05606522411108017,24.249122619628906,14.815689086914062,9.195085525512695
scene13_traj2_1__000010,0.06674068421125412,0.11025744676589966,0.9345457553863525,0.7099898457527161,1.287986397743225,37.11796951293945,31.300140380859375,0.06674068421125412,0.11025744676589966,44.824424743652344,37.11796951293945,31.300140380859375,0.03662258759140968,0.05602165311574936,0.48444056510925293,0.47548019886016846,0.7419002652168274,14.81447982788086,9.188426971435547,0.03662258759140968,0.05602165311574936,24.301591873168945,14.81447982788086,9.188426971435547
scene13_traj2_1__000011,0.06758721172809601,0.1120319589972496,0.9366136193275452,0.7064719200134277,1.2858805656433105,36.96767807006836,31.197105407714844,0.06758721172809601,0.1120319589972496,44.768760681152344,36.96767807006836,31.197105407714844,0.03685109689831734,0.05638584494590759,0.48434555530548096,0.4729779362678528,0.7399476170539856,14.740385055541992,9.146294593811035,0.03685109689831734,0.05638584494590759,24.222503662109375,14.740385055541992,9.146294593811035
scene13_traj2_1__000012,0.06776563078165054,0.1125868707895279,0.9374479651451111,0.7078836560249329,1.2871763706207275,37.00306701660156,31.32478141784668,0.06776563078165054,0.1125868707895279,44.783565521240234,37.00306701660156,31.32478141784668,0.03678430616855621,0.056326307356357574,0.48410317301750183,0.47289687395095825,0.7397823333740234,14.622350692749023,9.073946952819824,0.03678430616855621,0.056326307356357574,24.236743927001953,14.622350692749023,9.073946952819824
scene13_traj2_1__000013,0.06787348538637161,0.1122651994228363,0.9326635003089905,0.7062720656394958,1.2830009460449219,36.78791427612305,31.15269660949707,0.06787348538637161,0.1122651994228363,44.63642120361328,36.78791427612305,31.15269660949707,0.036867544054985046,0.05663679540157318,0.483681321144104,0.47472432255744934,0.7406846880912781,14.674969673156738,9.060068130493164,0.036867544054985046,0.05663679540157318,24.26894187927246,14.674969673156738,9.060068130493164
scene13_traj2_1__000014,0.0678049772977829,0.11239621043205261,0.9310178160667419,0.7221233248710632,1.2942827939987183,37.5019416809082,32.2031135559082,0.0678049772977829,0.11239621043205261,45.020477294921875,37.5019416809082,32.2031135559082,0.037045978009700775,0.05694595351815224,0.4844818413257599,0.4706592857837677,0.7377160787582397,14.626489639282227,9.164851188659668,0.037045978009700775,0.05694595351815224,24.15684700012207,14.626489639282227,9.164851188659668
scene13_traj2_1__000015,0.06827401369810104,0.11289709061384201,0.9324266314506531,0.7203113436698914,1.2942124605178833,37.44730758666992,32.07044219970703,0.06827401369810104,0.11289709061384201,45.04650115966797,37.44730758666992,32.07044219970703,0.036951251327991486,0.05678252875804901,0.4851035475730896,0.4743212163448334,0.7412101626396179,14.61634349822998,9.03490161895752,0.036951251327991486,0.05678252875804901,24.296194076538086,14.61634349822998,9.03490161895752
scene13_traj2_1__000016,0.06848585605621338,0.11328227818012238,0.9297738075256348,0.7024073004722595,1.2780662775039673,36.54970169067383,31.019161224365234,0.06848585605621338,0.11328227818012238,44.453514099121094,36.54970169067383,31.019161224365234,0.03691809996962547,0.0569259412586689,0.48516497015953064,0.4736449718475342,0.7405905723571777,14.624937057495117,9.091980934143066,0.03691809996962547,0.0569259412586689,24.271587371826172,14.624937057495117,9.091980934143066
scene13_traj2_1__000017,0.0687408521771431,0.11447593569755554,0.928728461265564,0.7022851705551147,1.275771975517273,36.180423736572266,30.523590087890625,0.0687408521771431,0.11447593569755554,44.36998748779297,36.180423736572266,30.523590087890625,0.03682098537683487,0.05671928450465202,0.4848985970020294,0.47219082713127136,0.7391968369483948,14.531570434570312,9.061479568481445,0.03682098537683487,0.05671928450465202,24.226078033447266,14.531570434570312,9.061479568481445
scene13_traj2_1__000018,0.06928205490112305,0.1154533252120018,0.9309449791908264,0.710670530796051,1.2844717502593994,36.84562683105469,31.445125579833984,0.06928205490112305,0.1154533252120018,44.66995620727539,36.84562683105469,31.445125579833984,0.03704013675451279,0.057004641741514206,0.48554277420043945,0.47153735160827637,0.7389998435974121,14.570816040039062,9.042778015136719,0.03704013675451279,0.057004641741514206,24.224599838256836,14.570816040039062,9.042778015136719
scene13_traj2_1__000019,0.06933189183473587,0.11594586819410324,0.9303072690963745,0.7062106132507324,1.2802892923355103,36.558937072753906,31.182897567749023,0.06933189183473587,0.11594586819410324,44.50124740600586,36.558937072753906,31.182897567749023,0.037290431559085846,0.05757308378815651,0.48555290699005127,0.47091636061668396,0.7387117147445679,14.532423973083496,9.023913383483887,0.037290431559085846,0.05757308378815651,24.206995010375977,14.532423973083496,9.023913383483887
scene13_traj2_1__000020,0.06954935193061829,0.11614254862070084,0.9306740164756775,0.7078343033790588,1.2812310457229614,36.529930114746094,31.080354690551758,0.06954935193061829,0.11614254862070084,44.530189514160156,36.529930114746094,31.080354690551758,0.03727783262729645,0.057544827461242676,0.4868144989013672,0.4704381227493286,0.7390349507331848,14.537064552307129,9.120627403259277,0.03727783262729645,0.057544827461242676,24.226627349853516,14.537064552307129,9.120627403259277
scene13_traj2_1__000021,0.06964689493179321,0.11622647196054459,0.9237955808639526,0.7276407480239868,1.2942484617233276,37.40727615356445,32.512168884277344,0.06964689493179321,0.11622647196054459,44.957889556884766,37.40727615356445,32.512168884277344,0.036939587444067,0.057054344564676285,0.4845010042190552,0.4694322645664215,0.7360533475875854,14.424403190612793,9.029382705688477,0.036939587444067,0.057054344564676285,24.118452072143555,14.424403190612793,9.029382705688477
scene13_traj2_1__000022,0.06964817643165588,0.1166832223534584,0.9229750037193298,0.7347727417945862,1.29771888256073,37.60266876220703,32.68406295776367,0.06964817643165588,0.1166832223534584,45.078575134277344,37.60266876220703,32.68406295776367,0.03721371665596962,0.05758809670805931,0.48700863122940063,0.4684598743915558,0.7369415760040283,14.443831443786621,9.063315391540527,0.03721371665596962,0.05758809670805931,24.1543025970459,14.443831443786621,9.063315391540527
scene13_traj2_1__000023,0.07025540620088577,0.1176820620894432,0.9276675581932068,0.7229691743850708,1.2927640676498413,37.28533935546875,32.2843132019043,0.07025540620088577,0.1176820620894432,44.94868087768555,37.28533935546875,32.2843132019043,0.03735659644007683,0.05792948231101036,0.48826169967651367,0.4704959988594055,0.7393546104431152,14.450347900390625,9.002099990844727,0.03735659644007683,0.05792948231101036,24.23301887512207,14.450347900390625,9.002099990844727
scene13_traj2_1__000024,0.06941770017147064,0.11627732217311859,0.9271811842918396,0.7264302372932434,1.2934187650680542,37.378971099853516,32.44854736328125,0.06941770017147064,0.11627732217311859,44.95643997192383,37.378971099853516,32.44854736328125,0.037311919033527374,0.057526785880327225,0.48801174759864807,0.4689752459526062,0.7385627031326294,14.499996185302734,9.037887573242188,0.037311919033527374,0.057526785880327225,24.212692260742188,14.499996185302734,9.037887573242188
scene13_traj2_1__000025,0.06988711655139923,0.11712248623371124,0.9292802810668945,0.7166685461997986,1.2872451543807983,36.810325622558594,31.73311996459961,0.06988711655139923,0.11712248623371124,44.72837448120117,36.810325622558594,31.73311996459961,0.03746800869703293,0.05805693566799164,0.48850005865097046,0.46988314390182495,0.7398015856742859,14.566778182983398,9.084639549255371,0.03746800869703293,0.05805693566799164,24.273757934570312,14.566778182983398,9.084639549255371
scene13_traj2_1__000026,0.06961878389120102,0.11616599559783936,0.9279075264930725,0.7174119353294373,1.286727786064148,36.729766845703125,31.821470260620117,0.06961878389120102,0.11616599559783936,44.70415115356445,36.729766845703125,31.821470260620117,0.0374382846057415,0.05800199508666992,0.48968860507011414,0.47056227922439575,0.7404376864433289,14.552536964416504,9.163808822631836,0.0374382846057415,0.05800199508666992,24.296586990356445,14.552536964416504,9.163808822631836
scene13_traj2_1__000027,0.06958304345607758,0.11643963307142258,0.9228191375732422,0.7245640158653259,1.2888832092285156,37.11376953125,32.15414810180664,0.06958304345607758,0.11643963307142258,44.7534294128418,37.11376953125,32.15414810180664,0.03719695657491684,0.05765864625573158,0.4903240501880646,0.46944794058799744,0.7402608394622803,14.624371528625488,9.183189392089844,0.03719695657491684,0.05765864625573158,24.27925682067871,14.624371528625488,9.183189392089844
scene13_traj2_1__000028,0.06941568106412888,0.11598513275384903,0.9253700375556946,0.7174944281578064,1.284438967704773,36.84297561645508,32.1348876953125,0.06941568106412888,0.11598513275384903,44.58713150024414,36.84297561645508,32.1348876953125,0.037554722279310226,0.05805400386452675,0.4884990155696869,0.46857479214668274,0.7380474805831909,14.544093132019043,9.181314468383789,0.037554722279310226,0.05805400386452675,24.2104434967041,14.544093132019043,9.181314468383789
scene13_traj2_1__000029,0.06981921195983887,0.11657977104187012,0.9293105006217957,0.7146766185760498,1.2841520309448242,36.58591842651367,31.71746063232422,0.06981921195983887,0.11657977104187012,44.595314025878906,36.58591842651367,31.71746063232422,0.03756680712103844,0.05827128142118454,0.4901561737060547,0.4696301519870758,0.7406471371650696,14.644713401794434,9.330784797668457,0.03756680712103844,0.05827128142118454,24.299612045288086,14.644713401794434,9.330784797668457
scene13_traj2_1__000030,0.07033419609069824,0.11784564703702927,0.926007866859436,0.7143754363059998,1.282483696937561,36.411094665527344,31.319820404052734,0.07033419609069824,0.11784564703702927,44.588871002197266,36.411094665527344,31.319820404052734,0.03740501403808594,0.05814865604043007,0.489437073469162,0.4716053903102875,0.7411136627197266,14.569756507873535,9.116097450256348,0.03740501403808594,0.05814865604043007,24.31900405883789,14.569756507873535,9.116097450256348
scene13_traj2_1__000031,0.07060061395168304,0.11882748454809189,0.9245227575302124,0.7111320495605469,1.2793160676956177,36.434085845947266,31.534278869628906,0.07060061395168304,0.11882748454809189,44.42979431152344,36.434085845947266,31.534278869628906,0.03789127618074417,0.05895635858178139,0.4903270900249481,0.4698213040828705,0.7405514121055603,14.551534652709961,9.07072925567627,0.03789127618074417,0.05895635858178139,24.2982177734375,14.551534652709961,9.07072925567627
scene13_traj2_1__000032,0.07099844515323639,0.1194881945848465,0.9279192686080933,0.7062366604804993,1.275999903678894,36.02720260620117,30.989721298217773,0.07099844515323639,0.1194881945848465,44.313209533691406,36.02720260620117,30.989721298217773,0.03839977830648422,0.059552840888500214,0.49130111932754517,0.46847954392433167,0.7406068444252014,14.739922523498535,9.31161880493164,0.03839977830648422,0.059552840888500214,24.30038070678711,14.739922523498535,9.31161880493164
scene13_traj2_1__000033,0.07076588273048401,0.11936245858669281,0.9296076893806458,0.7138877511024475,1.285478115081787,36.71376419067383,31.88868522644043,0.07076588273048401,0.11936245858669281,44.63197326660156,36.71376419067383,31.88868522644043,0.037827491760253906,0.05881878733634949,0.49229496717453003,0.47073665261268616,0.7429422736167908,14.700563430786133,9.230387687683105,0.037827491760253906,0.05881878733634949,24.391685485839844,14.700563430786133,9.230387687683105
scene13_traj2_1__000034,0.07061409950256348,0.11901422590017319,0.9256038665771484,0.7106886506080627,1.2783647775650024,36.36064529418945,31.532926559448242,0.07061409950256348,0.11901422590017319,44.361663818359375,36.36064529418945,31.532926559448242,0.037802208214998245,0.05878758430480957,0.4892556369304657,0.46909672021865845,0.7395452857017517,14.582488059997559,9.16425895690918,0.037802208214998245,0.05878758430480957,24.26481819152832,14.582488059997559,9.16425895690918
scene13_traj2_1__000035,0.07085824012756348,0.11923742294311523,0.9258396625518799,0.7063758373260498,1.2755208015441895,36.16044998168945,31.284276962280273,0.07085824012756348,0.11923742294311523,44.26699447631836,36.16044998168945,31.284276962280273,0.03771677985787392,0.05871368944644928,0.489195317029953,0.4690503180027008,0.7389792799949646,14.599783897399902,9.16165542602539,0.03771677985787392,0.05871368944644928,24.244619369506836,14.599783897399902,9.16165542602539
scene13_traj2_1__000036,0.07082337141036987,0.11967264115810394,0.9255642294883728,0.7118040323257446,1.279222011566162,36.39380645751953,31.600013732910156,0.07082337141036987,0.11967264115810394,44.38518142700195,36.39380645751953,31.600013732910156,0.037789177149534225,0.05861680954694748,0.48962461948394775,0.4677034616470337,0.7389227151870728,14.597307205200195,9.167786598205566,0.037789177149534225,0.05861680954694748,24.238447189331055,14.597307205200195,9.167786598205566
scene13_traj2_1__000037,0.07137057185173035,0.1208622008562088,0.9281944036483765,0.7057276964187622,1.276296854019165,36.032691955566406,31.26255989074707,0.07137057185173035,0.1208622008562088,44.29960250854492,36.032691955566406,31.26255989074707,0.03836779296398163,0.05972211807966232,0.4904312193393707,0.46958163380622864,0.7403759956359863,14.728389739990234,9.303847312927246,0.03836779296398163,0.05972211807966232,24.286741256713867,14.728389739990234,9.303847312927246
scene13_traj2_1__000038,0.0713195875287056,0.12076136469841003,0.9280577898025513,0.7057862877845764,1.2756119966506958,36.08070755004883,31.374805450439453,0.0713195875287056,0.12076136469841003,44.29839324951172,36.08070755004883,31.374805450439453,0.03852280601859093,0.06000487133860588,0.49024873971939087,0.468995600938797,0.7403847575187683,14.74301528930664,9.352445602416992,0.03852280601859093,0.06000487133860588,24.289443969726562,14.74301528930664,9.352445602416992
scene13_traj2_1__000039,0.07148507982492447,0.12098480761051178,0.9271590113639832,0.6978551149368286,1.2687488794326782,35.637428283691406,30.833887100219727,0.07148507982492447,0.12098480761051178,44.04264450073242,35.637428283691406,30.833887100219727,0.03873014822602272,0.0603053905069828,0.49049466848373413,0.4702933430671692,0.7418830394744873,14.713333129882812,9.296971321105957,0.03873014822602272,0.0603053905069828,24.345823287963867,14.713333129882812,9.296971321105957
scene13_traj2_1__000040,0.07152301073074341,0.12137405574321747,0.9258995056152344,0.6989797353744507,1.2677347660064697,35.540367126464844,30.74004554748535,0.07152301073074341,0.12137405574321747,43.987186431884766,35.540367126464844,30.74004554748535,0.03865593671798706,0.06010407209396362,0.48882946372032166,0.469291090965271,0.7396764755249023,14.711627006530762,9.355233192443848,0.03865593671798706,0.06010407209396362,24.27018165588379,14.711627006530762,9.355233192443848
scene13_traj2_1__000041,0.07133834064006805,0.12137328833341599,0.9281432628631592,0.6905350089073181,1.262597680091858,35.03031539916992,30.13102149963379,0.07133834064006805,0.12137328833341599,43.81040573120117,35.03031539916992,30.13102149963379,0.039380528032779694,0.0613480843603611,0.48923027515411377,0.4696730673313141,0.7405100464820862,14.759949684143066,9.331671714782715,0.039380528032779694,0.0613480843603611,24.29490852355957,14.759949684143066,9.331671714782715
scene13_traj2_1__000042,0.07128040492534637,0.12142506241798401,0.9289429187774658,0.6914674043655396,1.2624518871307373,34.976463317871094,30.0042724609375,0.07128040492534637,0.12142506241798401,43.80421829223633,34.976463317871094,30.0042724609375,0.03938726708292961,0.06154274567961693,0.49158474802970886,0.46931570768356323,0.7419599890708923,14.895615577697754,9.425191879272461,0.03938726708292961,0.06154274567961693,24.355709075927734,14.895615577697754,9.425191879272461
scene13_traj2_1__000043,0.07253394275903702,0.12326773256063461,0.9309464693069458,0.6850209832191467,1.2609140872955322,35.020362854003906,30.11387062072754,0.07253394275903702,0.12326773256063461,43.75394058227539,35.020362854003906,30.11387062072754,0.03966201841831207,0.06190131604671478,0.49185988306999207,0.47059813141822815,0.7436022162437439,14.98047161102295,9.55041217803955,0.03966201841831207,0.06190131604671478,24.413270950317383,14.98047161102295,9.55041217803955
scene13_traj2_1__000044,0.07241109013557434,0.12329407036304474,0.9288340210914612,0.6916845440864563,1.2650163173675537,35.3712272644043,30.578704833984375,0.07241109013557434,0.12329407036304474,43.87880325317383,35.3712272644043,30.578704833984375,0.03973565250635147,0.062043994665145874,0.4919887185096741,0.47009122371673584,0.7430856823921204,14.849785804748535,9.40416145324707,0.03973565250635147,0.062043994665145874,24.39316177368164,14.849785804748535,9.40416145324707
scene13_traj2_1__000045,0.07193217426538467,0.12251097708940506,0.9318886399269104,0.6965398788452148,1.2713686227798462,35.60519790649414,30.639114379882812,0.07193217426538467,0.12251097708940506,44.14951705932617,35.60519790649414,30.639114379882812,0.03980166092514992,0.06236858665943146,0.49525007605552673,0.47390884160995483,0.7483985424041748,15.100695610046387,9.663155555725098,0.03980166092514992,0.06236858665943146,24.584278106689453,15.100695610046387,9.663155555725098
scene13_traj2_1__000046,0.0718974620103836,0.12199355661869049,0.9311938881874084,0.6767417788505554,1.253727674484253,34.365543365478516,28.96868133544922,0.0718974620103836,0.12199355661869049,43.5145149230957,34.365543365478516,28.96868133544922,0.039543069899082184,0.06175999343395233,0.493265837430954,0.4698106348514557,0.7442767024040222,14.99264907836914,9.555566787719727,0.039543069899082184,0.06175999343395233,24.407140731811523,14.99264907836914,9.555566787719727
scene13_traj2_1__000047,0.07204245775938034,0.12239263206720352,0.9305116534233093,0.6840558052062988,1.257835030555725,34.671817779541016,29.15937042236328,0.07204245775938034,0.12239263206720352,43.65319061279297,34.671817779541016,29.15937042236328,0.039705462753772736,0.062204454094171524,0.4948267638683319,0.47031497955322266,0.745686948299408,15.068275451660156,9.62513256072998,0.039705462753772736,0.062204454094171524,24.473302841186523,15.068275451660156,9.62513256072998
scene13_traj2_1__000048,0.07213708758354187,0.12269385904073715,0.9311112761497498,0.6871815919876099,1.260307788848877,34.74851989746094,29.264070510864258,0.07213708758354187,0.12269385904073715,43.72577667236328,34.74851989746094,29.264070510864258,0.03972712904214859,0.06219493970274925,0.49446970224380493,0.4732138216495514,0.7474227547645569,15.067228317260742,9.656679153442383,0.03972712904214859,0.06219493970274925,24.553194046020508,15.067228317260742,9.656679153442383
scene13_traj2_1__000049,0.07130150496959686,0.1212959885597229,0.9282432794570923,0.6981472373008728,1.268422245979309,35.44594192504883,29.9536190032959,0.07130150496959686,0.1212959885597229,44.036800384521484,35.44594192504883,29.9536190032959,0.039510175585746765,0.061976052820682526,0.4937955141067505,0.4758678674697876,0.7492126226425171,15.081668853759766,9.57154369354248,0.039510175585746765,0.061976052820682526,24.616697311401367,15.081668853759766,9.57154369354248
scene13_traj2_1__000050,0.07094809412956238,0.1212836280465126,0.930402398109436,0.709324836730957,1.2788439989089966,36.10696029663086,30.678991317749023,0.07094809412956238,0.1212836280465126,44.389915466308594,36.10696029663086,30.678991317749023,0.03956101834774017,0.062075454741716385,0.49566176533699036,0.47505491971969604,0.7499977350234985,15.192558288574219,9.60794734954834,0.03956101834774017,0.062075454741716385,24.64044761657715,15.192558288574219,9.60794734954834
scene13_traj2_1__000051,0.0711987242102623,0.12165606766939163,0.9331351518630981,0.7015752792358398,1.2741265296936035,35.621822357177734,30.11892318725586,0.0711987242102623,0.12165606766939163,44.24690628051758,35.621822357177734,30.11892318725586,0.04004126414656639,0.06307797878980637,0.4970405101776123,0.47631457448005676,0.7523764967918396,15.320462226867676,9.841329574584961,0.04004126414656639,0.06307797878980637,24.71424674987793,15.320462226867676,9.841329574584961
scene13_traj2_1__000052,0.07128811627626419,0.12150059640407562,0.9350113868713379,0.7028399109840393,1.2760282754898071,35.56192398071289,29.979223251342773,0.07128811627626419,0.12150059640407562,44.32078552246094,35.56192398071289,29.979223251342773,0.03983156010508537,0.06249243766069412,0.49887603521347046,0.47796136140823364,0.7550346851348877,15.43264102935791,9.914560317993164,0.03983156010508537,0.06249243766069412,24.821857452392578,15.43264102935791,9.914560317993164
scene13_traj2_1__000053,0.0706520825624466,0.12082382291555405,0.9326496124267578,0.7144176363945007,1.286360502243042,36.403961181640625,31.29973793029785,0.0706520825624466,0.12082382291555405,44.68688201904297,36.403961181640625,31.29973793029785,0.04022509232163429,0.06319784373044968,0.4980376362800598,0.476833313703537,0.7538919448852539,15.476825714111328,10.001778602600098,0.04022509232163429,0.06319784373044968,24.776655197143555,15.476825714111328,10.001778602600098
scene13_traj2_1__000054,0.07056350260972977,0.12062202394008636,0.9363541603088379,0.6933922171592712,1.2708559036254883,35.68110275268555,30.478105545043945,0.07056350260972977,0.12062202394008636,44.103294372558594,35.68110275268555,30.478105545043945,0.04043658822774887,0.063592828810215,0.49950286746025085,0.4784039258956909,0.7562987804412842,15.517147064208984,10.012056350708008,0.04043658822774887,0.063592828810215,24.863258361816406,15.517147064208984,10.012056350708008
scene13_traj2_1__000055,0.07008647173643112,0.1202186867594719,0.9369519948959351,0.6844837069511414,1.2646982669830322,34.996009826660156,29.522804260253906,0.07008647173643112,0.1202186867594719,43.96211624145508,34.996009826660156,29.522804260253906,0.04045138508081436,0.06359311193227768,0.50136798620224,0.47796952724456787,0.7571389079093933,15.58161449432373,9.97350025177002,0.04045138508081436,0.06359311193227768,24.87332534790039,15.58161449432373,9.97350025177002
scene13_traj2_1__000056,0.07060050219297409,0.1215154230594635,0.9345037937164307,0.690529465675354,1.268288493156433,35.28533935546875,30.083415985107422,0.07060050219297409,0.1215154230594635,44.08452224731445,35.28533935546875,30.083415985107422,0.04084346815943718,0.06456207484006882,0.5002369284629822,0.47911810874938965,0.7576106190681458,15.628495216369629,10.06375789642334,0.04084346815943718,0.06456207484006882,24.894115447998047,15.628495216369629,10.06375789642334
scene13_traj2_1__000057,0.0703425407409668,0.12133696675300598,0.9376376867294312,0.6814776062965393,1.2617076635360718,34.700279235839844,29.01603126525879,0.0703425407409668,0.12133696675300598,43.855262756347656,34.700279235839844,29.01603126525879,0.040816761553287506,0.06460808962583542,0.5025487542152405,0.4791872501373291,0.7596414685249329,15.708237648010254,10.148614883422852,0.040816761553287506,0.06460808962583542,24.967763900756836,15.708237648010254,10.148614883422852
scene13_traj2_1__000058,0.07022269815206528,0.12044142931699753,0.9386841654777527,0.6821845769882202,1.2646406888961792,34.831504821777344,29.188196182250977,0.07022269815206528,0.12044142931699753,43.997581481933594,34.831504821777344,29.188196182250977,0.04075369983911514,0.06430987268686295,0.5039600133895874,0.4814360737800598,0.763045072555542,15.814740180969238,10.19399642944336,0.04075369983911514,0.06430987268686295,25.085269927978516,15.814740180969238,10.19399642944336
scene13_traj2_1__000059,0.06969380378723145,0.11990666389465332,0.9428530931472778,0.6656246781349182,1.251722812652588,33.88596725463867,27.952564239501953,0.06969380378723145,0.11990666389465332,43.52286911010742,33.88596725463867,27.952564239501953,0.04068225249648094,0.06421411782503128,0.502741277217865,0.4794057309627533,0.760413408279419,15.761537551879883,10.125160217285156,0.04068225249648094,0.06421411782503128,24.996376037597656,15.761537551879883,10.125160217285156
scene13_traj2_1__000060,0.06972866505384445,0.12016694247722626,0.9456117153167725,0.6694377660751343,1.2574725151062012,34.41147994995117,28.371538162231445,0.06972866505384445,0.12016694247722626,43.765071868896484,34.41147994995117,28.371538162231445,0.04113113507628441,0.06509962677955627,0.5061579942703247,0.4806390404701233,0.7639557719230652,15.895584106445312,10.241620063781738,0.04113113507628441,0.06509962677955627,25.11348533630371,15.895584106445312,10.241620063781738
scene13_traj2_1__000061,0.0695442333817482,0.12011173367500305,0.9459626078605652,0.6688262820243835,1.2562081813812256,34.11677169799805,27.766801834106445,0.0695442333817482,0.12011173367500305,43.7379150390625,34.11677169799805,27.766801834106445,0.04082074016332626,0.06458494067192078,0.5059789419174194,0.4836996793746948,0.7657561898231506,15.939929008483887,10.27329158782959,0.04082074016332626,0.06458494067192078,25.19048309326172,15.939929008483887,10.27329158782959
scene13_traj2_1__000062,0.06933267414569855,0.11945202201604843,0.9450519680976868,0.668674647808075,1.2564080953598022,34.281341552734375,27.988279342651367,0.06933267414569855,0.11945202201604843,43.7450065612793,34.281341552734375,27.988279342651367,0.04103991389274597,0.06514520943164825,0.5062404870986938,0.4832252860069275,0.7656257748603821,16.012142181396484,10.40615463256836,0.04103991389274597,0.06514520943164825,25.171646118164062,16.012142181396484,10.40615463256836
scene13_traj2_1__000063,0.0697433277964592,0.11958940327167511,0.9414501786231995,0.6744993925094604,1.2590482234954834,34.683284759521484,28.489437103271484,0.0697433277964592,0.11958940327167511,43.84264373779297,34.683284759521484,28.489437103271484,0.04123688489198685,0.06534871459007263,0.5103780031204224,0.48660972714424133,0.7718940377235413,16.32807731628418,10.680910110473633,0.04123688489198685,0.06534871459007263,25.405664443969727,16.32807731628418,10.680910110473633
scene13_traj2_1__000064,0.0692586600780487,0.11914336681365967,0.9420350790023804,0.6779271960258484,1.2609167098999023,34.67460250854492,28.469697952270508,0.0692586600780487,0.11914336681365967,43.9073371887207,34.67460250854492,28.469697952270508,0.041497357189655304,0.06603178381919861,0.5076254606246948,0.48481786251068115,0.7686867713928223,16.197710037231445,10.537208557128906,0.041497357189655304,0.06603178381919861,25.292238235473633,16.197710037231445,10.537208557128906
scene13_traj2_1__000065,0.06978654116392136,0.11926068365573883,0.940557599067688,0.6649893522262573,1.2498091459274292,34.12504577636719,27.882686614990234,0.06978654116392136,0.11926068365573883,43.54137420654297,34.12504577636719,27.882686614990234,0.042272236198186874,0.0670277550816536,0.5100340843200684,0.48449382185935974,0.7702521681785583,16.42751121520996,10.842680931091309,0.042272236198186874,0.0670277550816536,25.34363555908203,16.42751121520996,10.842680931091309
scene13_traj2_1__000066,0.06882387399673462,0.11716704815626144,0.9434028267860413,0.670951783657074,1.2568310499191284,34.60710525512695,28.51423454284668,0.06882387399673462,0.11716704815626144,43.791831970214844,34.60710525512695,28.51423454284668,0.04252426326274872,0.06723513454198837,0.5125102996826172,0.4858127534389496,0.7731150388717651,16.709394454956055,11.151305198669434,0.04252426326274872,0.06723513454198837,25.45072364807129,16.709394454956055,11.151305198669434
scene13_traj2_2__000000,0.06552913784980774,0.10838314890861511,0.9503358006477356,0.6669966578483582,1.2617446184158325,36.845890045166016,31.23517608642578,0.06552913784980774,0.10838314890861511,44.07917785644531,36.845890045166016,31.23517608642578,0.04468664526939392,0.07068559527397156,0.5359740257263184,0.5099736452102661,0.8109652400016785,20.219818115234375,14.540804862976074,0.04468664526939392,0.07068559527397156,26.87202262878418,20.219818115234375,14.540804862976074
scene13_traj2_2__000001,0.06591825932264328,0.10918819159269333,0.9459788203239441,0.6773383617401123,1.2665129899978638,37.0091438293457,31.4108829498291,0.06591825932264328,0.10918819159269333,44.22358322143555,37.0091438293457,31.4108829498291,0.04435925558209419,0.0701633170247078,0.5338721871376038,0.5089995265007019,0.8090746998786926,20.108243942260742,14.476606369018555,0.04435925558209419,0.0701633170247078,26.818546295166016,20.108243942260742,14.476606369018555
scene13_traj2_2__000002,0.06628622859716415,0.10975493490695953,0.9470196962356567,0.6814478635787964,1.2705086469650269,37.293609619140625,31.674976348876953,0.06628622859716415,0.10975493490695953,44.36928176879883,37.293609619140625,31.674976348876953,0.044073112308979034,0.06983377784490585,0.5334035754203796,0.5101140141487122,0.8091590404510498,20.13319969177246,14.485934257507324,0.044073112308979034,0.06983377784490585,26.816909790039062,20.13319969177246,14.485934257507324
scene13_traj2_2__000003,0.06668564677238464,0.1103416383266449,0.9444012641906738,0.68954998254776,1.27439546585083,37.65650177001953,32.132164001464844,0.06668564677238464,0.1103416383266449,44.43501281738281,37.65650177001953,32.132164001464844,0.044319938868284225,0.06994844228029251,0.5333937406539917,0.5075507164001465,0.8074465990066528,20.12185287475586,14.49678897857666,0.044319938868284225,0.06994844228029251,26.75712013244629,20.12185287475586,14.49678897857666
scene13_traj2_2__000004,0.0661686584353447,0.11001483350992203,0.9473446607589722,0.6862609386444092,1.273952603340149,37.577728271484375,32.058197021484375,0.0661686584353447,0.11001483350992203,44.510406494140625,37.577728271484375,32.058197021484375,0.04423241689801216,0.06994680315256119,0.5378721356391907,0.5138493776321411,0.8157727122306824,20.416784286499023,14.760129928588867,0.04423241689801216,0.06994680315256119,27.076786041259766,20.416784286499023,14.760129928588867
scene13_traj2_2__000005,0.06679970026016235,0.11109233647584915,0.9453679919242859,0.6943210363388062,1.2788323163986206,37.91611099243164,32.45228576660156,0.06679970026016235,0.11109233647584915,44.695045471191406,37.91611099243164,32.45228576660156,0.043439507484436035,0.06892623007297516,0.5363033413887024,0.5124471783638,0.8134320974349976,20.30339241027832,14.719870567321777,0.043439507484436035,0.06892623007297516,26.983722686767578,20.30339241027832,14.719870567321777
scene13_traj2_2__000006,0.06751889735460281,0.11258645355701447,0.941981315612793,0.7059889435768127,1.2870447635650635,38.55251693725586,33.222923278808594,0.06751889735460281,0.11258645355701447,44.99367141723633,38.55251693725586,33.222923278808594,0.043689146637916565,0.06923431903123856,0.5372681617736816,0.5109589695930481,0.8128514289855957,20.217885971069336,14.604863166809082,0.043689146637916565,0.06923431903123856,26.967803955078125,20.217885971069336,14.604863166809082
scene13_traj2_2__000007,0.06751840561628342,0.11265026777982712,0.9407156109809875,0.6982675790786743,1.2799102067947388,38.0244026184082,32.680908203125,0.06751840561628342,0.11265026777982712,44.70009231567383,38.0244026184082,32.680908203125,0.043697770684957504,0.06931707262992859,0.5333151817321777,0.5106596946716309,0.8093262910842896,20.09991455078125,14.54145622253418,0.043697770684957504,0.06931707262992859,26.833965301513672,20.09991455078125,14.54145622253418
scene13_traj2_2__000008,0.06830243766307831,0.11392348259687424,0.9405542016029358,0.7011082172393799,1.282117486000061,38.18062973022461,32.91593551635742,0.06830243766307831,0.11392348259687424,44.74357986450195,38.18062973022461,32.91593551635742,0.04407770559191704,0.07008929550647736,0.5340736508369446,0.5089038014411926,0.8089426159858704,20.01462745666504,14.376439094543457,0.04407770559191704,0.07008929550647736,26.822744369506836,20.01462745666504,14.376439094543457
scene13_traj2_2__000009,0.06774192303419113,0.11309146881103516,0.9426735639572144,0.6953768730163574,1.2784817218780518,37.85714340209961,32.41402816772461,0.06774192303419113,0.11309146881103516,44.615447998046875,37.85714340209961,32.41402816772461,0.043877013027668,0.06985761225223541,0.5370190143585205,0.5083221793174744,0.8110511898994446,20.16193389892578,14.573862075805664,0.043877013027668,0.06985761225223541,26.88979148864746,20.16193389892578,14.573862075805664
scene13_traj2_2__000010,0.06721273064613342,0.11206043511629105,0.9484522938728333,0.6841248273849487,1.2711302042007446,37.25376892089844,31.74210548400879,0.06721273064613342,0.11206043511629105,44.37002944946289,37.25376892089844,31.74210548400879,0.04366142675280571,0.06964156776666641,0.5365118384361267,0.5112788081169128,0.8124748468399048,20.23686981201172,14.640748977661133,0.04366142675280571,0.06964156776666641,26.954299926757812,20.23686981201172,14.640748977661133
scene13_traj2_2__000011,0.06739146262407303,0.11227612942457199,0.9490268230438232,0.6748508214950562,1.2634707689285278,36.72993469238281,30.89885902404785,0.06739146262407303,0.11227612942457199,44.09135437011719,36.72993469238281,30.89885902404785,0.04377543181180954,0.0699600949883461,0.5371437668800354,0.5112375617027283,0.8131967782974243,20.342571258544922,14.747943878173828,0.04377543181180954,0.0699600949883461,26.981651306152344,20.342571258544922,14.747943878173828
scene13_traj2_2__000012,0.06724416464567184,0.11228732019662857,0.9477793574333191,0.6711777448654175,1.259896159172058,36.79524230957031,31.256328582763672,0.06724416464567184,0.11228732019662857,43.9399528503418,36.79524230957031,31.256328582763672,0.04400591924786568,0.07020313292741776,0.538662850856781,0.5114355087280273,0.8146916031837463,20.482120513916016,14.870831489562988,0.04400591924786568,0.07020313292741776,27.027633666992188,20.482120513916016,14.870831489562988
scene13_traj2_2__000013,0.06742894649505615,0.1125575602054596,0.9512105584144592,0.674169659614563,1.2651089429855347,37.10645294189453,31.33686637878418,0.06742894649505615,0.1125575602054596,44.173667907714844,37.10645294189453,31.33686637878418,0.04423944279551506,0.07069531828165054,0.5398757457733154,0.51448655128479,0.81767737865448,20.603744506835938,15.03682804107666,0.04423944279551506,0.07069531828165054,27.156322479248047,20.603744506835938,15.03682804107666
scene13_traj2_2__000014,0.06756604462862015,0.11277631670236588,0.9455973505973816,0.6845800876617432,1.2703694105148315,37.56667709350586,32.28515625,0.06756604462862015,0.11277631670236588,44.3121337890625,37.56667709350586,32.28515625,0.044394299387931824,0.07120202481746674,0.5401346683502197,0.5138555765151978,0.8182141184806824,20.65167236328125,15.024991035461426,0.044394299387931824,0.07120202481746674,27.177656173706055,20.65167236328125,15.024991035461426
scene13_traj2_2__000015,0.06800097972154617,0.11359603703022003,0.9484155774116516,0.6768801808357239,1.2685704231262207,37.69668197631836,32.60261154174805,0.06800097972154617,0.11359603703022003,44.251564025878906,37.69668197631836,32.60261154174805,0.04516852647066116,0.07233461737632751,0.5397014021873474,0.5122001767158508,0.816352903842926,20.678428649902344,15.149733543395996,0.04516852647066116,0.07233461737632751,27.100616455078125,20.678428649902344,15.149733543395996
scene13_traj2_2__000016,0.06785539537668228,0.11361053586006165,0.9445621371269226,0.6892631649971008,1.2746009826660156,38.035667419433594,33.13261032104492,0.06785539537668228,0.11361053586006165,44.498165130615234,38.035667419433594,33.13261032104492,0.04541848972439766,0.07263563573360443,0.5414317846298218,0.5154295563697815,0.8201757669448853,20.806915283203125,15.188943862915039,0.04541848972439766,0.07263563573360443,27.257593154907227,20.806915283203125,15.188943862915039
scene13_traj2_2__000017,0.06807158887386322,0.11428432911634445,0.9454326629638672,0.6888092160224915,1.2763761281967163,38.26173400878906,33.444480895996094,0.06807158887386322,0.11428432911634445,44.57386016845703,38.26173400878906,33.444480895996094,0.04550804942846298,0.07299552112817764,0.5396458506584167,0.5144934058189392,0.8177955746650696,20.641460418701172,15.107110977172852,0.04550804942846298,0.07299552112817764,27.177703857421875,20.641460418701172,15.107110977172852
scene13_traj2_2__000018,0.06835189461708069,0.1146090179681778,0.9490149021148682,0.6755548119544983,1.2672749757766724,37.90437316894531,33.15726089477539,0.06835189461708069,0.1146090179681778,44.21315002441406,37.90437316894531,33.15726089477539,0.04603451117873192,0.07363121956586838,0.5459408760070801,0.5176651477813721,0.8252766728401184,21.208465576171875,15.707159996032715,0.04603451117873192,0.07363121956586838,27.449480056762695,21.208465576171875,15.707159996032715
scene13_traj2_2__000019,0.06879130750894547,0.11540856957435608,0.9490384459495544,0.6766864657402039,1.2691307067871094,38.02509307861328,33.00107192993164,0.06879130750894547,0.11540856957435608,44.3290901184082,38.02509307861328,33.00107192993164,0.046131014823913574,0.07397568225860596,0.5457702279090881,0.523723304271698,0.8294563889503479,21.295400619506836,15.724688529968262,0.046131014823913574,0.07397568225860596,27.62270164489746,21.295400619506836,15.724688529968262
scene13_traj2_2__000020,0.06902976334095001,0.11597461253404617,0.9479880928993225,0.6874748468399048,1.2750601768493652,38.34418487548828,33.35004425048828,0.06902976334095001,0.11597461253404617,44.52422332763672,38.34418487548828,33.35004425048828,0.04635688662528992,0.07430371642112732,0.5437455177307129,0.5198206901550293,0.82515949010849,21.239063262939453,15.725592613220215,0.04635688662528992,0.07430371642112732,27.463396072387695,21.239063262939453,15.725592613220215
scene13_traj2_2__000021,0.0692506730556488,0.11691922694444656,0.9472871422767639,0.6848931908607483,1.2737177610397339,38.13771057128906,33.32557678222656,0.0692506730556488,0.11691922694444656,44.43976593017578,38.13771057128906,33.32557678222656,0.04636690020561218,0.07429908961057663,0.5422200560569763,0.5167340636253357,0.8212960958480835,20.980642318725586,15.543268203735352,0.04636690020561218,0.07429908961057663,27.318836212158203,20.980642318725586,15.543268203735352
scene13_traj2_2__000022,0.06903351843357086,0.11640593409538269,0.9470218420028687,0.6916792392730713,1.2783914804458618,38.58085250854492,33.759822845458984,0.06903351843357086,0.11640593409538269,44.66335678100586,38.58085250854492,33.759822845458984,0.04630495235323906,0.07442932575941086,0.5414626598358154,0.516721785068512,0.8205469846725464,20.863061904907227,15.30886173248291,0.04630495235323906,0.07442932575941086,27.29256248474121,20.863061904907227,15.30886173248291
scene13_traj2_2__000023,0.0695633664727211,0.11682584881782532,0.9414564967155457,0.6972718834877014,1.2785435914993286,38.24373245239258,33.398075103759766,0.0695633664727211,0.11682584881782532,44.628517150878906,38.24373245239258,33.398075103759766,0.045831553637981415,0.07360517233610153,0.5421527624130249,0.5152095556259155,0.8199428915977478,20.822893142700195,15.274884223937988,0.045831553637981415,0.07360517233610153,27.259658813476562,20.822893142700195,15.274884223937988
scene13_traj2_2__000024,0.07032499462366104,0.11762377619743347,0.945970892906189,0.6826356053352356,1.2690976858139038,37.643821716308594,32.61338424682617,0.07032499462366104,0.11762377619743347,44.25391387939453,37.643821716308594,32.61338424682617,0.04547514393925667,0.07290368527173996,0.5409672856330872,0.5142543315887451,0.8179029822349548,20.67703628540039,15.151698112487793,0.04547514393925667,0.07290368527173996,27.185514450073242,20.67703628540039,15.151698112487793
scene13_traj2_2__000025,0.07063359767198563,0.11857220530509949,0.9474601745605469,0.6707772612571716,1.2595622539520264,36.745418548583984,31.33228874206543,0.07063359767198563,0.11857220530509949,43.92306900024414,36.745418548583984,31.33228874206543,0.04446673393249512,0.07155267894268036,0.5369182825088501,0.5115800499916077,0.81330406665802,20.344099044799805,14.829423904418945,0.04446673393249512,0.07155267894268036,27.021474838256836,20.344099044799805,14.829423904418945
scene13_traj2_2__000026,0.07114743441343307,0.11962095648050308,0.9441745281219482,0.6677935719490051,1.2548943758010864,36.218650817871094,30.366106033325195,0.07114743441343307,0.11962095648050308,43.78855895996094,36.218650817871094,30.366106033325195,0.043005120009183884,0.06921464949846268,0.5319939255714417,0.5075210928916931,0.8060380816459656,19.84459114074707,14.251715660095215,0.043005120009183884,0.06921464949846268,26.718528747558594,19.84459114074707,14.251715660095215
scene13_traj2_2__000027,0.07122986763715744,0.12009045481681824,0.9386157989501953,0.6558766961097717,1.2410922050476074,35.464332580566406,29.624473571777344,0.07122986763715744,0.12009045481681824,43.2085075378418,35.464332580566406,29.624473571777344,0.04324980452656746,0.06950423866510391,0.533759593963623,0.5039962530136108,0.8056548833847046,19.833391189575195,14.20480728149414,0.04324980452656746,0.06950423866510391,26.692520141601562,19.833391189575195,14.20480728149414
scene13_traj2_2__000028,0.07205673307180405,0.12115448713302612,0.9407779574394226,0.6762875318527222,1.2596136331558228,36.600852966308594,31.27198600769043,0.07205673307180405,0.12115448713302612,43.884910583496094,36.600852966308594,31.27198600769043,0.04365704208612442,0.07049517333507538,0.531541645526886,0.5040138959884644,0.8033310770988464,19.373544692993164,13.601852416992188,0.04365704208612442,0.07049517333507538,26.585956573486328,19.373544692993164,13.601852416992188
scene13_traj2_2__000029,0.07238102704286575,0.12195440381765366,0.9399716258049011,0.6675663590431213,1.251845359802246,36.183006286621094,30.660436630249023,0.07238102704286575,0.12195440381765366,43.60068893432617,36.183006286621094,30.660436630249023,0.04428430274128914,0.0712701678276062,0.5300579071044922,0.5038352608680725,0.8018484115600586,19.302335739135742,13.609284400939941,0.04428430274128914,0.0712701678276062,26.54401206970215,19.302335739135742,13.609284400939941
scene13_traj2_2__000030,0.0712604895234108,0.1199164018034935,0.9412283301353455,0.6653045415878296,1.2510396242141724,35.83686065673828,29.838762283325195,0.0712604895234108,0.1199164018034935,43.64590835571289,35.83686065673828,29.838762283325195,0.044143080711364746,0.07121393829584122,0.5320174098014832,0.5062519311904907,0.8054640293121338,19.53664207458496,13.843863487243652,0.044143080711364746,0.07121393829584122,26.68370819091797,19.53664207458496,13.843863487243652
scene13_traj2_2__000031,0.07128331810235977,0.12052928656339645,0.9408186078071594,0.6867741942405701,1.2711601257324219,37.37900161743164,32.216346740722656,0.07128331810235977,0.12052928656339645,44.33161163330078,37.37900161743164,32.216346740722656,0.04398687183856964,0.07185442000627518,0.5334945321083069,0.5085517168045044,0.8078749775886536,19.63017463684082,13.956853866577148,0.04398687183856964,0.07185442000627518,26.77840805053711,19.63017463684082,13.956853866577148
scene13_traj2_2__000032,0.07123410701751709,0.12039167433977127,0.9422620534896851,0.6855138540267944,1.2719378471374512,37.56349182128906,32.628395080566406,0.07123410701751709,0.12039167433977127,44.355838775634766,37.56349182128906,32.628395080566406,0.04413272440433502,0.07215557247400284,0.5356264710426331,0.5093897581100464,0.8102748990058899,19.753965377807617,14.115216255187988,0.04413272440433502,0.07215557247400284,26.8633975982666,19.753965377807617,14.115216255187988
scene13_traj2_2__000033,0.07211574912071228,0.12197714298963547,0.9406542778015137,0.704384446144104,1.2869436740875244,38.641353607177734,34.04911422729492,0.07211574912071228,0.12197714298963547,44.91606903076172,38.641353607177734,34.04911422729492,0.04423358291387558,0.07259799540042877,0.5333575010299683,0.5074423551559448,0.8068088889122009,19.57522201538086,13.863823890686035,0.04423358291387558,0.07259799540042877,26.73591423034668,19.57522201538086,13.863823890686035
scene13_traj2_2__000034,0.07245712727308273,0.12331529706716537,0.9420166015625,0.6526894569396973,1.24393630027771,35.51787185668945,30.192493438720703,0.07245712727308273,0.12331529706716537,43.30632781982422,35.51787185668945,30.192493438720703,0.044665656983852386,0.07359500974416733,0.5317385196685791,0.504772424697876,0.803489625453949,19.27102279663086,13.639006614685059,0.044665656983852386,0.07359500974416733,26.611574172973633,19.27102279663086,13.639006614685059
scene13_traj2_2__000035,0.07256179302930832,0.12445598840713501,0.9432201981544495,0.6659096479415894,1.2554601430892944,36.230316162109375,31.1345157623291,0.07256179302930832,0.12445598840713501,43.758174896240234,36.230316162109375,31.1345157623291,0.043650511652231216,0.07299267500638962,0.5316908359527588,0.5037682056427002,0.8024440407752991,19.051877975463867,13.397725105285645,0.043650511652231216,0.07299267500638962,26.552722930908203,19.051877975463867,13.397725105285645
scene13_traj2_2__000036,0.07326852530241013,0.12570610642433167,0.9441556334495544,0.6821117401123047,1.2680612802505493,36.35219192504883,30.982135772705078,0.07326852530241013,0.12570610642433167,44.22564697265625,36.35219192504883,30.982135772705078,0.04387466982007027,0.07389342039823532,0.5310841202735901,0.5035516023635864,0.8017010688781738,18.86012840270996,13.115632057189941,0.04387466982007027,0.07389342039823532,26.546127319335938,18.86012840270996,13.115632057189941
scene13_traj2_2__000037,0.07351483404636383,0.1264159083366394,0.9436960220336914,0.6795321702957153,1.2659467458724976,36.55658721923828,31.41194725036621,0.07351483404636383,0.1264159083366394,44.13697052001953,36.55658721923828,31.41194725036621,0.04445543512701988,0.07506267726421356,0.5321367979049683,0.5028080940246582,0.8016912341117859,18.820964813232422,13.094672203063965,0.04445543512701988,0.07506267726421356,26.522525787353516,18.820964813232422,13.094672203063965
scene13_traj2_2__000038,0.07412078231573105,0.12703633308410645,0.9406605958938599,0.6842700242996216,1.267501950263977,36.358089447021484,30.998437881469727,0.07412078231573105,0.12703633308410645,44.17148971557617,36.358089447021484,30.998437881469727,0.04425056651234627,0.0748450979590416,0.528532862663269,0.503817617893219,0.799502432346344,18.634910583496094,12.89041805267334,0.04425056651234627,0.0748450979590416,26.455673217773438,18.634910583496094,12.89041805267334
scene13_traj2_2__000039,0.07306654751300812,0.12512469291687012,0.9416455626487732,0.6692588925361633,1.2569527626037598,35.86385726928711,30.8018741607666,0.07306654751300812,0.12512469291687012,43.7515869140625,35.86385726928711,30.8018741607666,0.0435095839202404,0.07289718091487885,0.5288436412811279,0.49832096695899963,0.7964535355567932,18.503297805786133,12.792318344116211,0.0435095839202404,0.07289718091487885,26.31447982788086,18.503297805786133,12.792318344116211
scene13_traj2_2__000040,0.07241810113191605,0.12322898954153061,0.9320951700210571,0.6636418700218201,1.2437655925750732,35.39842224121094,30.29959487915039,0.07241810113191605,0.12322898954153061,43.22431182861328,35.39842224121094,30.29959487915039,0.04346694052219391,0.0722944587469101,0.5235996246337891,0.49679747223854065,0.7914055585861206,18.30498504638672,12.682710647583008,0.04346694052219391,0.0722944587469101,26.139368057250977,18.30498504638672,12.682710647583008
scene13_traj2_2__000041,0.07350397109985352,0.12279827892780304,0.9300228357315063,0.6649945974349976,1.2432854175567627,35.40932083129883,30.297550201416016,0.07350397109985352,0.12279827892780304,43.17969512939453,35.40932083129883,30.297550201416016,0.04386177286505699,0.07130762934684753,0.5224171876907349,0.49221402406692505,0.7877680659294128,18.491540908813477,12.884491920471191,0.04386177286505699,0.07130762934684753,26.014476776123047,18.491540908813477,12.884491920471191
scene13_traj2_2__000042,0.07357247918844223,0.12293519079685211,0.9252210259437561,0.6588342785835266,1.234640121459961,34.967960357666016,29.715410232543945,0.07357247918844223,0.12293519079685211,42.851070404052734,34.967960357666016,29.715410232543945,0.043915607035160065,0.07110965251922607,0.5214934945106506,0.49097591638565063,0.7856017351150513,18.410274505615234,12.873124122619629,0.043915607035160065,0.07110965251922607,25.941850662231445,18.410274505615234,12.873124122619629
scene13_traj2_2__000043,0.07566843926906586,0.12475179880857468,0.925423800945282,0.6739563941955566,1.2434080839157104,35.48759841918945,30.176944732666016,0.07566843926906586,0.12475179880857468,43.15803146362305,35.48759841918945,30.176944732666016,0.0444011352956295,0.07110191881656647,0.5212484002113342,0.4882354736328125,0.7831764221191406,18.63520622253418,13.13029956817627,0.0444011352956295,0.07110191881656647,25.867937088012695,18.63520622253418,13.13029956817627
scene13_traj2_2__000044,0.07737533748149872,0.12685692310333252,0.9075625538825989,0.6488574147224426,1.2085033655166626,33.87095642089844,28.372058868408203,0.07737533748149872,0.12685692310333252,41.839847564697266,33.87095642089844,28.372058868408203,0.04472564160823822,0.07091564685106277,0.5156545639038086,0.48447322845458984,0.7763023376464844,18.541128158569336,13.189996719360352,0.04472564160823822,0.07091564685106277,25.64478302001953,18.541128158569336,13.189996719360352
scene13_traj2_2__000045,0.07888645678758621,0.12794794142246246,0.8932631611824036,0.6845302581787109,1.2262572050094604,34.99137496948242,29.696386337280273,0.07888645678758621,0.12794794142246246,42.45142364501953,34.99137496948242,29.696386337280273,0.04530449956655502,0.07054512202739716,0.5110928416252136,0.4800388216972351,0.7688554525375366,18.285539627075195,12.951982498168945,0.04530449956655502,0.07054512202739716,25.377845764160156,18.285539627075195,12.951982498168945
scene13_traj2_2__000046,0.07962778955698013,0.12868322432041168,0.8910314440727234,0.671462893486023,1.2124276161193848,34.34968566894531,29.02338409423828,0.07962778955698013,0.12868322432041168,41.950828552246094,34.34968566894531,29.02338409423828,0.04588817432522774,0.07101532816886902,0.5084584951400757,0.4776202142238617,0.7653995752334595,18.138980865478516,12.834150314331055,0.04588817432522774,0.07101532816886902,25.2464599609375,18.138980865478516,12.834150314331055
scene13_traj2_2__000047,0.08064063638448715,0.1300410032272339,0.8914660811424255,0.6833804845809937,1.224351167678833,35.17188262939453,30.255523681640625,0.08064063638448715,0.1300410032272339,42.3544921875,35.17188262939453,30.255523681640625,0.04619718715548515,0.0714072734117508,0.5094199180603027,0.4779558777809143,0.7659063339233398,18.160078048706055,12.784188270568848,0.04619718715548515,0.0714072734117508,25.276487350463867,18.160078048706055,12.784188270568848
scene13_traj2_2__000048,0.08061964809894562,0.130289226770401,0.8884441256523132,0.6934695839881897,1.2316601276397705,35.681095123291016,30.88008689880371,0.08061964809894562,0.130289226770401,42.593467712402344,35.681095123291016,30.88008689880371,0.045699018985033035,0.0705660805106163,0.5048471093177795,0.47488948702812195,0.7602040767669678,17.95231056213379,12.610106468200684,0.045699018985033035,0.0705660805106163,25.067970275878906,17.95231056213379,12.610106468200684
scene13_traj2_2__000049,0.08080941438674927,0.1310218870639801,0.8864442706108093,0.7070306539535522,1.242140531539917,36.24483108520508,31.762845993041992,0.08080941438674927,0.1310218870639801,42.94532012939453,36.24483108520508,31.762845993041992,0.0456048920750618,0.07012225687503815,0.5043911933898926,0.4740370213985443,0.7590386867523193,17.83224105834961,12.48548412322998,0.0456048920750618,0.07012225687503815,25.02251625061035,17.83224105834961,12.48548412322998
scene13_traj2_2__000050,0.08088385313749313,0.13057227432727814,0.886050283908844,0.7095301151275635,1.2412610054016113,35.7434196472168,30.797801971435547,0.08088385313749313,0.13057227432727814,42.933929443359375,35.7434196472168,30.797801971435547,0.04466298595070839,0.06864650547504425,0.5012882351875305,0.4673502743244171,0.7512041926383972,17.470783233642578,12.245027542114258,0.04466298595070839,0.06864650547504425,24.722450256347656,17.470783233642578,12.245027542114258
scene13_traj2_2__000051,0.08205455541610718,0.13323503732681274,0.8806239366531372,0.7080392241477966,1.2378801107406616,35.67301559448242,31.0772705078125,0.08205455541610718,0.13323503732681274,42.72447204589844,35.67301559448242,31.0772705078125,0.04430728405714035,0.06856486946344376,0.5001165270805359,0.46583107113838196,0.7489201426506042,17.052400588989258,11.806413650512695,0.04430728405714035,0.06856486946344376,24.639148712158203,17.052400588989258,11.806413650512695
scene13_traj2_2__000052,0.08224944770336151,0.13384026288986206,0.8816795945167542,0.7072567939758301,1.2376275062561035,35.56467056274414,30.895246505737305,0.08224944770336151,0.13384026288986206,42.718414306640625,35.56467056274414,30.895246505737305,0.044020459055900574,0.06796009093523026,0.4968791902065277,0.4648106098175049,0.7458403706550598,16.914108276367188,11.681227684020996,0.044020459055900574,0.06796009093523026,24.526037216186523,16.914108276367188,11.681227684020996
scene13_traj2_2__000053,0.08171457052230835,0.13245226442813873,0.8797650933265686,0.7083361744880676,1.2368462085723877,35.42045211791992,30.741029739379883,0.08171457052230835,0.13245226442813873,42.70197677612305,35.42045211791992,30.741029739379883,0.04367190599441528,0.06742609292268753,0.49481624364852905,0.46232569217681885,0.7422239780426025,16.725648880004883,11.495338439941406,0.04367190599441528,0.06742609292268753,24.404190063476562,16.725648880004883,11.495338439941406
scene13_traj2_2__000054,0.08160791546106339,0.13251499831676483,0.878023087978363,0.7007406949996948,1.2292492389678955,34.967987060546875,30.275835037231445,0.08160791546106339,0.13251499831676483,42.40375900268555,34.967987060546875,30.275835037231445,0.04395190626382828,0.06766559183597565,0.4922836124897003,0.4602484107017517,0.7382938861846924,16.476959228515625,11.313411712646484,0.04395190626382828,0.06766559183597565,24.25547218322754,16.476959228515625,11.313411712646484
scene13_traj2_2__000055,0.08192858099937439,0.1329411417245865,0.8807599544525146,0.6861073970794678,1.2182561159133911,34.06623840332031,29.14801025390625,0.08192858099937439,0.1329411417245865,42.01063919067383,34.06623840332031,29.14801025390625,0.04348263889551163,0.0670427456498146,0.48912549018859863,0.45715606212615967,0.7332615852355957,16.19072914123535,11.099505424499512,0.04348263889551163,0.0670427456498146,24.068832397460938,16.19072914123535,11.099505424499512
scene13_traj2_2__000056,0.08109650015830994,0.13129626214504242,0.8797343969345093,0.6890415549278259,1.2206114530563354,34.21055603027344,29.312070846557617,0.08109650015830994,0.13129626214504242,42.10658645629883,34.21055603027344,29.312070846557617,0.04349591210484505,0.06668534129858017,0.4871109127998352,0.45482829213142395,0.7294990420341492,16.104623794555664,10.970900535583496,0.04349591210484505,0.06668534129858017,23.930973052978516,16.104623794555664,10.970900535583496
scene13_traj2_2__000057,0.08130993694067001,0.1314740777015686,0.878779947757721,0.6912671327590942,1.221648097038269,34.24992370605469,29.334421157836914,0.08130993694067001,0.1314740777015686,42.12733459472656,34.24992370605469,29.334421157836914,0.042981792241334915,0.06593421846628189,0.48720309138298035,0.4554878771305084,0.7302317023277283,16.149124145507812,11.083643913269043,0.042981792241334915,0.06593421846628189,23.96449851989746,16.149124145507812,11.083643913269043
scene13_traj2_2__000058,0.08115925639867783,0.13119833171367645,0.8781780004501343,0.6976884603500366,1.2261548042297363,34.62640380859375,29.756723403930664,0.08115925639867783,0.13119833171367645,42.33539962768555,34.62640380859375,29.756723403930664,0.043318744748830795,0.06615810096263885,0.48741328716278076,0.45530691742897034,0.7303040027618408,16.163970947265625,11.004143714904785,0.043318744748830795,0.06615810096263885,23.973936080932617,16.163970947265625,11.004143714904785
scene13_traj2_2__000059,0.08064693957567215,0.13019482791423798,0.8788264393806458,0.6998529434204102,1.228257417678833,34.738277435302734,29.677017211914062,0.08064693957567215,0.13019482791423798,42.437774658203125,34.738277435302734,29.677017211914062,0.04326733574271202,0.065799281001091,0.4882400333881378,0.4564976096153259,0.7318569421768188,16.248289108276367,11.17420768737793,0.04326733574271202,0.065799281001091,24.028255462646484,16.248289108276367,11.17420768737793
scene13_traj2_2__000060,0.07915756851434708,0.12760581076145172,0.8794150948524475,0.7044619917869568,1.2339129447937012,35.25517654418945,30.413448333740234,0.07915756851434708,0.12760581076145172,42.63945388793945,35.25517654418945,30.413448333740234,0.04317926615476608,0.06553452461957932,0.4874522089958191,0.45761317014694214,0.7317447662353516,16.21440887451172,11.087761878967285,0.04317926615476608,0.06553452461957932,24.01742172241211,16.21440887451172,11.087761878967285
scene13_traj2_2__000061,0.07902038097381592,0.12727636098861694,0.8800387382507324,0.7048988342285156,1.2343018054962158,35.122127532958984,30.15884780883789,0.07902038097381592,0.12727636098861694,42.67228698730469,35.122127532958984,30.15884780883789,0.04255837947130203,0.06470568478107452,0.487289160490036,0.4547275900840759,0.7289984226226807,15.985020637512207,11.015496253967285,0.04255837947130203,0.06470568478107452,23.919158935546875,15.985020637512207,11.015496253967285
scene13_traj2_2__000062,0.07941273599863052,0.12809208035469055,0.8825727701187134,0.7066725492477417,1.2374017238616943,35.15910720825195,30.08145523071289,0.07941273599863052,0.12809208035469055,42.792701721191406,35.15910720825195,30.08145523071289,0.04244430735707283,0.06447795778512955,0.4864485263824463,0.4561289846897125,0.7296417951583862,16.020034790039062,10.972978591918945,0.04244430735707283,0.06447795778512955,23.9495849609375,16.020034790039062,10.972978591918945
scene13_traj2_2__000063,0.07911711186170578,0.12778344750404358,0.8826654553413391,0.7129669785499573,1.243728518486023,35.49357604980469,30.63304901123047,0.07911711186170578,0.12778344750404358,43.01219940185547,35.49357604980469,30.63304901123047,0.04241592809557915,0.0645214170217514,0.4844346344470978,0.4555805027484894,0.7275062799453735,15.79101848602295,10.767243385314941,0.04241592809557915,0.0645214170217514,23.86951446533203,15.79101848602295,10.767243385314941
scene13_traj2_2__000064,0.07797877490520477,0.12574660778045654,0.8894744515419006,0.7081652879714966,1.2462475299835205,35.38115310668945,30.763599395751953,0.07797877490520477,0.12574660778045654,43.097747802734375,35.38115310668945,30.763599395751953,0.04147263243794441,0.06316938996315002,0.48327890038490295,0.45607826113700867,0.726318359375,15.349405288696289,10.35295295715332,0.04147263243794441,0.06316938996315002,23.803747177124023,15.349405288696289,10.35295295715332
scene13_traj2_2__000065,0.07810132950544357,0.125360906124115,0.8900977969169617,0.7015629410743713,1.240332007408142,34.75768280029297,30.0209903717041,0.07810132950544357,0.125360906124115,42.899898529052734,34.75768280029297,30.0209903717041,0.04068382456898689,0.062054168432950974,0.48040392994880676,0.458492636680603,0.7255580425262451,15.024261474609375,9.977962493896484,0.04068382456898689,0.062054168432950974,23.802553176879883,15.024261474609375,9.977962493896484
scene13_traj2_2__000066,0.0774298757314682,0.12432931363582611,0.8923918008804321,0.7063606381416321,1.2463014125823975,35.07875061035156,30.288503646850586,0.0774298757314682,0.12432931363582611,43.1658935546875,35.07875061035156,30.288503646850586,0.04043162241578102,0.06156584620475769,0.4831109642982483,0.45697304606437683,0.726029634475708,15.061075210571289,10.042969703674316,0.04043162241578102,0.06156584620475769,23.80524253845215,15.061075210571289,10.042969703674316
scene13_traj2_2__000067,0.07674742490053177,0.12335605919361115,0.8948646783828735,0.7008408904075623,1.2429620027542114,34.64055252075195,29.799943923950195,0.07674742490053177,0.12335605919361115,43.02742004394531,34.64055252075195,29.799943923950195,0.039735499769449234,0.060437630861997604,0.4781867563724518,0.4518958330154419,0.7181313633918762,14.691781997680664,9.763260841369629,0.039735499769449234,0.060437630861997604,23.535560607910156,14.691781997680664,9.763260841369629
scene13_traj2_2__000068,0.07762455195188522,0.12499893456697464,0.8909358978271484,0.7181164622306824,1.2558954954147339,35.86907196044922,31.286949157714844,0.07762455195188522,0.12499893456697464,43.520042419433594,35.86907196044922,31.286949157714844,0.040316641330718994,0.06137466803193092,0.47931480407714844,0.4552976191043854,0.721401572227478,14.757614135742188,9.782024383544922,0.040316641330718994,0.06137466803193092,23.656782150268555,14.757614135742188,9.782024383544922
scene13_traj2_2__000069,0.07559959590435028,0.1212567463517189,0.888875424861908,0.7086743712425232,1.2462835311889648,35.34644317626953,30.6790828704834,0.07559959590435028,0.1212567463517189,43.19572067260742,35.34644317626953,30.6790828704834,0.040371328592300415,0.06098305806517601,0.47877946496009827,0.45417261123657227,0.7203887104988098,15.014711380004883,10.170050621032715,0.040371328592300415,0.06098305806517601,23.60064125061035,15.014711380004883,10.170050621032715
scene13_traj2_2__000070,0.07499042898416519,0.12114879488945007,0.8868393898010254,0.7221361398696899,1.2559977769851685,36.29865264892578,31.705488204956055,0.07499042898416519,0.12114879488945007,43.60781478881836,36.29865264892578,31.705488204956055,0.04153931140899658,0.06301299482584,0.48009052872657776,0.4605909287929535,0.7265621423721313,15.515257835388184,10.611902236938477,0.04153931140899658,0.06301299482584,23.824377059936523,15.515257835388184,10.611902236938477
scene13_traj2_2__000071,0.07437319308519363,0.11996655911207199,0.8905358910560608,0.7289974093437195,1.26485276222229,36.78556442260742,32.09915542602539,0.07437319308519363,0.11996655911207199,43.95425033569336,36.78556442260742,32.09915542602539,0.04159631207585335,0.06300339102745056,0.4789386987686157,0.4599309265613556,0.7249861359596252,15.43798828125,10.451512336730957,0.04159631207585335,0.06300339102745056,23.755062103271484,15.43798828125,10.451512336730957
scene13_traj2_2__000072,0.0738070160150528,0.11929762363433838,0.8877843618392944,0.7257823944091797,1.2599310874938965,36.50754928588867,31.938735961914062,0.0738070160150528,0.11929762363433838,43.75731658935547,36.50754928588867,31.938735961914062,0.042243294417858124,0.064122773706913,0.4753531813621521,0.46293720602989197,0.7245609760284424,15.279739379882812,10.311391830444336,0.042243294417858124,0.064122773706913,23.774999618530273,15.279739379882812,10.311391830444336
scene13_traj2_2__000073,0.07430281490087509,0.12018386274576187,0.8895368576049805,0.7304285764694214,1.2653930187225342,36.66798400878906,32.21378707885742,0.07430281490087509,0.12018386274576187,43.95772171020508,36.66798400878906,32.21378707885742,0.04164060577750206,0.06351665407419205,0.4735219180583954,0.46054747700691223,0.7210332751274109,15.117474555969238,10.25585651397705,0.04164060577750206,0.06351665407419205,23.628929138183594,15.117474555969238,10.25585651397705
scene13_traj2_2__000074,0.07445569336414337,0.11993283033370972,0.8873295783996582,0.7294092178344727,1.2623389959335327,36.44988250732422,31.94988250732422,0.07445569336414337,0.11993283033370972,43.82868194580078,36.44988250732422,31.94988250732422,0.04138674587011337,0.06303063780069351,0.47221827507019043,0.4613858461380005,0.7208195924758911,15.062313079833984,10.181950569152832,0.04138674587011337,0.06303063780069351,23.629825592041016,15.062313079833984,10.181950569152832
scene13_traj2_2__000075,0.07399952411651611,0.1193525567650795,0.8876531720161438,0.7311955094337463,1.264115333557129,36.637454986572266,32.226078033447266,0.07399952411651611,0.1193525567650795,43.88907241821289,36.637454986572266,32.226078033447266,0.041577957570552826,0.06332207471132278,0.47184106707572937,0.46092966198921204,0.7199682593345642,15.066492080688477,10.28007984161377,0.041577957570552826,0.06332207471132278,23.593515396118164,15.066492080688477,10.28007984161377
scene13_traj2_2__000076,0.07414980977773666,0.12022409588098526,0.886864423751831,0.7334477305412292,1.2647782564163208,36.616050720214844,32.04737854003906,0.07414980977773666,0.12022409588098526,43.95008087158203,36.616050720214844,32.04737854003906,0.04196074232459068,0.06397892534732819,0.473183810710907,0.4610062539577484,0.7208966612815857,15.140846252441406,10.271503448486328,0.04196074232459068,0.06397892534732819,23.631267547607422,15.140846252441406,10.271503448486328
scene13_traj2_2__000077,0.07341074198484421,0.11876357346773148,0.8861627578735352,0.7359055876731873,1.2650609016418457,36.66944885253906,32.04261016845703,0.07341074198484421,0.11876357346773148,43.98725891113281,36.66944885253906,32.04261016845703,0.042023058980703354,0.06413132697343826,0.4720325469970703,0.46253836154937744,0.7216120362281799,15.090705871582031,10.26697826385498,0.042023058980703354,0.06413132697343826,23.66619110107422,15.090705871582031,10.26697826385498
scene13_traj2_2__000078,0.07240257412195206,0.1170300543308258,0.8923235535621643,0.7423496246337891,1.2752761840820312,37.194000244140625,32.66541290283203,0.07240257412195206,0.1170300543308258,44.37371063232422,37.194000244140625,32.66541290283203,0.04210821911692619,0.06439400464296341,0.47413456439971924,0.4635388255119324,0.7237695455551147,15.222956657409668,10.44045352935791,0.04210821911692619,0.06439400464296341,23.718000411987305,15.222956657409668,10.44045352935791
scene13_traj2_2__000079,0.07109019160270691,0.11506634205579758,0.8907685875892639,0.7344972491264343,1.2675145864486694,36.867515563964844,32.28675842285156,0.07109019160270691,0.11506634205579758,44.08855056762695,36.867515563964844,32.28675842285156,0.04211445525288582,0.06431244313716888,0.47488775849342346,0.46607357263565063,0.7262023091316223,15.350138664245605,10.503350257873535,0.04211445525288582,0.06431244313716888,23.81937599182129,15.350138664245605,10.503350257873535
scene13_traj2_2__000080,0.07085870206356049,0.1151634156703949,0.8976557850837708,0.7308972477912903,1.270031213760376,36.88501739501953,32.29655075073242,0.07085870206356049,0.1151634156703949,44.19579315185547,36.88501739501953,32.29655075073242,0.04285381734371185,0.06572538614273071,0.4724034070968628,0.469586044549942,0.7276220321655273,15.265844345092773,10.371848106384277,0.04285381734371185,0.06572538614273071,23.853696823120117,15.265844345092773,10.371848106384277
scene13_traj2_2__000081,0.07094526290893555,0.11520922183990479,0.9011763334274292,0.7366036772727966,1.2771315574645996,37.207557678222656,32.70067596435547,0.07094526290893555,0.11520922183990479,44.50599670410156,37.207557678222656,32.70067596435547,0.04253621771931648,0.06526865065097809,0.4715590178966522,0.4706648290157318,0.7271813154220581,15.296646118164062,10.440926551818848,0.04253621771931648,0.06526865065097809,23.834264755249023,15.296646118164062,10.440926551818848
scene13_traj2_2__000082,0.0715603232383728,0.1162533387541771,0.8928343057632446,0.744774580001831,1.2765674591064453,36.933982849121094,32.26263427734375,0.0715603232383728,0.1162533387541771,44.42332077026367,36.933982849121094,32.26263427734375,0.04139158874750137,0.06333151459693909,0.4683169424533844,0.4677068591117859,0.722306489944458,14.909724235534668,10.031596183776855,0.04139158874750137,0.06333151459693909,23.6793212890625,14.909724235534668,10.031596183776855
scene13_traj2_2__000083,0.07203643023967743,0.11691964417695999,0.888557493686676,0.7425901889801025,1.272281289100647,36.5998420715332,31.87165641784668,0.07203643023967743,0.11691964417695999,44.202388763427734,36.5998420715332,31.87165641784668,0.04029656574130058,0.061668675392866135,0.4679814279079437,0.46365639567375183,0.7186387181282043,14.614584922790527,9.753853797912598,0.04029656574130058,0.061668675392866135,23.562089920043945,14.614584922790527,9.753853797912598
scene13_traj2_2__000084,0.0727497786283493,0.11885256320238113,0.8947464823722839,0.7443420886993408,1.277726411819458,36.66300964355469,31.896949768066406,0.0727497786283493,0.11885256320238113,44.3878173828125,36.66300964355469,31.896949768066406,0.03942892327904701,0.06028550863265991,0.46948352456092834,0.46053072810173035,0.7174747586250305,14.522669792175293,9.632144927978516,0.03942892327904701,0.06028550863265991,23.52387237548828,14.522669792175293,9.632144927978516
scene13_traj2_2__000085,0.07269424945116043,0.1190917044878006,0.8925793766975403,0.7348676919937134,1.2711125612258911,36.626670837402344,32.0579948425293,0.07269424945116043,0.1190917044878006,44.10364532470703,36.626670837402344,32.0579948425293,0.038931794464588165,0.05970742553472519,0.4708114564418793,0.46011826395988464,0.7180987000465393,14.427734375,9.58338737487793,0.038931794464588165,0.05970742553472519,23.54616928100586,14.427734375,9.58338737487793
scene13_traj2_2__000086,0.07404958456754684,0.12077479809522629,0.8914986848831177,0.729942798614502,1.26590895652771,36.24909973144531,31.76255226135254,0.07404958456754684,0.12077479809522629,43.896060943603516,36.24909973144531,31.76255226135254,0.039034388959407806,0.059941112995147705,0.46810659766197205,0.45922935009002686,0.715366542339325,14.287211418151855,9.39157772064209,0.039034388959407806,0.059941112995147705,23.453567504882812,14.287211418151855,9.39157772064209
scene13_traj2_2__000087,0.07470627129077911,0.12231221050024033,0.8897343277931213,0.7316247820854187,1.2671680450439453,36.09678268432617,31.624425888061523,0.07470627129077911,0.12231221050024033,43.87429428100586,36.09678268432617,31.624425888061523,0.038440950214862823,0.05906282737851143,0.4672866761684418,0.45591822266578674,0.7118734121322632,14.008858680725098,9.20831298828125,0.038440950214862823,0.05906282737851143,23.319643020629883,14.008858680725098,9.20831298828125
scene13_traj2_2__000088,0.07516179978847504,0.12335983663797379,0.8908721208572388,0.7336204648017883,1.2703601121902466,36.43122863769531,32.095706939697266,0.07516179978847504,0.12335983663797379,43.98738479614258,36.43122863769531,32.095706939697266,0.038590241223573685,0.05936068296432495,0.46738508343696594,0.4545876085758209,0.7107773423194885,14.001644134521484,9.193097114562988,0.038590241223573685,0.05936068296432495,23.275672912597656,14.001644134521484,9.193097114562988
scene13_traj2_2__000089,0.07787863910198212,0.1279463768005371,0.8873629570007324,0.733344554901123,1.2683837413787842,36.314308166503906,32.00078582763672,0.07787863910198212,0.1279463768005371,43.85213851928711,36.314308166503906,32.00078582763672,0.03902558982372284,0.060335442423820496,0.46612802147865295,0.4533258080482483,0.7082814574241638,13.823678016662598,9.10815143585205,0.03902558982372284,0.060335442423820496,23.20037269592285,13.823678016662598,9.10815143585205
scene13_traj2_2__000090,0.0785512775182724,0.1286165565252304,0.8899211883544922,0.7208452224731445,1.2585076093673706,35.68185043334961,31.341943740844727,0.0785512775182724,0.1286165565252304,43.53361892700195,35.68185043334961,31.341943740844727,0.038982510566711426,0.0602559931576252,0.4659326672554016,0.45411357283592224,0.7091215252876282,13.779838562011719,9.018458366394043,0.038982510566711426,0.0602559931576252,23.233442306518555,13.779838562011719,9.018458366394043
scene13_traj2_2__000091,0.07884496450424194,0.1291203796863556,0.8900888562202454,0.7291234135627747,1.2660245895385742,36.18856430053711,31.840070724487305,0.07884496450424194,0.1291203796863556,43.80632400512695,36.18856430053711,31.840070724487305,0.03948376327753067,0.06113589182496071,0.4651261270046234,0.4526512324810028,0.7075148224830627,13.806390762329102,9.064535140991211,0.03948376327753067,0.06113589182496071,23.182769775390625,13.806390762329102,9.064535140991211
scene13_traj2_2__000092,0.07906419783830643,0.1289149522781372,0.8904820084571838,0.7291975021362305,1.2638905048370361,35.750911712646484,31.32516860961914,0.07906419783830643,0.1289149522781372,43.75730514526367,35.750911712646484,31.32516860961914,0.039393261075019836,0.060871001332998276,0.4638809561729431,0.44909965991973877,0.7038242816925049,13.645380020141602,8.972146987915039,0.039393261075019836,0.060871001332998276,23.04081916809082,13.645380020141602,8.972146987915039
scene13_traj2_2__000093,0.07969451695680618,0.1288619339466095,0.8842257261276245,0.7233763337135315,1.2554422616958618,35.443702697753906,31.052074432373047,0.07969451695680618,0.1288619339466095,43.40975570678711,35.443702697753906,31.052074432373047,0.03944029659032822,0.06060716137290001,0.46009382605552673,0.4493357837200165,0.7008153796195984,13.572818756103516,8.89121150970459,0.03944029659032822,0.06060716137290001,22.96088409423828,13.572818756103516,8.89121150970459
scene13_traj2_2__000094,0.08251594007015228,0.13299033045768738,0.8834850788116455,0.7251339554786682,1.255882978439331,35.42646789550781,30.952316284179688,0.08251594007015228,0.13299033045768738,43.45551300048828,35.42646789550781,30.952316284179688,0.039654456079006195,0.06103545427322388,0.4600984454154968,0.44733738899230957,0.6989596486091614,13.459965705871582,8.885543823242188,0.039654456079006195,0.06103545427322388,22.88205909729004,13.459965705871582,8.885543823242188
scene13_traj2_2__000095,0.08224824070930481,0.1330374777317047,0.8808207511901855,0.7205011248588562,1.2503856420516968,35.21635818481445,30.837581634521484,0.08224824070930481,0.1330374777317047,43.206398010253906,35.21635818481445,30.837581634521484,0.03949863463640213,0.060714319348335266,0.45882657170295715,0.4431960880756378,0.6953132748603821,13.35292911529541,8.771076202392578,0.03949863463640213,0.060714319348335266,22.747169494628906,13.35292911529541,8.771076202392578
scene13_traj2_2__000096,0.08292359858751297,0.13452453911304474,0.8845529556274414,0.7194311022758484,1.2531840801239014,35.28006362915039,30.896142959594727,0.08292359858751297,0.13452453911304474,43.35186767578125,35.28006362915039,30.896142959594727,0.040002379566431046,0.061776302754879,0.4581535756587982,0.4432385265827179,0.6944692730903625,13.31346607208252,8.773979187011719,0.040002379566431046,0.061776302754879,22.707242965698242,13.31346607208252,8.773979187011719
scene13_traj2_2__000097,0.08431582152843475,0.13740979135036469,0.8867761492729187,0.7106776833534241,1.245843768119812,34.61619186401367,30.19734001159668,0.08431582152843475,0.13740979135036469,43.04460906982422,34.61619186401367,30.19734001159668,0.040680453181266785,0.06310167163610458,0.4578593969345093,0.44442296028137207,0.6958001852035522,13.264982223510742,8.67463207244873,0.040680453181266785,0.06310167163610458,22.761852264404297,13.264982223510742,8.67463207244873
scene13_traj2_2__000098,0.08612176030874252,0.1420310139656067,0.8890974521636963,0.719037652015686,1.2557331323623657,34.97401809692383,30.59453582763672,0.08612176030874252,0.1420310139656067,43.34756088256836,34.97401809692383,30.59453582763672,0.041662171483039856,0.06555777788162231,0.4602161943912506,0.44466856122016907,0.6979667544364929,13.26460075378418,8.599894523620605,0.041662171483039856,0.06555777788162231,22.833492279052734,13.26460075378418,8.599894523620605
scene13_traj2_2__000099,0.08469021320343018,0.14102639257907867,0.9019914269447327,0.6871992349624634,1.2349472045898438,33.074851989746094,27.918283462524414,0.08469021320343018,0.14102639257907867,42.65319061279297,33.074851989746094,27.918283462524414,0.04145948588848114,0.06536474078893661,0.4653697609901428,0.4512442946434021,0.7072936296463013,13.343037605285645,8.564366340637207,0.04145948588848114,0.06536474078893661,23.16963768005371,13.343037605285645,8.564366340637207
scene13_traj2_2__000100,0.08507904410362244,0.1429467350244522,0.9030342102050781,0.6850916147232056,1.2362951040267944,33.23380661010742,28.22545051574707,0.08507904410362244,0.1429467350244522,42.669593811035156,33.23380661010742,28.22545051574707,0.041641052812337875,0.06632944941520691,0.4678950309753418,0.45144975185394287,0.709783136844635,13.411052703857422,8.596332550048828,0.041641052812337875,0.06632944941520691,23.24478530883789,13.411052703857422,8.596332550048828
scene13_traj2_2__000101,0.08486778289079666,0.1428525298833847,0.9052214026451111,0.694112241268158,1.245476245880127,33.77279281616211,28.750425338745117,0.08486778289079666,0.1428525298833847,42.992942810058594,33.77279281616211,28.750425338745117,0.041568055748939514,0.06625590473413467,0.4680534899234772,0.451614111661911,0.7102025151252747,13.50212287902832,8.688786506652832,0.041568055748939514,0.06625590473413467,23.262746810913086,13.50212287902832,8.688786506652832
scene13_traj2_2__000102,0.08503830432891846,0.14315225183963776,0.9043054580688477,0.6922560334205627,1.2428897619247437,33.620269775390625,28.586326599121094,0.08503830432891846,0.14315225183963776,42.91728973388672,33.620269775390625,28.586326599121094,0.042068786919116974,0.06733565032482147,0.4693301022052765,0.4509882926940918,0.7109391689300537,13.545332908630371,8.725400924682617,0.042068786919116974,0.06733565032482147,23.28215789794922,13.545332908630371,8.725400924682617
scene13_traj2_2__000103,0.08554879575967789,0.14206185936927795,0.9036556482315063,0.6749557852745056,1.2274595499038696,32.79499816894531,27.773578643798828,0.08554879575967789,0.14206185936927795,42.37351608276367,32.79499816894531,27.773578643798828,0.04192285239696503,0.06624112278223038,0.46891987323760986,0.45226725935935974,0.7113162875175476,13.582701683044434,8.762298583984375,0.04192285239696503,0.06624112278223038,23.296480178833008,13.582701683044434,8.762298583984375
scene13_traj2_2__000104,0.08548863977193832,0.1417888104915619,0.9004546999931335,0.6926776766777039,1.2416408061981201,33.97146224975586,29.45775604248047,0.08548863977193832,0.1417888104915619,42.87434768676758,33.97146224975586,29.45775604248047,0.04242142289876938,0.06655846536159515,0.46866142749786377,0.4508422017097473,0.7099601626396179,13.817623138427734,9.104544639587402,0.04242142289876938,0.06655846536159515,23.25121307373047,13.817623138427734,9.104544639587402
scene13_traj2_2__000105,0.08507091552019119,0.13897889852523804,0.8941600918769836,0.6939247846603394,1.2381764650344849,34.18555450439453,29.82076644897461,0.08507091552019119,0.13897889852523804,42.77800750732422,34.18555450439453,29.82076644897461,0.04192163422703743,0.06514742970466614,0.4666289985179901,0.4465680420398712,0.7049435973167419,13.927051544189453,9.28113842010498,0.04192163422703743,0.06514742970466614,23.062952041625977,13.927051544189453,9.28113842010498
scene13_traj2_2__000106,0.08487880975008011,0.13885615766048431,0.8959122896194458,0.6989564299583435,1.2430340051651,34.33388900756836,29.784305572509766,0.08487880975008011,0.13885615766048431,42.97937774658203,34.33388900756836,29.784305572509766,0.04211458936333656,0.0654631033539772,0.46737614274024963,0.4506470561027527,0.7088810205459595,13.987151145935059,9.29370403289795,0.04211458936333656,0.0654631033539772,23.21137237548828,13.987151145935059,9.29370403289795
scene13_traj2_2__000107,0.08639107644557953,0.1402708739042282,0.8887574672698975,0.6894558072090149,1.2294560670852661,33.64462661743164,29.24240493774414,0.08639107644557953,0.1402708739042282,42.478485107421875,33.64462661743164,29.24240493774414,0.042481180280447006,0.06550931185483932,0.46410083770751953,0.44736284017562866,0.7038272619247437,13.825579643249512,9.19954776763916,0.042481180280447006,0.06550931185483932,23.040971755981445,13.825579643249512,9.19954776763916
scene13_traj2_2__000108,0.08605276793241501,0.1381249874830246,0.8778972625732422,0.7285993099212646,1.2546390295028687,35.709075927734375,31.799837112426758,0.08605276793241501,0.1381249874830246,43.386375427246094,35.709075927734375,31.799837112426758,0.04230768233537674,0.06485524028539658,0.46153533458709717,0.4468311369419098,0.7007016539573669,13.903093338012695,9.379039764404297,0.04230768233537674,0.06485524028539658,22.947237014770508,13.903093338012695,9.379039764404297
scene13_traj2_2__000109,0.08967823535203934,0.14421851933002472,0.8787869811058044,0.7223148345947266,1.2489187717437744,35.10433578491211,31.128599166870117,0.08967823535203934,0.14421851933002472,43.167076110839844,35.10433578491211,31.128599166870117,0.04296984523534775,0.0661517009139061,0.45844265818595886,0.44561606645584106,0.697470486164093,13.810580253601074,9.34335708618164,0.04296984523534775,0.0661517009139061,22.84343910217285,13.810580253601074,9.34335708618164
scene13_traj2_2__000110,0.09019290655851364,0.14433547854423523,0.8782326579093933,0.7206264138221741,1.2482283115386963,35.318058013916016,31.35506820678711,0.09019290655851364,0.14433547854423523,43.15056228637695,35.318058013916016,31.35506820678711,0.04326017200946808,0.06651286035776138,0.4612061381340027,0.4466744661331177,0.7004935145378113,13.894134521484375,9.312797546386719,0.04326017200946808,0.06651286035776138,22.9494571685791,13.894134521484375,9.312797546386719
scene13_traj2_2__000111,0.09050220996141434,0.14558297395706177,0.8760030269622803,0.7129927277565002,1.2405526638031006,34.8644905090332,30.878475189208984,0.09050220996141434,0.14558297395706177,42.82745361328125,34.8644905090332,30.878475189208984,0.04379797726869583,0.06785087287425995,0.45966413617134094,0.4455305337905884,0.6985975503921509,13.856974601745605,9.302960395812988,0.04379797726869583,0.06785087287425995,22.882465362548828,13.856974601745605,9.302960395812988
scene13_traj2_2__000112,0.08954333513975143,0.14478597044944763,0.884562611579895,0.6902267932891846,1.2265173196792603,33.498538970947266,29.25786590576172,0.08954333513975143,0.14478597044944763,42.314117431640625,33.498538970947266,29.25786590576172,0.04385562986135483,0.06799715757369995,0.4614052176475525,0.44422829151153564,0.6995466351509094,13.840289115905762,9.299532890319824,0.04385562986135483,0.06799715757369995,22.892114639282227,13.840289115905762,9.299532890319824
scene13_traj2_2__000113,0.08996310085058212,0.14734095335006714,0.886620819568634,0.6669051051139832,1.2087582349777222,32.385643005371094,27.737611770629883,0.08996310085058212,0.14734095335006714,41.651092529296875,32.385643005371094,27.737611770629883,0.04452386125922203,0.06975607573986053,0.4643343985080719,0.4487478733062744,0.7061871290206909,13.868390083312988,9.20149040222168,0.04452386125922203,0.06975607573986053,23.133102416992188,13.868390083312988,9.20149040222168
scene13_traj2_2__000114,0.09054256975650787,0.1504182666540146,0.8935621976852417,0.6653912663459778,1.2144334316253662,32.29499435424805,27.55548858642578,0.09054256975650787,0.1504182666540146,41.90845489501953,32.29499435424805,27.55548858642578,0.04491746053099632,0.07122080028057098,0.46675270795822144,0.45009714365005493,0.7098254561424255,13.879910469055176,9.180150985717773,0.04491746053099632,0.07122080028057098,23.22161293029785,13.879910469055176,9.180150985717773
scene13_traj2_2__000115,0.0891653522849083,0.14778311550617218,0.9010065197944641,0.6744615435600281,1.2232394218444824,32.42189025878906,27.37294578552246,0.0891653522849083,0.14778311550617218,42.2083740234375,32.42189025878906,27.37294578552246,0.0444183349609375,0.0703217163681984,0.46598750352859497,0.4499170780181885,0.7092416882514954,13.842718124389648,9.057026863098145,0.0444183349609375,0.0703217163681984,23.218290328979492,13.842718124389648,9.057026863098145
scene13_traj2_2__000116,0.08951928466558456,0.1483210176229477,0.897078275680542,0.6772849559783936,1.2248985767364502,32.869468688964844,28.165618896484375,0.08951928466558456,0.1483210176229477,42.27116775512695,32.869468688964844,28.165618896484375,0.04444384574890137,0.07035784423351288,0.4685623049736023,0.4530782103538513,0.7135370969772339,13.962676048278809,9.16258430480957,0.04444384574890137,0.07035784423351288,23.372739791870117,13.962676048278809,9.16258430480957
scene13_traj2_2__000117,0.09181509166955948,0.14935791492462158,0.8811642527580261,0.6905508637428284,1.2206859588623047,32.79585266113281,28.205202102661133,0.09181509166955948,0.14935791492462158,41.98262023925781,32.79585266113281,28.205202102661133,0.04439884424209595,0.06981658190488815,0.4587859511375427,0.4412599802017212,0.6960217356681824,13.578008651733398,9.09049129486084,0.04439884424209595,0.06981658190488815,22.7523250579834,13.578008651733398,9.09049129486084
scene13_traj2_2__000118,0.0929483100771904,0.14868420362472534,0.8662899136543274,0.6780683398246765,1.2014284133911133,32.50576400756836,28.16318130493164,0.0929483100771904,0.14868420362472534,41.294803619384766,32.50576400756836,28.16318130493164,0.0440237931907177,0.06831414997577667,0.45633965730667114,0.4367912709712982,0.6903073191642761,13.543946266174316,9.092621803283691,0.0440237931907177,0.06831414997577667,22.568727493286133,13.543946266174316,9.092621803283691
scene13_traj2_2__000119,0.09108913689851761,0.14494381844997406,0.8641479015350342,0.7046313881874084,1.222299337387085,33.87032699584961,29.504043579101562,0.09108913689851761,0.14494381844997406,42.051780700683594,33.87032699584961,29.504043579101562,0.04338032379746437,0.06667788326740265,0.45225563645362854,0.4353461265563965,0.6851353049278259,13.423296928405762,9.042771339416504,0.04338032379746437,0.06667788326740265,22.38608741760254,13.423296928405762,9.042771339416504
scene13_traj2_2__000120,0.0912792906165123,0.14498686790466309,0.8647871017456055,0.7155026793479919,1.231703758239746,34.364891052246094,30.037445068359375,0.0912792906165123,0.14498686790466309,42.4172477722168,34.364891052246094,30.037445068359375,0.043752364814281464,0.06743668019771576,0.45069754123687744,0.43433594703674316,0.6834646463394165,13.357916831970215,9.006926536560059,0.043752364814281464,0.06743668019771576,22.33051872253418,13.357916831970215,9.006926536560059
scene13_traj2_2__000121,0.09147769212722778,0.14533992111682892,0.8581452965736389,0.7145481109619141,1.2260764837265015,34.307228088378906,29.793399810791016,0.09147769212722778,0.14533992111682892,42.241825103759766,34.307228088378906,29.793399810791016,0.04383116215467453,0.06751155108213425,0.4486441910266876,0.43183425068855286,0.6797144412994385,13.369579315185547,9.055241584777832,0.04383116215467453,0.06751155108213425,22.19159698486328,13.369579315185547,9.055241584777832
scene13_traj2_2__000122,0.08650784194469452,0.13717517256736755,0.8664023876190186,0.7292762398719788,1.2428687810897827,35.00985336303711,30.35275650024414,0.08650784194469452,0.13717517256736755,42.991600036621094,35.00985336303711,30.35275650024414,0.04329676553606987,0.06554381549358368,0.4499110281467438,0.44346874952316284,0.6894475817680359,13.857868194580078,9.314314842224121,0.04329676553606987,0.06554381549358368,22.553728103637695,13.857868194580078,9.314314842224121
scene13_traj2_2__000123,0.08483624458312988,0.13463625311851501,0.8751064538955688,0.7330287098884583,1.2534458637237549,35.2568244934082,30.460142135620117,0.08483624458312988,0.13463625311851501,43.49897384643555,35.2568244934082,30.460142135620117,0.04269092530012131,0.06446362286806107,0.45520737767219543,0.4536924660205841,0.7013075351715088,14.1232271194458,9.422362327575684,0.04269092530012131,0.06446362286806107,22.955638885498047,14.1232271194458,9.422362327575684
scene13_traj2_2__000124,0.0827244371175766,0.13317574560642242,0.8844498991966248,0.7182790637016296,1.25080144405365,35.25389862060547,30.690658569335938,0.0827244371175766,0.13317574560642242,43.33486557006836,35.25389862060547,30.690658569335938,0.041504375636577606,0.06305132061243057,0.4611141085624695,0.45532548427581787,0.7070827484130859,14.036005973815918,9.334625244140625,0.041504375636577606,0.06305132061243057,23.170120239257812,14.036005973815918,9.334625244140625
scene13_traj2_2__000125,0.08255425095558167,0.13310711085796356,0.885831892490387,0.7268062233924866,1.2577439546585083,35.7386474609375,31.196571350097656,0.08255425095558167,0.13310711085796356,43.60212707519531,35.7386474609375,31.196571350097656,0.04140782356262207,0.06311310827732086,0.46078288555145264,0.4526570439338684,0.7051551938056946,14.071898460388184,9.399331092834473,0.04140782356262207,0.06311310827732086,23.090063095092773,14.071898460388184,9.399331092834473
scene13_traj2_2__000126,0.07965032756328583,0.12848374247550964,0.8898352980613708,0.717877984046936,1.254215955734253,35.251773834228516,30.63504409790039,0.07965032756328583,0.12848374247550964,43.39914321899414,35.251773834228516,30.63504409790039,0.040155962109565735,0.06144139915704727,0.46507957577705383,0.45705389976501465,0.711478054523468,13.986773490905762,9.166906356811523,0.040155962109565735,0.06144139915704727,23.323957443237305,13.986773490905762,9.166906356811523
scene13_traj2_2__000127,0.07752883434295654,0.12567539513111115,0.8955108523368835,0.7145538330078125,1.2574456930160522,35.49167251586914,30.789161682128906,0.07752883434295654,0.12567539513111115,43.5490837097168,35.49167251586914,30.789161682128906,0.03952262923121452,0.06047484278678894,0.46476465463638306,0.4544595181941986,0.7089782953262329,13.831700325012207,9.023937225341797,0.03952262923121452,0.06047484278678894,23.19716453552246,13.831700325012207,9.023937225341797
scene13_traj2_2__000128,0.07517645508050919,0.12191786617040634,0.9031441807746887,0.7128741145133972,1.2612580060958862,35.64495086669922,30.8502140045166,0.07517645508050919,0.12191786617040634,43.733089447021484,35.64495086669922,30.8502140045166,0.03884585574269295,0.05943163484334946,0.4696010947227478,0.4596317708492279,0.7166289687156677,14.066967010498047,9.216708183288574,0.03884585574269295,0.05943163484334946,23.465137481689453,14.066967010498047,9.216708183288574
scene13_traj2_2__000129,0.0718250498175621,0.11675950884819031,0.9052631258964539,0.7223857641220093,1.271069884300232,36.23637008666992,31.42437744140625,0.0718250498175621,0.11675950884819031,44.064273834228516,36.23637008666992,31.42437744140625,0.03793506324291229,0.057915396988391876,0.47316351532936096,0.46493858098983765,0.7231437563896179,14.190731048583984,9.267783164978027,0.03793506324291229,0.057915396988391876,23.6993350982666,14.190731048583984,9.267783164978027
scene13_traj2_2__000130,0.07191221415996552,0.1162022054195404,0.9028955698013306,0.7237069010734558,1.2699905633926392,36.352054595947266,31.624927520751953,0.07191221415996552,0.1162022054195404,44.027530670166016,36.352054595947266,31.624927520751953,0.037694383412599564,0.057650767266750336,0.471586138010025,0.4628203809261322,0.7203337550163269,14.216668128967285,9.356555938720703,0.037694383412599564,0.057650767266750336,23.605005264282227,14.216668128967285,9.356555938720703
scene13_traj2_2__000131,0.07016871869564056,0.11466416716575623,0.9039598703384399,0.7229057550430298,1.2715952396392822,36.709781646728516,32.19294738769531,0.07016871869564056,0.11466416716575623,44.12207794189453,36.709781646728516,32.19294738769531,0.03832767531275749,0.05864083394408226,0.4758758842945099,0.4661077857017517,0.7264564633369446,14.517213821411133,9.468571662902832,0.03832767531275749,0.05864083394408226,23.810335159301758,14.517213821411133,9.468571662902832
scene13_traj2_2__000132,0.06751995533704758,0.11120776832103729,0.9083045721054077,0.7298458218574524,1.2793858051300049,37.16670608520508,32.63994598388672,0.06751995533704758,0.11120776832103729,44.45254898071289,37.16670608520508,32.63994598388672,0.0383124016225338,0.0587855763733387,0.47988906502723694,0.4681490957736969,0.731768012046814,14.741236686706543,9.604737281799316,0.0383124016225338,0.0587855763733387,23.979270935058594,14.741236686706543,9.604737281799316
scene13_traj2_2__000133,0.06524398177862167,0.1071745753288269,0.9185766577720642,0.7360072135925293,1.2935752868652344,38.18400192260742,33.42191696166992,0.06524398177862167,0.1071745753288269,45.036293029785156,38.18400192260742,33.42191696166992,0.03793800249695778,0.05824984610080719,0.48831677436828613,0.47457748651504517,0.7433765530586243,15.264782905578613,10.005535125732422,0.03793800249695778,0.05824984610080719,24.384923934936523,15.264782905578613,10.005535125732422
scene13_traj2_2__000134,0.0632692202925682,0.10312509536743164,0.9202886819839478,0.728441596031189,1.2891794443130493,37.82752990722656,32.952484130859375,0.0632692202925682,0.10312509536743164,44.91328048706055,37.82752990722656,32.952484130859375,0.03789185732603073,0.05812977999448776,0.489788293838501,0.47823309898376465,0.7471619844436646,15.446300506591797,10.077042579650879,0.03789185732603073,0.05812977999448776,24.528669357299805,15.446300506591797,10.077042579650879
scene13_traj2_2__000135,0.06246405094861984,0.1015811339020729,0.9207001328468323,0.7322892546653748,1.2926353216171265,38.049293518066406,33.21506881713867,0.06246405094861984,0.1015811339020729,45.069129943847656,38.049293518066406,33.21506881713867,0.03777620568871498,0.05798047035932541,0.49070844054222107,0.4785411059856415,0.7479193210601807,15.448394775390625,10.10090160369873,0.03777620568871498,0.05798047035932541,24.551712036132812,15.448394775390625,10.10090160369873
scene13_traj2_2__000136,0.0612795427441597,0.10009626299142838,0.9250686168670654,0.7331154942512512,1.2992562055587769,38.735103607177734,34.29021072387695,0.0612795427441597,0.10009626299142838,45.318031311035156,38.735103607177734,34.29021072387695,0.03770913556218147,0.05787331238389015,0.49430710077285767,0.4808371067047119,0.7527660131454468,15.553934097290039,10.074872970581055,0.03770913556218147,0.05787331238389015,24.720115661621094,15.553934097290039,10.074872970581055
scene13_traj2_2__000137,0.06037794053554535,0.09807591885328293,0.9216954112052917,0.7251167297363281,1.2890843152999878,38.11145782470703,33.386085510253906,0.06037794053554535,0.09807591885328293,44.91705322265625,38.11145782470703,33.386085510253906,0.03716861829161644,0.05701890215277672,0.4936217665672302,0.4787735342979431,0.7507311701774597,15.465535163879395,10.058241844177246,0.03716861829161644,0.05701890215277672,24.646753311157227,15.465535163879395,10.058241844177246
scene13_traj2_2__000138,0.058862920850515366,0.09546006470918655,0.9261516332626343,0.740010142326355,1.3035645484924316,38.79668045043945,34.03167724609375,0.058862920850515366,0.09546006470918655,45.454345703125,38.79668045043945,34.03167724609375,0.03662914037704468,0.05631353706121445,0.4935113191604614,0.4792066514492035,0.7506163120269775,15.38326644897461,9.923166275024414,0.03662914037704468,0.05631353706121445,24.62471580505371,15.38326644897461,9.923166275024414
scene13_traj2_2__000139,0.059313882142305374,0.096232108771801,0.9263647198677063,0.7421778440475464,1.3052879571914673,38.69670486450195,33.979122161865234,0.059313882142305374,0.096232108771801,45.50540542602539,38.69670486450195,33.979122161865234,0.036668386310338974,0.0563124381005764,0.49288272857666016,0.4776584804058075,0.7488999962806702,15.375798225402832,9.936153411865234,0.036668386310338974,0.0563124381005764,24.57558250427246,15.375798225402832,9.936153411865234
scene13_traj2_2__000140,0.05911460891366005,0.09564278274774551,0.9274032115936279,0.736646831035614,1.3017808198928833,38.52443313598633,33.63913345336914,0.05911460891366005,0.09564278274774551,45.37895965576172,38.52443313598633,33.63913345336914,0.036367665976285934,0.055842142552137375,0.492165207862854,0.4775044918060303,0.7482788562774658,15.29057502746582,9.877863883972168,0.036367665976285934,0.055842142552137375,24.542442321777344,15.29057502746582,9.877863883972168
scene13_traj2_2__000141,0.06064219772815704,0.09825284034013748,0.9204707741737366,0.7272587418556213,1.2889349460601807,38.00084686279297,33.198299407958984,0.06064219772815704,0.09825284034013748,44.898380279541016,38.00084686279297,33.198299407958984,0.03689004108309746,0.05651389807462692,0.4890930950641632,0.4757930636405945,0.7449927926063538,15.224760055541992,9.828157424926758,0.03689004108309746,0.05651389807462692,24.43785285949707,15.224760055541992,9.828157424926758
scene14_traj1_1__000000,0.13627290725708008,0.19795691967010498,0.7603902220726013,0.7221946120262146,1.1562612056732178,33.49309539794922,30.057918548583984,0.13627290725708008,0.19795691967010498,39.255943298339844,33.49309539794922,30.057918548583984,0.09317408502101898,0.15264727175235748,0.5584874153137207,0.44342124462127686,0.7859269380569458,21.04354476928711,18.948305130004883,0.09317408502101898,0.15264727175235748,25.90131378173828,21.04354476928711,18.948305130004883
scene14_traj1_1__000001,0.1373724639415741,0.19886672496795654,0.7651858329772949,0.735797643661499,1.171852946281433,34.46717834472656,31.186969757080078,0.1373724639415741,0.19886672496795654,39.83705139160156,34.46717834472656,31.186969757080078,0.09515268355607986,0.1535487174987793,0.5635920166969299,0.4572799801826477,0.7975937724113464,21.723133087158203,19.665836334228516,0.09515268355607986,0.1535487174987793,26.399959564208984,21.723133087158203,19.665836334228516
scene14_traj1_1__000002,0.13662974536418915,0.1980060487985611,0.7600978016853333,0.7431511282920837,1.1754610538482666,34.74567413330078,31.52618408203125,0.13662974536418915,0.1980060487985611,39.97236633300781,34.74567413330078,31.52618408203125,0.0945637971162796,0.15365342795848846,0.5529119968414307,0.4434315860271454,0.7814013361930847,20.7125186920166,18.48418426513672,0.0945637971162796,0.15365342795848846,25.712011337280273,20.7125186920166,18.48418426513672
scene14_traj1_1__000003,0.13678015768527985,0.19814929366111755,0.7664850950241089,0.7207916975021362,1.1625365018844604,34.05973434448242,30.832998275756836,0.13678015768527985,0.19814929366111755,39.5145149230957,34.05973434448242,30.832998275756836,0.09411310404539108,0.153689444065094,0.5566468238830566,0.4387888014316559,0.7821808457374573,20.86195945739746,18.771596908569336,0.09411310404539108,0.153689444065094,25.726551055908203,20.86195945739746,18.771596908569336
scene14_traj1_1__000004,0.13700392842292786,0.1986723244190216,0.7701478004455566,0.7086637616157532,1.1536608934402466,33.554752349853516,30.17855453491211,0.13700392842292786,0.1986723244190216,39.216552734375,33.554752349853516,30.17855453491211,0.09426004439592361,0.15346476435661316,0.5699309706687927,0.4492061734199524,0.7995015978813171,21.832551956176758,19.957414627075195,0.09426004439592361,0.15346476435661316,26.420419692993164,21.832551956176758,19.957414627075195
scene14_traj1_1__000005,0.1385554075241089,0.20034022629261017,0.7679246068000793,0.7245911359786987,1.1649917364120483,34.57821273803711,31.32744598388672,0.1385554075241089,0.20034022629261017,39.609798431396484,34.57821273803711,31.32744598388672,0.09631162881851196,0.1546226590871811,0.575065553188324,0.4609154164791107,0.8086345791816711,22.462060928344727,20.590206146240234,0.09631162881851196,0.1546226590871811,26.815387725830078,22.462060928344727,20.590206146240234
scene14_traj1_1__000006,0.13713210821151733,0.19834138453006744,0.7629352807998657,0.7320060729980469,1.1671520471572876,34.45148468017578,31.30913734436035,0.13713210821151733,0.19834138453006744,39.62913513183594,34.45148468017578,31.30913734436035,0.094777911901474,0.1536015272140503,0.5578291416168213,0.44175344705581665,0.7847824692726135,21.009471893310547,18.856002807617188,0.094777911901474,0.1536015272140503,25.825138092041016,21.009471893310547,18.856002807617188
scene14_traj1_1__000007,0.1363118588924408,0.19714681804180145,0.7648080587387085,0.7414106726646423,1.178491234779358,34.964393615722656,31.968692779541016,0.1363118588924408,0.19714681804180145,40.02802276611328,34.964393615722656,31.968692779541016,0.09381884336471558,0.15293549001216888,0.5561763644218445,0.43701431155204773,0.7801814079284668,20.863496780395508,18.79553985595703,0.09381884336471558,0.15293549001216888,25.645526885986328,20.863496780395508,18.79553985595703
scene14_traj1_1__000008,0.13710905611515045,0.1983220875263214,0.7636181712150574,0.7297868728637695,1.1669832468032837,34.578609466552734,31.50960350036621,0.13710905611515045,0.1983220875263214,39.62531280517578,34.578609466552734,31.50960350036621,0.09466369450092316,0.15342190861701965,0.5695275068283081,0.4459923505783081,0.7970080971717834,21.782405853271484,19.845746994018555,0.09466369450092316,0.15342190861701965,26.296785354614258,21.782405853271484,19.845746994018555
scene14_traj1_1__000009,0.1377541571855545,0.1978071928024292,0.7590958476066589,0.7551116347312927,1.184341549873352,35.56406784057617,32.59532928466797,0.1377541571855545,0.1978071928024292,40.285648345947266,35.56406784057617,32.59532928466797,0.096761055290699,0.15436533093452454,0.5602232217788696,0.44905129075050354,0.791255533695221,21.361249923706055,19.15687370300293,0.096761055290699,0.15436533093452454,26.08588981628418,21.361249923706055,19.15687370300293
scene14_traj1_1__000010,0.13657604157924652,0.19656267762184143,0.7588313817977905,0.7567574977874756,1.187126874923706,35.61742401123047,32.754608154296875,0.13657604157924652,0.19656267762184143,40.34843444824219,35.61742401123047,32.754608154296875,0.09456022083759308,0.15288913249969482,0.5580452680587769,0.44130486249923706,0.7846822142601013,20.975143432617188,18.814285278320312,0.09456022083759308,0.15288913249969482,25.80503273010254,20.975143432617188,18.814285278320312
scene14_traj1_1__000011,0.13640496134757996,0.19664447009563446,0.759072482585907,0.7478835582733154,1.178309679031372,35.010337829589844,31.996139526367188,0.13640496134757996,0.19664447009563446,40.03970718383789,35.010337829589844,31.996139526367188,0.0940374806523323,0.15266753733158112,0.5576744675636292,0.43652772903442383,0.7807735204696655,20.922666549682617,18.870359420776367,0.0940374806523323,0.15266753733158112,25.668169021606445,20.922666549682617,18.870359420776367
scene14_traj1_1__000012,0.137568399310112,0.19846904277801514,0.7575740218162537,0.7324066162109375,1.1633535623550415,34.397212982177734,31.2441349029541,0.137568399310112,0.19846904277801514,39.46501922607422,34.397212982177734,31.2441349029541,0.09484381973743439,0.15268084406852722,0.5764314532279968,0.4554080069065094,0.8062514662742615,22.534698486328125,20.768360137939453,0.09484381973743439,0.15268084406852722,26.719074249267578,22.534698486328125,20.768360137939453
scene14_traj1_1__000013,0.13773004710674286,0.19784697890281677,0.7591113448143005,0.7627813220024109,1.190754771232605,35.9738655090332,33.05022048950195,0.13773004710674286,0.19784697890281677,40.51323318481445,35.9738655090332,33.05022048950195,0.09693359583616257,0.1545368731021881,0.5602282881736755,0.4474562704563141,0.7909446358680725,21.271610260009766,18.990999221801758,0.09693359583616257,0.1545368731021881,26.054250717163086,21.271610260009766,18.990999221801758
scene14_traj1_1__000014,0.13616225123405457,0.19613535702228546,0.7594166994094849,0.7523738145828247,1.1827746629714966,35.55940246582031,32.66097640991211,0.13616225123405457,0.19613535702228546,40.23688507080078,35.55940246582031,32.66097640991211,0.09402841329574585,0.1520829051733017,0.5546076893806458,0.43602848052978516,0.7777180671691895,20.78911590576172,18.666414260864258,0.09402841329574585,0.1520829051733017,25.53537940979004,20.78911590576172,18.666414260864258
scene14_traj1_1__000015,0.13627126812934875,0.1964477002620697,0.7631822228431702,0.7356927394866943,1.1706147193908691,34.70232391357422,31.53367042541504,0.13627126812934875,0.1964477002620697,39.80462646484375,34.70232391357422,31.53367042541504,0.09406199306249619,0.15194399654865265,0.5647457838058472,0.4386903643608093,0.7885046005249023,21.39733123779297,19.448657989501953,0.09406199306249619,0.15194399654865265,25.94520378112793,21.39733123779297,19.448657989501953
scene14_traj1_1__000016,0.13742712140083313,0.1977042853832245,0.7637988924980164,0.7346096634864807,1.1699739694595337,34.95278549194336,31.73423957824707,0.13742712140083313,0.1977042853832245,39.80821228027344,34.95278549194336,31.73423957824707,0.09548509865999222,0.15246720612049103,0.5777163505554199,0.4600091576576233,0.8102501630783081,22.64780044555664,20.84323501586914,0.09548509865999222,0.15246720612049103,26.86610221862793,22.64780044555664,20.84323501586914
scene14_traj1_1__000017,0.13604065775871277,0.1958066076040268,0.7629024386405945,0.751287579536438,1.1835353374481201,35.74651336669922,32.748878479003906,0.13604065775871277,0.1958066076040268,40.32835006713867,35.74651336669922,32.748878479003906,0.09516575187444687,0.15237252414226532,0.55999356508255,0.4455442726612091,0.7888706922531128,21.24819564819336,19.03095245361328,0.09516575187444687,0.15237252414226532,25.98207664489746,21.24819564819336,19.03095245361328
scene14_traj1_1__000018,0.13525670766830444,0.19474759697914124,0.7647275328636169,0.7396447658538818,1.1761364936828613,35.08063888549805,31.999746322631836,0.13525670766830444,0.19474759697914124,40.02842330932617,35.08063888549805,31.999746322631836,0.09395840018987656,0.1517622470855713,0.5643671154975891,0.4399559795856476,0.7890328764915466,21.318761825561523,19.276470184326172,0.09395840018987656,0.1517622470855713,25.947208404541016,21.318761825561523,19.276470184326172
scene14_traj1_1__000019,0.13598527014255524,0.1959683746099472,0.76639324426651,0.7297636270523071,1.1690237522125244,34.65781784057617,31.500864028930664,0.13598527014255524,0.1959683746099472,39.73223114013672,34.65781784057617,31.500864028930664,0.09406720846891403,0.15140804648399353,0.5710781216621399,0.44548770785331726,0.7975382208824158,21.935869216918945,20.032268524169922,0.09406720846891403,0.15140804648399353,26.325096130371094,21.935869216918945,20.032268524169922
scene14_traj1_1__000020,0.13676442205905914,0.19679848849773407,0.7654305100440979,0.7290448546409607,1.166357398033142,34.78673553466797,31.563467025756836,0.13676442205905914,0.19679848849773407,39.688148498535156,34.78673553466797,31.563467025756836,0.09504862874746323,0.15159666538238525,0.5756410360336304,0.4588950276374817,0.8086361289024353,22.5573673248291,20.652128219604492,0.09504862874746323,0.15159666538238525,26.78398323059082,22.5573673248291,20.652128219604492
scene14_traj1_1__000021,0.13577459752559662,0.19532087445259094,0.7607104182243347,0.7393553853034973,1.1722396612167358,35.04751968383789,32.02243423461914,0.13577459752559662,0.19532087445259094,39.84275436401367,35.04751968383789,32.02243423461914,0.09475930035114288,0.15171895921230316,0.5577671527862549,0.44418349862098694,0.7858946919441223,21.182247161865234,19.016937255859375,0.09475930035114288,0.15171895921230316,25.86318588256836,21.182247161865234,19.016937255859375
scene14_traj1_1__000022,0.13415193557739258,0.19351939857006073,0.7625289559364319,0.7375662326812744,1.1725012063980103,34.89912796020508,31.85127830505371,0.13415193557739258,0.19351939857006073,39.80847930908203,34.89912796020508,31.85127830505371,0.09336847811937332,0.15043781697750092,0.558175265789032,0.4439295828342438,0.7866264581680298,21.166107177734375,19.039875030517578,0.09336847811937332,0.15043781697750092,25.873300552368164,21.166107177734375,19.039875030517578
scene14_traj1_1__000023,0.13398274779319763,0.19361892342567444,0.7757807970046997,0.7424852252006531,1.1870826482772827,35.72256851196289,32.76670455932617,0.13398274779319763,0.19361892342567444,40.44123077392578,35.72256851196289,32.76670455932617,0.09285317361354828,0.1495557725429535,0.5668467283248901,0.4452548623085022,0.7945224642753601,21.732580184936523,19.79993438720703,0.09285317361354828,0.1495557725429535,26.192541122436523,21.732580184936523,19.79993438720703
scene14_traj1_1__000024,0.13497139513492584,0.19488997757434845,0.7714742422103882,0.7275401949882507,1.169536828994751,34.86772155761719,31.660417556762695,0.13497139513492584,0.19488997757434845,39.78166961669922,34.86772155761719,31.660417556762695,0.09327811747789383,0.1493316888809204,0.5810539722442627,0.46365249156951904,0.8155664205551147,23.017711639404297,21.26373863220215,0.09327811747789383,0.1493316888809204,27.077892303466797,23.017711639404297,21.26373863220215
scene14_traj1_1__000025,0.13371272385120392,0.19257594645023346,0.7685151100158691,0.7619515657424927,1.1975854635238647,36.346309661865234,33.33378982543945,0.13371272385120392,0.19257594645023346,40.86589813232422,36.346309661865234,33.33378982543945,0.0942278727889061,0.15011678636074066,0.558541476726532,0.4517616927623749,0.7916799187660217,21.214115142822266,18.857112884521484,0.0942278727889061,0.15011678636074066,26.081588745117188,21.214115142822266,18.857112884521484
scene14_traj1_1__000026,0.13263778388500214,0.19176216423511505,0.7725120186805725,0.7534978985786438,1.1931917667388916,36.0322151184082,33.045894622802734,0.13263778388500214,0.19176216423511505,40.7077751159668,36.0322151184082,33.045894622802734,0.09245786815881729,0.14903530478477478,0.557080090045929,0.44604507088661194,0.7869220972061157,21.064912796020508,18.828205108642578,0.09245786815881729,0.14903530478477478,25.874799728393555,21.064912796020508,18.828205108642578
scene14_traj1_1__000027,0.13221831619739532,0.1918075680732727,0.7760992050170898,0.746022641658783,1.1911386251449585,35.885894775390625,32.912471771240234,0.13221831619739532,0.1918075680732727,40.609134674072266,35.885894775390625,32.912471771240234,0.09176439791917801,0.14809851348400116,0.565693736076355,0.44621169567108154,0.7946284413337708,21.652956008911133,19.646339416503906,0.09176439791917801,0.14809851348400116,26.17799949645996,21.652956008911133,19.646339416503906
scene14_traj1_1__000028,0.13261494040489197,0.19177564978599548,0.7752955555915833,0.7260845899581909,1.1715517044067383,34.9696159362793,31.711807250976562,0.13261494040489197,0.19177564978599548,39.90541076660156,34.9696159362793,31.711807250976562,0.09217138588428497,0.14776334166526794,0.5769705176353455,0.4612828493118286,0.8120325803756714,22.688541412353516,20.91151237487793,0.09217138588428497,0.14776334166526794,26.899227142333984,22.688541412353516,20.91151237487793
scene14_traj1_1__000029,0.13334275782108307,0.1924828439950943,0.7785317897796631,0.7382223010063171,1.1850699186325073,35.94741439819336,32.91020584106445,0.13334275782108307,0.1924828439950943,40.43323516845703,35.94741439819336,32.91020584106445,0.09335815906524658,0.148461252450943,0.5697803497314453,0.4608941972255707,0.8072722554206848,22.23821449279785,20.08503532409668,0.09335815906524658,0.148461252450943,26.70086669921875,22.23821449279785,20.08503532409668
scene14_traj1_1__000030,0.13181377947330475,0.19074952602386475,0.7792127728462219,0.7402665019035339,1.1878960132598877,35.898494720458984,32.84014892578125,0.13181377947330475,0.19074952602386475,40.5220947265625,35.898494720458984,32.84014892578125,0.09200141578912735,0.1475890874862671,0.5622672438621521,0.4511719346046448,0.7952868342399597,21.555252075195312,19.376745223999023,0.09200141578912735,0.1475890874862671,26.217632293701172,21.555252075195312,19.376745223999023
scene14_traj1_1__000031,0.1315383017063141,0.19106093049049377,0.7777161598205566,0.7316186428070068,1.1794190406799316,35.29573440551758,32.052001953125,0.1315383017063141,0.19106093049049377,40.254119873046875,35.29573440551758,32.052001953125,0.09074582159519196,0.14664901793003082,0.5562851428985596,0.4475187361240387,0.7874283790588379,21.068567276000977,18.815698623657227,0.09074582159519196,0.14664901793003082,25.902511596679688,21.068567276000977,18.815698623657227
scene14_traj1_1__000032,0.13132385909557343,0.19082364439964294,0.7794890999794006,0.7264723181724548,1.1756712198257446,35.078453063964844,31.886672973632812,0.13132385909557343,0.19082364439964294,40.06889724731445,35.078453063964844,31.886672973632812,0.09083715826272964,0.14677944779396057,0.5655656456947327,0.4502030313014984,0.7970335483551025,21.73633575439453,19.691116333007812,0.09083715826272964,0.14677944779396057,26.275070190429688,21.73633575439453,19.691116333007812
scene14_traj1_1__000033,0.13235212862491608,0.1919613629579544,0.7795265316963196,0.728381335735321,1.177124261856079,35.146888732910156,31.847272872924805,0.13235212862491608,0.1919613629579544,40.136024475097656,35.146888732910156,31.847272872924805,0.09103091806173325,0.1462842971086502,0.5757560729980469,0.4676465690135956,0.8148248791694641,22.740882873535156,20.843576431274414,0.09103091806173325,0.1462842971086502,27.039201736450195,22.740882873535156,20.843576431274414
scene14_traj1_1__000034,0.13181112706661224,0.1921011060476303,0.7853171825408936,0.7472926378250122,1.198656678199768,36.35567855834961,33.172889709472656,0.13181112706661224,0.1921011060476303,40.98976516723633,36.35567855834961,33.172889709472656,0.09255315363407135,0.14833952486515045,0.568308413028717,0.47005850076675415,0.8126630783081055,22.24067497253418,19.970775604248047,0.09255315363407135,0.14833952486515045,26.89419174194336,22.24067497253418,19.970775604248047
scene14_traj1_1__000035,0.13128086924552917,0.19195298850536346,0.7816179990768433,0.7481362223625183,1.1967073678970337,36.14889907836914,32.875343322753906,0.13128086924552917,0.19195298850536346,40.93708038330078,36.14889907836914,32.875343322753906,0.09091245383024216,0.14778544008731842,0.5572563409805298,0.4596496820449829,0.7966649532318115,21.298307418823242,18.85880470275879,0.09091245383024216,0.14778544008731842,26.244976043701172,21.298307418823242,18.85880470275879
scene14_traj1_1__000036,0.13130724430084229,0.19260329008102417,0.7841527462005615,0.7455396056175232,1.197731852531433,35.95218276977539,32.62676239013672,0.13130724430084229,0.19260329008102417,40.97056198120117,35.95218276977539,32.62676239013672,0.09010747075080872,0.1473982185125351,0.5585856437683105,0.45745551586151123,0.7970787286758423,21.288782119750977,18.831214904785156,0.09010747075080872,0.1473982185125351,26.25763511657715,21.288782119750977,18.831214904785156
scene14_traj1_1__000037,0.13096000254154205,0.19257709383964539,0.7822403311729431,0.7263967990875244,1.1789906024932861,35.02764129638672,31.533550262451172,0.13096000254154205,0.19257709383964539,40.242374420166016,35.02764129638672,31.533550262451172,0.09021424502134323,0.1473846733570099,0.5724993944168091,0.46325960755348206,0.8118383884429932,22.35674285888672,20.268123626708984,0.09021424502134323,0.1473846733570099,26.84585952758789,22.35674285888672,20.268123626708984
scene14_traj1_1__000038,0.13091851770877838,0.1928660273551941,0.7941272854804993,0.744371235370636,1.203692078590393,36.520694732666016,32.9958610534668,0.13091851770877838,0.1928660273551941,41.27548599243164,36.520694732666016,32.9958610534668,0.09213152527809143,0.14883506298065186,0.5694659948348999,0.47804245352745056,0.8198002576828003,22.485219955444336,20.00905990600586,0.09213152527809143,0.14883506298065186,27.15594482421875,22.485219955444336,20.00905990600586
scene14_traj1_1__000039,0.12938639521598816,0.1912822127342224,0.7930405139923096,0.739071249961853,1.1992849111557007,36.220924377441406,32.73660659790039,0.12938639521598816,0.1912822127342224,41.081398010253906,36.220924377441406,32.73660659790039,0.0902889221906662,0.14774465560913086,0.5609046220779419,0.4690185487270355,0.8066202402114868,21.68276023864746,19.07467269897461,0.0902889221906662,0.14774465560913086,26.628986358642578,21.68276023864746,19.07467269897461
scene14_traj1_1__000040,0.12896306812763214,0.19066141545772552,0.796241044998169,0.7347540259361267,1.1972941160202026,35.77374267578125,32.149574279785156,0.12896306812763214,0.19066141545772552,41.01960372924805,35.77374267578125,32.149574279785156,0.08929726481437683,0.14658835530281067,0.5596897602081299,0.46617087721824646,0.8030918836593628,21.564903259277344,19.092662811279297,0.08929726481437683,0.14658835530281067,26.498126983642578,21.564903259277344,19.092662811279297
scene14_traj1_1__000041,0.1287805587053299,0.19063827395439148,0.7957352995872498,0.7116993069648743,1.1766387224197388,34.70376968383789,30.731460571289062,0.1287805587053299,0.19063827395439148,40.28532409667969,34.70376968383789,30.731460571289062,0.0888669490814209,0.14529214799404144,0.5760625004768372,0.4746328890323639,0.8219280242919922,22.73641014099121,20.57889747619629,0.0888669490814209,0.14529214799404144,27.23480796813965,22.73641014099121,20.57889747619629
scene14_traj1_1__000042,0.12882360816001892,0.18997958302497864,0.7940356135368347,0.7364265322685242,1.197662591934204,36.11195755004883,32.50102615356445,0.12882360816001892,0.18997958302497864,41.06303024291992,36.11195755004883,32.50102615356445,0.09154342859983444,0.14765921235084534,0.5683848261833191,0.4796399772167206,0.8195558190345764,22.374889373779297,19.868165969848633,0.09154342859983444,0.14765921235084534,27.13089942932129,22.374889373779297,19.868165969848633
scene14_traj1_1__000043,0.12711073458194733,0.1876017302274704,0.7897430658340454,0.7318665981292725,1.1916126012802124,35.561588287353516,32.015769958496094,0.12711073458194733,0.1876017302274704,40.7820930480957,35.561588287353516,32.015769958496094,0.0879477858543396,0.14396598935127258,0.5618664622306824,0.4685911536216736,0.806749165058136,21.724857330322266,19.226903915405273,0.0879477858543396,0.14396598935127258,26.612592697143555,21.724857330322266,19.226903915405273
scene14_traj1_1__000044,0.12691427767276764,0.18770524859428406,0.7915369868278503,0.7160188555717468,1.1791225671768188,34.803138732910156,31.104909896850586,0.12691427767276764,0.18770524859428406,40.30591583251953,34.803138732910156,31.104909896850586,0.08731444180011749,0.1430579423904419,0.5695940852165222,0.4684964716434479,0.8136522173881531,22.252742767333984,19.98202133178711,0.08731444180011749,0.1430579423904419,26.879985809326172,22.252742767333984,19.98202133178711
scene14_traj1_1__000045,0.12756378948688507,0.18856006860733032,0.801977813243866,0.7236338257789612,1.1913642883300781,35.92289733886719,32.27085876464844,0.12756378948688507,0.18856006860733032,40.85679626464844,35.92289733886719,32.27085876464844,0.08905039727687836,0.14387376606464386,0.579452395439148,0.4903496503829956,0.835195004940033,23.374019622802734,21.140439987182617,0.08905039727687836,0.14387376606464386,27.77505111694336,23.374019622802734,21.140439987182617
scene14_traj1_1__000046,0.12672269344329834,0.18752287328243256,0.7934786677360535,0.7381350994110107,1.1982132196426392,35.95948028564453,32.39863967895508,0.12672269344329834,0.18752287328243256,41.060787200927734,35.95948028564453,32.39863967895508,0.08815082162618637,0.14368745684623718,0.5589823722839355,0.474495530128479,0.8090105056762695,21.71189308166504,19.05112648010254,0.08815082162618637,0.14368745684623718,26.718280792236328,21.71189308166504,19.05112648010254
scene14_traj1_1__000047,0.12532739341259003,0.1859641820192337,0.7977656126022339,0.7095937728881836,1.1774225234985352,34.76871871948242,30.995784759521484,0.12532739341259003,0.1859641820192337,40.25593948364258,34.76871871948242,30.995784759521484,0.08701524883508682,0.142524853348732,0.5679130554199219,0.4720762073993683,0.8146969079971313,22.224506378173828,19.814199447631836,0.08701524883508682,0.142524853348732,26.933473587036133,22.224506378173828,19.814199447631836
scene14_traj1_1__000048,0.1263895183801651,0.18729102611541748,0.8045861721038818,0.7028681039810181,1.1753547191619873,34.89668655395508,30.97549057006836,0.1263895183801651,0.18729102611541748,40.27204895019531,34.89668655395508,30.97549057006836,0.08759622275829315,0.1422414481639862,0.5828198194503784,0.49247869849205017,0.8383212089538574,23.765047073364258,21.75774383544922,0.08759622275829315,0.1422414481639862,27.926368713378906,23.765047073364258,21.75774383544922
scene14_traj1_1__000049,0.125894233584404,0.18598423898220062,0.8037059903144836,0.7384557127952576,1.2069112062454224,36.74066925048828,33.297611236572266,0.125894233584404,0.18598423898220062,41.4306640625,36.74066925048828,33.297611236572266,0.09004762023687363,0.1451859027147293,0.5684338808059692,0.482650488615036,0.8217175006866455,22.444591522216797,19.941659927368164,0.09004762023687363,0.1451859027147293,27.1970272064209,22.444591522216797,19.941659927368164
scene14_traj1_1__000050,0.12413902580738068,0.1840665340423584,0.8058184385299683,0.7257963418960571,1.1987402439117432,36.16917419433594,32.60840606689453,0.12413902580738068,0.1840665340423584,41.156089782714844,36.16917419433594,32.60840606689453,0.08714161813259125,0.142232745885849,0.5681108236312866,0.47402510046958923,0.8157075047492981,22.241830825805664,19.836402893066406,0.08714161813259125,0.142232745885849,26.95118522644043,22.241830825805664,19.836402893066406
scene14_traj1_1__000051,0.12460688501596451,0.1847948580980301,0.8079267740249634,0.7120026350021362,1.1870591640472412,35.45226287841797,31.735502243041992,0.12460688501596451,0.1847948580980301,40.74266052246094,35.45226287841797,31.735502243041992,0.08637646585702896,0.14073702692985535,0.5774480700492859,0.4806734621524811,0.8283151984214783,23.10024642944336,20.940265655517578,0.08637646585702896,0.14073702692985535,27.473522186279297,23.10024642944336,20.940265655517578
scene14_traj1_1__000052,0.12475904077291489,0.18450114130973816,0.8058319687843323,0.7226819396018982,1.1934549808502197,36.02897262573242,32.34524154663086,0.12475904077291489,0.18450114130973816,40.94469451904297,36.02897262573242,32.34524154663086,0.0879325345158577,0.14139649271965027,0.581480085849762,0.4924885332584381,0.8383678197860718,23.552165985107422,21.357877731323242,0.0879325345158577,0.14139649271965027,27.878528594970703,23.552165985107422,21.357877731323242
scene14_traj1_1__000053,0.123324453830719,0.18252570927143097,0.8035741448402405,0.7377040982246399,1.2063357830047607,36.74923324584961,33.22647476196289,0.123324453830719,0.18252570927143097,41.46235275268555,36.74923324584961,33.22647476196289,0.08707443624734879,0.14109282195568085,0.5668780207633972,0.47876811027526855,0.8180875182151794,22.30028533935547,19.778377532958984,0.08707443624734879,0.14109282195568085,27.043964385986328,22.30028533935547,19.778377532958984
scene14_traj1_1__000054,0.12274328619241714,0.18205052614212036,0.8045953512191772,0.7255629897117615,1.1963342428207397,35.895267486572266,32.1381950378418,0.12274328619241714,0.18205052614212036,41.08380889892578,35.895267486572266,32.1381950378418,0.08596207946538925,0.1401185393333435,0.5737709999084473,0.47719529271125793,0.8231716752052307,22.62999725341797,20.245880126953125,0.08596207946538925,0.1401185393333435,27.225324630737305,22.62999725341797,20.245880126953125
scene14_traj1_1__000055,0.12335404753684998,0.1829489767551422,0.8103042244911194,0.7157953977584839,1.191839337348938,35.64091491699219,31.78097915649414,0.12335404753684998,0.1829489767551422,40.92259979248047,35.64091491699219,31.78097915649414,0.08613475412130356,0.13975174725055695,0.5862351059913635,0.4922444224357605,0.8425974249839783,23.808610916137695,21.716249465942383,0.08613475412130356,0.13975174725055695,28.030784606933594,23.808610916137695,21.716249465942383
scene14_traj1_1__000056,0.1232711598277092,0.18197385966777802,0.8069843053817749,0.7330992221832275,1.203842043876648,36.51588439941406,32.804378509521484,0.1232711598277092,0.18197385966777802,41.386940002441406,36.51588439941406,32.804378509521484,0.08836014568805695,0.14185424149036407,0.5673059821128845,0.48731130361557007,0.8244131803512573,22.502723693847656,19.836015701293945,0.08836014568805695,0.14185424149036407,27.2973575592041,22.502723693847656,19.836015701293945
scene14_traj1_1__000057,0.12213268876075745,0.18090318143367767,0.805668294429779,0.7221247553825378,1.1927907466888428,35.767208099365234,31.84612464904785,0.12213268876075745,0.18090318143367767,40.915828704833984,35.767208099365234,31.84612464904785,0.08558356016874313,0.13920460641384125,0.5659008026123047,0.47845369577407837,0.8177245259284973,22.27785301208496,19.688671112060547,0.08558356016874313,0.13920460641384125,27.038837432861328,22.27785301208496,19.688671112060547
scene14_traj1_1__000058,0.12237666547298431,0.18162915110588074,0.804226279258728,0.7089101672172546,1.1799938678741455,34.973793029785156,30.911409378051758,0.12237666547298431,0.18162915110588074,40.45050811767578,34.973793029785156,30.911409378051758,0.0851055160164833,0.13841629028320312,0.5791060924530029,0.4835354685783386,0.8318597674369812,23.222780227661133,21.036041259765625,0.0851055160164833,0.13841629028320312,27.605247497558594,23.222780227661133,21.036041259765625
scene14_traj1_1__000059,0.12329206615686417,0.18234437704086304,0.8067496418952942,0.7111271023750305,1.1832184791564941,35.43449401855469,31.514455795288086,0.12329206615686417,0.18234437704086304,40.52426528930664,35.43449401855469,31.514455795288086,0.08709239214658737,0.13987767696380615,0.5838198661804199,0.49847665429115295,0.8440459370613098,23.855220794677734,21.63983917236328,0.08709239214658737,0.13987767696380615,28.098783493041992,23.855220794677734,21.63983917236328
scene14_traj1_1__000060,0.12152259051799774,0.17976690828800201,0.8062568306922913,0.7248862981796265,1.1977158784866333,36.10136032104492,32.45283889770508,0.12152259051799774,0.17976690828800201,41.06062698364258,36.10136032104492,32.45283889770508,0.0849820226430893,0.13770662248134613,0.5746287703514099,0.4815368354320526,0.8274863362312317,22.83461570739746,20.530887603759766,0.0849820226430893,0.13770662248134613,27.396833419799805,22.83461570739746,20.530887603759766
scene14_traj1_1__000061,0.12247832864522934,0.1805066615343094,0.8077672719955444,0.7175835371017456,1.190762996673584,35.88353729248047,32.06532287597656,0.12247832864522934,0.1805066615343094,40.84738540649414,35.88353729248047,32.06532287597656,0.08582226186990738,0.1378146857023239,0.5885210037231445,0.4997563660144806,0.848096489906311,24.256244659423828,22.25237274169922,0.08582226186990738,0.1378146857023239,28.273832321166992,24.256244659423828,22.25237274169922
scene14_traj1_1__000062,0.12118817120790482,0.17822788655757904,0.8047759532928467,0.7413023114204407,1.2115410566329956,37.19269561767578,33.75485610961914,0.12118817120790482,0.17822788655757904,41.63930892944336,37.19269561767578,33.75485610961914,0.08665230870246887,0.13870123028755188,0.5692376494407654,0.48566800355911255,0.8248339891433716,22.592802047729492,19.92075538635254,0.08665230870246887,0.13870123028755188,27.283180236816406,22.592802047729492,19.92075538635254
scene14_traj1_1__000063,0.12003133445978165,0.1767943799495697,0.8037458658218384,0.7313712239265442,1.2007046937942505,36.382747650146484,32.87368392944336,0.12003133445978165,0.1767943799495697,41.15961837768555,36.382747650146484,32.87368392944336,0.08496309816837311,0.13682006299495697,0.5696514248847961,0.47654327750205994,0.8197886347770691,22.495492935180664,20.039011001586914,0.08496309816837311,0.13682006299495697,27.088306427001953,22.495492935180664,20.039011001586914
scene14_traj1_1__000064,0.11955659836530685,0.17533472180366516,0.8065065145492554,0.7303485870361328,1.201280117034912,36.51523971557617,32.82135009765625,0.11955659836530685,0.17533472180366516,41.20832061767578,36.51523971557617,32.82135009765625,0.08428657054901123,0.13506467640399933,0.5842702984809875,0.4896877110004425,0.8408621549606323,23.702672958374023,21.56163215637207,0.08428657054901123,0.13506467640399933,27.9183349609375,23.702672958374023,21.56163215637207
scene14_traj1_1__000065,0.11990276724100113,0.17488054931163788,0.801645815372467,0.7393292188644409,1.2050437927246094,36.92084503173828,33.379615783691406,0.11990276724100113,0.17488054931163788,41.35392379760742,36.92084503173828,33.379615783691406,0.08712588995695114,0.1373223066329956,0.568655252456665,0.4870539903640747,0.8252628445625305,22.755002975463867,20.191646575927734,0.08712588995695114,0.1373223066329956,27.3323974609375,22.755002975463867,20.191646575927734
scene14_traj1_1__000066,0.11906056106090546,0.1744185835123062,0.802263081073761,0.7394968271255493,1.206926703453064,36.914981842041016,33.46834945678711,0.11906056106090546,0.1744185835123062,41.38661193847656,36.914981842041016,33.46834945678711,0.08508235961198807,0.13574492931365967,0.5637507438659668,0.4800055921077728,0.8168273568153381,22.219970703125,19.606111526489258,0.08508235961198807,0.13574492931365967,26.987838745117188,22.219970703125,19.606111526489258
scene14_traj1_1__000067,0.1196514144539833,0.17567510902881622,0.8022615313529968,0.7175072431564331,1.1863938570022583,35.71237564086914,31.97870445251465,0.1196514144539833,0.17567510902881622,40.64470672607422,35.71237564086914,31.97870445251465,0.08431106805801392,0.13486900925636292,0.5849299430847168,0.4857662320137024,0.8379287123680115,23.589092254638672,21.469886779785156,0.08431106805801392,0.13486900925636292,27.79597282409668,23.589092254638672,21.469886779785156
scene14_traj1_1__000068,0.12085381895303726,0.1768750548362732,0.8065809607505798,0.7199605107307434,1.1919409036636353,36.14279556274414,32.49584197998047,0.12085381895303726,0.1768750548362732,40.81828689575195,36.14279556274414,32.49584197998047,0.0860261544585228,0.13636328279972076,0.5897614359855652,0.49643829464912415,0.8481205105781555,24.320335388183594,22.38547134399414,0.0860261544585228,0.13636328279972076,28.236553192138672,24.320335388183594,22.38547134399414
scene14_traj1_1__000069,0.11973382532596588,0.17493440210819244,0.8027881383895874,0.7409014105796814,1.2074753046035767,37.10454559326172,33.74417495727539,0.11973382532596588,0.17493440210819244,41.430076599121094,37.10454559326172,33.74417495727539,0.08545295894145966,0.13556073606014252,0.5674405097961426,0.48008623719215393,0.8202696442604065,22.53590965270996,20.04378318786621,0.08545295894145966,0.13556073606014252,27.113773345947266,22.53590965270996,20.04378318786621
scene14_traj1_1__000070,0.11753731220960617,0.17217649519443512,0.8072683215141296,0.7367717623710632,1.207194447517395,36.71857833862305,33.128265380859375,0.11753731220960617,0.17217649519443512,41.42352294921875,36.71857833862305,33.128265380859375,0.08272702991962433,0.13228633999824524,0.5729758739471436,0.473727285861969,0.820189893245697,22.708993911743164,20.486831665039062,0.08272702991962433,0.13228633999824524,27.086645126342773,22.708993911743164,20.486831665039062
scene14_traj1_1__000071,0.1180407702922821,0.1726446896791458,0.8043122887611389,0.7151606678962708,1.18507981300354,35.67268753051758,31.94731903076172,0.1180407702922821,0.1726446896791458,40.5886344909668,35.67268753051758,31.94731903076172,0.0827551782131195,0.13136617839336395,0.590087354183197,0.4870747923851013,0.8428070545196533,24.081445693969727,22.154611587524414,0.0827551782131195,0.13136617839336395,27.97136688232422,24.081445693969727,22.154611587524414
scene14_traj1_1__000072,0.11748495697975159,0.17120656371116638,0.8003029227256775,0.7366249561309814,1.201676845550537,36.888893127441406,33.48835372924805,0.11748495697975159,0.17120656371116638,41.20357131958008,36.888893127441406,33.48835372924805,0.0849839523434639,0.13338585197925568,0.5788084864616394,0.48929041624069214,0.8355686664581299,23.404891967773438,21.055519104003906,0.0849839523434639,0.13338585197925568,27.683992385864258,23.404891967773438,21.055519104003906
scene14_traj1_1__000073,0.11616821587085724,0.16991208493709564,0.8044180274009705,0.7256469130516052,1.1949174404144287,36.24795913696289,32.56538391113281,0.11616821587085724,0.16991208493709564,40.94907760620117,36.24795913696289,32.56538391113281,0.08233295381069183,0.13031794130802155,0.5729082226753235,0.47892633080482483,0.8233729600906372,22.8057804107666,20.50580406188965,0.08233295381069183,0.13031794130802155,27.2115421295166,22.8057804107666,20.50580406188965
scene14_traj1_1__000074,0.11454709619283676,0.16763439774513245,0.8068966865539551,0.7240322828292847,1.1952917575836182,36.164588928222656,32.394493103027344,0.11454709619283676,0.16763439774513245,41.031280517578125,36.164588928222656,32.394493103027344,0.0807640478014946,0.1282569319009781,0.5770716071128845,0.48166424036026,0.8291400671005249,23.102680206298828,20.90111541748047,0.0807640478014946,0.1282569319009781,27.422405242919922,23.102680206298828,20.90111541748047
scene14_traj1_1__000075,0.11500944942235947,0.16849803924560547,0.8097900152206421,0.7061846256256104,1.1790157556533813,35.513607025146484,31.506488800048828,0.11500944942235947,0.16849803924560547,40.48966979980469,35.513607025146484,31.506488800048828,0.08140111714601517,0.12819047272205353,0.5991821885108948,0.5052955746650696,0.8601430654525757,25.134471893310547,23.435142517089844,0.08140111714601517,0.12819047272205353,28.714378356933594,25.134471893310547,23.435142517089844
scene14_traj1_1__000076,0.11416464298963547,0.16685886681079865,0.8010668158531189,0.7286179661750793,1.1941614151000977,36.52332305908203,32.91919708251953,0.11416464298963547,0.16685886681079865,40.97370529174805,36.52332305908203,32.91919708251953,0.08239218592643738,0.12918755412101746,0.5790604948997498,0.4889828860759735,0.8352653980255127,23.41505241394043,21.129697799682617,0.08239218592643738,0.12918755412101746,27.651784896850586,23.41505241394043,21.129697799682617
scene14_traj1_1__000077,0.11284404247999191,0.16507850587368011,0.8060629367828369,0.7258180379867554,1.1956017017364502,36.27649688720703,32.448951721191406,0.11284404247999191,0.16507850587368011,41.0245475769043,36.27649688720703,32.448951721191406,0.08018075674772263,0.12682440876960754,0.5686570405960083,0.4818798005580902,0.8215917348861694,22.721363067626953,20.38762664794922,0.08018075674772263,0.12682440876960754,27.154647827148438,22.721363067626953,20.38762664794922
scene14_traj1_1__000078,0.11299579590559006,0.1655842363834381,0.8035644292831421,0.7210766673088074,1.1880580186843872,36.08484649658203,32.336177825927734,0.11299579590559006,0.1655842363834381,40.7160758972168,36.08484649658203,32.336177825927734,0.07973786443471909,0.12547099590301514,0.5921913981437683,0.494042307138443,0.8487909436225891,24.520536422729492,22.739538192749023,0.07973786443471909,0.12547099590301514,28.221176147460938,24.520536422729492,22.739538192749023
scene14_traj1_1__000079,0.11232326179742813,0.16364967823028564,0.808552622795105,0.7328503727912903,1.2027541399002075,37.06672286987305,33.4585075378418,0.11232326179742813,0.16364967823028564,41.28731155395508,37.06672286987305,33.4585075378418,0.0817483514547348,0.12710045278072357,0.58668053150177,0.49993717670440674,0.8501477837562561,24.278579711914062,22.150131225585938,0.0817483514547348,0.12710045278072357,28.22294044494629,24.278579711914062,22.150131225585938
scene14_traj1_1__000080,0.11023403704166412,0.16135014593601227,0.8091169595718384,0.7382305860519409,1.208808422088623,37.249847412109375,33.6639289855957,0.11023403704166412,0.16135014593601227,41.530330657958984,37.249847412109375,33.6639289855957,0.07935797423124313,0.12467780709266663,0.5746089816093445,0.48909419775009155,0.8323251605033875,23.287324905395508,20.92768096923828,0.07935797423124313,0.12467780709266663,27.526226043701172,23.287324905395508,20.92768096923828
scene14_traj1_1__000081,0.10961590707302094,0.1605173945426941,0.8090463876724243,0.7248157262802124,1.1955536603927612,36.45279312133789,32.50263595581055,0.10961590707302094,0.1605173945426941,41.076026916503906,36.45279312133789,32.50263595581055,0.07777479290962219,0.12236694246530533,0.584463357925415,0.48571187257766724,0.8383654356002808,23.74885368347168,21.676849365234375,0.07777479290962219,0.12236694246530533,27.73621368408203,23.74885368347168,21.676849365234375
scene14_traj1_1__000082,0.1106012687087059,0.16183942556381226,0.8142807483673096,0.7055607438087463,1.18288254737854,35.85580825805664,31.942977905273438,0.1106012687087059,0.16183942556381226,40.593257904052734,35.85580825805664,31.942977905273438,0.07890165597200394,0.12344832718372345,0.5966544151306152,0.5030398964881897,0.8593911528587341,25.00459098815918,23.19947624206543,0.07890165597200394,0.12344832718372345,28.58955955505371,25.00459098815918,23.19947624206543
scene14_traj1_1__000083,0.11003009229898453,0.1607225239276886,0.8131885528564453,0.7297723889350891,1.2044976949691772,37.276649475097656,33.62616729736328,0.11003009229898453,0.1607225239276886,41.38031005859375,37.276649475097656,33.62616729736328,0.08069721609354019,0.12519927322864532,0.5885952711105347,0.4971858859062195,0.8501155972480774,24.27504539489746,22.156333923339844,0.08069721609354019,0.12519927322864532,28.175840377807617,24.27504539489746,22.156333923339844
scene14_traj1_1__000084,0.10751271992921829,0.1570350080728531,0.8118157982826233,0.7376748919487,1.2101914882659912,37.37562561035156,33.74341583251953,0.10751271992921829,0.1570350080728531,41.57615280151367,37.37562561035156,33.74341583251953,0.07749943435192108,0.12082869559526443,0.5804651975631714,0.4912984371185303,0.8399549126625061,23.80098533630371,21.629690170288086,0.07749943435192108,0.12082869559526443,27.80704689025879,23.80098533630371,21.629690170288086
scene14_traj1_1__000085,0.10601481050252914,0.15529969334602356,0.8147413730621338,0.7239156365394592,1.2008554935455322,36.76772689819336,32.940006256103516,0.10601481050252914,0.15529969334602356,41.261993408203125,36.76772689819336,32.940006256103516,0.07625586539506912,0.11923512816429138,0.5843297243118286,0.48929962515830994,0.8414276242256165,23.870059967041016,21.77439308166504,0.07625586539506912,0.11923512816429138,27.84249496459961,23.870059967041016,21.77439308166504
scene14_traj1_1__000086,0.1058005765080452,0.15508140623569489,0.8157787919044495,0.711848258972168,1.1906780004501343,36.415409088134766,32.54115295410156,0.1058005765080452,0.15508140623569489,40.88981246948242,36.415409088134766,32.54115295410156,0.07555470615625381,0.11773457378149033,0.5926932692527771,0.49829691648483276,0.8540175557136536,24.696828842163086,22.817651748657227,0.07555470615625381,0.11773457378149033,28.348901748657227,24.696828842163086,22.817651748657227
scene14_traj1_1__000087,0.10662543773651123,0.15636421740055084,0.8151711821556091,0.7181614637374878,1.1955260038375854,36.86045455932617,33.12247848510742,0.10662543773651123,0.15636421740055084,41.07559585571289,36.86045455932617,33.12247848510742,0.0774955004453659,0.11986669898033142,0.5964838862419128,0.5078869462013245,0.8631715178489685,25.11174201965332,23.209970474243164,0.0774955004453659,0.11986669898033142,28.70708465576172,25.11174201965332,23.209970474243164
scene14_traj1_1__000088,0.10479339957237244,0.1534775346517563,0.8185712099075317,0.712139368057251,1.1928021907806396,36.648502349853516,32.800289154052734,0.10479339957237244,0.1534775346517563,41.00934982299805,36.648502349853516,32.800289154052734,0.07663588970899582,0.11866308748722076,0.585935652256012,0.49875447154045105,0.8489407300949097,24.288705825805664,22.233314514160156,0.07663588970899582,0.11866308748722076,28.12606430053711,24.288705825805664,22.233314514160156
scene14_traj1_1__000089,0.10290169715881348,0.15080435574054718,0.8206106424331665,0.7082407474517822,1.1918716430664062,36.40593338012695,32.293701171875,0.10290169715881348,0.15080435574054718,41.013370513916016,36.40593338012695,32.293701171875,0.07423395663499832,0.11578406393527985,0.5868111848831177,0.4968551695346832,0.8481811881065369,24.211523056030273,22.13151741027832,0.07423395663499832,0.11578406393527985,28.072521209716797,24.211523056030273,22.13151741027832
scene14_traj1_1__000090,0.10211710631847382,0.15030767023563385,0.8222476243972778,0.7137287259101868,1.1965200901031494,36.50999069213867,32.40764617919922,0.10211710631847382,0.15030767023563385,41.14509582519531,36.50999069213867,32.40764617919922,0.0739654004573822,0.11531610041856766,0.5927839279174805,0.500630259513855,0.855838418006897,24.80120277404785,22.974082946777344,0.0739654004573822,0.11531610041856766,28.384916305541992,24.80120277404785,22.974082946777344
scene14_traj1_1__000091,0.10382536053657532,0.15212275087833405,0.8252997994422913,0.7129914164543152,1.198403239250183,37.05188751220703,33.17346954345703,0.10382536053657532,0.15212275087833405,41.26771545410156,37.05188751220703,33.17346954345703,0.07634976506233215,0.11794008314609528,0.6068930625915527,0.5159269571304321,0.8777368664741516,25.857866287231445,24.14613914489746,0.07634976506233215,0.11794008314609528,29.23567771911621,25.857866287231445,24.14613914489746
scene14_traj1_1__000092,0.10220184177160263,0.14987273514270782,0.824706494808197,0.7303125858306885,1.2132935523986816,37.750953674316406,33.94404220581055,0.10220184177160263,0.14987273514270782,41.817474365234375,37.750953674316406,33.94404220581055,0.07540281116962433,0.11624139547348022,0.5846260190010071,0.5047893524169922,0.8519943952560425,24.31041145324707,22.145109176635742,0.07540281116962433,0.11624139547348022,28.21195411682129,24.31041145324707,22.145109176635742
scene14_traj1_1__000093,0.0996284931898117,0.14651116728782654,0.8275671005249023,0.7131220698356628,1.2001465559005737,36.84413146972656,32.78648376464844,0.0996284931898117,0.14651116728782654,41.31964111328125,36.84413146972656,32.78648376464844,0.07185012102127075,0.11156143248081207,0.5885915756225586,0.4993550181388855,0.8519055247306824,24.544160842895508,22.484514236450195,0.07185012102127075,0.11156143248081207,28.224300384521484,24.544160842895508,22.484514236450195
scene14_traj1_1__000094,0.0984421968460083,0.14452935755252838,0.8294970989227295,0.7129891514778137,1.1999424695968628,36.95675277709961,32.82615280151367,0.0984421968460083,0.14452935755252838,41.368221282958984,36.95675277709961,32.82615280151367,0.07102833688259125,0.10966954380273819,0.604986310005188,0.5139563083648682,0.8745507001876831,25.87464141845703,24.178035736083984,0.07102833688259125,0.10966954380273819,29.11418342590332,25.87464141845703,24.178035736083984
scene14_traj1_1__000095,0.09883328527212143,0.1446976512670517,0.829322099685669,0.7444669008255005,1.2286804914474487,38.76730728149414,35.07215881347656,0.09883328527212143,0.1446976512670517,42.4720458984375,38.76730728149414,35.07215881347656,0.07464910298585892,0.11406303942203522,0.5914974212646484,0.5152356028556824,0.8654411435127258,24.963768005371094,22.820823669433594,0.07464910298585892,0.11406303942203522,28.695756912231445,24.963768005371094,22.820823669433594
scene14_traj1_1__000096,0.09722071141004562,0.1427588015794754,0.83318692445755,0.7330431938171387,1.2227530479431152,38.13032913208008,34.25300216674805,0.09722071141004562,0.1427588015794754,42.22896957397461,38.13032913208008,34.25300216674805,0.07086915522813797,0.10949152708053589,0.5874393582344055,0.5056326389312744,0.8549308180809021,24.564727783203125,22.457399368286133,0.07086915522813797,0.10949152708053589,28.31076431274414,24.564727783203125,22.457399368286133
scene14_traj1_1__000097,0.09762974828481674,0.14392206072807312,0.8271938562393188,0.711086630821228,1.198286533355713,36.69670867919922,32.47268295288086,0.09762974828481674,0.14392206072807312,41.273616790771484,36.69670867919922,32.47268295288086,0.06983427703380585,0.10821565240621567,0.5963883996009827,0.5072934031486511,0.8636972904205322,25.22712516784668,23.3670597076416,0.06983427703380585,0.10821565240621567,28.688175201416016,25.22712516784668,23.3670597076416
scene14_traj1_1__000098,0.09957778453826904,0.14641883969306946,0.8299158215522766,0.7129916548728943,1.2018426656723022,37.14259719848633,33.04802703857422,0.09957778453826904,0.14641883969306946,41.449188232421875,37.14259719848633,33.04802703857422,0.07326094806194305,0.11266573518514633,0.5978161692619324,0.5179409384727478,0.8720791935920715,25.54983901977539,23.65151596069336,0.07326094806194305,0.11266573518514633,28.969074249267578,25.54983901977539,23.65151596069336
scene14_traj1_1__000099,0.09898632764816284,0.14651381969451904,0.8251274228096008,0.7219544649124146,1.2064794301986694,37.129756927490234,32.83621597290039,0.09898632764816284,0.14651381969451904,41.67003631591797,37.129756927490234,32.83621597290039,0.07148313522338867,0.1109628677368164,0.5802459120750427,0.507398247718811,0.8506482839584351,24.187463760375977,21.961746215820312,0.07148313522338867,0.1109628677368164,28.15810775756836,24.187463760375977,21.961746215820312
scene14_traj1_1__000100,0.09820239245891571,0.14555153250694275,0.8230118751525879,0.7132484316825867,1.1966021060943604,36.52442169189453,32.215187072753906,0.09820239245891571,0.14555153250694275,41.23236083984375,36.52442169189453,32.215187072753906,0.0700189471244812,0.10912088304758072,0.5882583260536194,0.5054351091384888,0.855272650718689,24.603662490844727,22.49118995666504,0.0700189471244812,0.10912088304758072,28.36435890197754,24.603662490844727,22.49118995666504
scene14_traj1_1__000101,0.1002168357372284,0.14815844595432281,0.8256562352180481,0.7010025978088379,1.1870169639587402,36.30957794189453,32.14889907836914,0.1002168357372284,0.14815844595432281,40.8623161315918,36.30957794189453,32.14889907836914,0.07283367216587067,0.11225858330726624,0.6055525541305542,0.5256417393684387,0.8816375732421875,26.24519157409668,24.63507652282715,0.07283367216587067,0.11225858330726624,29.426246643066406,26.24519157409668,24.63507652282715
scene14_traj1_1__000102,0.09920988976955414,0.14679497480392456,0.8288320302963257,0.7171100378036499,1.2050857543945312,37.26605224609375,33.23382568359375,0.09920988976955414,0.14679497480392456,41.52021789550781,37.26605224609375,33.23382568359375,0.0722109004855156,0.11147212237119675,0.5848537087440491,0.5114656090736389,0.8573795557022095,24.56678581237793,22.37468719482422,0.0722109004855156,0.11147212237119675,28.431684494018555,24.56678581237793,22.37468719482422
scene14_traj1_1__000103,0.0978500172495842,0.14479343593120575,0.8243681788444519,0.7194668054580688,1.2025163173675537,36.86672592163086,32.69226837158203,0.0978500172495842,0.14479343593120575,41.43661880493164,36.86672592163086,32.69226837158203,0.06994380801916122,0.10866136103868484,0.5838646292686462,0.5039994716644287,0.8509303331375122,24.37328338623047,22.227216720581055,0.06994380801916122,0.10866136103868484,28.183956146240234,24.37328338623047,22.227216720581055
scene14_traj1_1__000104,0.09894350171089172,0.14662320911884308,0.8307545781135559,0.7111347317695618,1.1993498802185059,36.69485092163086,32.531944274902344,0.09894350171089172,0.14662320911884308,41.28702926635742,36.69485092163086,32.531944274902344,0.07056600600481033,0.10955172032117844,0.5968025922775269,0.5100539922714233,0.865776777267456,25.329689025878906,23.503232955932617,0.07056600600481033,0.10955172032117844,28.76897430419922,25.329689025878906,23.503232955932617
scene14_traj1_1__000105,0.10015946626663208,0.14836610853672028,0.8306304216384888,0.7145935893058777,1.2034156322479248,37.22000503540039,33.15324401855469,0.10015946626663208,0.14836610853672028,41.45438003540039,37.22000503540039,33.15324401855469,0.073077492415905,0.11252827197313309,0.595807671546936,0.5193026661872864,0.871349573135376,25.4970703125,23.565876007080078,0.073077492415905,0.11252827197313309,28.983501434326172,25.4970703125,23.565876007080078
scene14_traj1_1__000106,0.09827011078596115,0.14582964777946472,0.8290562629699707,0.7169468998908997,1.2042714357376099,37.08847427368164,33.040592193603516,0.09827011078596115,0.14582964777946472,41.505924224853516,37.08847427368164,33.040592193603516,0.07092597335577011,0.11002182215452194,0.5787659883499146,0.5039109587669373,0.8466542959213257,24.010223388671875,21.649473190307617,0.07092597335577011,0.11002182215452194,28.01425552368164,24.010223388671875,21.649473190307617
scene14_traj1_1__000107,0.09733077883720398,0.1447845846414566,0.8275220394134521,0.7276520133018494,1.210944414138794,37.22135543823242,33.07893753051758,0.09733077883720398,0.1447845846414566,41.74372100830078,37.22135543823242,33.07893753051758,0.06884390115737915,0.10733022540807724,0.5824882388114929,0.5016966462135315,0.8484850525856018,24.21556282043457,21.975460052490234,0.06884390115737915,0.10733022540807724,28.09673309326172,24.21556282043457,21.975460052490234
scene14_traj1_1__000108,0.09805914759635925,0.14580443501472473,0.8308213949203491,0.7152115702629089,1.2024779319763184,37.01920700073242,32.954444885253906,0.09805914759635925,0.14580443501472473,41.43006896972656,37.01920700073242,32.954444885253906,0.0699959397315979,0.10839755833148956,0.6019316911697388,0.5232929587364197,0.8774265646934509,25.985706329345703,24.228845596313477,0.0699959397315979,0.10839755833148956,29.27431869506836,25.985706329345703,24.228845596313477
scene14_traj1_1__000109,0.09766775369644165,0.14515270292758942,0.8343263268470764,0.7364936470985413,1.224910020828247,38.26622009277344,34.41520309448242,0.09766775369644165,0.14515270292758942,42.27300262451172,38.26622009277344,34.41520309448242,0.07106863707304001,0.10994846373796463,0.5800407528877258,0.5078074336051941,0.8510374426841736,24.30390739440918,22.043193817138672,0.07106863707304001,0.10994846373796463,28.17542839050293,24.30390739440918,22.043193817138672
scene14_traj1_1__000110,0.0952056422829628,0.1421167552471161,0.83768630027771,0.7367034554481506,1.2278082370758057,38.16639709472656,34.25713348388672,0.0952056422829628,0.1421167552471161,42.42007827758789,38.16639709472656,34.25713348388672,0.06725399941205978,0.10506220161914825,0.5825554132461548,0.5045779347419739,0.8499493598937988,24.328651428222656,22.060556411743164,0.06725399941205978,0.10506220161914825,28.157142639160156,24.328651428222656,22.060556411743164
scene14_traj1_1__000111,0.09529615193605423,0.14196182787418365,0.8372023701667786,0.7301726937294006,1.220760703086853,38.062713623046875,34.26877212524414,0.09529615193605423,0.14196182787418365,42.076473236083984,38.062713623046875,34.26877212524414,0.06777660548686981,0.10507453978061676,0.597055971622467,0.5214606523513794,0.8731668591499329,25.788434982299805,23.96405029296875,0.06777660548686981,0.10507453978061676,29.105403900146484,25.788434982299805,23.96405029296875
scene14_traj1_1__000112,0.09305702894926071,0.13844414055347443,0.8393903970718384,0.7417446970939636,1.2332448959350586,38.96846389770508,35.265384674072266,0.09305702894926071,0.13844414055347443,42.67168426513672,38.96846389770508,35.265384674072266,0.06937440484762192,0.10672731697559357,0.591103196144104,0.5185309648513794,0.867896556854248,25.13409423828125,22.951513290405273,0.06937440484762192,0.10672731697559357,28.78177833557129,25.13409423828125,22.951513290405273
scene14_traj1_1__000113,0.09111214429140091,0.1360667198896408,0.8367196321487427,0.7391418218612671,1.2283271551132202,38.45269012451172,34.51935577392578,0.09111214429140091,0.1360667198896408,42.48184585571289,38.45269012451172,34.51935577392578,0.06630702316761017,0.10300743579864502,0.58440762758255,0.508076012134552,0.8549013733863831,24.504905700683594,22.24457359313965,0.06630702316761017,0.10300743579864502,28.319730758666992,24.504905700683594,22.24457359313965
scene14_traj1_1__000114,0.09048130363225937,0.13503512740135193,0.8399173021316528,0.7363391518592834,1.2278937101364136,38.372501373291016,34.29792022705078,0.09048130363225937,0.13503512740135193,42.4787712097168,38.372501373291016,34.29792022705078,0.06494379788637161,0.10063987225294113,0.5906841158866882,0.5132637023925781,0.863369345664978,25.060688018798828,22.929595947265625,0.06494379788637161,0.10063987225294113,28.660629272460938,25.060688018798828,22.929595947265625
scene14_traj1_1__000115,0.09221810847520828,0.13750405609607697,0.8394157886505127,0.7235032320022583,1.2156566381454468,37.95848083496094,33.751163482666016,0.09221810847520828,0.13750405609607697,42.06125259399414,37.95848083496094,33.751163482666016,0.06622035801410675,0.10210999846458435,0.6068097949028015,0.5304376482963562,0.8861135840415955,26.39277458190918,24.630617141723633,0.06622035801410675,0.10210999846458435,29.55402374267578,26.39277458190918,24.630617141723633
scene14_traj1_1__000116,0.0902058407664299,0.13437844812870026,0.8396487236022949,0.7338201403617859,1.224560260772705,38.389503479003906,34.24380111694336,0.0902058407664299,0.13437844812870026,42.46299362182617,38.389503479003906,34.24380111694336,0.06603845953941345,0.10131413489580154,0.591619610786438,0.5177870988845825,0.8676356077194214,25.253684997558594,23.07255744934082,0.06603845953941345,0.10131413489580154,28.7733154296875,25.253684997558594,23.07255744934082
scene14_traj1_1__000117,0.08867105096578598,0.13240410387516022,0.8396452069282532,0.7264075875282288,1.2183223962783813,38.14227294921875,34.115394592285156,0.08867105096578598,0.13240410387516022,42.16770935058594,38.14227294921875,34.115394592285156,0.06405036896467209,0.09882338345050812,0.5868965983390808,0.5089472532272339,0.8575501441955566,24.687423706054688,22.348779678344727,0.06405036896467209,0.09882338345050812,28.415128707885742,24.687423706054688,22.348779678344727
scene14_traj1_1__000118,0.08853510767221451,0.1324222832918167,0.8364182114601135,0.7334104776382446,1.2220802307128906,38.23707580566406,34.19866943359375,0.08853510767221451,0.1324222832918167,42.29964828491211,38.23707580566406,34.19866943359375,0.06376267969608307,0.09854773432016373,0.5948476791381836,0.5142115354537964,0.866930365562439,25.217966079711914,23.05494499206543,0.06376267969608307,0.09854773432016373,28.774568557739258,25.217966079711914,23.05494499206543
scene14_traj1_1__000119,0.08987949043512344,0.13431312143802643,0.8401062488555908,0.7369881868362427,1.228063941001892,38.82344055175781,35.06046676635742,0.08987949043512344,0.13431312143802643,42.518585205078125,38.82344055175781,35.06046676635742,0.06531569361686707,0.1002531498670578,0.6021034121513367,0.5321843028068542,0.8844264149665833,26.17295265197754,24.156450271606445,0.06531569361686707,0.1002531498670578,29.474830627441406,26.17295265197754,24.156450271606445
scene14_traj1_1__000120,0.08917372673749924,0.13271589577198029,0.8368549346923828,0.7370361089706421,1.2275291681289673,38.79701232910156,35.03122329711914,0.08917372673749924,0.13271589577198029,42.44450378417969,38.79701232910156,35.03122329711914,0.06538446247577667,0.09994790703058243,0.5858404040336609,0.5183295607566833,0.8634664416313171,24.901386260986328,22.51024055480957,0.06538446247577667,0.09994790703058243,28.61804962158203,24.901386260986328,22.51024055480957
scene14_traj1_1__000121,0.08710930496454239,0.12972912192344666,0.8357974886894226,0.7431837320327759,1.230218768119812,38.60649871826172,34.60407638549805,0.08710930496454239,0.12972912192344666,42.58858871459961,38.60649871826172,34.60407638549805,0.06312396377325058,0.09682677686214447,0.5804688334465027,0.5068671107292175,0.8501009941101074,24.31012535095215,21.844970703125,0.06312396377325058,0.09682677686214447,28.127464294433594,24.31012535095215,21.844970703125
scene14_traj1_1__000122,0.08754277974367142,0.13018305599689484,0.8341898918151855,0.7224849462509155,1.212310791015625,37.8345947265625,33.61941146850586,0.08754277974367142,0.13018305599689484,41.91121292114258,37.8345947265625,33.61941146850586,0.062127485871315,0.09524330496788025,0.5891867280006409,0.5147687196731567,0.862631618976593,25.036218643188477,22.719755172729492,0.062127485871315,0.09524330496788025,28.631895065307617,25.036218643188477,22.719755172729492
scene14_traj1_1__000123,0.08899063616991043,0.1320965588092804,0.8334343433380127,0.7259483337402344,1.2141934633255005,38.32991409301758,34.601844787597656,0.08899063616991043,0.1320965588092804,41.9662971496582,38.32991409301758,34.601844787597656,0.06534353643655777,0.09933822602033615,0.5954088568687439,0.5263497829437256,0.8755483031272888,25.650346755981445,23.376996994018555,0.06534353643655777,0.09933822602033615,29.115482330322266,25.650346755981445,23.376996994018555
scene14_traj1_1__000124,0.08669988811016083,0.12867248058319092,0.8322092890739441,0.731877326965332,1.218219518661499,38.28725814819336,34.547019958496094,0.08669988811016083,0.12867248058319092,42.069419860839844,38.28725814819336,34.547019958496094,0.06377711147069931,0.09709485620260239,0.5762425661087036,0.509329617023468,0.8479869961738586,24.1953182220459,21.711048126220703,0.06377711147069931,0.09709485620260239,28.05731201171875,24.1953182220459,21.711048126220703
scene14_traj1_1__000125,0.08599422872066498,0.12744399905204773,0.8219040632247925,0.7375285029411316,1.2142009735107422,38.22850799560547,34.33063888549805,0.08599422872066498,0.12744399905204773,41.94466781616211,38.22850799560547,34.33063888549805,0.06280172616243362,0.09558641165494919,0.5804604291915894,0.5041059851646423,0.8479214906692505,24.307580947875977,21.886463165283203,0.06280172616243362,0.09558641165494919,28.07050895690918,24.307580947875977,21.886463165283203
scene14_traj1_1__000126,0.08872141689062119,0.1314021497964859,0.8231134414672852,0.7266693711280823,1.2050729990005493,37.67648696899414,33.653995513916016,0.08872141689062119,0.1314021497964859,41.593780517578125,37.67648696899414,33.653995513916016,0.06327395141124725,0.09608671814203262,0.5940921306610107,0.5211788415908813,0.8691001534461975,25.503089904785156,23.162593841552734,0.06327395141124725,0.09608671814203262,28.950172424316406,25.503089904785156,23.162593841552734
scene14_traj1_1__000127,0.08860047906637192,0.13083793222904205,0.8203954696655273,0.7436861991882324,1.2179607152938843,38.4918212890625,34.63212203979492,0.08860047906637192,0.13083793222904205,42.12432861328125,38.4918212890625,34.63212203979492,0.06550043076276779,0.09920691698789597,0.5820208787918091,0.5103321075439453,0.8531399965286255,24.453094482421875,21.99997329711914,0.06550043076276779,0.09920691698789597,28.22817039489746,24.453094482421875,21.99997329711914
scene14_traj1_1__000128,0.08786281943321228,0.13010677695274353,0.8207423090934753,0.7277235388755798,1.2045003175735474,37.68918228149414,33.64017868041992,0.08786281943321228,0.13010677695274353,41.60628890991211,37.68918228149414,33.64017868041992,0.06303010135889053,0.09592069685459137,0.5777797698974609,0.5023742318153381,0.8445738554000854,24.103527069091797,21.60908317565918,0.06303010135889053,0.09592069685459137,27.94283103942871,24.103527069091797,21.60908317565918
scene14_traj1_1__000129,0.08880455791950226,0.13139432668685913,0.8235011100769043,0.7216871976852417,1.2031770944595337,37.8720703125,34.002593994140625,0.08880455791950226,0.13139432668685913,41.593353271484375,37.8720703125,34.002593994140625,0.06357014924287796,0.09687922149896622,0.5913006067276001,0.5156109929084778,0.8646409511566162,25.214229583740234,22.91655921936035,0.06357014924287796,0.09687922149896622,28.70840072631836,25.214229583740234,22.91655921936035
scene14_traj1_1__000130,0.09152209013700485,0.13514024019241333,0.8313095569610596,0.7206219434738159,1.210404634475708,38.548160552978516,34.938499450683594,0.09152209013700485,0.13514024019241333,41.8788948059082,38.548160552978516,34.938499450683594,0.0670563131570816,0.10162904113531113,0.5911341905593872,0.5264747738838196,0.8733347654342651,25.592702865600586,23.377117156982422,0.0670563131570816,0.10162904113531113,29.013633728027344,25.592702865600586,23.377117156982422
scene14_traj1_1__000131,0.090724878013134,0.13356857001781464,0.8229519128799438,0.7381979823112488,1.2185797691345215,39.248008728027344,36.17434310913086,0.090724878013134,0.13356857001781464,42.13847732543945,39.248008728027344,36.17434310913086,0.06552570313215256,0.09950510412454605,0.579940676689148,0.5172396302223206,0.8564656376838684,24.75149154663086,22.316059112548828,0.06552570313215256,0.09950510412454605,28.378711700439453,24.75149154663086,22.316059112548828
scene14_traj1_1__000132,0.08981038630008698,0.13185758888721466,0.8195793032646179,0.7324467301368713,1.2097421884536743,38.55018997192383,35.056488037109375,0.08981038630008698,0.13185758888721466,41.821083068847656,38.55018997192383,35.056488037109375,0.06405666470527649,0.09729050099849701,0.5809661149978638,0.5133430361747742,0.8547170758247375,24.746980667114258,22.333154678344727,0.06405666470527649,0.09729050099849701,28.34488868713379,24.746980667114258,22.333154678344727
scene14_traj1_1__000133,0.09050250053405762,0.13268312811851501,0.817051351070404,0.7309219837188721,1.2060858011245728,38.36701583862305,34.78527069091797,0.09050250053405762,0.13268312811851501,41.6807975769043,38.36701583862305,34.78527069091797,0.06416938453912735,0.09718739241361618,0.5891196131706238,0.5213414430618286,0.8665963411331177,25.47768783569336,23.104581832885742,0.06416938453912735,0.09718739241361618,28.83418846130371,25.47768783569336,23.104581832885742
scene14_traj1_1__000134,0.09222454577684402,0.1353665292263031,0.8247472047805786,0.7351056337356567,1.215484857559204,38.94894790649414,35.58329772949219,0.09222454577684402,0.1353665292263031,42.000553131103516,38.94894790649414,35.58329772949219,0.06820754706859589,0.10261674970388412,0.5779146552085876,0.5184324383735657,0.8550577163696289,24.748586654663086,22.34341049194336,0.06820754706859589,0.10261674970388412,28.3403263092041,24.748586654663086,22.34341049194336
scene14_traj1_1__000135,0.09089089184999466,0.1337926685810089,0.8213323950767517,0.736623227596283,1.215990424156189,38.928321838378906,35.6594352722168,0.09089089184999466,0.1337926685810089,42.000511169433594,38.928321838378906,35.6594352722168,0.0648597851395607,0.09866685420274734,0.5777767896652222,0.5125779509544373,0.8522222638130188,24.619953155517578,22.21023941040039,0.0648597851395607,0.09866685420274734,28.26435661315918,24.619953155517578,22.21023941040039
scene14_traj1_1__000136,0.09064667671918869,0.13387469947338104,0.826318621635437,0.7292786836624146,1.2140307426452637,38.91903305053711,35.606842041015625,0.09064667671918869,0.13387469947338104,41.9819450378418,38.91903305053711,35.606842041015625,0.0650247260928154,0.09906342625617981,0.5881351232528687,0.5132917761802673,0.861205518245697,25.10859489440918,22.757272720336914,0.0650247260928154,0.09906342625617981,28.56657600402832,25.10859489440918,22.757272720336914
scene14_traj1_1__000137,0.0915495753288269,0.13523447513580322,0.8312216401100159,0.7271140217781067,1.2151618003845215,39.01932907104492,35.592384338378906,0.0915495753288269,0.13523447513580322,42.050048828125,39.01932907104492,35.592384338378906,0.06674947589635849,0.10118991136550903,0.5909392833709717,0.5279887914657593,0.8731659650802612,25.728805541992188,23.520523071289062,0.06674947589635849,0.10118991136550903,29.020387649536133,25.728805541992188,23.520523071289062
scene14_traj1_1__000138,0.09026291221380234,0.1333758682012558,0.8267978429794312,0.722730278968811,1.207237958908081,38.603946685791016,35.224056243896484,0.09026291221380234,0.1333758682012558,41.70718002319336,38.603946685791016,35.224056243896484,0.06570438295602798,0.0995754599571228,0.5788516402244568,0.514809787273407,0.8547933101654053,24.70560073852539,22.254838943481445,0.06570438295602798,0.0995754599571228,28.333242416381836,24.70560073852539,22.254838943481445
scene14_traj1_1__000139,0.08837918192148209,0.13121122121810913,0.823516845703125,0.7302504777908325,1.2114858627319336,38.68146896362305,35.16389465332031,0.08837918192148209,0.13121122121810913,41.89894485473633,38.68146896362305,35.16389465332031,0.06288126111030579,0.09575153887271881,0.574633002281189,0.5085211992263794,0.8464033603668213,24.334192276000977,21.836990356445312,0.06288126111030579,0.09575153887271881,28.031024932861328,24.334192276000977,21.836990356445312
scene14_traj1_1__000140,0.08821268379688263,0.13112352788448334,0.8344970345497131,0.7096487283706665,1.2033919095993042,38.42716598510742,34.89791488647461,0.08821268379688263,0.13112352788448334,41.63054275512695,38.42716598510742,34.89791488647461,0.06297557055950165,0.0956980437040329,0.5899204015731812,0.5220333933830261,0.8689295053482056,25.45040512084961,23.062274932861328,0.06297557055950165,0.0956980437040329,28.87118148803711,25.45040512084961,23.062274932861328
scene14_traj1_1__000141,0.08742004632949829,0.13002654910087585,0.8299256563186646,0.7205643653869629,1.2078697681427002,38.47916030883789,34.69452667236328,0.08742004632949829,0.13002654910087585,41.84141159057617,38.47916030883789,34.69452667236328,0.06431663036346436,0.09758025407791138,0.5840200781822205,0.5230110287666321,0.8651562333106995,25.080385208129883,22.594371795654297,0.06431663036346436,0.09758025407791138,28.692453384399414,25.080385208129883,22.594371795654297
scene14_traj1_1__000142,0.08444657176733017,0.12592484056949615,0.8341081738471985,0.7272718548774719,1.2155743837356567,38.86579895019531,35.27318572998047,0.08444657176733017,0.12592484056949615,42.124324798583984,38.86579895019531,35.27318572998047,0.06125148385763168,0.09327533841133118,0.5781589150428772,0.5119646787643433,0.8521829843521118,24.489166259765625,21.8546199798584,0.06125148385763168,0.09327533841133118,28.23331069946289,24.489166259765625,21.8546199798584
scene14_traj1_1__000143,0.08435141295194626,0.12567290663719177,0.8255751729011536,0.7172166705131531,1.202080249786377,38.306640625,34.72230529785156,0.08435141295194626,0.12567290663719177,41.58610534667969,38.306640625,34.72230529785156,0.06022132188081741,0.0914686992764473,0.5793477296829224,0.5128390192985535,0.853600025177002,24.547048568725586,21.890148162841797,0.06022132188081741,0.0914686992764473,28.312097549438477,24.547048568725586,21.890148162841797
scene14_traj1_1__000144,0.08510342985391617,0.12711191177368164,0.8335070610046387,0.7154658436775208,1.2052446603775024,38.60605239868164,35.017086029052734,0.08510342985391617,0.12711191177368164,41.690879821777344,38.60605239868164,35.017086029052734,0.062319912016391754,0.09412989765405655,0.5876761674880981,0.5266115069389343,0.8698419332504272,25.342557907104492,22.75079345703125,0.062319912016391754,0.09412989765405655,28.903894424438477,25.342557907104492,22.75079345703125
scene14_traj1_1__000145,0.08154764771461487,0.122020423412323,0.8313066363334656,0.7327432036399841,1.217841386795044,38.767066955566406,34.992225646972656,0.08154764771461487,0.122020423412323,42.125343322753906,38.767066955566406,34.992225646972656,0.05964575335383415,0.09058793634176254,0.5737360715866089,0.5140244364738464,0.8502861261367798,24.2480525970459,21.436063766479492,0.05964575335383415,0.09058793634176254,28.165220260620117,24.2480525970459,21.436063766479492
scene14_traj1_1__000146,0.08036524802446365,0.12057390064001083,0.8375089764595032,0.7560343146324158,1.2418620586395264,40.231388092041016,37.111385345458984,0.08036524802446365,0.12057390064001083,43.0178337097168,40.231388092041016,37.111385345458984,0.05816340819001198,0.08850094676017761,0.5766628980636597,0.5099577307701111,0.8492108583450317,24.059551239013672,21.11887550354004,0.05816340819001198,0.08850094676017761,28.114259719848633,24.059551239013672,21.11887550354004
scene14_traj1_1__000147,0.08360205590724945,0.125409796833992,0.8367981314659119,0.7194424867630005,1.2107336521148682,38.2835578918457,34.41900634765625,0.08360205590724945,0.125409796833992,41.858158111572266,38.2835578918457,34.41900634765625,0.06011706963181496,0.09151508659124374,0.5869011282920837,0.5241941213607788,0.866303026676178,24.96772003173828,22.100976943969727,0.06011706963181496,0.09151508659124374,28.789424896240234,24.96772003173828,22.100976943969727
scene14_traj1_1__000148,0.08154253661632538,0.12280523777008057,0.8317906260490417,0.7275190353393555,1.2134207487106323,38.324951171875,34.409114837646484,0.08154253661632538,0.12280523777008057,41.94230651855469,38.324951171875,34.409114837646484,0.05959717184305191,0.0907597541809082,0.5725966095924377,0.507850706577301,0.8436436653137207,23.72441864013672,20.686359405517578,0.05959717184305191,0.0907597541809082,27.888568878173828,23.72441864013672,20.686359405517578
scene14_traj1_1__000149,0.0799870491027832,0.12071304023265839,0.8351827263832092,0.7217199206352234,1.2115108966827393,37.9488639831543,33.62156677246094,0.0799870491027832,0.12071304023265839,41.9511833190918,37.9488639831543,33.62156677246094,0.058311909437179565,0.08896464109420776,0.5765621066093445,0.5062452554702759,0.8457852602005005,23.787805557250977,20.65016746520996,0.058311909437179565,0.08896464109420776,27.985015869140625,23.787805557250977,20.65016746520996
scene14_traj1_1__000150,0.08124660700559616,0.12260373681783676,0.8384509086608887,0.702237069606781,1.1980869770050049,37.587154388427734,33.39035415649414,0.08124660700559616,0.12260373681783676,41.393550872802734,37.587154388427734,33.39035415649414,0.059790417551994324,0.09088294953107834,0.5835383534431458,0.525702178478241,0.8646463751792908,24.633563995361328,21.3924503326416,0.059790417551994324,0.09088294953107834,28.733049392700195,24.633563995361328,21.3924503326416
scene14_traj1_1__000151,0.0781092494726181,0.11823169142007828,0.843890368938446,0.7160997986793518,1.2134826183319092,38.410396575927734,34.48715591430664,0.0781092494726181,0.11823169142007828,42.031497955322266,38.410396575927734,34.48715591430664,0.05760432034730911,0.087599977850914,0.5729535222053528,0.514929473400116,0.8487623333930969,23.81919288635254,20.4156551361084,0.05760432034730911,0.087599977850914,28.11440086364746,23.81919288635254,20.4156551361084
scene14_traj1_1__000152,0.07537660002708435,0.11469604074954987,0.8528758883476257,0.7063478231430054,1.2128559350967407,38.332733154296875,34.4620475769043,0.07537660002708435,0.11469604074954987,41.936458587646484,38.332733154296875,34.4620475769043,0.05502868816256523,0.0837017223238945,0.5765334367752075,0.5129395127296448,0.8508593440055847,23.784587860107422,20.101634979248047,0.05502868816256523,0.0837017223238945,28.199316024780273,23.784587860107422,20.101634979248047
scene14_traj1_1__000153,0.07475938647985458,0.11399268358945847,0.8510555028915405,0.7125858068466187,1.2154312133789062,38.67588806152344,34.840267181396484,0.07475938647985458,0.11399268358945847,42.02804183959961,38.67588806152344,34.840267181396484,0.05528166890144348,0.08468057960271835,0.5805678963661194,0.5237743258476257,0.8613569140434265,24.279129028320312,20.633459091186523,0.05528166890144348,0.08468057960271835,28.551347732543945,24.279129028320312,20.633459091186523
scene14_traj1_1__000154,0.07145342230796814,0.10906828194856644,0.8611750602722168,0.7104834914207458,1.2206429243087769,38.845115661621094,34.881309509277344,0.07145342230796814,0.10906828194856644,42.26335906982422,38.845115661621094,34.881309509277344,0.05324750766158104,0.08078350126743317,0.5758491158485413,0.514460027217865,0.8503467440605164,23.793010711669922,20.01519012451172,0.05324750766158104,0.08078350126743317,28.196056365966797,23.793010711669922,20.01519012451172
scene14_traj1_1__000155,0.07164012640714645,0.1093427985906601,0.8609303832054138,0.70602947473526,1.2171196937561035,38.98041915893555,35.36396026611328,0.07164012640714645,0.1093427985906601,42.16139221191406,38.98041915893555,35.36396026611328,0.053531479090452194,0.08131615817546844,0.5831005573272705,0.5263739824295044,0.86496502161026,24.4495849609375,20.531343460083008,0.053531479090452194,0.08131615817546844,28.74696922302246,24.4495849609375,20.531343460083008
scene14_traj1_1__000156,0.07041940093040466,0.10854977369308472,0.8669233322143555,0.7221035957336426,1.235304832458496,39.79018020629883,35.66208267211914,0.07041940093040466,0.10854977369308472,42.85231018066406,39.79018020629883,35.66208267211914,0.0531051829457283,0.08168675005435944,0.585187554359436,0.5341690182685852,0.8730944395065308,24.80083465576172,21.02460479736328,0.0531051829457283,0.08168675005435944,29.008514404296875,24.80083465576172,21.02460479736328
scene14_traj1_1__000157,0.06863553822040558,0.10632709413766861,0.8740813136100769,0.7270128726959229,1.243971824645996,40.300743103027344,36.691410064697266,0.06863553822040558,0.10632709413766861,43.23061752319336,40.300743103027344,36.691410064697266,0.05099385604262352,0.078132763504982,0.5845358967781067,0.5269001722335815,0.8674136400222778,24.446533203125,20.457420349121094,0.05099385604262352,0.078132763504982,28.821544647216797,24.446533203125,20.457420349121094
scene14_traj1_1__000158,0.06848759204149246,0.1066468358039856,0.8720679879188538,0.7075680494308472,1.228560447692871,39.59134292602539,35.92593765258789,0.06848759204149246,0.1066468358039856,42.64032745361328,39.59134292602539,35.92593765258789,0.05105063319206238,0.07849951088428497,0.5858315825462341,0.5310491919517517,0.8720223903656006,24.784269332885742,20.983976364135742,0.05105063319206238,0.07849951088428497,29.000186920166016,24.784269332885742,20.983976364135742
scene14_traj1_1__000159,0.07279719412326813,0.1126214936375618,0.8734113574028015,0.6982971429824829,1.2227455377578735,39.51204299926758,35.7525520324707,0.07279719412326813,0.1126214936375618,42.438533782958984,39.51204299926758,35.7525520324707,0.054425302892923355,0.0838773101568222,0.5899373888969421,0.5412681102752686,0.8837956190109253,25.45671272277832,21.957212448120117,0.054425302892923355,0.0838773101568222,29.40180778503418,25.45671272277832,21.957212448120117
scene14_traj1_1__000160,0.07386897504329681,0.11395587027072906,0.871603786945343,0.6973114609718323,1.221792459487915,39.28293228149414,35.25761032104492,0.07386897504329681,0.11395587027072906,42.45579528808594,39.28293228149414,35.25761032104492,0.054164133965969086,0.08326278626918793,0.5835623741149902,0.5323083996772766,0.8728398084640503,25.08205795288086,22.01749610900879,0.054164133965969086,0.08326278626918793,28.983932495117188,25.08205795288086,22.01749610900879
scene14_traj1_1__000161,0.07487613707780838,0.11445242911577225,0.8579591512680054,0.7296940088272095,1.236588478088379,40.54158020019531,37.415626525878906,0.07487613707780838,0.11445242911577225,42.960670471191406,40.54158020019531,37.415626525878906,0.05556302145123482,0.08502209186553955,0.5800553560256958,0.5340498685836792,0.8709961175918579,25.20453643798828,22.423736572265625,0.05556302145123482,0.08502209186553955,28.92628288269043,25.20453643798828,22.423736572265625
scene14_traj1_1__000162,0.07757601141929626,0.11850263923406601,0.858769953250885,0.7240918874740601,1.233412265777588,40.34465789794922,37.06223678588867,0.07757601141929626,0.11850263923406601,42.81034469604492,40.34465789794922,37.06223678588867,0.05754665285348892,0.0880221500992775,0.5863088369369507,0.5461862087249756,0.8847634196281433,25.838787078857422,22.963327407836914,0.05754665285348892,0.0880221500992775,29.46571922302246,25.838787078857422,22.963327407836914
scene14_traj1_1__000163,0.07954517006874084,0.1213127076625824,0.860426664352417,0.7298018336296082,1.2396003007888794,40.814842224121094,37.74684143066406,0.07954517006874084,0.1213127076625824,43.101802825927734,40.814842224121094,37.74684143066406,0.05996532738208771,0.09169018268585205,0.5845799446105957,0.5448961853981018,0.8815009593963623,25.796283721923828,23.25181007385254,0.05996532738208771,0.09169018268585205,29.31156349182129,25.796283721923828,23.25181007385254
scene14_traj1_1__000164,0.07960537821054459,0.12076355516910553,0.8633025288581848,0.7147557139396667,1.231005072593689,40.255271911621094,37.0384407043457,0.07960537821054459,0.12076355516910553,42.772071838378906,40.255271911621094,37.0384407043457,0.057809799909591675,0.0882810428738594,0.5801685452461243,0.535946249961853,0.8716922998428345,25.451915740966797,23.06076431274414,0.057809799909591675,0.0882810428738594,28.978364944458008,25.451915740966797,23.06076431274414
scene14_traj1_1__000165,0.08212069422006607,0.12429312616586685,0.8568960428237915,0.7174655199050903,1.2292016744613647,40.23871612548828,36.89319610595703,0.08212069422006607,0.12429312616586685,42.72905731201172,40.23871612548828,36.89319610595703,0.0598844550549984,0.0914490818977356,0.5881558656692505,0.5454148650169373,0.8858128190040588,26.28449058532715,24.08517074584961,0.0598844550549984,0.0914490818977356,29.50273323059082,26.28449058532715,24.08517074584961
scene14_traj1_1__000166,0.08562013506889343,0.1294592022895813,0.8528981804847717,0.7401540279388428,1.2444347143173218,41.27084732055664,38.3534049987793,0.08562013506889343,0.1294592022895813,43.29435729980469,41.27084732055664,38.3534049987793,0.064293272793293,0.09822764992713928,0.591948926448822,0.5525516867637634,0.894387423992157,26.746225357055664,24.626665115356445,0.064293272793293,0.09822764992713928,29.832963943481445,26.746225357055664,24.626665115356445
scene14_traj1_1__000167,0.0843934565782547,0.12738759815692902,0.8591931462287903,0.7362441420555115,1.2470077276229858,41.452186584472656,38.76673889160156,0.0843934565782547,0.12738759815692902,43.377845764160156,41.452186584472656,38.76673889160156,0.06237725540995598,0.09550391137599945,0.5860515832901001,0.5454428195953369,0.8844460844993591,26.255985260009766,24.123193740844727,0.06237725540995598,0.09550391137599945,29.43867301940918,26.255985260009766,24.123193740844727
scene14_traj1_1__000168,0.08589576929807663,0.12999477982521057,0.8615157008171082,0.7257896661758423,1.2388602495193481,40.780426025390625,37.66827392578125,0.08589576929807663,0.12999477982521057,43.08869934082031,40.780426025390625,37.66827392578125,0.062441155314445496,0.09621987491846085,0.5890101194381714,0.5380462408065796,0.8813446760177612,26.16961669921875,23.952123641967773,0.062441155314445496,0.09621987491846085,29.350698471069336,26.16961669921875,23.952123641967773
scene14_traj1_1__000169,0.08994714915752411,0.1352069228887558,0.8462883234024048,0.7344591021537781,1.2344346046447754,40.48875427246094,37.21059036254883,0.08994714915752411,0.1352069228887558,42.82334899902344,40.48875427246094,37.21059036254883,0.06615109741687775,0.10154640674591064,0.5961490869522095,0.5486217737197876,0.8957480788230896,26.93622589111328,24.951581954956055,0.06615109741687775,0.10154640674591064,29.894880294799805,26.93622589111328,24.951581954956055
scene14_traj1_1__000170,0.09020218998193741,0.13544180989265442,0.856173574924469,0.7361169457435608,1.244289755821228,41.2934684753418,38.648780822753906,0.09020218998193741,0.13544180989265442,43.28498840332031,41.2934684753418,38.648780822753906,0.06767783313989639,0.10417546331882477,0.593296468257904,0.5458226799964905,0.8908446431159973,26.46561622619629,24.21198081970215,0.06767783313989639,0.10417546331882477,29.66238784790039,26.46561622619629,24.21198081970215
scene14_traj1_1__000171,0.0942290797829628,0.14079631865024567,0.8396917581558228,0.744450032711029,1.2379099130630493,40.69453048706055,37.542335510253906,0.0942290797829628,0.14079631865024567,43.01327896118164,40.69453048706055,37.542335510253906,0.06810741871595383,0.1054159477353096,0.5886507630348206,0.5378144383430481,0.8797850608825684,26.07565689086914,23.725217819213867,0.06810741871595383,0.1054159477353096,29.320573806762695,26.07565689086914,23.725217819213867
scene14_traj1_1__000172,0.09519458562135696,0.14215783774852753,0.8412561416625977,0.7474597096443176,1.2423067092895508,40.889583587646484,37.77281188964844,0.09519458562135696,0.14215783774852753,43.16289520263672,40.889583587646484,37.77281188964844,0.06929522752761841,0.10713661462068558,0.5951384902000427,0.543302595615387,0.8903552889823914,26.65432357788086,24.497318267822266,0.06929522752761841,0.10713661462068558,29.710918426513672,26.65432357788086,24.497318267822266
scene14_traj1_1__000173,0.09922083467245102,0.14813078939914703,0.8463451862335205,0.7220185995101929,1.2245116233825684,39.84383010864258,36.599388122558594,0.09922083467245102,0.14813078939914703,42.501312255859375,39.84383010864258,36.599388122558594,0.07552096247673035,0.11673087626695633,0.5963667631149292,0.5432233810424805,0.8910965919494629,26.56545639038086,24.35724639892578,0.07552096247673035,0.11673087626695633,29.685606002807617,26.56545639038086,24.35724639892578
scene14_traj1_1__000174,0.10218474268913269,0.15371470153331757,0.8284682035446167,0.7398900985717773,1.223646879196167,39.398624420166016,35.603492736816406,0.10218474268913269,0.15371470153331757,42.51065444946289,39.398624420166016,35.603492736816406,0.07468589395284653,0.11695493012666702,0.6006496548652649,0.5305384993553162,0.8861966133117676,26.159791946411133,23.572166442871094,0.07468589395284653,0.11695493012666702,29.531330108642578,26.159791946411133,23.572166442871094
scene14_traj1_1__000175,0.1029675304889679,0.15551525354385376,0.8357823491096497,0.7355634570121765,1.2279553413391113,39.67416763305664,36.302581787109375,0.1029675304889679,0.15551525354385376,42.513084411621094,39.67416763305664,36.302581787109375,0.07468387484550476,0.11794900894165039,0.6068991422653198,0.5251515507698059,0.8887267112731934,26.34771156311035,24.009687423706055,0.07468387484550476,0.11794900894165039,29.5921688079834,26.34771156311035,24.009687423706055
scene14_traj1_1__000176,0.10536596179008484,0.15852688252925873,0.8216357827186584,0.7309218645095825,1.2110986709594727,38.661346435546875,35.203369140625,0.10536596179008484,0.15852688252925873,41.8230094909668,38.661346435546875,35.203369140625,0.07735563814640045,0.12083032727241516,0.6119043231010437,0.5318423509597778,0.8937565684318542,26.770145416259766,24.817546844482422,0.07735563814640045,0.12083032727241516,29.834558486938477,26.770145416259766,24.817546844482422
scene14_traj1_1__000177,0.10542195290327072,0.15807346999645233,0.8147088885307312,0.7338797450065613,1.2073918581008911,38.22428894042969,34.70136642456055,0.10542195290327072,0.15807346999645233,41.661136627197266,38.22428894042969,34.70136642456055,0.07648143172264099,0.11962860077619553,0.5888035893440247,0.5132021903991699,0.8622925281524658,24.907197952270508,22.280704498291016,0.07648143172264099,0.11962860077619553,28.622011184692383,24.907197952270508,22.280704498291016
scene14_traj1_1__000178,0.10365773737430573,0.15490660071372986,0.8096661567687988,0.7306447625160217,1.2020584344863892,37.76340103149414,33.899253845214844,0.10365773737430573,0.15490660071372986,41.501834869384766,37.76340103149414,33.899253845214844,0.07148304581642151,0.11236323416233063,0.5789355635643005,0.49410900473594666,0.8402529358863831,23.879199981689453,21.39637565612793,0.07148304581642151,0.11236323416233063,27.799758911132812,23.879199981689453,21.39637565612793
scene14_traj1_1__000179,0.10319226235151291,0.1539878249168396,0.800894558429718,0.7129088640213013,1.1814191341400146,36.482749938964844,32.13874053955078,0.10319226235151291,0.1539878249168396,40.727535247802734,36.482749938964844,32.13874053955078,0.07058200985193253,0.11085746437311172,0.5844547748565674,0.5008413791656494,0.8493242263793945,24.430288314819336,22.04346466064453,0.07058200985193253,0.11085746437311172,28.17683219909668,24.430288314819336,22.04346466064453
scene14_traj1_1__000180,0.10269789397716522,0.15306508541107178,0.8066056370735168,0.7301806211471558,1.1983238458633423,37.620506286621094,33.71624755859375,0.10269789397716522,0.15306508541107178,41.33887481689453,37.620506286621094,33.71624755859375,0.07422931492328644,0.11462172120809555,0.5784460306167603,0.5031747817993164,0.8458917737007141,24.04067611694336,21.424406051635742,0.07422931492328644,0.11462172120809555,28.00380516052246,24.04067611694336,21.424406051635742
scene14_traj1_1__000181,0.09636083990335464,0.14411713182926178,0.8024550080299377,0.7381866574287415,1.2020792961120605,37.60103225708008,33.51447677612305,0.09636083990335464,0.14411713182926178,41.5626335144043,37.60103225708008,33.51447677612305,0.06739911437034607,0.10412329435348511,0.5696015954017639,0.48486989736557007,0.8248094916343689,23.009233474731445,20.263999938964844,0.06739911437034607,0.10412329435348511,27.190378189086914,23.009233474731445,20.263999938964844
scene14_traj1_1__000182,0.09544853866100311,0.14271774888038635,0.8009291291236877,0.7427616119384766,1.2038793563842773,37.75605773925781,33.860050201416016,0.09544853866100311,0.14271774888038635,41.545372009277344,37.75605773925781,33.860050201416016,0.06549543142318726,0.10133393853902817,0.5704822540283203,0.4862039387226105,0.8274751305580139,23.11035919189453,20.363426208496094,0.06549543142318726,0.10133393853902817,27.3073787689209,23.11035919189453,20.363426208496094
scene14_traj1_1__000183,0.09549611061811447,0.14241927862167358,0.8035606741905212,0.7339404821395874,1.1970596313476562,37.46124267578125,33.56440734863281,0.09549611061811447,0.14241927862167358,41.260013580322266,37.46124267578125,33.56440734863281,0.068314328789711,0.10483138263225555,0.5819995999336243,0.49941450357437134,0.8443713784217834,23.991477966308594,21.335630416870117,0.068314328789711,0.10483138263225555,27.961063385009766,23.991477966308594,21.335630416870117
scene14_traj1_1__000184,0.09305641055107117,0.1394030749797821,0.8016016483306885,0.7054693698883057,1.1698076725006104,35.78975296020508,31.469209671020508,0.09305641055107117,0.1394030749797821,40.33325958251953,35.78975296020508,31.469209671020508,0.06674943119287491,0.10229497402906418,0.5692654252052307,0.4890938699245453,0.826012909412384,22.869657516479492,19.74690055847168,0.06674943119287491,0.10229497402906418,27.25234603881836,22.869657516479492,19.74690055847168
scene14_traj1_1__000185,0.0896962434053421,0.1346733570098877,0.802254319190979,0.7079861164093018,1.1744388341903687,36.099151611328125,32.22199249267578,0.0896962434053421,0.1346733570098877,40.446250915527344,36.099151611328125,32.22199249267578,0.06302721798419952,0.09671953320503235,0.5632476806640625,0.4819103181362152,0.8158866763114929,22.343868255615234,19.047739028930664,0.06302721798419952,0.09671953320503235,26.905498504638672,22.343868255615234,19.047739028930664
scene14_traj1_1__000186,0.08830474317073822,0.13276346027851105,0.8048676252365112,0.7087360620498657,1.177147626876831,36.597286224365234,32.923770904541016,0.08830474317073822,0.13276346027851105,40.630638122558594,36.597286224365234,32.923770904541016,0.06242037191987038,0.09540553390979767,0.5743576884269714,0.4996103048324585,0.8369370698928833,23.179956436157227,19.654308319091797,0.06242037191987038,0.09540553390979767,27.697223663330078,23.179956436157227,19.654308319091797
scene14_traj1_1__000187,0.08916120231151581,0.1335929036140442,0.809413492679596,0.7162079811096191,1.185594081878662,37.01436996459961,33.40530014038086,0.08916120231151581,0.1335929036140442,40.90555191040039,37.01436996459961,33.40530014038086,0.06587020307779312,0.10046755522489548,0.5780419111251831,0.5033199191093445,0.8418440222740173,23.458646774291992,19.95530128479004,0.06587020307779312,0.10046755522489548,27.83661651611328,23.458646774291992,19.95530128479004
scene14_traj1_1__000188,0.08474960923194885,0.12762607634067535,0.8131844997406006,0.7128036022186279,1.187724232673645,36.9937858581543,33.294620513916016,0.08474960923194885,0.12762607634067535,40.994171142578125,36.9937858581543,33.294620513916016,0.06130973622202873,0.09370727092027664,0.5702236294746399,0.49133190512657166,0.828353762626648,22.63206672668457,18.87627601623535,0.06130973622202873,0.09370727092027664,27.34563446044922,22.63206672668457,18.87627601623535
scene14_traj1_1__000189,0.08413984626531601,0.12641127407550812,0.8151852488517761,0.7051356434822083,1.1817173957824707,36.874412536621094,33.186012268066406,0.08413984626531601,0.12641127407550812,40.782527923583984,36.874412536621094,33.186012268066406,0.059688668698072433,0.09126854687929153,0.5726150870323181,0.49403005838394165,0.8321337699890137,22.800291061401367,18.894315719604492,0.059688668698072433,0.09126854687929153,27.51828384399414,22.800291061401367,18.894315719604492
scene14_traj1_1__000190,0.0846477672457695,0.1276479810476303,0.8157879710197449,0.7076035737991333,1.1861214637756348,37.073265075683594,33.32270812988281,0.0846477672457695,0.1276479810476303,40.93862533569336,37.073265075683594,33.32270812988281,0.06068924069404602,0.09259501099586487,0.5747341513633728,0.5133649110794067,0.8457396030426025,23.4232120513916,19.3855037689209,0.06068924069404602,0.09259501099586487,28.073497772216797,23.4232120513916,19.3855037689209
scene14_traj1_1__000191,0.08096924424171448,0.12245964258909225,0.8253433704376221,0.717035174369812,1.1998460292816162,37.680118560791016,33.84467315673828,0.08096924424171448,0.12245964258909225,41.391204833984375,37.680118560791016,33.84467315673828,0.05984486639499664,0.09147795289754868,0.566879153251648,0.5017144083976746,0.83220374584198,22.66170883178711,18.494186401367188,0.05984486639499664,0.09147795289754868,27.51803970336914,22.66170883178711,18.494186401367188
scene14_traj1_1__000192,0.08008250594139099,0.12109605222940445,0.8239519596099854,0.7074907422065735,1.1910189390182495,37.179298400878906,33.345462799072266,0.08008250594139099,0.12109605222940445,41.09605407714844,37.179298400878906,33.345462799072266,0.057574447244405746,0.08783624321222305,0.5670289397239685,0.49636614322662354,0.8291177153587341,22.408300399780273,18.14314079284668,0.057574447244405746,0.08783624321222305,27.404409408569336,22.408300399780273,18.14314079284668
scene14_traj1_1__000193,0.07938782870769501,0.1204729676246643,0.8312923908233643,0.7273770570755005,1.2130993604660034,38.44336700439453,34.91987228393555,0.07938782870769501,0.1204729676246643,41.96012878417969,38.44336700439453,34.91987228393555,0.05717421695590019,0.08705459535121918,0.5689138174057007,0.4983938932418823,0.8317474126815796,22.70621681213379,18.477027893066406,0.05717421695590019,0.08705459535121918,27.520957946777344,22.70621681213379,18.477027893066406
scene14_traj1_1__000194,0.07918504625558853,0.12117443978786469,0.8333420157432556,0.7009874582290649,1.1916574239730835,36.90773391723633,32.594390869140625,0.07918504625558853,0.12117443978786469,41.173614501953125,36.90773391723633,32.594390869140625,0.05826164782047272,0.08949864655733109,0.5755433440208435,0.5186912417411804,0.8497083187103271,23.496490478515625,19.21660804748535,0.05826164782047272,0.08949864655733109,28.191410064697266,23.496490478515625,19.21660804748535
scene14_traj1_1__000195,0.07490747421979904,0.11516102403402328,0.8425230979919434,0.7186666131019592,1.2135286331176758,37.70846939086914,33.230777740478516,0.07490747421979904,0.11516102403402328,41.96490478515625,37.70846939086914,33.230777740478516,0.05598032847046852,0.08699493110179901,0.5768470764160156,0.5160630941390991,0.8498612642288208,23.257640838623047,18.809810638427734,0.05598032847046852,0.08699493110179901,28.13654327392578,23.257640838623047,18.809810638427734
scene14_traj1_1__000196,0.07209820300340652,0.11267130076885223,0.8627932667732239,0.7252641320228577,1.2316229343414307,37.81364059448242,32.7140007019043,0.07209820300340652,0.11267130076885223,42.62970733642578,37.81364059448242,32.7140007019043,0.053035981953144073,0.08303307741880417,0.5731815099716187,0.5093413591384888,0.8433926105499268,22.936582565307617,18.41337776184082,0.053035981953144073,0.08303307741880417,27.9033145904541,22.936582565307617,18.41337776184082
scene14_traj1_1__000197,0.07146801799535751,0.11158429831266403,0.861018717288971,0.7302823066711426,1.2342947721481323,37.836456298828125,32.66469955444336,0.07146801799535751,0.11158429831266403,42.78623580932617,37.836456298828125,32.66469955444336,0.052862659096717834,0.0825764536857605,0.5746479034423828,0.5103891491889954,0.8447852730751038,22.964635848999023,18.436195373535156,0.052862659096717834,0.0825764536857605,27.978639602661133,22.964635848999023,18.436195373535156
scene14_traj1_1__000198,0.07087554782629013,0.11111819744110107,0.8685914874076843,0.7380121946334839,1.2475601434707642,38.50754165649414,33.40623474121094,0.07087554782629013,0.11111819744110107,43.36270523071289,38.50754165649414,33.40623474121094,0.05334100499749184,0.08405627310276031,0.5715286731719971,0.5151145458221436,0.8448194265365601,23.05784797668457,18.666263580322266,0.05334100499749184,0.08405627310276031,27.996015548706055,23.05784797668457,18.666263580322266
scene14_traj1_1__000199,0.07153096795082092,0.11236415058374405,0.8669916391372681,0.7333905696868896,1.240699291229248,38.035179138183594,32.523719787597656,0.07153096795082092,0.11236415058374405,43.094051361083984,38.035179138183594,32.523719787597656,0.055104441940784454,0.08746092766523361,0.5819240212440491,0.5276390314102173,0.8616800904273987,24.122901916503906,20.107149124145508,0.055104441940784454,0.08746092766523361,28.602455139160156,24.122901916503906,20.107149124145508
scene14_traj1_1__000200,0.07118520140647888,0.1124807670712471,0.873941957950592,0.7215827703475952,1.235203504562378,37.018714904785156,30.83699607849121,0.07118520140647888,0.1124807670712471,42.94499969482422,37.018714904785156,30.83699607849121,0.05311891809105873,0.08497189730405807,0.5767650604248047,0.5184655785560608,0.8521392941474915,23.455045700073242,19.37439727783203,0.05311891809105873,0.08497189730405807,28.249921798706055,23.455045700073242,19.37439727783203
scene14_traj1_1__000201,0.071589395403862,0.11343491077423096,0.8811234831809998,0.7114763259887695,1.2335501909255981,36.801692962646484,30.740962982177734,0.071589395403862,0.11343491077423096,42.91780090332031,36.801692962646484,30.740962982177734,0.05281169340014458,0.08460597693920135,0.5815121531486511,0.5166967511177063,0.8556948900222778,23.619293212890625,19.745704650878906,0.05281169340014458,0.08460597693920135,28.405607223510742,23.619293212890625,19.745704650878906
scene14_traj1_1__000202,0.07238839566707611,0.1147242859005928,0.8839746713638306,0.7064722776412964,1.2318867444992065,36.878204345703125,30.709196090698242,0.07238839566707611,0.1147242859005928,42.858089447021484,36.878204345703125,30.709196090698242,0.05311252176761627,0.08488717675209045,0.5780661106109619,0.5172375440597534,0.8522108793258667,23.544368743896484,19.629655838012695,0.05311252176761627,0.08488717675209045,28.303878784179688,23.544368743896484,19.629655838012695
scene14_traj1_1__000203,0.0753786489367485,0.12006981670856476,0.8859166502952576,0.7131956815719604,1.239063024520874,37.55940246582031,31.841039657592773,0.0753786489367485,0.12006981670856476,43.0796012878418,37.55940246582031,31.841039657592773,0.057011380791664124,0.09191367030143738,0.583024799823761,0.532192051410675,0.8677401542663574,24.441783905029297,20.934194564819336,0.057011380791664124,0.09191367030143738,28.884328842163086,24.441783905029297,20.934194564819336
scene14_traj1_1__000204,0.07598602771759033,0.12123944610357285,0.886053204536438,0.7214716672897339,1.2447761297225952,37.2884407043457,31.0760498046875,0.07598602771759033,0.12123944610357285,43.3925666809082,37.2884407043457,31.0760498046875,0.05647055059671402,0.09132059663534164,0.585110604763031,0.5227252244949341,0.8635066151618958,24.27068328857422,20.9274959564209,0.05647055059671402,0.09132059663534164,28.68732261657715,24.27068328857422,20.9274959564209
scene14_traj1_1__000205,0.0775030255317688,0.12390846759080887,0.886698305606842,0.7113534212112427,1.2390351295471191,36.78335189819336,30.51333999633789,0.0775030255317688,0.12390846759080887,43.2137336730957,36.78335189819336,30.51333999633789,0.05634384974837303,0.09148276597261429,0.5849391222000122,0.5232826471328735,0.8636987209320068,24.297592163085938,21.252490997314453,0.05634384974837303,0.09148276597261429,28.7302303314209,24.297592163085938,21.252490997314453
scene14_traj1_1__000206,0.07908276468515396,0.12676915526390076,0.8919882774353027,0.7072334289550781,1.2393674850463867,37.13836669921875,31.073823928833008,0.07908276468515396,0.12676915526390076,43.32767868041992,37.13836669921875,31.073823928833008,0.05709795653820038,0.09282973408699036,0.5867801308631897,0.5266327261924744,0.8677921891212463,24.4924373626709,21.48134994506836,0.05709795653820038,0.09282973408699036,28.872238159179688,24.4924373626709,21.48134994506836
scene14_traj1_1__000207,0.07991180568933487,0.12846317887306213,0.888993501663208,0.7084197402000427,1.2372124195098877,37.44001007080078,31.520986557006836,0.07991180568933487,0.12846317887306213,43.17326354980469,37.44001007080078,31.520986557006836,0.058112721890211105,0.09407106041908264,0.5816186666488647,0.5337342023849487,0.8684747219085693,24.546110153198242,21.485239028930664,0.058112721890211105,0.09407106041908264,28.948135375976562,24.546110153198242,21.485239028930664
scene14_traj1_1__000208,0.08080264180898666,0.12867777049541473,0.8790763020515442,0.7215588092803955,1.2405011653900146,37.571388244628906,31.850845336914062,0.08080264180898666,0.12867777049541473,43.23160171508789,37.571388244628906,31.850845336914062,0.06081762909889221,0.09825121611356735,0.5846419930458069,0.5331409573554993,0.8712716102600098,24.71894645690918,21.718223571777344,0.06081762909889221,0.09825121611356735,29.004255294799805,24.71894645690918,21.718223571777344
scene14_traj1_1__000209,0.08105830103158951,0.1296435445547104,0.883087694644928,0.7284772396087646,1.2497047185897827,37.76539993286133,31.581857681274414,0.08105830103158951,0.1296435445547104,43.615596771240234,37.76539993286133,31.581857681274414,0.05851437896490097,0.09518598765134811,0.5808309316635132,0.5208645462989807,0.8596292734146118,24.003223419189453,20.990623474121094,0.05851437896490097,0.09518598765134811,28.54355812072754,24.003223419189453,20.990623474121094
scene14_traj1_1__000210,0.08285290002822876,0.13229171931743622,0.8787220120429993,0.7112022638320923,1.2335561513900757,36.66388702392578,30.418167114257812,0.08285290002822876,0.13229171931743622,43.06840515136719,36.66388702392578,30.418167114257812,0.0598921962082386,0.09782926738262177,0.5881810188293457,0.5188187956809998,0.8637561202049255,24.336179733276367,21.629940032958984,0.0598921962082386,0.09782926738262177,28.71120262145996,24.336179733276367,21.629940032958984
scene14_traj1_1__000211,0.08512988686561584,0.1354558914899826,0.8763901591300964,0.6884403824806213,1.2119756937026978,35.88066482543945,29.799724578857422,0.08512988686561584,0.1354558914899826,42.267799377441406,35.88066482543945,29.799724578857422,0.06160498782992363,0.10007529705762863,0.584166944026947,0.5189211368560791,0.8587273359298706,24.419021606445312,22.04877281188965,0.06160498782992363,0.10007529705762863,28.587446212768555,24.419021606445312,22.04877281188965
scene14_traj1_1__000212,0.0862993448972702,0.13722898066043854,0.8736024498939514,0.6983347535133362,1.2176809310913086,36.4425048828125,30.41840934753418,0.0862993448972702,0.13722898066043854,42.409156799316406,36.4425048828125,30.41840934753418,0.06298528611660004,0.10193529725074768,0.5856376886367798,0.5304175615310669,0.8679649233818054,24.898088455200195,22.523611068725586,0.06298528611660004,0.10193529725074768,28.954952239990234,24.898088455200195,22.523611068725586
scene14_traj1_1__000213,0.08911310881376266,0.1420048326253891,0.8705054521560669,0.7301000952720642,1.2425415515899658,37.852630615234375,32.5042839050293,0.08911310881376266,0.1420048326253891,43.2408561706543,37.852630615234375,32.5042839050293,0.06620518118143082,0.10761795192956924,0.5809580683708191,0.5196725130081177,0.8579316735267639,24.166160583496094,21.556556701660156,0.06620518118143082,0.10761795192956924,28.523317337036133,24.166160583496094,21.556556701660156
scene14_traj1_1__000214,0.08843271434307098,0.14067266881465912,0.8676992654800415,0.6932858824729919,1.2101277112960815,35.70125961303711,29.598419189453125,0.08843271434307098,0.14067266881465912,42.13587188720703,35.70125961303711,29.598419189453125,0.06549836695194244,0.10698673129081726,0.5864359736442566,0.5178546905517578,0.8597670197486877,24.450029373168945,22.084091186523438,0.06549836695194244,0.10698673129081726,28.618906021118164,24.450029373168945,22.084091186523438
scene14_traj1_1__000215,0.0913381353020668,0.1458161473274231,0.8745865821838379,0.698300302028656,1.2205735445022583,36.23537063598633,30.11961555480957,0.0913381353020668,0.1458161473274231,42.51993942260742,36.23537063598633,30.11961555480957,0.06628406047821045,0.109161376953125,0.5835312604904175,0.5132508277893066,0.8549605011940002,24.056589126586914,21.65570640563965,0.06628406047821045,0.109161376953125,28.423978805541992,24.056589126586914,21.65570640563965
scene14_traj1_1__000216,0.09345029294490814,0.14940492808818817,0.8758986592292786,0.6848278641700745,1.2095504999160767,35.442047119140625,29.18663215637207,0.09345029294490814,0.14940492808818817,42.15331268310547,35.442047119140625,29.18663215637207,0.06757878512144089,0.11152506619691849,0.5864261388778687,0.5195217132568359,0.8609204888343811,24.324914932250977,21.842559814453125,0.06757878512144089,0.11152506619691849,28.692718505859375,24.324914932250977,21.842559814453125
scene14_traj1_1__000217,0.09470424056053162,0.15136834979057312,0.8735386729240417,0.6804673075675964,1.2034425735473633,35.58728790283203,29.300485610961914,0.09470424056053162,0.15136834979057312,41.904117584228516,35.58728790283203,29.300485610961914,0.07043857127428055,0.11539189517498016,0.5870928168296814,0.5331350564956665,0.8698057532310486,24.83666229248047,22.408653259277344,0.07043857127428055,0.11539189517498016,29.11248207092285,24.83666229248047,22.408653259277344
scene14_traj1_1__000218,0.09637384116649628,0.15352001786231995,0.8714401721954346,0.7057238817214966,1.2231957912445068,36.67101287841797,30.79707145690918,0.09637384116649628,0.15352001786231995,42.638179779052734,36.67101287841797,30.79707145690918,0.07229135930538177,0.11864515393972397,0.5883976221084595,0.5225719809532166,0.8660855293273926,24.611549377441406,22.1173095703125,0.07229135930538177,0.11864515393972397,28.860273361206055,24.611549377441406,22.1173095703125
scene14_traj1_1__000219,0.09808208793401718,0.1564968228340149,0.8724579215049744,0.6813182830810547,1.2052655220031738,35.51788330078125,29.527055740356445,0.09808208793401718,0.1564968228340149,41.923194885253906,35.51788330078125,29.527055740356445,0.07175988703966141,0.11879222840070724,0.5897548794746399,0.517180323600769,0.8633312582969666,24.390989303588867,21.82952117919922,0.07175988703966141,0.11879222840070724,28.771202087402344,24.390989303588867,21.82952117919922
scene14_traj1_1__000220,0.10055507719516754,0.16121430695056915,0.8737654089927673,0.7030190825462341,1.2231857776641846,36.424068450927734,30.78801918029785,0.10055507719516754,0.16121430695056915,42.58940887451172,36.424068450927734,30.78801918029785,0.07272296398878098,0.12184212356805801,0.5804747939109802,0.5108423829078674,0.8541867136955261,23.581769943237305,20.67010498046875,0.07272296398878098,0.12184212356805801,28.374101638793945,23.581769943237305,20.67010498046875
scene14_traj1_1__000221,0.1042555570602417,0.16709384322166443,0.8761038184165955,0.6770802736282349,1.2048414945602417,35.51557922363281,29.53352165222168,0.1042555570602417,0.16709384322166443,41.9561653137207,35.51557922363281,29.53352165222168,0.07539303600788116,0.12644873559474945,0.5867530703544617,0.5191947221755981,0.8627912998199463,24.249134063720703,21.43601417541504,0.07539303600788116,0.12644873559474945,28.776901245117188,24.249134063720703,21.43601417541504
scene14_traj1_1__000222,0.10546418279409409,0.16844002902507782,0.8728955388069153,0.6985360980033875,1.2194507122039795,36.734375,31.19443130493164,0.10546418279409409,0.16844002902507782,42.46331787109375,36.734375,31.19443130493164,0.07943025976419449,0.1320379376411438,0.5875964760780334,0.5237032175064087,0.8678964376449585,24.47259521484375,21.621665954589844,0.07943025976419449,0.1320379376411438,28.913597106933594,24.47259521484375,21.621665954589844
scene14_traj1_1__000223,0.10692356526851654,0.17061415314674377,0.8742258548736572,0.7114009261131287,1.2316665649414062,37.26247024536133,32.1697998046875,0.10692356526851654,0.17061415314674377,42.85449981689453,37.26247024536133,32.1697998046875,0.07972140610218048,0.13403896987438202,0.5888105630874634,0.5121678709983826,0.8632484674453735,23.997819900512695,21.026540756225586,0.07972140610218048,0.13403896987438202,28.66295623779297,23.997819900512695,21.026540756225586
scene14_traj1_1__000224,0.10810592770576477,0.17293065786361694,0.8675026893615723,0.7195821404457092,1.2360345125198364,37.49763107299805,32.74567794799805,0.10810592770576477,0.17293065786361694,42.972442626953125,37.49763107299805,32.74567794799805,0.07867258787155151,0.13380038738250732,0.5837933421134949,0.5037147998809814,0.8520514965057373,23.30108642578125,20.16893196105957,0.07867258787155151,0.13380038738250732,28.25357437133789,23.30108642578125,20.16893196105957
scene14_traj1_1__000225,0.11287035793066025,0.17893801629543304,0.8576163649559021,0.6801327466964722,1.1932896375656128,35.16472244262695,29.886058807373047,0.11287035793066025,0.17893801629543304,41.29219436645508,35.16472244262695,29.886058807373047,0.08119909465312958,0.1372600942850113,0.5791131854057312,0.504408597946167,0.8483437299728394,23.324007034301758,20.276935577392578,0.08119909465312958,0.1372600942850113,28.19460105895996,23.324007034301758,20.276935577392578
scene14_traj1_1__000226,0.11609655618667603,0.18158617615699768,0.8489670753479004,0.6879109740257263,1.1935492753982544,35.51957702636719,30.31014060974121,0.11609655618667603,0.18158617615699768,41.275203704833984,35.51957702636719,30.31014060974121,0.08564785867929459,0.14202332496643066,0.5830779671669006,0.5198843479156494,0.8598579168319702,24.180635452270508,21.3189697265625,0.08564785867929459,0.14202332496643066,28.678050994873047,24.180635452270508,21.3189697265625
scene14_traj1_1__000227,0.11598805338144302,0.18135663866996765,0.8488792777061462,0.7161199450492859,1.2185195684432983,36.94243240356445,32.311279296875,0.11598805338144302,0.18135663866996765,42.143341064453125,36.94243240356445,32.311279296875,0.08597435057163239,0.1429569572210312,0.5742605328559875,0.5066075325012207,0.8460100889205933,23.232105255126953,20.008460998535156,0.08597435057163239,0.1429569572210312,28.07805061340332,23.232105255126953,20.008460998535156
scene14_traj1_1__000228,0.11711807548999786,0.1821846216917038,0.8504890203475952,0.7184604406356812,1.2211010456085205,37.192935943603516,32.81500244140625,0.11711807548999786,0.1821846216917038,42.23733901977539,37.192935943603516,32.81500244140625,0.08425948023796082,0.14057976007461548,0.5762994289398193,0.49660375714302063,0.8410573601722717,23.03586196899414,19.967432022094727,0.08425948023796082,0.14057976007461548,27.868837356567383,23.03586196899414,19.967432022094727
scene14_traj1_1__000229,0.11898072063922882,0.18422150611877441,0.8474404811859131,0.7004799246788025,1.2032958269119263,36.32279586791992,31.744693756103516,0.11898072063922882,0.18422150611877441,41.6979866027832,36.32279586791992,31.744693756103516,0.08481664955615997,0.14143086969852448,0.580397367477417,0.4966491162776947,0.8434299826622009,23.25233268737793,20.310258865356445,0.08481664955615997,0.14143086969852448,27.98765754699707,23.25233268737793,20.310258865356445
scene14_traj1_1__000230,0.12127628922462463,0.1863146871328354,0.8393024206161499,0.7038285732269287,1.1992813348770142,36.08871841430664,31.617528915405273,0.12127628922462463,0.1863146871328354,41.329166412353516,36.08871841430664,31.617528915405273,0.08654004335403442,0.14246349036693573,0.5807233452796936,0.5059806704521179,0.8478342890739441,23.688411712646484,21.03557586669922,0.08654004335403442,0.14246349036693573,28.228851318359375,23.688411712646484,21.03557586669922
scene14_traj1_1__000231,0.12350649386644363,0.186665341258049,0.8157267570495605,0.7285230755805969,1.205734372138977,36.481040954589844,32.427242279052734,0.12350649386644363,0.186665341258049,41.422916412353516,36.481040954589844,32.427242279052734,0.08770019561052322,0.1424470841884613,0.5656567215919495,0.49638625979423523,0.8299198746681213,22.656835556030273,19.738079071044922,0.08770019561052322,0.1424470841884613,27.501691818237305,22.656835556030273,19.738079071044922
scene14_traj1_1__000232,0.12239278107881546,0.18530012667179108,0.8185176253318787,0.7247264981269836,1.2063220739364624,36.48263931274414,32.55759811401367,0.12239278107881546,0.18530012667179108,41.40306091308594,36.48263931274414,32.55759811401367,0.08590476959943771,0.1409163475036621,0.5658788681030273,0.48493120074272156,0.8220926523208618,22.264366149902344,19.355104446411133,0.08590476959943771,0.1409163475036621,27.201950073242188,22.264366149902344,19.355104446411133
scene14_traj1_1__000233,0.12666183710098267,0.18834589421749115,0.8006239533424377,0.7075396180152893,1.1765260696411133,35.07583999633789,31.128162384033203,0.12666183710098267,0.18834589421749115,40.25252151489258,35.07583999633789,31.128162384033203,0.08662563562393188,0.14103280007839203,0.5708499550819397,0.4779195785522461,0.8212593793869019,22.58305549621582,20.079891204833984,0.08662563562393188,0.14103280007839203,27.185989379882812,22.58305549621582,20.079891204833984
scene14_traj1_1__000234,0.12876051664352417,0.18939870595932007,0.7925281524658203,0.7124586701393127,1.17244291305542,34.97050476074219,31.279972076416016,0.12876051664352417,0.18939870595932007,40.06155014038086,34.97050476074219,31.279972076416016,0.08846096694469452,0.14206832647323608,0.5852932333946228,0.4890424609184265,0.8363218903541565,23.747486114501953,21.752431869506836,0.08846096694469452,0.14206832647323608,27.871719360351562,23.747486114501953,21.752431869506836
scene14_traj1_1__000235,0.12824532389640808,0.1869153380393982,0.7750436067581177,0.7327435612678528,1.1744879484176636,35.03430938720703,31.616518020629883,0.12824532389640808,0.1869153380393982,40.06370544433594,35.03430938720703,31.616518020629883,0.08948565274477005,0.14193901419639587,0.5625980496406555,0.45604363083839417,0.7965737581253052,21.618457794189453,19.310091018676758,0.08948565274477005,0.14193901419639587,26.28934097290039,21.618457794189453,19.310091018676758
scene14_traj1_1__000236,0.12742088735103607,0.18587709963321686,0.7697058916091919,0.7345767617225647,1.1712331771850586,34.794803619384766,31.417354583740234,0.12742088735103607,0.18587709963321686,39.892555236816406,34.794803619384766,31.417354583740234,0.08702448755502701,0.1399076282978058,0.5602089166641235,0.44323933124542236,0.7855656743049622,21.115638732910156,18.906999588012695,0.08702448755502701,0.1399076282978058,25.854280471801758,21.115638732910156,18.906999588012695
scene14_traj1_1__000237,0.12744566798210144,0.18623463809490204,0.7715136408805847,0.7314806580543518,1.1707484722137451,34.591922760009766,31.11174774169922,0.12744566798210144,0.18623463809490204,39.87205123901367,34.591922760009766,31.11174774169922,0.08683492988348007,0.13963907957077026,0.5698974132537842,0.4501074254512787,0.7962836623191833,21.9769229888916,20.09746742248535,0.08683492988348007,0.13963907957077026,26.319313049316406,21.9769229888916,20.09746742248535
scene14_traj1_1__000238,0.13140583038330078,0.19150075316429138,0.7636290192604065,0.7372984290122986,1.1701340675354004,34.86241149902344,31.54132652282715,0.13140583038330078,0.19150075316429138,39.809871673583984,34.86241149902344,31.54132652282715,0.09284388273954391,0.14706562459468842,0.5754557251930237,0.4595147669315338,0.8056517839431763,22.341197967529297,20.336509704589844,0.09284388273954391,0.14706562459468842,26.672794342041016,22.341197967529297,20.336509704589844
scene14_traj1_1__000239,0.1323927640914917,0.19329595565795898,0.7605317831039429,0.7418212890625,1.1710973978042603,34.781715393066406,31.41925048828125,0.1323927640914917,0.19329595565795898,39.83328628540039,34.781715393066406,31.41925048828125,0.09209637343883514,0.1474522054195404,0.5628370642662048,0.4459398090839386,0.7890671491622925,21.24127197265625,18.9759521484375,0.09209637343883514,0.1474522054195404,26.01081657409668,21.24127197265625,18.9759521484375
scene14_traj1_1__000240,0.1311933994293213,0.1920539289712906,0.7628122568130493,0.7104211449623108,1.1457970142364502,33.03327560424805,29.385141372680664,0.1311933994293213,0.1920539289712906,38.86650848388672,33.03327560424805,29.385141372680664,0.08947692066431046,0.14555566012859344,0.5604770183563232,0.43824753165245056,0.7816277146339417,20.92868423461914,18.764034271240234,0.08947692066431046,0.14555566012859344,25.741596221923828,20.92868423461914,18.764034271240234
scene14_traj1_1__000241,0.13328911364078522,0.19522663950920105,0.7591329216957092,0.7174989581108093,1.148131251335144,33.33658218383789,29.660354614257812,0.13328911364078522,0.19522663950920105,38.97130584716797,33.33658218383789,29.660354614257812,0.090427927672863,0.14723658561706543,0.5647189617156982,0.44435712695121765,0.785832405090332,21.46160888671875,19.507511138916016,0.090427927672863,0.14723658561706543,26.002796173095703,21.46160888671875,19.507511138916016
scene14_traj1_1__000242,0.13473986089229584,0.19637376070022583,0.7574144005775452,0.7325745820999146,1.160598635673523,34.08603286743164,30.496145248413086,0.13473986089229584,0.19637376070022583,39.3851203918457,34.08603286743164,30.496145248413086,0.09494136273860931,0.1506045013666153,0.5673955082893372,0.45392918586730957,0.7941582202911377,21.717086791992188,19.553668975830078,0.09494136273860931,0.1506045013666153,26.308589935302734,21.717086791992188,19.553668975830078
scene14_traj1_1__000243,0.13809162378311157,0.2000560760498047,0.7465776205062866,0.7517372369766235,1.170386552810669,34.80110549926758,31.609760284423828,0.13809162378311157,0.2000560760498047,39.6590690612793,34.80110549926758,31.609760284423828,0.09534339606761932,0.15243422985076904,0.5489227175712585,0.4366520643234253,0.7690428495407104,20.35664939880371,17.909536361694336,0.09534339606761932,0.15243422985076904,25.33879280090332,20.35664939880371,17.909536361694336
scene14_traj1_1__000244,0.1408802717924118,0.20272061228752136,0.7372660040855408,0.7378193140029907,1.151171088218689,33.86433410644531,30.627567291259766,0.1408802717924118,0.20272061228752136,38.951560974121094,33.86433410644531,30.627567291259766,0.09431827813386917,0.1524284929037094,0.5525712370872498,0.43033912777900696,0.7680178880691528,20.49999237060547,18.34139060974121,0.09431827813386917,0.1524284929037094,25.3032283782959,20.49999237060547,18.34139060974121
scene14_traj1_1__000245,0.1418195366859436,0.20355254411697388,0.7364557385444641,0.7268845438957214,1.1403026580810547,33.33640670776367,29.99227523803711,0.1418195366859436,0.20355254411697388,38.54779052734375,33.33640670776367,29.99227523803711,0.09433045238256454,0.15245497226715088,0.5578634142875671,0.4366152882575989,0.7749517560005188,21.036664962768555,19.03093147277832,0.09433045238256454,0.15245497226715088,25.63174819946289,21.036664962768555,19.03093147277832
scene14_traj1_1__000246,0.14135690033435822,0.20419564843177795,0.7413989901542664,0.726466953754425,1.1443707942962646,33.49726486206055,30.205913543701172,0.14135690033435822,0.20419564843177795,38.66781234741211,33.49726486206055,30.205913543701172,0.09673881530761719,0.15475548803806305,0.5576057434082031,0.4483158588409424,0.7820019125938416,21.209314346313477,19.052717208862305,0.09673881530761719,0.15475548803806305,25.922128677368164,21.209314346313477,19.052717208862305
scene14_traj1_1__000247,0.1404547244310379,0.20295275747776031,0.745191216468811,0.7602189183235168,1.1779096126556396,35.45090866088867,32.467281341552734,0.1404547244310379,0.20295275747776031,39.95866012573242,35.45090866088867,32.467281341552734,0.09859664738178253,0.15583348274230957,0.5483124852180481,0.4431494176387787,0.7714014053344727,20.52781105041504,18.05828094482422,0.09859664738178253,0.15583348274230957,25.48117446899414,20.52781105041504,18.05828094482422
scene14_traj1_1__000248,0.1282433271408081,0.19041165709495544,0.7764047980308533,0.7292614579200745,1.1724610328674316,33.847320556640625,29.978443145751953,0.1282433271408081,0.19041165709495544,39.94670486450195,33.847320556640625,29.978443145751953,0.08604146540164948,0.14286333322525024,0.5336028933525085,0.44686079025268555,0.7631687521934509,19.475276947021484,16.7161865234375,0.08604146540164948,0.14286333322525024,25.160367965698242,19.475276947021484,16.7161865234375
scene14_traj1_1__000249,0.11470638960599899,0.1749507337808609,0.8161203861236572,0.7053964734077454,1.1873257160186768,33.56679153442383,29.2164306640625,0.11470638960599899,0.1749507337808609,40.901248931884766,33.56679153442383,29.2164306640625,0.07629694044589996,0.130004420876503,0.538077175617218,0.46522974967956543,0.7753503918647766,19.028553009033203,16.008541107177734,0.07629694044589996,0.130004420876503,25.618946075439453,19.028553009033203,16.008541107177734
scene14_traj1_1__000250,0.11203330755233765,0.17293748259544373,0.8349456191062927,0.6985440254211426,1.197084903717041,33.83169174194336,29.05718994140625,0.11203330755233765,0.17293748259544373,41.39109420776367,33.83169174194336,29.05718994140625,0.07361949980258942,0.12489732354879379,0.5319318771362305,0.4725795090198517,0.7752420902252197,18.738346099853516,15.376957893371582,0.07361949980258942,0.12489732354879379,25.617307662963867,18.738346099853516,15.376957893371582
scene14_traj1_1__000251,0.10778660327196121,0.16609397530555725,0.8395616412162781,0.7113503813743591,1.2106906175613403,34.351131439208984,29.5501651763916,0.10778660327196121,0.16609397530555725,41.89227294921875,34.351131439208984,29.5501651763916,0.07472838461399078,0.12418897449970245,0.537604808807373,0.4838564097881317,0.789263129234314,18.92270278930664,15.174284934997559,0.07472838461399078,0.12418897449970245,26.059356689453125,18.92270278930664,15.174284934997559
scene14_traj1_1__000252,0.1069413274526596,0.1648339182138443,0.8446068167686462,0.7120148539543152,1.2158387899398804,34.28042984008789,29.534162521362305,0.1069413274526596,0.1648339182138443,42.141666412353516,34.28042984008789,29.534162521362305,0.0718584731221199,0.12154602259397507,0.5312706232070923,0.4761868417263031,0.778234601020813,18.185565948486328,14.457484245300293,0.0718584731221199,0.12154602259397507,25.65997886657715,18.185565948486328,14.457484245300293
scene14_traj1_1__000253,0.10937785357236862,0.16922754049301147,0.8399618268013,0.6979535222053528,1.1994304656982422,33.24491500854492,28.37581443786621,0.10937785357236862,0.16922754049301147,41.57185745239258,33.24491500854492,28.37581443786621,0.07160956412553787,0.12283683568239212,0.5306665897369385,0.4713536500930786,0.7726295590400696,17.956287384033203,14.388359069824219,0.07160956412553787,0.12283683568239212,25.51372528076172,17.956287384033203,14.388359069824219
scene14_traj1_1__000254,0.11264081299304962,0.17534279823303223,0.8421941995620728,0.6917320489883423,1.1979453563690186,33.43211364746094,28.6540584564209,0.11264081299304962,0.17534279823303223,41.491214752197266,33.43211364746094,28.6540584564209,0.07342397421598434,0.12503091990947723,0.5240163207054138,0.47692441940307617,0.7709847688674927,17.661640167236328,13.831605911254883,0.07342397421598434,0.12503091990947723,25.497331619262695,17.661640167236328,13.831605911254883
scene14_traj1_1__000255,0.11640715599060059,0.18149890005588531,0.8461560010910034,0.6969479918479919,1.2054518461227417,33.87969970703125,28.942331314086914,0.11640715599060059,0.18149890005588531,41.79111862182617,33.87969970703125,28.942331314086914,0.0772869661450386,0.12972594797611237,0.5241574645042419,0.48488056659698486,0.7774702906608582,17.917949676513672,13.85367202758789,0.0772869661450386,0.12972594797611237,25.741073608398438,17.917949676513672,13.85367202758789
scene14_traj1_1__000256,0.11484876275062561,0.17974843084812164,0.8602926731109619,0.7004674673080444,1.2232176065444946,34.54159927368164,29.89937400817871,0.11484876275062561,0.17974843084812164,42.51023483276367,34.54159927368164,29.89937400817871,0.07672184705734253,0.12984682619571686,0.529194712638855,0.48316189646720886,0.7798818349838257,17.668611526489258,13.509391784667969,0.07672184705734253,0.12984682619571686,25.771705627441406,17.668611526489258,13.509391784667969
scene14_traj1_1__000257,0.11141646653413773,0.17569975554943085,0.8759456276893616,0.7087913155555725,1.2450153827667236,34.994590759277344,30.226076126098633,0.11141646653413773,0.17569975554943085,43.39590835571289,34.994590759277344,30.226076126098633,0.07273407280445099,0.1252119392156601,0.5318814516067505,0.48634904623031616,0.7836371660232544,17.096637725830078,12.647228240966797,0.07273407280445099,0.1252119392156601,25.918237686157227,17.096637725830078,12.647228240966797
scene14_traj1_1__000258,0.09961949288845062,0.16197341680526733,0.9241288900375366,0.6836996674537659,1.2659268379211426,35.10129165649414,29.43527603149414,0.09961949288845062,0.16197341680526733,44.60700225830078,35.10129165649414,29.43527603149414,0.06317123025655746,0.1105848029255867,0.5521647334098816,0.5044049620628357,0.8118361830711365,17.21689224243164,12.04711627960205,0.06317123025655746,0.1105848029255867,26.872045516967773,17.21689224243164,12.04711627960205
scene14_traj1_1__000259,0.09539943188428879,0.1584319770336151,0.9534087181091309,0.6561425924301147,1.268568992614746,35.27588653564453,28.805444717407227,0.09539943188428879,0.1584319770336151,44.99220657348633,35.27588653564453,28.805444717407227,0.06020793318748474,0.10337693989276886,0.5615081787109375,0.5317147970199585,0.8409820795059204,18.510305404663086,12.716500282287598,0.06020793318748474,0.10337693989276886,27.931154251098633,18.510305404663086,12.716500282287598
scene14_traj1_1__000260,0.09074719250202179,0.15202420949935913,0.967512309551239,0.6672360301017761,1.2904067039489746,35.36630630493164,28.361051559448242,0.09074719250202179,0.15202420949935913,45.99679946899414,35.36630630493164,28.361051559448242,0.05782938376069069,0.10044748336076736,0.5726709961891174,0.5388131141662598,0.8541348576545715,18.683460235595703,12.710227966308594,0.05782938376069069,0.10044748336076736,28.36393165588379,18.683460235595703,12.710227966308594
scene14_traj1_1__000261,0.08862779289484024,0.1488586962223053,0.9786713123321533,0.6422857642173767,1.2769581079483032,34.315711975097656,26.971181869506836,0.08862779289484024,0.1488586962223053,45.54484558105469,34.315711975097656,26.971181869506836,0.05400470644235611,0.09602024406194687,0.5810882449150085,0.5323138236999512,0.8561611175537109,18.601957321166992,12.782604217529297,0.05400470644235611,0.09602024406194687,28.434335708618164,18.601957321166992,12.782604217529297
scene14_traj1_1__000262,0.08921299874782562,0.15030474960803986,0.9808540344238281,0.6454834938049316,1.2823642492294312,34.59759521484375,27.17024803161621,0.08921299874782562,0.15030474960803986,45.766048431396484,34.59759521484375,27.17024803161621,0.053849704563617706,0.09520617127418518,0.5774805545806885,0.5360537171363831,0.8563207387924194,18.437162399291992,12.60848331451416,0.053849704563617706,0.09520617127418518,28.472013473510742,18.437162399291992,12.60848331451416
scene14_traj1_1__000263,0.09118761122226715,0.1508289873600006,0.9638658761978149,0.6822625994682312,1.2990161180496216,37.1478385925293,31.071542739868164,0.09118761122226715,0.1508289873600006,46.128273010253906,37.1478385925293,31.071542739868164,0.057826727628707886,0.09924785792827606,0.5650973916053772,0.5386320948600769,0.848680317401886,18.696056365966797,12.835474014282227,0.057826727628707886,0.09924785792827606,28.215360641479492,18.696056365966797,12.835474014282227
scene14_traj2_1__000000,0.10096481442451477,0.15727658569812775,0.8775922060012817,0.6837380528450012,1.2302052974700928,33.30024337768555,29.01974105834961,0.10096481442451477,0.15727658569812775,42.99238967895508,33.30024337768555,29.01974105834961,0.06542286276817322,0.10875542461872101,0.5510717630386353,0.4703349173069,0.7855306267738342,15.858244895935059,11.802696228027344,0.06542286276817322,0.10875542461872101,25.950780868530273,15.858244895935059,11.802696228027344
scene14_traj2_1__000001,0.10165785998106003,0.15820461511611938,0.8766211867332458,0.6793965697288513,1.2265292406082153,33.19768524169922,28.959674835205078,0.10165785998106003,0.15820461511611938,42.88096618652344,33.19768524169922,28.959674835205078,0.06551793217658997,0.10911360383033752,0.5496689677238464,0.4746934771537781,0.7878048419952393,15.998071670532227,11.935417175292969,0.06551793217658997,0.10911360383033752,26.019990921020508,15.998071670532227,11.935417175292969
scene14_traj2_1__000002,0.1025734543800354,0.15955249965190887,0.879513144493103,0.6787348985671997,1.2262226343154907,33.377296447753906,28.93060302734375,0.1025734543800354,0.15955249965190887,42.896461486816406,33.377296447753906,28.93060302734375,0.06560323387384415,0.10897333920001984,0.5385241508483887,0.47741958498954773,0.7807311415672302,15.628378868103027,11.169788360595703,0.06560323387384415,0.10897333920001984,25.777263641357422,15.628378868103027,11.169788360595703
scene14_traj2_1__000003,0.10284515470266342,0.15966123342514038,0.8814711570739746,0.6984773278236389,1.2455705404281616,34.87925338745117,30.805965423583984,0.10284515470266342,0.15966123342514038,43.60264205932617,34.87925338745117,30.805965423583984,0.0656144767999649,0.10902713239192963,0.5298290848731995,0.48675039410591125,0.7792889475822449,15.853023529052734,11.40582275390625,0.0656144767999649,0.10902713239192963,25.705520629882812,15.853023529052734,11.40582275390625
scene14_traj2_1__000004,0.10163068026304245,0.15779335796833038,0.8824474811553955,0.690809965133667,1.2407835721969604,33.96268844604492,29.75502586364746,0.10163068026304245,0.15779335796833038,43.4119758605957,33.96268844604492,29.75502586364746,0.06517580896615982,0.10808002203702927,0.5377452969551086,0.48192206025123596,0.7828260064125061,15.662367820739746,11.332326889038086,0.06517580896615982,0.10808002203702927,25.86627769470215,15.662367820739746,11.332326889038086
scene14_traj2_1__000005,0.10191253572702408,0.1584606021642685,0.8805999159812927,0.6711411476135254,1.221944808959961,32.694122314453125,28.211650848388672,0.10191253572702408,0.1584606021642685,42.72615432739258,32.694122314453125,28.211650848388672,0.06566095352172852,0.10863298177719116,0.5468724370002747,0.4750670790672302,0.7865402698516846,15.716384887695312,11.479975700378418,0.06566095352172852,0.10863298177719116,25.990156173706055,15.716384887695312,11.479975700378418
scene14_traj2_1__000006,0.10172031819820404,0.15812340378761292,0.882053792476654,0.6729024052619934,1.2258644104003906,33.16718673706055,28.91660499572754,0.10172031819820404,0.15812340378761292,42.87114334106445,33.16718673706055,28.91660499572754,0.06601633131504059,0.10928254574537277,0.5507126450538635,0.476552277803421,0.7901475429534912,15.95925235748291,11.770440101623535,0.06601633131504059,0.10928254574537277,26.130128860473633,15.95925235748291,11.770440101623535
scene14_traj2_1__000007,0.10282734036445618,0.15978476405143738,0.8763886094093323,0.6781651377677917,1.224703311920166,33.277191162109375,28.782499313354492,0.10282734036445618,0.15978476405143738,42.817970275878906,33.277191162109375,28.782499313354492,0.06548673659563065,0.10841096937656403,0.5352692604064941,0.48171722888946533,0.7811892628669739,15.498793601989746,10.998531341552734,0.06548673659563065,0.10841096937656403,25.823001861572266,15.498793601989746,10.998531341552734
scene14_traj2_1__000008,0.10308434069156647,0.1599201261997223,0.876473605632782,0.6837109923362732,1.229742407798767,33.89757537841797,29.51893424987793,0.10308434069156647,0.1599201261997223,42.95988464355469,33.89757537841797,29.51893424987793,0.06537362188100815,0.10803800821304321,0.5232828259468079,0.4891582727432251,0.7760958671569824,15.535113334655762,10.892410278320312,0.06537362188100815,0.10803800821304321,25.63744354248047,15.535113334655762,10.892410278320312
scene14_traj2_1__000009,0.10263169556856155,0.15922388434410095,0.8805255889892578,0.6880348920822144,1.237365961074829,34.155914306640625,30.037750244140625,0.10263169556856155,0.15922388434410095,43.279823303222656,34.155914306640625,30.037750244140625,0.0656765028834343,0.10862516611814499,0.5288956761360168,0.4842350482940674,0.7771626710891724,15.532894134521484,11.089035034179688,0.0656765028834343,0.10862516611814499,25.648900985717773,15.532894134521484,11.089035034179688
scene14_traj2_1__000010,0.10173672437667847,0.15802808105945587,0.8823332786560059,0.6943717002868652,1.244680643081665,34.27219009399414,30.060863494873047,0.10173672437667847,0.15802808105945587,43.57594680786133,34.27219009399414,30.060863494873047,0.06606801599264145,0.10912385582923889,0.539969265460968,0.48305708169937134,0.7855034470558167,15.825960159301758,11.51513671875,0.06606801599264145,0.10912385582923889,25.975513458251953,15.825960159301758,11.51513671875
scene14_traj2_1__000011,0.10195911675691605,0.1584610641002655,0.8779274225234985,0.6851584315299988,1.2332347631454468,33.52492904663086,29.1309757232666,0.10195911675691605,0.1584610641002655,43.20281982421875,33.52492904663086,29.1309757232666,0.06646893918514252,0.10976454615592957,0.5446364283561707,0.4789794683456421,0.7873226404190063,15.738070487976074,11.514476776123047,0.06646893918514252,0.10976454615592957,26.039968490600586,15.738070487976074,11.514476776123047
scene14_traj2_1__000012,0.10264070332050323,0.15937556326389313,0.8792706727981567,0.6854281425476074,1.2337285280227661,33.616661071777344,29.028596878051758,0.10264070332050323,0.15937556326389313,43.180843353271484,33.616661071777344,29.028596878051758,0.06573697924613953,0.10857871174812317,0.5346227288246155,0.4852994382381439,0.7825378179550171,15.682151794433594,11.225584030151367,0.06573697924613953,0.10857871174812317,25.888093948364258,15.682151794433594,11.225584030151367
scene14_traj2_1__000013,0.10309223085641861,0.15992243587970734,0.8782849907875061,0.6974747180938721,1.2427630424499512,34.671051025390625,30.290531158447266,0.10309223085641861,0.15992243587970734,43.4643440246582,34.671051025390625,30.290531158447266,0.06552566587924957,0.10823929309844971,0.5236333608627319,0.49298378825187683,0.778922438621521,15.769400596618652,11.149328231811523,0.06552566587924957,0.10823929309844971,25.74930763244629,15.769400596618652,11.149328231811523
scene14_traj2_1__000014,0.10224749147891998,0.15852147340774536,0.8853181600570679,0.6949270963668823,1.2475875616073608,34.7304573059082,30.49791717529297,0.10224749147891998,0.15852147340774536,43.703086853027344,34.7304573059082,30.49791717529297,0.06589250266551971,0.10864914953708649,0.5306417942047119,0.49138179421424866,0.7833177447319031,15.914950370788574,11.410265922546387,0.06589250266551971,0.10864914953708649,25.889677047729492,15.914950370788574,11.410265922546387
scene14_traj2_1__000015,0.1015632227063179,0.15765602886676788,0.8831048607826233,0.686314046382904,1.2390447854995728,33.99578094482422,29.7067928314209,0.1015632227063179,0.15765602886676788,43.382484436035156,33.99578094482422,29.7067928314209,0.0658925324678421,0.10841121524572372,0.5373815298080444,0.48593267798423767,0.7853960990905762,15.817793846130371,11.450904846191406,0.0658925324678421,0.10841121524572372,25.969953536987305,15.817793846130371,11.450904846191406
scene14_traj2_1__000016,0.10139802098274231,0.15771442651748657,0.8853936791419983,0.6771464347839355,1.2331421375274658,33.50791549682617,29.20297622680664,0.10139802098274231,0.15771442651748657,43.14468765258789,33.50791549682617,29.20297622680664,0.06573574990034103,0.10868106782436371,0.54068922996521,0.48325416445732117,0.786084771156311,15.70129680633545,11.364144325256348,0.06573574990034103,0.10868106782436371,26.019935607910156,15.70129680633545,11.364144325256348
scene14_traj2_1__000017,0.10281344503164291,0.1599458009004593,0.8798877000808716,0.6858639121055603,1.2348802089691162,33.689205169677734,28.989748001098633,0.10281344503164291,0.1599458009004593,43.27872085571289,33.689205169677734,28.989748001098633,0.0657752975821495,0.1086874008178711,0.5312615036964417,0.49024632573127747,0.7834656238555908,15.637388229370117,11.072113037109375,0.0657752975821495,0.1086874008178711,25.92414665222168,15.637388229370117,11.072113037109375
scene14_traj2_1__000018,0.10340619087219238,0.16034504771232605,0.8810450434684753,0.6957502961158752,1.2439756393432617,34.74671173095703,30.374244689941406,0.10340619087219238,0.16034504771232605,43.56483840942383,34.74671173095703,30.374244689941406,0.0651966854929924,0.10759814083576202,0.5179862976074219,0.496003657579422,0.7766605615615845,15.485054016113281,10.660467147827148,0.0651966854929924,0.10759814083576202,25.67551040649414,15.485054016113281,10.660467147827148
scene14_traj2_1__000019,0.10223565250635147,0.15876838564872742,0.8847042918205261,0.6856507062911987,1.2399070262908936,34.26069641113281,30.0522518157959,0.10223565250635147,0.15876838564872742,43.39873504638672,34.26069641113281,30.0522518157959,0.06512264162302017,0.10759036242961884,0.5269657969474792,0.49296894669532776,0.7809818387031555,15.536717414855957,10.876520156860352,0.06512264162302017,0.10759036242961884,25.817045211791992,15.536717414855957,10.876520156860352
scene14_traj2_1__000020,0.10169824212789536,0.15793688595294952,0.8841305375099182,0.6846535205841064,1.2389203310012817,33.886985778808594,29.657123565673828,0.10169824212789536,0.15793688595294952,43.39151382446289,33.886985778808594,29.657123565673828,0.06584732234477997,0.10857227444648743,0.5344533920288086,0.4893631637096405,0.784956157207489,15.517343521118164,10.941542625427246,0.06584732234477997,0.10857227444648743,25.98638153076172,15.517343521118164,10.941542625427246
scene14_traj2_1__000021,0.10196438431739807,0.1586848944425583,0.8838887810707092,0.6776825785636902,1.2328839302062988,33.59912872314453,29.306400299072266,0.10196438431739807,0.1586848944425583,43.13478469848633,33.59912872314453,29.306400299072266,0.06613951176404953,0.10901612043380737,0.5390376448631287,0.4911070466041565,0.7903438210487366,15.85608959197998,11.352020263671875,0.06613951176404953,0.10901612043380737,26.18557357788086,15.85608959197998,11.352020263671875
scene14_traj2_1__000022,0.1025979071855545,0.15954498946666718,0.8816968202590942,0.6807767152786255,1.2313508987426758,33.82436752319336,29.25990867614746,0.1025979071855545,0.15954498946666718,43.05778121948242,33.82436752319336,29.25990867614746,0.06499246507883072,0.1069512814283371,0.5214434862136841,0.49151375889778137,0.7759976387023926,15.380980491638184,10.561518669128418,0.06499246507883072,0.1069512814283371,25.66230583190918,15.380980491638184,10.561518669128418
scene14_traj2_1__000023,0.10255540162324905,0.15893587470054626,0.8859705924987793,0.698301374912262,1.2495685815811157,35.07650375366211,30.725549697875977,0.10255540162324905,0.15893587470054626,43.746395111083984,35.07650375366211,30.725549697875977,0.06548130512237549,0.10832645744085312,0.5223091244697571,0.5029504895210266,0.7850733399391174,16.132720947265625,11.361127853393555,0.06548130512237549,0.10832645744085312,25.963979721069336,16.132720947265625,11.361127853393555
scene14_traj2_1__000024,0.10118643194437027,0.15693707764148712,0.8861498236656189,0.6961211562156677,1.2498598098754883,34.703102111816406,30.386877059936523,0.10118643194437027,0.15693707764148712,43.81000518798828,34.703102111816406,30.386877059936523,0.06520150601863861,0.10734961181879044,0.5297856330871582,0.4941059350967407,0.7845637202262878,15.793782234191895,11.060188293457031,0.06520150601863861,0.10734961181879044,25.942123413085938,15.793782234191895,11.060188293457031
scene14_traj2_1__000025,0.10114502161741257,0.15694689750671387,0.8868631720542908,0.6865653395652771,1.2435836791992188,34.18354797363281,29.990854263305664,0.10114502161741257,0.15694689750671387,43.54893112182617,34.18354797363281,29.990854263305664,0.06618744134902954,0.10874713957309723,0.5376538038253784,0.4931749105453491,0.790610671043396,15.918034553527832,11.285761833190918,0.06618744134902954,0.10874713957309723,26.19426918029785,15.918034553527832,11.285761833190918
scene14_traj2_1__000026,0.10182226449251175,0.15833254158496857,0.8873756527900696,0.671690046787262,1.2297927141189575,33.38357925415039,28.826562881469727,0.10182226449251175,0.15833254158496857,43.03716278076172,33.38357925415039,28.826562881469727,0.06575015932321548,0.10817892849445343,0.5313710570335388,0.48997801542282104,0.7831737995147705,15.494268417358398,10.770974159240723,0.06575015932321548,0.10817892849445343,25.940622329711914,15.494268417358398,10.770974159240723
scene14_traj2_1__000027,0.1030769795179367,0.1599794179201126,0.8818473219871521,0.673414945602417,1.2242385149002075,33.569480895996094,28.88776969909668,0.1030769795179367,0.1599794179201126,42.76303482055664,33.569480895996094,28.88776969909668,0.0652107298374176,0.10725351423025131,0.520322322845459,0.4974066913127899,0.7801750898361206,15.705646514892578,10.757428169250488,0.0652107298374176,0.10725351423025131,25.844799041748047,15.705646514892578,10.757428169250488
scene14_traj2_1__000028,0.1029638797044754,0.1594061255455017,0.8833449482917786,0.6951755881309509,1.2453769445419312,35.02898406982422,30.799535751342773,0.1029638797044754,0.1594061255455017,43.60028839111328,35.02898406982422,30.799535751342773,0.06534687429666519,0.10764084756374359,0.5189864039421082,0.5013642907142639,0.7812439203262329,15.994832038879395,11.07590389251709,0.06534687429666519,0.10764084756374359,25.8339900970459,15.994832038879395,11.07590389251709
scene14_traj2_1__000029,0.10161559283733368,0.15758468210697174,0.8838419914245605,0.6824913620948792,1.236694097518921,34.16651153564453,29.913108825683594,0.10161559283733368,0.15758468210697174,43.26869201660156,34.16651153564453,29.913108825683594,0.06570751965045929,0.10756223648786545,0.5301838517189026,0.4949418604373932,0.7858774065971375,15.789057731628418,11.024454116821289,0.06570751965045929,0.10756223648786545,26.00400733947754,15.789057731628418,11.024454116821289
scene14_traj2_1__000030,0.10204390436410904,0.15854153037071228,0.881547212600708,0.6835622191429138,1.235613465309143,33.92322540283203,29.602596282958984,0.10204390436410904,0.15854153037071228,43.2576789855957,33.92322540283203,29.602596282958984,0.065799780189991,0.10821470618247986,0.5340728759765625,0.4945693910121918,0.7885400652885437,15.870562553405762,11.146101951599121,0.065799780189991,0.10821470618247986,26.119596481323242,15.870562553405762,11.146101951599121
scene14_traj2_1__000031,0.10246016085147858,0.15921464562416077,0.8764932751655579,0.6819391846656799,1.228895664215088,33.65005874633789,28.99148941040039,0.10246016085147858,0.15921464562416077,42.99443054199219,33.65005874633789,28.99148941040039,0.06545473635196686,0.10770181566476822,0.5269007086753845,0.4966990053653717,0.7848806977272034,15.832131385803223,10.946900367736816,0.06545473635196686,0.10770181566476822,26.002161026000977,15.832131385803223,10.946900367736816
scene14_traj2_1__000032,0.10355830192565918,0.16054707765579224,0.8781166672706604,0.6858006119728088,1.2325044870376587,34.567649841308594,30.121641159057617,0.10355830192565918,0.16054707765579224,43.063716888427734,34.567649841308594,30.121641159057617,0.06536101549863815,0.1074923723936081,0.5184122920036316,0.5048040747642517,0.7840254306793213,16.211393356323242,11.172147750854492,0.06536101549863815,0.1074923723936081,25.94193458557129,16.211393356323242,11.172147750854492
scene14_traj2_1__000033,0.10212507843971252,0.15840433537960052,0.8831051588058472,0.6959705352783203,1.2452932596206665,34.90636444091797,30.60851287841797,0.10212507843971252,0.15840433537960052,43.58415222167969,34.90636444091797,30.60851287841797,0.06504040211439133,0.10692992806434631,0.5250526666641235,0.5025903582572937,0.7876995801925659,16.255706787109375,11.272359848022461,0.06504040211439133,0.10692992806434631,26.07748794555664,16.255706787109375,11.272359848022461
scene14_traj2_1__000034,0.10167405754327774,0.15792083740234375,0.8827055096626282,0.6885620355606079,1.2411541938781738,34.4691276550293,30.22223663330078,0.10167405754327774,0.15792083740234375,43.473960876464844,34.4691276550293,30.22223663330078,0.06552939116954803,0.10713191330432892,0.5314256548881531,0.49726009368896484,0.7887033224105835,15.972786903381348,11.083084106445312,0.06552939116954803,0.10713191330432892,26.130037307739258,15.972786903381348,11.083084106445312
scene14_traj2_1__000035,0.10165360569953918,0.15798500180244446,0.8825464248657227,0.6876203417778015,1.2385773658752441,34.200111389160156,29.859712600708008,0.10165360569953918,0.15798500180244446,43.37542724609375,34.200111389160156,29.859712600708008,0.06509486585855484,0.10675327479839325,0.5302285552024841,0.49814069271087646,0.7889050841331482,15.995172500610352,11.093189239501953,0.06509486585855484,0.10675327479839325,26.161945343017578,15.995172500610352,11.093189239501953
scene14_traj2_1__000036,0.1030602976679802,0.16009320318698883,0.8796989321708679,0.6818205714225769,1.2296841144561768,34.21846008300781,29.659652709960938,0.1030602976679802,0.16009320318698883,42.98091125488281,34.21846008300781,29.659652709960938,0.06482651084661484,0.10658559948205948,0.5215586423873901,0.504452645778656,0.7870801091194153,16.226308822631836,11.220489501953125,0.06482651084661484,0.10658559948205948,26.085601806640625,16.226308822631836,11.220489501953125
scene14_traj2_1__000037,0.10259553790092468,0.15891814231872559,0.8818206787109375,0.7118961215019226,1.2571098804473877,35.65754699707031,31.513628005981445,0.10259553790092468,0.15891814231872559,44.02122497558594,35.65754699707031,31.513628005981445,0.0648217648267746,0.1065593808889389,0.5206876397132874,0.504341185092926,0.7851091027259827,16.33952522277832,11.397810935974121,0.0648217648267746,0.1065593808889389,25.973867416381836,16.33952522277832,11.397810935974121
scene14_traj2_1__000038,0.10205231606960297,0.1588018834590912,0.87883460521698,0.6752606630325317,1.2253094911575317,33.63220977783203,29.12222671508789,0.10205231606960297,0.1588018834590912,42.89175796508789,33.63220977783203,29.12222671508789,0.06494063138961792,0.10644310712814331,0.530568540096283,0.49640902876853943,0.7881232500076294,16.128812789916992,11.139280319213867,0.06494063138961792,0.10644310712814331,26.103599548339844,16.128812789916992,11.139280319213867
scene14_traj2_1__000039,0.10153049975633621,0.1579376608133316,0.8794194459915161,0.6766856908798218,1.2267087697982788,33.42129135131836,28.517433166503906,0.10153049975633621,0.1579376608133316,42.987762451171875,33.42129135131836,28.517433166503906,0.06463608145713806,0.10583809018135071,0.5306540131568909,0.49793627858161926,0.7893659472465515,16.126312255859375,11.13985538482666,0.06463608145713806,0.10583809018135071,26.143455505371094,16.126312255859375,11.13985538482666
scene14_traj2_1__000040,0.10238416492938995,0.1593816727399826,0.8800628185272217,0.6757999062538147,1.2255507707595825,33.914886474609375,29.262794494628906,0.10238416492938995,0.1593816727399826,42.8383903503418,33.914886474609375,29.262794494628906,0.06427513808012009,0.10575590282678604,0.5239040851593018,0.5056388974189758,0.7898144721984863,16.418136596679688,11.323783874511719,0.06427513808012009,0.10575590282678604,26.17955780029297,16.418136596679688,11.323783874511719
scene14_traj2_1__000041,0.10157289355993271,0.15784987807273865,0.8869752287864685,0.7005872130393982,1.251603603363037,35.408912658691406,30.835651397705078,0.10157289355993271,0.15784987807273865,43.86785888671875,35.408912658691406,30.835651397705078,0.06406388431787491,0.10545153170824051,0.5221688747406006,0.5123313069343567,0.7930523157119751,16.742807388305664,11.508431434631348,0.06406388431787491,0.10545153170824051,26.255571365356445,16.742807388305664,11.508431434631348
scene14_traj2_1__000042,0.10120357573032379,0.15742258727550507,0.879564642906189,0.6798937916755676,1.2294269800186157,34.05040740966797,29.51386260986328,0.10120357573032379,0.15742258727550507,43.053977966308594,34.05040740966797,29.51386260986328,0.06436221301555634,0.10489972680807114,0.5270681381225586,0.5041671395301819,0.7908582091331482,16.33776092529297,11.156142234802246,0.06436221301555634,0.10489972680807114,26.19666290283203,16.33776092529297,11.156142234802246
scene14_traj2_1__000043,0.09928889572620392,0.15487444400787354,0.8846312761306763,0.6682816743850708,1.2248265743255615,33.635807037353516,29.015661239624023,0.09928889572620392,0.15487444400787354,42.916221618652344,33.635807037353516,29.015661239624023,0.06424587219953537,0.10558318346738815,0.5389304161071777,0.5032110214233398,0.8006165027618408,16.786226272583008,11.726943969726562,0.06424587219953537,0.10558318346738815,26.534696578979492,16.786226272583008,11.726943969726562
scene14_traj2_1__000044,0.10070335865020752,0.1570056527853012,0.883621096611023,0.6687449216842651,1.222072958946228,33.63496398925781,28.890806198120117,0.10070335865020752,0.1570056527853012,42.75265121459961,33.63496398925781,28.890806198120117,0.06379447877407074,0.10459055751562119,0.5318712592124939,0.5045930743217468,0.7957783937454224,16.756935119628906,11.67055606842041,0.06379447877407074,0.10459055751562119,26.379472732543945,16.756935119628906,11.67055606842041
scene14_traj2_1__000045,0.10085982829332352,0.15727519989013672,0.8827987313270569,0.6843960285186768,1.233632206916809,34.615203857421875,29.757665634155273,0.10085982829332352,0.15727519989013672,43.207279205322266,34.615203857421875,29.757665634155273,0.06308849155902863,0.10363199561834335,0.525558352470398,0.5137042999267578,0.7977351546287537,17.129962921142578,11.822136878967285,0.06308849155902863,0.10363199561834335,26.428125381469727,17.129962921142578,11.822136878967285
scene14_traj2_1__000046,0.09961845725774765,0.15613819658756256,0.8815851211547852,0.6923187375068665,1.2408188581466675,34.709808349609375,30.06200408935547,0.09961845725774765,0.15613819658756256,43.50122833251953,34.709808349609375,30.06200408935547,0.06293736398220062,0.10276740044355392,0.5280755758285522,0.5128691792488098,0.7983842492103577,16.791162490844727,11.33820629119873,0.06293736398220062,0.10276740044355392,26.483186721801758,16.791162490844727,11.33820629119873
scene14_traj2_1__000047,0.09898360073566437,0.1554029881954193,0.8835360407829285,0.6826999187469482,1.2348835468292236,34.04339599609375,29.236404418945312,0.09898360073566437,0.1554029881954193,43.30817413330078,34.04339599609375,29.236404418945312,0.06336092948913574,0.1033073142170906,0.5335706472396851,0.5078344941139221,0.7985816597938538,16.615514755249023,11.223670959472656,0.06336092948913574,0.1033073142170906,26.49476432800293,16.615514755249023,11.223670959472656
scene14_traj2_1__000048,0.09923826158046722,0.1556347906589508,0.8833754062652588,0.6647818088531494,1.2194900512695312,33.27787399291992,28.374788284301758,0.09923826158046722,0.1556347906589508,42.71711349487305,33.27787399291992,28.374788284301758,0.06282252818346024,0.10253521054983139,0.5366480946540833,0.5091969966888428,0.803059458732605,16.8924503326416,11.606086730957031,0.06282252818346024,0.10253521054983139,26.646333694458008,16.8924503326416,11.606086730957031
scene14_traj2_1__000049,0.09916828572750092,0.15585558116436005,0.886589527130127,0.6721571683883667,1.2263323068618774,33.89450454711914,28.77934455871582,0.09916828572750092,0.15585558116436005,42.95551300048828,33.89450454711914,28.77934455871582,0.06148040294647217,0.10072307288646698,0.529191255569458,0.514517068862915,0.8010187745094299,16.9125919342041,11.433159828186035,0.06148040294647217,0.10072307288646698,26.591218948364258,16.9125919342041,11.433159828186035
scene14_traj2_1__000050,0.09837094694375992,0.15439391136169434,0.8904990553855896,0.6851944923400879,1.2400516271591187,34.89446258544922,30.098766326904297,0.09837094694375992,0.15439391136169434,43.46224594116211,34.89446258544922,30.098766326904297,0.06172190234065056,0.10141835361719131,0.5303696393966675,0.5193482041358948,0.8056336045265198,17.446941375732422,12.005017280578613,0.06172190234065056,0.10141835361719131,26.7087459564209,17.446941375732422,12.005017280578613
scene14_traj2_1__000051,0.09718071669340134,0.15304534137248993,0.8918246030807495,0.6667797565460205,1.2270725965499878,33.74230194091797,28.762887954711914,0.09718071669340134,0.15304534137248993,43.046607971191406,33.74230194091797,28.762887954711914,0.062124863266944885,0.10108719766139984,0.5411846041679382,0.5134085416793823,0.8094424605369568,17.381248474121094,11.97103214263916,0.062124863266944885,0.10108719766139984,26.856901168823242,17.381248474121094,11.97103214263916
scene14_traj2_1__000052,0.09736594557762146,0.15345452725887299,0.8881124258041382,0.6570073962211609,1.2143940925598145,32.77195739746094,27.499879837036133,0.09736594557762146,0.15345452725887299,42.62799072265625,32.77195739746094,27.499879837036133,0.06275677680969238,0.10223466157913208,0.5484997034072876,0.5103880167007446,0.8136557936668396,17.33490562438965,12.059257507324219,0.06275677680969238,0.10223466157913208,27.023038864135742,17.33490562438965,12.059257507324219
scene14_traj2_1__000053,0.0959295704960823,0.1511605679988861,0.8945670127868652,0.6619748473167419,1.224755883216858,33.600826263427734,28.48988914489746,0.0959295704960823,0.1511605679988861,42.94935607910156,33.600826263427734,28.48988914489746,0.06101411208510399,0.099739670753479,0.5451393723487854,0.5165785551071167,0.8162471055984497,17.57917594909668,12.158875465393066,0.06101411208510399,0.099739670753479,27.107839584350586,17.57917594909668,12.158875465393066
scene14_traj2_1__000054,0.0971376895904541,0.15300363302230835,0.8925381898880005,0.6699911952018738,1.2267717123031616,34.094635009765625,28.5979061126709,0.0971376895904541,0.15300363302230835,43.06853485107422,34.094635009765625,28.5979061126709,0.0604967400431633,0.09953776001930237,0.537449061870575,0.5238833427429199,0.8153237104415894,17.96295738220215,12.427227020263672,0.0604967400431633,0.09953776001930237,27.10430145263672,17.96295738220215,12.427227020263672
scene14_traj2_1__000055,0.09568841755390167,0.15040719509124756,0.9018908739089966,0.6784209609031677,1.2427905797958374,34.93366622924805,29.851722717285156,0.09568841755390167,0.15040719509124756,43.64458084106445,34.93366622924805,29.851722717285156,0.06001095473766327,0.09829216450452805,0.5390718579292297,0.5245442390441895,0.8166300654411316,18.00998306274414,12.48943042755127,0.06001095473766327,0.09829216450452805,27.12183380126953,18.00998306274414,12.48943042755127
scene14_traj2_1__000056,0.09440285712480545,0.14869143068790436,0.899817705154419,0.6599333882331848,1.2269536256790161,33.60524368286133,28.171876907348633,0.09440285712480545,0.14869143068790436,43.1339111328125,33.60524368286133,28.171876907348633,0.060783229768276215,0.09890137612819672,0.5493180155754089,0.5191001296043396,0.8207728266716003,17.903156280517578,12.390504837036133,0.060783229768276215,0.09890137612819672,27.271997451782227,17.903156280517578,12.390504837036133
scene14_traj2_1__000057,0.09267725795507431,0.14626599848270416,0.9018822312355042,0.6619128584861755,1.2316322326660156,33.909969329833984,28.801591873168945,0.09267725795507431,0.14626599848270416,43.26854705810547,33.909969329833984,28.801591873168945,0.06087622418999672,0.09942038357257843,0.558723509311676,0.5205071568489075,0.8295254707336426,18.234018325805664,12.787866592407227,0.06087622418999672,0.09942038357257843,27.576128005981445,18.234018325805664,12.787866592407227
scene14_traj2_1__000058,0.09332488477230072,0.14722806215286255,0.899706244468689,0.660524308681488,1.2271744012832642,33.56068420410156,28.20859718322754,0.09332488477230072,0.14722806215286255,43.129817962646484,33.56068420410156,28.20859718322754,0.06035503372550011,0.0989149957895279,0.5613778233528137,0.5223740935325623,0.8333787322044373,18.548431396484375,13.275100708007812,0.06035503372550011,0.0989149957895279,27.72519302368164,18.548431396484375,13.275100708007812
scene14_traj2_1__000059,0.09411897510290146,0.14862920343875885,0.902056872844696,0.6545058488845825,1.2225109338760376,33.66315460205078,28.04701042175293,0.09411897510290146,0.14862920343875885,42.95499038696289,33.66315460205078,28.04701042175293,0.059304650872945786,0.09767772257328033,0.5543498992919922,0.5263503193855286,0.8309165239334106,18.68733787536621,13.24515151977539,0.059304650872945786,0.09767772257328033,27.626508712768555,18.68733787536621,13.24515151977539
scene14_traj2_1__000060,0.09335588663816452,0.147189661860466,0.8999077081680298,0.6836865544319153,1.2452751398086548,35.36559295654297,30.172361373901367,0.09335588663816452,0.147189661860466,43.75960922241211,35.36559295654297,30.172361373901367,0.05958247557282448,0.09843944758176804,0.5511956214904785,0.5384786128997803,0.8379894495010376,19.390451431274414,13.959227561950684,0.05958247557282448,0.09843944758176804,27.871395111083984,19.390451431274414,13.959227561950684
scene14_traj2_1__000061,0.09275971353054047,0.14602985978126526,0.8978442549705505,0.687346875667572,1.2472403049468994,35.30938720703125,30.27581787109375,0.09275971353054047,0.14602985978126526,43.8262825012207,35.30938720703125,30.27581787109375,0.05955583229660988,0.0979907363653183,0.5560091137886047,0.5315324068069458,0.8364424109458923,19.18890953063965,13.81954574584961,0.05955583229660988,0.0979907363653183,27.812952041625977,19.18890953063965,13.81954574584961
scene14_traj2_1__000062,0.09153269231319427,0.1443631649017334,0.8979008197784424,0.6835141181945801,1.2440760135650635,34.90896224975586,29.869184494018555,0.09153269231319427,0.1443631649017334,43.72319793701172,34.90896224975586,29.869184494018555,0.060117363929748535,0.09674691408872604,0.5534365773200989,0.5243226289749146,0.8281569480895996,18.519914627075195,12.879851341247559,0.060117363929748535,0.09674691408872604,27.54926300048828,18.519914627075195,12.879851341247559
scene14_traj2_1__000063,0.09116876125335693,0.14394661784172058,0.9011348485946655,0.6719844937324524,1.235730528831482,34.55559158325195,29.46001434326172,0.09116876125335693,0.14394661784172058,43.367462158203125,34.55559158325195,29.46001434326172,0.06089349463582039,0.09862213581800461,0.555402398109436,0.5237488746643066,0.830264151096344,18.642589569091797,13.006954193115234,0.06089349463582039,0.09862213581800461,27.632675170898438,18.642589569091797,13.006954193115234
scene14_traj2_1__000064,0.09286420792341232,0.146509051322937,0.8941680788993835,0.6593696475028992,1.21962308883667,33.85546875,28.61765480041504,0.09286420792341232,0.146509051322937,42.785179138183594,33.85546875,28.61765480041504,0.06005853787064552,0.09770709276199341,0.555271327495575,0.5254209637641907,0.8319107890129089,18.9641170501709,13.472765922546387,0.06005853787064552,0.09770709276199341,27.684879302978516,18.9641170501709,13.472765922546387
scene14_traj2_1__000065,0.09511112421751022,0.1493252068758011,0.8902437090873718,0.6623412370681763,1.2145910263061523,34.1253547668457,28.50178337097168,0.09511112421751022,0.1493252068758011,42.5156135559082,34.1253547668457,28.50178337097168,0.060691289603710175,0.09909896552562714,0.545913815498352,0.5337467193603516,0.8323931694030762,19.63961410522461,14.246382713317871,0.060691289603710175,0.09909896552562714,27.728696823120117,19.63961410522461,14.246382713317871
scene14_traj2_1__000066,0.09548871964216232,0.14886069297790527,0.8860262632369995,0.6915366053581238,1.234639286994934,35.215599060058594,29.764991760253906,0.09548871964216232,0.14886069297790527,43.262943267822266,35.215599060058594,29.764991760253906,0.06071361526846886,0.0984940379858017,0.5482274889945984,0.5319937467575073,0.8322460055351257,19.885284423828125,14.61621379852295,0.06071361526846886,0.0984940379858017,27.71204948425293,19.885284423828125,14.61621379852295
scene14_traj2_2__000000,0.10400602966547012,0.15581488609313965,0.8351114392280579,0.6782621741294861,1.1792291402816772,34.03822326660156,29.120065689086914,0.10400602966547012,0.15581488609313965,40.71727752685547,34.03822326660156,29.120065689086914,0.07094027101993561,0.11274400353431702,0.5639708638191223,0.5146295428276062,0.8405623435974121,22.284475326538086,18.784011840820312,0.07094027101993561,0.11274400353431702,27.960561752319336,22.284475326538086,18.784011840820312
scene14_traj2_2__000001,0.10545247793197632,0.15738148987293243,0.82831209897995,0.679453432559967,1.1745327711105347,33.7147331237793,28.66340446472168,0.10545247793197632,0.15738148987293243,40.5975341796875,33.7147331237793,28.66340446472168,0.07194886356592178,0.11449019610881805,0.5729789733886719,0.5174943208694458,0.8495301008224487,22.850324630737305,19.626752853393555,0.07194886356592178,0.11449019610881805,28.302255630493164,22.850324630737305,19.626752853393555
scene14_traj2_2__000002,0.10621169209480286,0.15861426293849945,0.8331334590911865,0.6909236907958984,1.1872237920761108,34.633819580078125,29.682411193847656,0.10621169209480286,0.15861426293849945,41.024391174316406,34.633819580078125,29.682411193847656,0.07151221483945847,0.11371881514787674,0.5704138875007629,0.5270376205444336,0.8522639274597168,23.16071128845215,19.984676361083984,0.07151221483945847,0.11371881514787674,28.48089599609375,23.16071128845215,19.984676361083984
scene14_traj2_2__000003,0.10709617286920547,0.1587645709514618,0.8320334553718567,0.7080797553062439,1.2017531394958496,35.70589065551758,31.273761749267578,0.10709617286920547,0.1587645709514618,41.4618034362793,35.70589065551758,31.273761749267578,0.07223554700613022,0.1145605742931366,0.5649669170379639,0.5292857885360718,0.8497850298881531,22.963302612304688,19.672237396240234,0.07223554700613022,0.1145605742931366,28.34881019592285,22.963302612304688,19.672237396240234
scene14_traj2_2__000004,0.10478319972753525,0.1562296599149704,0.8356327414512634,0.6700950860977173,1.1739623546600342,33.84660720825195,28.87871551513672,0.10478319972753525,0.1562296599149704,40.53653335571289,33.84660720825195,28.87871551513672,0.07160972058773041,0.11359229683876038,0.5667335987091064,0.5209333896636963,0.8462908864021301,22.63957977294922,19.432924270629883,0.07160972058773041,0.11359229683876038,28.180639266967773,22.63957977294922,19.432924270629883
scene14_traj2_2__000005,0.10383730381727219,0.15525954961776733,0.8300292491912842,0.6566364169120789,1.1582274436950684,32.81594467163086,27.573562622070312,0.10383730381727219,0.15525954961776733,40.019161224365234,32.81594467163086,27.573562622070312,0.07094486802816391,0.11251803487539291,0.5707927942276001,0.5172216892242432,0.8470794558525085,22.68320655822754,19.479013442993164,0.07094486802816391,0.11251803487539291,28.208560943603516,22.68320655822754,19.479013442993164
scene14_traj2_2__000006,0.1030983030796051,0.15427175164222717,0.8307300209999084,0.6596644520759583,1.1617591381072998,33.06673812866211,27.903162002563477,0.1030983030796051,0.15427175164222717,40.18630599975586,33.06673812866211,27.903162002563477,0.07032217085361481,0.11136262863874435,0.5733368992805481,0.5192103385925293,0.8497077226638794,22.80862045288086,19.696060180664062,0.07032217085361481,0.11136262863874435,28.31987762451172,22.80862045288086,19.696060180664062
scene14_traj2_2__000007,0.10415471345186234,0.1556205153465271,0.8339324593544006,0.671621561050415,1.1727471351623535,33.648719787597656,28.36084747314453,0.10415471345186234,0.1556205153465271,40.62314224243164,33.648719787597656,28.36084747314453,0.07034260034561157,0.11148689687252045,0.5683523416519165,0.528274655342102,0.8510895371437073,22.955774307250977,19.778209686279297,0.07034260034561157,0.11148689687252045,28.43232536315918,22.955774307250977,19.778209686279297
scene14_traj2_2__000008,0.10441555082798004,0.1555016040802002,0.8419785499572754,0.6768795847892761,1.1832984685897827,34.394752502441406,29.315017700195312,0.10441555082798004,0.1555016040802002,40.9130859375,34.394752502441406,29.315017700195312,0.07051308453083038,0.11150304228067398,0.5621653199195862,0.5325186848640442,0.8483220934867859,22.839719772338867,19.51485824584961,0.07051308453083038,0.11150304228067398,28.33109474182129,22.839719772338867,19.51485824584961
scene14_traj2_2__000009,0.10343573242425919,0.15421733260154724,0.8410796523094177,0.6729286313056946,1.1819696426391602,34.14003372192383,29.13227653503418,0.10343573242425919,0.15421733260154724,40.87146759033203,34.14003372192383,29.13227653503418,0.06972572952508926,0.11057627201080322,0.5650251507759094,0.5230273008346558,0.8468171954154968,22.510448455810547,19.158170700073242,0.06972572952508926,0.11057627201080322,28.19600486755371,22.510448455810547,19.158170700073242
scene14_traj2_2__000010,0.10224860906600952,0.1530781388282776,0.8442748785018921,0.6904722452163696,1.1999967098236084,35.035194396972656,30.388256072998047,0.10224860906600952,0.1530781388282776,41.55927276611328,35.035194396972656,30.388256072998047,0.06924961507320404,0.11014692485332489,0.5687935948371887,0.5169749855995178,0.8474351167678833,22.500001907348633,19.154293060302734,0.06924961507320404,0.11014692485332489,28.148996353149414,22.500001907348633,19.154293060302734
scene14_traj2_2__000011,0.10278049111366272,0.1538669914007187,0.8392465710639954,0.6838836073875427,1.1898177862167358,34.526153564453125,29.639198303222656,0.10278049111366272,0.1538669914007187,41.25003433227539,34.526153564453125,29.639198303222656,0.07007460296154022,0.11136194318532944,0.5787856578826904,0.5230683088302612,0.8589422702789307,23.25270652770996,20.254426956176758,0.07007460296154022,0.11136194318532944,28.60995101928711,23.25270652770996,20.254426956176758
scene14_traj2_2__000012,0.10344815254211426,0.15450744330883026,0.8389343619346619,0.680843710899353,1.1873726844787598,34.68130111694336,29.816312789916992,0.10344815254211426,0.15450744330883026,41.09319305419922,34.68130111694336,29.816312789916992,0.06952477246522903,0.11034950613975525,0.5693302750587463,0.5326815247535706,0.8554338216781616,23.18006134033203,20.018613815307617,0.06952477246522903,0.11034950613975525,28.54338836669922,23.18006134033203,20.018613815307617
scene14_traj2_2__000013,0.1037464514374733,0.15424880385398865,0.841503381729126,0.681694507598877,1.189736247062683,34.91011428833008,29.95391845703125,0.1037464514374733,0.15424880385398865,41.285987854003906,34.91011428833008,29.95391845703125,0.07092943042516708,0.1122145801782608,0.5695188641548157,0.5360408425331116,0.8587301969528198,23.28618049621582,20.014013290405273,0.07092943042516708,0.1122145801782608,28.65016746520996,23.28618049621582,20.014013290405273
scene14_traj2_2__000014,0.10290637612342834,0.15321138501167297,0.8410207033157349,0.6742232441902161,1.183241844177246,34.516719818115234,29.609466552734375,0.10290637612342834,0.15321138501167297,41.037845611572266,34.516719818115234,29.609466552734375,0.07037468999624252,0.11177223175764084,0.576596736907959,0.5274934768676758,0.8594377636909485,23.362571716308594,20.30950164794922,0.07037468999624252,0.11177223175764084,28.65531349182129,23.362571716308594,20.30950164794922
scene14_traj2_2__000015,0.10298995673656464,0.15348781645298004,0.8356855511665344,0.6640761494636536,1.1697893142700195,33.41444396972656,28.3310604095459,0.10298995673656464,0.15348781645298004,40.46465301513672,33.41444396972656,28.3310604095459,0.07035224884748459,0.1116083487868309,0.5825492143630981,0.5255454182624817,0.8634626865386963,23.61778450012207,20.758544921875,0.07035224884748459,0.1116083487868309,28.811372756958008,23.61778450012207,20.758544921875
scene14_traj2_2__000016,0.10370739549398422,0.15435396134853363,0.8370813727378845,0.6895849704742432,1.192317247390747,34.85207748413086,29.985151290893555,0.10370739549398422,0.15435396134853363,41.38070297241211,34.85207748413086,29.985151290893555,0.07016952335834503,0.1115063801407814,0.5822237730026245,0.5365694165229797,0.8681158423423767,23.97480583190918,21.135486602783203,0.07016952335834503,0.1115063801407814,29.03407859802246,23.97480583190918,21.135486602783203
scene14_traj2_2__000017,0.10467058420181274,0.15529939532279968,0.840243935585022,0.6806478500366211,1.1876933574676514,35.011539459228516,30.190858840942383,0.10467058420181274,0.15529939532279968,41.20810317993164,35.011539459228516,30.190858840942383,0.07057259976863861,0.11176681518554688,0.5777455568313599,0.5435940027236938,0.8701882362365723,24.04836654663086,21.048051834106445,0.07057259976863861,0.11176681518554688,29.11072540283203,24.04836654663086,21.048051834106445
scene14_traj2_2__000018,0.10341624170541763,0.15331417322158813,0.8390564322471619,0.6874813437461853,1.1926664113998413,34.9742546081543,30.14083480834961,0.10341624170541763,0.15331417322158813,41.380226135253906,34.9742546081543,30.14083480834961,0.07016921043395996,0.11110322177410126,0.5798013210296631,0.5356359481811523,0.867168664932251,23.836021423339844,20.874664306640625,0.07016921043395996,0.11110322177410126,28.96194076538086,23.836021423339844,20.874664306640625
scene14_traj2_2__000019,0.10318896919488907,0.15306533873081207,0.8375068306922913,0.6864041090011597,1.191914439201355,34.816471099853516,30.078609466552734,0.10318896919488907,0.15306533873081207,41.35152816772461,34.816471099853516,30.078609466552734,0.07101823389530182,0.11238761246204376,0.5859755873680115,0.528784453868866,0.868815541267395,23.882877349853516,21.04690170288086,0.07101823389530182,0.11238761246204376,28.95949935913086,23.882877349853516,21.04690170288086
scene14_traj2_2__000020,0.10414779186248779,0.15444466471672058,0.8356712460517883,0.6571438908576965,1.165245771408081,33.510536193847656,28.53557014465332,0.10414779186248779,0.15444466471672058,40.30576705932617,33.510536193847656,28.53557014465332,0.07036338001489639,0.11132386326789856,0.5865562558174133,0.5399578213691711,0.8743342757225037,24.33637237548828,21.631132125854492,0.07036338001489639,0.11132386326789856,29.28783416748047,24.33637237548828,21.631132125854492
scene14_traj2_2__000021,0.10566962510347366,0.15615707635879517,0.843267560005188,0.6694666147232056,1.1809451580047607,34.4444580078125,29.442832946777344,0.10566962510347366,0.15615707635879517,40.91474151611328,34.4444580078125,29.442832946777344,0.07135749608278275,0.11259479075670242,0.5782988667488098,0.5445573925971985,0.8705936670303345,24.168638229370117,21.276588439941406,0.07135749608278275,0.11259479075670242,29.14125633239746,24.168638229370117,21.276588439941406
scene14_traj2_2__000022,0.10407859832048416,0.1539795845746994,0.8378203511238098,0.658633828163147,1.1699591875076294,33.82279968261719,29.02176284790039,0.10407859832048416,0.1539795845746994,40.47966003417969,33.82279968261719,29.02176284790039,0.07109124213457108,0.11246715486049652,0.5819632411003113,0.532903790473938,0.8675100207328796,23.913713455200195,21.152463912963867,0.07109124213457108,0.11246715486049652,28.957897186279297,23.913713455200195,21.152463912963867
scene14_traj2_2__000023,0.10307665169239044,0.15285895764827728,0.8348309397697449,0.6577385663986206,1.1658473014831543,33.43500518798828,28.614614486694336,0.10307665169239044,0.15285895764827728,40.31064987182617,33.43500518798828,28.614614486694336,0.07004719227552414,0.11108899861574173,0.5928292870521545,0.5333212018013,0.8760149478912354,24.49762725830078,22.0682373046875,0.07004719227552414,0.11108899861574173,29.304975509643555,24.49762725830078,22.0682373046875
scene14_traj2_2__000024,0.1035284548997879,0.1534358114004135,0.8480905294418335,0.6664279699325562,1.1820783615112305,34.29705047607422,29.293087005615234,0.1035284548997879,0.1534358114004135,40.94979476928711,34.29705047607422,29.293087005615234,0.06931137293577194,0.10970918089151382,0.5815125107765198,0.5413010716438293,0.8705796599388123,24.129716873168945,21.33426856994629,0.06931137293577194,0.10970918089151382,29.1380672454834,24.129716873168945,21.33426856994629
scene14_traj2_2__000025,0.10124469548463821,0.15024936199188232,0.8427882194519043,0.6623778939247131,1.1773782968521118,33.779850006103516,28.6717529296875,0.10124469548463821,0.15024936199188232,40.81422424316406,33.779850006103516,28.6717529296875,0.06842181831598282,0.108736053109169,0.5855215787887573,0.5347276329994202,0.8697658777236938,23.996387481689453,21.358003616333008,0.06842181831598282,0.108736053109169,29.046154022216797,23.996387481689453,21.358003616333008
scene14_traj2_2__000026,0.10059717297554016,0.14987477660179138,0.8407104015350342,0.6539282202720642,1.1669121980667114,32.79439163208008,27.463539123535156,0.10059717297554016,0.14987477660179138,40.362918853759766,32.79439163208008,27.463539123535156,0.06734148412942886,0.10682659596204758,0.5864947438240051,0.526100754737854,0.8642022609710693,23.71793556213379,21.213205337524414,0.06734148412942886,0.10682659596204758,28.844938278198242,23.71793556213379,21.213205337524414
scene14_traj2_2__000027,0.10177937895059586,0.15165278315544128,0.842059850692749,0.6727362871170044,1.182784914970398,33.95803451538086,28.876205444335938,0.10177937895059586,0.15165278315544128,40.865013122558594,33.95803451538086,28.876205444335938,0.06803841888904572,0.10775349289178848,0.5753681659698486,0.5355138182640076,0.8608436584472656,23.407651901245117,20.574703216552734,0.06803841888904572,0.10775349289178848,28.75288200378418,23.407651901245117,20.574703216552734
scene14_traj2_2__000028,0.09961382299661636,0.14904487133026123,0.8456189632415771,0.6628671288490295,1.1802198886871338,33.54301834106445,28.595928192138672,0.09961382299661636,0.14904487133026123,40.78652572631836,33.54301834106445,28.595928192138672,0.06726579368114471,0.10719615966081619,0.5793086290359497,0.5227786898612976,0.8577836751937866,22.935218811035156,20.03680419921875,0.06726579368114471,0.10719615966081619,28.53836441040039,22.935218811035156,20.03680419921875
scene14_traj2_2__000029,0.09887444972991943,0.14796440303325653,0.844363808631897,0.6514555811882019,1.1683392524719238,32.84090805053711,27.60325813293457,0.09887444972991943,0.14796440303325653,40.400569915771484,32.84090805053711,27.60325813293457,0.06567421555519104,0.10475052148103714,0.5800127387046814,0.5278931260108948,0.8594017028808594,23.376609802246094,20.66735076904297,0.06567421555519104,0.10475052148103714,28.68712615966797,23.376609802246094,20.66735076904297
scene14_traj2_2__000030,0.09891489893198013,0.14796681702136993,0.8506782650947571,0.6803766489028931,1.1976186037063599,34.787818908691406,29.795808792114258,0.09891489893198013,0.14796681702136993,41.494232177734375,34.787818908691406,29.795808792114258,0.06696585565805435,0.10659299790859222,0.5739569664001465,0.5369806289672852,0.8621751070022583,23.11079216003418,19.912580490112305,0.06696585565805435,0.10659299790859222,28.725749969482422,23.11079216003418,19.912580490112305
scene14_traj2_2__000031,0.09506811946630478,0.1426183134317398,0.8553755283355713,0.6729121804237366,1.195261001586914,34.38541030883789,29.508548736572266,0.09506811946630478,0.1426183134317398,41.44179153442383,34.38541030883789,29.508548736572266,0.06406588852405548,0.10239133983850479,0.573003888130188,0.527856171131134,0.8554092049598694,22.67431640625,19.458654403686523,0.06406588852405548,0.10239133983850479,28.454378128051758,22.67431640625,19.458654403686523
scene14_traj2_2__000032,0.095069020986557,0.14300762116909027,0.853905200958252,0.6765909194946289,1.1975127458572388,34.3608283996582,29.561172485351562,0.095069020986557,0.14300762116909027,41.50720977783203,34.3608283996582,29.561172485351562,0.06338256597518921,0.10160934925079346,0.5773059725761414,0.5300665497779846,0.8602308630943298,22.974729537963867,19.828487396240234,0.06338256597518921,0.10160934925079346,28.658824920654297,22.974729537963867,19.828487396240234
scene14_traj2_2__000033,0.09758536517620087,0.14684954285621643,0.8560513854026794,0.6773719191551208,1.197766661643982,35.00129318237305,30.231664657592773,0.09758536517620087,0.14684954285621643,41.5621337890625,35.00129318237305,30.231664657592773,0.06496091932058334,0.10403013229370117,0.5708431005477905,0.5375822186470032,0.8589996695518494,22.93092155456543,19.510658264160156,0.06496091932058334,0.10403013229370117,28.601280212402344,22.93092155456543,19.510658264160156
scene14_traj2_2__000034,0.09471315890550613,0.1437743604183197,0.8651655912399292,0.6616502404212952,1.1911945343017578,33.806610107421875,28.318265914916992,0.09471315890550613,0.1437743604183197,41.402679443359375,33.806610107421875,28.318265914916992,0.06266428530216217,0.10132182389497757,0.5682562589645386,0.5363781452178955,0.8568595051765442,22.482336044311523,18.949085235595703,0.06266428530216217,0.10132182389497757,28.49322509765625,22.482336044311523,18.949085235595703
scene14_traj2_2__000035,0.09223770350217819,0.1411333531141281,0.8633468151092529,0.6431226134300232,1.171718955039978,32.39164352416992,26.325889587402344,0.09223770350217819,0.1411333531141281,40.670654296875,32.39164352416992,26.325889587402344,0.059808142483234406,0.09722277522087097,0.5682886242866516,0.5312483310699463,0.8535375595092773,22.23849868774414,18.59522819519043,0.059808142483234406,0.09722277522087097,28.377452850341797,22.23849868774414,18.59522819519043
scene14_traj2_2__000036,0.09379767626523972,0.1437063068151474,0.8694080114364624,0.6540749073028564,1.1834704875946045,33.26731872558594,27.08722496032715,0.09379767626523972,0.1437063068151474,41.1418342590332,33.26731872558594,27.08722496032715,0.06110696494579315,0.09959344565868378,0.5627632737159729,0.5426983833312988,0.8577496409416199,22.462369918823242,18.613529205322266,0.06110696494579315,0.09959344565868378,28.54241180419922,22.462369918823242,18.613529205322266
scene14_traj2_2__000037,0.09256462007761002,0.1420212835073471,0.8715617060661316,0.6464006304740906,1.1806886196136475,32.93193817138672,26.8248291015625,0.09256462007761002,0.1420212835073471,41.08894348144531,32.93193817138672,26.8248291015625,0.06117750331759453,0.09966356307268143,0.5670766830444336,0.5383521318435669,0.8576725125312805,22.49479866027832,18.87811279296875,0.06117750331759453,0.09966356307268143,28.522428512573242,22.49479866027832,18.87811279296875
scene14_traj2_2__000038,0.09193208813667297,0.14115168154239655,0.859114408493042,0.6570661067962646,1.1808693408966064,32.98836898803711,27.16938591003418,0.09193208813667297,0.14115168154239655,40.99482727050781,32.98836898803711,27.16938591003418,0.05952379107475281,0.09691683948040009,0.5616821050643921,0.5294751524925232,0.8467824459075928,21.731983184814453,17.832521438598633,0.05952379107475281,0.09691683948040009,28.121322631835938,21.731983184814453,17.832521438598633
scene14_traj2_2__000039,0.09351615607738495,0.14369922876358032,0.870357096195221,0.6682711243629456,1.1976271867752075,33.950557708740234,28.120346069335938,0.09351615607738495,0.14369922876358032,41.61457061767578,33.950557708740234,28.120346069335938,0.06093023344874382,0.09919734299182892,0.5584728121757507,0.5313276052474976,0.8460128307342529,21.651609420776367,17.63383674621582,0.06093023344874382,0.09919734299182892,28.093425750732422,21.651609420776367,17.63383674621582
scene14_traj2_2__000040,0.09497815370559692,0.14520113170146942,0.8648781776428223,0.6390963792800903,1.1698553562164307,32.646785736083984,26.924030303955078,0.09497815370559692,0.14520113170146942,40.529518127441406,32.646785736083984,26.924030303955078,0.06331855803728104,0.1030370220541954,0.5632922053337097,0.5285339951515198,0.8479294776916504,21.911766052246094,18.150739669799805,0.06331855803728104,0.1030370220541954,28.133214950561523,21.911766052246094,18.150739669799805
scene14_traj2_2__000041,0.09943331032991409,0.14985978603363037,0.8546774983406067,0.6613917350769043,1.1836291551589966,33.33321762084961,27.900550842285156,0.09943331032991409,0.14985978603363037,41.06287384033203,33.33321762084961,27.900550842285156,0.06535281240940094,0.10562194138765335,0.5652438402175903,0.5193881392478943,0.842384397983551,21.91200065612793,18.38662338256836,0.06535281240940094,0.10562194138765335,27.97846031188965,21.91200065612793,18.38662338256836
scene14_traj2_2__000042,0.10122956335544586,0.1522933840751648,0.8493697643280029,0.6726579070091248,1.188056468963623,34.12351989746094,28.982107162475586,0.10122956335544586,0.1522933840751648,41.13759231567383,34.12351989746094,28.982107162475586,0.06600580364465714,0.10626727342605591,0.5576972961425781,0.5257628560066223,0.8401741981506348,21.868389129638672,18.208646774291992,0.06600580364465714,0.10626727342605591,27.943023681640625,21.868389129638672,18.208646774291992
scene14_traj2_2__000043,0.10719240456819534,0.15862540900707245,0.8368747234344482,0.6638407707214355,1.1711784601211548,33.21266555786133,28.090641021728516,0.10719240456819534,0.15862540900707245,40.50279998779297,33.21266555786133,28.090641021728516,0.07048674672842026,0.11296414583921432,0.5698152184486389,0.5223470330238342,0.8473967909812927,22.700302124023438,19.665998458862305,0.07048674672842026,0.11296414583921432,28.244531631469727,22.700302124023438,19.665998458862305
scene14_traj2_2__000044,0.1114986464381218,0.16394652426242828,0.8190738558769226,0.6710963249206543,1.1646043062210083,33.01063919067383,28.135387420654297,0.1114986464381218,0.16394652426242828,40.17237091064453,33.01063919067383,28.135387420654297,0.07324427366256714,0.11703189462423325,0.5789349675178528,0.5125903487205505,0.848724365234375,23.093814849853516,20.500377655029297,0.07324427366256714,0.11703189462423325,28.294641494750977,23.093814849853516,20.500377655029297
scene14_traj2_2__000045,0.11993478238582611,0.17283228039741516,0.8013632297515869,0.6771990656852722,1.149518609046936,32.826087951660156,28.19038963317871,0.11993478238582611,0.17283228039741516,39.43586349487305,32.826087951660156,28.19038963317871,0.0778641328215599,0.12233459949493408,0.5628341436386108,0.5065300464630127,0.8282867670059204,22.4625244140625,19.72258186340332,0.0778641328215599,0.12233459949493408,27.63462257385254,22.4625244140625,19.72258186340332
scene14_traj2_2__000046,0.12270201742649078,0.17545582354068756,0.7924038171768188,0.6675267219543457,1.1376895904541016,32.21109390258789,27.77250862121582,0.12270201742649078,0.17545582354068756,38.911197662353516,32.21109390258789,27.77250862121582,0.07960335910320282,0.12494488805532455,0.5589607357978821,0.4904685616493225,0.817439079284668,21.831069946289062,19.03883934020996,0.07960335910320282,0.12494488805532455,27.157573699951172,21.831069946289062,19.03883934020996
scene14_traj2_2__000047,0.12330982089042664,0.1763676404953003,0.7852603197097778,0.6443759202957153,1.1129119396209717,31.001056671142578,26.50724220275879,0.12330982089042664,0.1763676404953003,38.04167938232422,31.001056671142578,26.50724220275879,0.08034075796604156,0.1267888993024826,0.57951819896698,0.49936574697494507,0.8372651934623718,23.173906326293945,20.921525955200195,0.08034075796604156,0.1267888993024826,27.963083267211914,23.173906326293945,20.921525955200195
scene14_traj2_2__000048,0.12377706915140152,0.1764424592256546,0.7869258522987366,0.6731374859809875,1.136220932006836,32.31090545654297,27.858386993408203,0.12377706915140152,0.1764424592256546,38.83087921142578,32.31090545654297,27.858386993408203,0.0810890644788742,0.12619337439537048,0.5509696006774902,0.49514663219451904,0.8117767572402954,21.60475730895996,18.740507125854492,0.0810890644788742,0.12619337439537048,26.998380661010742,21.60475730895996,18.740507125854492
scene14_traj2_2__000049,0.12329119443893433,0.17632780969142914,0.790153980255127,0.6676822900772095,1.1349250078201294,31.735000610351562,27.259790420532227,0.12329119443893433,0.17632780969142914,38.80428695678711,31.735000610351562,27.259790420532227,0.08062994480133057,0.12699909508228302,0.5623235106468201,0.4870654344558716,0.8175557255744934,21.763463973999023,19.175222396850586,0.08062994480133057,0.12699909508228302,27.17992401123047,21.763463973999023,19.175222396850586
scene14_traj2_2__000050,0.12451089918613434,0.17815853655338287,0.7918648719787598,0.6520286202430725,1.1214134693145752,31.111562728881836,26.478992462158203,0.12451089918613434,0.17815853655338287,38.338932037353516,31.111562728881836,26.478992462158203,0.08075405657291412,0.1267363727092743,0.5621193051338196,0.5033290982246399,0.8231517672538757,22.387691497802734,20.009960174560547,0.08075405657291412,0.1267363727092743,27.55185317993164,22.387691497802734,20.009960174560547
scene14_traj2_2__000051,0.12345388531684875,0.17753639817237854,0.7986199855804443,0.6704030632972717,1.1443120241165161,32.0382080078125,27.599618911743164,0.12345388531684875,0.17753639817237854,39.17137145996094,32.0382080078125,27.599618911743164,0.08059408515691757,0.1268661916255951,0.5430260300636292,0.4871392548084259,0.7995432019233704,20.548744201660156,17.636863708496094,0.08059408515691757,0.1268661916255951,26.55738067626953,20.548744201660156,17.636863708496094
scene14_traj2_2__000052,0.12341351062059402,0.1775224804878235,0.78749680519104,0.6570267677307129,1.1241732835769653,30.678058624267578,26.012310028076172,0.12341351062059402,0.1775224804878235,38.44086456298828,30.678058624267578,26.012310028076172,0.07972647994756699,0.12645798921585083,0.5582562685012817,0.49286985397338867,0.8132553696632385,21.619985580444336,19.20227813720703,0.07972647994756699,0.12645798921585083,27.141921997070312,21.619985580444336,19.20227813720703
scene14_traj2_2__000053,0.1256871223449707,0.1806308776140213,0.7959586381912231,0.6765449643135071,1.1462594270706177,32.0992546081543,27.539987564086914,0.1256871223449707,0.1806308776140213,39.20838165283203,32.0992546081543,27.539987564086914,0.08042709529399872,0.12648047506809235,0.5420534014701843,0.4953990876674652,0.8008562922477722,20.80237579345703,18.00497817993164,0.08042709529399872,0.12648047506809235,26.727508544921875,20.80237579345703,18.00497817993164
scene14_traj2_2__000054,0.12510241568088531,0.1800033003091812,0.7971572279930115,0.6673314571380615,1.14096999168396,31.450647354125977,26.924755096435547,0.12510241568088531,0.1800033003091812,39.06199645996094,31.450647354125977,26.924755096435547,0.08058222383260727,0.12750066816806793,0.5462341904640198,0.47597870230674744,0.7937856316566467,20.281557083129883,17.558643341064453,0.08058222383260727,0.12750066816806793,26.341108322143555,20.281557083129883,17.558643341064453
scene14_traj2_2__000055,0.12685057520866394,0.18291087448596954,0.7919291257858276,0.6723231673240662,1.1385055780410767,31.202781677246094,26.655147552490234,0.12685057520866394,0.18291087448596954,38.9211311340332,31.202781677246094,26.655147552490234,0.08096284419298172,0.12866970896720886,0.5536507964134216,0.49072781205177307,0.8066137433052063,21.26771354675293,18.905317306518555,0.08096284419298172,0.12866970896720886,26.969072341918945,21.26771354675293,18.905317306518555
scene14_traj2_2__000056,0.12761054933071136,0.18359678983688354,0.7901659607887268,0.690220296382904,1.1528249979019165,32.30069351196289,27.81694793701172,0.12761054933071136,0.18359678983688354,39.50920486450195,32.30069351196289,27.81694793701172,0.08256549388170242,0.1301765888929367,0.5334331393241882,0.4824253022670746,0.7852563858032227,19.837276458740234,16.940441131591797,0.08256549388170242,0.1301765888929367,26.108747482299805,19.837276458740234,16.940441131591797
scene14_traj2_2__000057,0.1265590786933899,0.1822752207517624,0.7923048138618469,0.6679297685623169,1.1363403797149658,30.993736267089844,26.4327392578125,0.1265590786933899,0.1822752207517624,38.91041564941406,30.993736267089844,26.4327392578125,0.0820545181632042,0.13028013706207275,0.5479068160057068,0.4764547348022461,0.7941629886627197,20.414005279541016,17.864482879638672,0.0820545181632042,0.13028013706207275,26.425512313842773,20.414005279541016,17.864482879638672
scene14_traj2_2__000058,0.1300409883260727,0.18680216372013092,0.7860793471336365,0.6723690629005432,1.134594440460205,31.341405868530273,27.035593032836914,0.1300409883260727,0.18680216372013092,38.69749069213867,31.341405868530273,27.035593032836914,0.08321815729141235,0.13168004155158997,0.5583399534225464,0.48802056908607483,0.8078464269638062,21.651628494262695,19.4681396484375,0.08321815729141235,0.13168004155158997,27.03783416748047,21.651628494262695,19.4681396484375
scene14_traj2_2__000059,0.1302921175956726,0.1862494945526123,0.7791604399681091,0.6953675746917725,1.1508208513259888,32.64992904663086,28.71235466003418,0.1302921175956726,0.1862494945526123,39.28593063354492,32.64992904663086,28.71235466003418,0.0847654715180397,0.13335376977920532,0.5425198674201965,0.4719260036945343,0.7877629995346069,20.290706634521484,17.690515518188477,0.0847654715180397,0.13335376977920532,26.16159439086914,20.290706634521484,17.690515518188477
scene14_traj2_2__000060,0.1298092156648636,0.1864936500787735,0.7811146974563599,0.6796926856040955,1.1379492282867432,31.59906578063965,27.413476943969727,0.1298092156648636,0.1864936500787735,38.825584411621094,31.59906578063965,27.413476943969727,0.0848168432712555,0.13391068577766418,0.5649906992912292,0.47975680232048035,0.8095131516456604,21.70993423461914,19.613866806030273,0.0848168432712555,0.13391068577766418,27.030933380126953,21.70993423461914,19.613866806030273
scene14_traj2_2__000061,0.12936519086360931,0.1863962560892105,0.7807873487472534,0.7179684042930603,1.1697299480438232,33.55077362060547,29.62700653076172,0.12936519086360931,0.1863962560892105,39.89936828613281,33.55077362060547,29.62700653076172,0.08371981233358383,0.131830096244812,0.5457507371902466,0.48376959562301636,0.7961082458496094,20.773439407348633,18.20435905456543,0.08371981233358383,0.131830096244812,26.535945892333984,20.773439407348633,18.20435905456543
scene14_traj2_2__000062,0.1282448172569275,0.18491989374160767,0.784530758857727,0.7100774049758911,1.166189432144165,32.99736022949219,28.944623947143555,0.1282448172569275,0.18491989374160767,39.869747161865234,32.99736022949219,28.944623947143555,0.08379042893648148,0.13268183171749115,0.5508282780647278,0.4730329215526581,0.7942141890525818,20.560270309448242,18.065711975097656,0.08379042893648148,0.13268183171749115,26.40614891052246,20.560270309448242,18.065711975097656
scene14_traj2_2__000063,0.12869085371494293,0.18626664578914642,0.7854533195495605,0.7063755989074707,1.1607294082641602,32.363590240478516,28.012283325195312,0.12869085371494293,0.18626664578914642,39.67552947998047,32.363590240478516,28.012283325195312,0.08396150171756744,0.13326355814933777,0.5575387477874756,0.48134976625442505,0.8034247756004333,21.247785568237305,19.019241333007812,0.08396150171756744,0.13326355814933777,26.84773063659668,21.247785568237305,19.019241333007812
scene14_traj2_2__000064,0.12347588688135147,0.1807013303041458,0.7962994575500488,0.701719343662262,1.1674774885177612,32.608402252197266,28.32060432434082,0.12347588688135147,0.1807013303041458,39.93431091308594,32.608402252197266,28.32060432434082,0.0809771716594696,0.12960276007652283,0.5411426424980164,0.47744694352149963,0.7868674397468567,19.931093215942383,17.279586791992188,0.0809771716594696,0.12960276007652283,26.205711364746094,19.931093215942383,17.279586791992188
scene14_traj2_2__000065,0.12254683673381805,0.18078568577766418,0.7969067692756653,0.7072386741638184,1.1715912818908691,32.61335754394531,28.069900512695312,0.12254683673381805,0.18078568577766418,40.09096145629883,32.61335754394531,28.069900512695312,0.079864002764225,0.12830780446529388,0.5407289862632751,0.4803174138069153,0.7871351838111877,19.993091583251953,17.277231216430664,0.079864002764225,0.12830780446529388,26.25908660888672,19.993091583251953,17.277231216430664
scene14_traj2_2__000066,0.12269733846187592,0.1805877685546875,0.8000751733779907,0.7344017028808594,1.1973438262939453,34.621482849121094,30.470855712890625,0.12269733846187592,0.1805877685546875,41.11577224731445,34.621482849121094,30.470855712890625,0.08078780025243759,0.12904876470565796,0.5238503813743591,0.47693660855293274,0.7722809314727783,18.909067153930664,15.683531761169434,0.08078780025243759,0.12904876470565796,25.64864730834961,18.909067153930664,15.683531761169434
scene14_traj2_2__000067,0.12194032222032547,0.1805383712053299,0.7985444068908691,0.7138774991035461,1.180292010307312,33.30589294433594,29.191165924072266,0.12194032222032547,0.1805383712053299,40.42445373535156,33.30589294433594,29.191165924072266,0.07984810322523117,0.128456249833107,0.5243995189666748,0.4658871591091156,0.765673041343689,18.50848388671875,15.444765090942383,0.07984810322523117,0.128456249833107,25.39046287536621,18.50848388671875,15.444765090942383
scene14_traj2_2__000068,0.123419851064682,0.18223139643669128,0.7942600250244141,0.6970797181129456,1.1619185209274292,32.52397537231445,28.333736419677734,0.123419851064682,0.18223139643669128,39.68304443359375,32.52397537231445,28.333736419677734,0.07984776049852371,0.1278052181005478,0.5292635560035706,0.47415125370025635,0.7740325927734375,19.197654724121094,16.243328094482422,0.07984776049852371,0.1278052181005478,25.78194808959961,19.197654724121094,16.243328094482422
scene14_traj2_2__000069,0.12539541721343994,0.1839216947555542,0.7948040962219238,0.7369948625564575,1.195608377456665,35.166236877441406,31.638185501098633,0.12539541721343994,0.1839216947555542,40.97468185424805,35.166236877441406,31.638185501098633,0.08275460451841354,0.13100621104240417,0.5169909596443176,0.4713411033153534,0.765069305896759,18.67188835144043,15.313314437866211,0.08275460451841354,0.13100621104240417,25.350812911987305,18.67188835144043,15.313314437866211
scene14_traj2_2__000070,0.1261838972568512,0.185602068901062,0.791412353515625,0.7370460629463196,1.194642186164856,35.28135681152344,31.920862197875977,0.1261838972568512,0.185602068901062,40.911346435546875,35.28135681152344,31.920862197875977,0.08461645990610123,0.13473853468894958,0.5469771027565002,0.4789014756679535,0.7974374294281006,20.63661003112793,17.59829330444336,0.08461645990610123,0.13473853468894958,26.5618896484375,20.63661003112793,17.59829330444336
scene14_traj2_2__000071,0.12801481783390045,0.1877579540014267,0.7895179390907288,0.7577844858169556,1.211633563041687,36.279136657714844,32.84292984008789,0.12801481783390045,0.1877579540014267,41.581787109375,36.279136657714844,32.84292984008789,0.0844765156507492,0.1341903656721115,0.5425811409950256,0.485932320356369,0.7980306148529053,20.677066802978516,17.51666259765625,0.0844765156507492,0.1341903656721115,26.59044647216797,20.677066802978516,17.51666259765625
scene14_traj2_2__000072,0.12833094596862793,0.18917855620384216,0.798925518989563,0.7479615211486816,1.2095084190368652,36.221435546875,32.74307632446289,0.12833094596862793,0.18917855620384216,41.563961029052734,36.221435546875,32.74307632446289,0.08591325581073761,0.1371646374464035,0.5329482555389404,0.4847511649131775,0.7900468707084656,20.078086853027344,16.605485916137695,0.08591325581073761,0.1371646374464035,26.289260864257812,20.078086853027344,16.605485916137695
scene14_traj2_2__000073,0.12870268523693085,0.19070936739444733,0.7946262359619141,0.7149441242218018,1.180294394493103,34.45363998413086,30.76020622253418,0.12870268523693085,0.19070936739444733,40.37739181518555,34.45363998413086,30.76020622253418,0.08535713702440262,0.13751481473445892,0.5431545376777649,0.48289117217063904,0.7970373630523682,20.56208610534668,17.282503128051758,0.08535713702440262,0.13751481473445892,26.585290908813477,20.56208610534668,17.282503128051758
scene14_traj2_2__000074,0.1295810341835022,0.19156934320926666,0.8048937916755676,0.7458558678627014,1.2128472328186035,36.45420455932617,32.90357971191406,0.1295810341835022,0.19156934320926666,41.7140998840332,36.45420455932617,32.90357971191406,0.08503568917512894,0.13549593091011047,0.5206648111343384,0.4901796877384186,0.7831969261169434,19.56020164489746,15.684733390808105,0.08503568917512894,0.13549593091011047,26.07124900817871,19.56020164489746,15.684733390808105
scene14_traj2_2__000075,0.1280566304922104,0.1902165710926056,0.8004931807518005,0.7411485314369202,1.205636978149414,35.54253005981445,31.769819259643555,0.1280566304922104,0.1902165710926056,41.39573287963867,35.54253005981445,31.769819259643555,0.08509241789579391,0.1370113641023636,0.5352217555046082,0.48212602734565735,0.7897669076919556,20.078868865966797,16.546449661254883,0.08509241789579391,0.1370113641023636,26.323657989501953,20.078868865966797,16.546449661254883
scene14_traj2_2__000076,0.129085510969162,0.19140243530273438,0.8010128140449524,0.7279142737388611,1.1944900751113892,35.288421630859375,31.38741111755371,0.129085510969162,0.19140243530273438,40.99890899658203,35.288421630859375,31.38741111755371,0.0847352147102356,0.13573221862316132,0.526360809803009,0.4959603548049927,0.7917733192443848,20.033279418945312,16.208599090576172,0.0847352147102356,0.13573221862316132,26.437580108642578,20.033279418945312,16.208599090576172
scene14_traj2_2__000077,0.12725867331027985,0.1890610307455063,0.803568959236145,0.7433664798736572,1.209659218788147,36.04291915893555,32.435543060302734,0.12725867331027985,0.1890610307455063,41.59648513793945,36.04291915893555,32.435543060302734,0.08539731800556183,0.1367013156414032,0.5248667001724243,0.4853367805480957,0.7843320965766907,19.55692481994629,15.658807754516602,0.08539731800556183,0.1367013156414032,26.089384078979492,19.55692481994629,15.658807754516602
scene14_traj2_2__000078,0.1263047754764557,0.18838447332382202,0.7970371246337891,0.7332947254180908,1.1958156824111938,35.19569396972656,31.21603775024414,0.1263047754764557,0.18838447332382202,41.06660079956055,35.19569396972656,31.21603775024414,0.08297843486070633,0.13387221097946167,0.5310442447662354,0.49273940920829773,0.7939944267272949,20.132837295532227,16.338802337646484,0.08297843486070633,0.13387221097946167,26.50798988342285,20.132837295532227,16.338802337646484
scene14_traj2_2__000079,0.1266506016254425,0.18862728774547577,0.8115368485450745,0.7514094114303589,1.222986102104187,36.91449737548828,33.229766845703125,0.1266506016254425,0.18862728774547577,42.1550407409668,36.91449737548828,33.229766845703125,0.08464833348989487,0.13540980219841003,0.5174825191497803,0.49213162064552307,0.7838199734687805,19.3364200592041,15.122183799743652,0.08464833348989487,0.13540980219841003,26.048572540283203,19.3364200592041,15.122183799743652
scene14_traj2_2__000080,0.12527628242969513,0.18837766349315643,0.8084986209869385,0.7257665991783142,1.199172019958496,35.3326530456543,31.282306671142578,0.12527628242969513,0.18837766349315643,41.273738861083984,35.3326530456543,31.282306671142578,0.08317369222640991,0.1348804384469986,0.5350843071937561,0.4982001781463623,0.8022990226745605,20.23740577697754,16.029022216796875,0.08317369222640991,0.1348804384469986,26.811603546142578,20.23740577697754,16.029022216796875
scene14_traj2_2__000081,0.12635569274425507,0.1891661137342453,0.8123601078987122,0.733433723449707,1.2079823017120361,36.13987350463867,31.946125030517578,0.12635569274425507,0.1891661137342453,41.64323043823242,36.13987350463867,31.946125030517578,0.08347968012094498,0.13379357755184174,0.5184170007705688,0.5039516687393188,0.7915703058242798,19.71265411376953,15.13362979888916,0.08347968012094498,0.13379357755184174,26.423908233642578,19.71265411376953,15.13362979888916
scene14_traj2_2__000082,0.1254047155380249,0.1887979358434677,0.8095868825912476,0.7383449673652649,1.2106963396072388,35.899539947509766,31.87891960144043,0.1254047155380249,0.1887979358434677,41.73954772949219,35.899539947509766,31.87891960144043,0.08408084511756897,0.13550104200839996,0.5268992781639099,0.4922420084476471,0.7901135683059692,19.537424087524414,15.246842384338379,0.08408084511756897,0.13550104200839996,26.35393524169922,19.537424087524414,15.246842384338379
scene14_traj2_2__000083,0.12650318443775177,0.19049635529518127,0.8127476572990417,0.7332581877708435,1.2102688550949097,35.7708854675293,31.850711822509766,0.12650318443775177,0.19049635529518127,41.64852523803711,35.7708854675293,31.850711822509766,0.08148759603500366,0.13208559155464172,0.5209698677062988,0.49436643719673157,0.7867345809936523,19.169307708740234,14.901843070983887,0.08148759603500366,0.13208559155464172,26.23853302001953,19.169307708740234,14.901843070983887
scene14_traj2_2__000084,0.12492695450782776,0.18758131563663483,0.8328983187675476,0.732633650302887,1.225510597229004,36.330909729003906,32.741355895996094,0.12492695450782776,0.18758131563663483,42.32752227783203,36.330909729003906,32.741355895996094,0.08114432543516159,0.13063214719295502,0.5061603784561157,0.4904501140117645,0.7698375582695007,17.880170822143555,13.414665222167969,0.08114432543516159,0.13063214719295502,25.57278060913086,17.880170822143555,13.414665222167969
scene14_traj2_2__000085,0.12349756807088852,0.1873420625925064,0.825795590877533,0.7119328379631042,1.2062008380889893,34.551544189453125,30.637819290161133,0.12349756807088852,0.1873420625925064,41.609737396240234,34.551544189453125,30.637819290161133,0.07997280359268188,0.1304781585931778,0.5270338654518127,0.4856891334056854,0.7826216220855713,18.339895248413086,14.302140235900879,0.07997280359268188,0.1304781585931778,26.070852279663086,18.339895248413086,14.302140235900879
scene14_traj2_2__000086,0.12351903319358826,0.18688753247261047,0.8225135803222656,0.7168543934822083,1.2069975137710571,35.056495666503906,31.061485290527344,0.12351903319358826,0.18688753247261047,41.623416900634766,35.056495666503906,31.061485290527344,0.07840990275144577,0.1269802749156952,0.5021793246269226,0.4897623658180237,0.7652428150177002,17.292922973632812,12.724005699157715,0.07840990275144577,0.1269802749156952,25.436017990112305,17.292922973632812,12.724005699157715
scene14_traj2_2__000087,0.12247688323259354,0.18628177046775818,0.8359813690185547,0.7216614484786987,1.2248485088348389,35.13153076171875,31.274505615234375,0.12247688323259354,0.18628177046775818,42.4777717590332,35.13153076171875,31.274505615234375,0.07929298281669617,0.12886527180671692,0.5172492861747742,0.4839204251766205,0.7717694640159607,17.083526611328125,12.763022422790527,0.07929298281669617,0.12886527180671692,25.622282028198242,17.083526611328125,12.763022422790527
scene14_traj2_2__000088,0.12363968044519424,0.18854588270187378,0.8353238105773926,0.7040470242500305,1.2096532583236694,34.320556640625,30.3284854888916,0.12363968044519424,0.18854588270187378,41.84777069091797,34.320556640625,30.3284854888916,0.0788092315196991,0.12882466614246368,0.5185103416442871,0.4802771210670471,0.76982581615448,17.118404388427734,12.890107154846191,0.0788092315196991,0.12882466614246368,25.580747604370117,17.118404388427734,12.890107154846191
scene14_traj2_2__000089,0.12459386140108109,0.18991805613040924,0.8351792693138123,0.7119103074073792,1.2145090103149414,34.86470413208008,30.853239059448242,0.12459386140108109,0.18991805613040924,42.008487701416016,34.86470413208008,30.853239059448242,0.07953213155269623,0.12831251323223114,0.4920736253261566,0.4863349199295044,0.7518280148506165,16.070585250854492,11.246673583984375,0.07953213155269623,0.12831251323223114,24.91703224182129,16.070585250854492,11.246673583984375
scene14_traj2_2__000090,0.12304621189832687,0.1875012069940567,0.8311311602592468,0.7024689316749573,1.2052668333053589,33.918914794921875,30.011180877685547,0.12304621189832687,0.1875012069940567,41.65532302856445,33.918914794921875,30.011180877685547,0.07917623221874237,0.12872929871082306,0.5116859078407288,0.47700417041778564,0.7622585892677307,16.40361785888672,12.010512351989746,0.07917623221874237,0.12872929871082306,25.28862762451172,16.40361785888672,12.010512351989746
scene14_traj2_2__000091,0.12412943691015244,0.18925966322422028,0.8298424482345581,0.698492705821991,1.1991891860961914,33.66883850097656,29.538013458251953,0.12412943691015244,0.18925966322422028,41.42576217651367,33.66883850097656,29.538013458251953,0.0790897011756897,0.12960124015808105,0.5113372206687927,0.47812896966934204,0.7630134224891663,16.567249298095703,12.173367500305176,0.0790897011756897,0.12960124015808105,25.340070724487305,16.567249298095703,12.173367500305176
scene14_traj2_2__000092,0.12629719078540802,0.1907843053340912,0.8367540836334229,0.7304533123970032,1.230962872505188,35.78818893432617,32.12126922607422,0.12629719078540802,0.1907843053340912,42.59267807006836,35.78818893432617,32.12126922607422,0.08195791393518448,0.13186267018318176,0.4936789274215698,0.48101702332496643,0.7498533725738525,16.05890655517578,11.398077011108398,0.08195791393518448,0.13186267018318176,24.84727668762207,16.05890655517578,11.398077011108398
scene14_traj2_2__000093,0.12940359115600586,0.19533227384090424,0.8145424723625183,0.7210450172424316,1.2053472995758057,34.24848175048828,30.432228088378906,0.12940359115600586,0.19533227384090424,41.53852081298828,34.24848175048828,30.432228088378906,0.08360087871551514,0.13638810813426971,0.5206732153892517,0.4739907681941986,0.7688215374946594,17.571624755859375,13.75290584564209,0.08360087871551514,0.13638810813426971,25.551273345947266,17.571624755859375,13.75290584564209
scene14_traj2_2__000094,0.13415734469890594,0.20228078961372375,0.8073520660400391,0.7104549407958984,1.1880799531936646,33.69291687011719,29.610960006713867,0.13415734469890594,0.20228078961372375,40.77098083496094,33.69291687011719,29.610960006713867,0.08540017902851105,0.13909326493740082,0.5100210309028625,0.4778621196746826,0.7630658745765686,17.663270950317383,13.778282165527344,0.08540017902851105,0.13909326493740082,25.392410278320312,17.663270950317383,13.778282165527344
scene14_traj2_2__000095,0.13318821787834167,0.20060527324676514,0.815073549747467,0.7237688899040222,1.2080134153366089,34.443443298339844,30.61854362487793,0.13318821787834167,0.20060527324676514,41.61801528930664,34.443443298339844,30.61854362487793,0.08536640554666519,0.13833612203598022,0.5060250759124756,0.46378496289253235,0.7495653629302979,16.621381759643555,12.656003952026367,0.08536640554666519,0.13833612203598022,24.81756591796875,16.621381759643555,12.656003952026367
scene14_traj2_2__000096,0.13317859172821045,0.2012096643447876,0.8099579811096191,0.7105128169059753,1.1914135217666626,33.372039794921875,29.403287887573242,0.13317859172821045,0.2012096643447876,40.93571853637695,33.372039794921875,29.403287887573242,0.084841787815094,0.1388799399137497,0.5199508666992188,0.4685864746570587,0.763949990272522,17.594533920288086,13.936775207519531,0.084841787815094,0.1388799399137497,25.425960540771484,17.594533920288086,13.936775207519531
scene14_traj2_2__000097,0.1314346343278885,0.19884993135929108,0.8243984580039978,0.733818531036377,1.2246463298797607,35.179874420166016,31.281240463256836,0.1314346343278885,0.19884993135929108,42.31119918823242,35.179874420166016,31.281240463256836,0.08481188118457794,0.1364700347185135,0.4900497794151306,0.4713782072067261,0.7403482794761658,15.65390396118164,11.124259948730469,0.08481188118457794,0.1364700347185135,24.482723236083984,15.65390396118164,11.124259948730469
scene14_traj2_2__000098,0.1274104118347168,0.19535566866397858,0.8326783776283264,0.7058542370796204,1.209052562713623,33.502017974853516,29.3089656829834,0.1274104118347168,0.19535566866397858,41.848175048828125,33.502017974853516,29.3089656829834,0.08172717690467834,0.13366933166980743,0.5115746259689331,0.4719245135784149,0.7577924728393555,16.032989501953125,11.683557510375977,0.08172717690467834,0.13366933166980743,25.13127326965332,16.032989501953125,11.683557510375977
scene14_traj2_2__000099,0.12649017572402954,0.1962129920721054,0.8457595109939575,0.6710605621337891,1.1878905296325684,32.24481201171875,27.312894821166992,0.12649017572402954,0.1962129920721054,41.215232849121094,32.24481201171875,27.312894821166992,0.0791398286819458,0.12948888540267944,0.49680066108703613,0.4793497622013092,0.7504086494445801,15.189780235290527,10.202293395996094,0.0791398286819458,0.12948888540267944,24.88344383239746,15.189780235290527,10.202293395996094
scene14_traj2_2__000100,0.12133520841598511,0.18918593227863312,0.8642316460609436,0.7037714719772339,1.2358583211898804,34.386966705322266,30.057588577270508,0.12133520841598511,0.18918593227863312,43.11029815673828,34.386966705322266,30.057588577270508,0.0778769925236702,0.12803801894187927,0.5116463899612427,0.4829745888710022,0.7629420161247253,15.260502815246582,10.34273624420166,0.0778769925236702,0.12803801894187927,25.247392654418945,15.260502815246582,10.34273624420166
scene14_traj2_2__000101,0.12099120020866394,0.1890369951725006,0.8595045208930969,0.6687122583389282,1.1987332105636597,31.972537994384766,26.97470474243164,0.12099120020866394,0.1890369951725006,41.71987533569336,31.972537994384766,26.97470474243164,0.07590137422084808,0.1253509670495987,0.5124857425689697,0.4774891138076782,0.7599442601203918,15.027292251586914,10.057087898254395,0.07590137422084808,0.1253509670495987,25.202537536621094,15.027292251586914,10.057087898254395
scene14_traj2_2__000102,0.12058955430984497,0.18782645463943481,0.8565799593925476,0.7111773490905762,1.2343945503234863,34.393917083740234,29.86992073059082,0.12058955430984497,0.18782645463943481,42.957618713378906,34.393917083740234,29.86992073059082,0.0777411013841629,0.1274351328611374,0.5063584446907043,0.4847698211669922,0.7600178718566895,15.409950256347656,10.349080085754395,0.0777411013841629,0.1274351328611374,25.14715576171875,15.409950256347656,10.349080085754395
scene14_traj2_2__000103,0.12095770984888077,0.1874036341905594,0.8465179204940796,0.6959623694419861,1.2102655172348022,32.9852180480957,28.276737213134766,0.12095770984888077,0.1874036341905594,41.96488952636719,32.9852180480957,28.276737213134766,0.07645119726657867,0.1256243735551834,0.5061312913894653,0.4728699028491974,0.7531110644340515,15.27952766418457,10.433239936828613,0.07645119726657867,0.1256243735551834,24.955751419067383,15.27952766418457,10.433239936828613
scene14_traj2_2__000104,0.12480263411998749,0.19099821150302887,0.8305162191390991,0.7054669857025146,1.2009881734848022,33.88482666015625,29.26097297668457,0.12480263411998749,0.19099821150302887,41.46601104736328,33.88482666015625,29.26097297668457,0.07912412285804749,0.12819719314575195,0.4887969195842743,0.47970205545425415,0.7458963394165039,15.874424934387207,10.96420669555664,0.07912412285804749,0.12819719314575195,24.718610763549805,15.874424934387207,10.96420669555664
scene14_traj2_2__000105,0.12515006959438324,0.18907423317432404,0.8151671290397644,0.7310233116149902,1.2104136943817139,34.41973114013672,30.180452346801758,0.12515006959438324,0.18907423317432404,41.68236541748047,34.41973114013672,30.180452346801758,0.08030257374048233,0.13011986017227173,0.4985102415084839,0.4711892604827881,0.7490538358688354,16.47101593017578,12.071255683898926,0.08030257374048233,0.13011986017227173,24.81293296813965,16.47101593017578,12.071255683898926
scene14_traj2_2__000106,0.12639206647872925,0.19187110662460327,0.8108147382736206,0.7139529585838318,1.1916738748550415,33.526790618896484,29.14089012145996,0.12639206647872925,0.19187110662460327,40.9533805847168,33.526790618896484,29.14089012145996,0.07985461503267288,0.1305285543203354,0.49907970428466797,0.47118428349494934,0.7492079734802246,16.69489097595215,12.421055793762207,0.07985461503267288,0.1305285543203354,24.849245071411133,16.69489097595215,12.421055793762207
scene14_traj2_2__000107,0.1293080598115921,0.19476506114006042,0.81263267993927,0.7200877070426941,1.1979671716690063,34.31756591796875,30.224010467529297,0.1293080598115921,0.19476506114006042,41.13527297973633,34.31756591796875,30.224010467529297,0.08346692472696304,0.1343110054731369,0.4907143712043762,0.47040292620658875,0.7418202757835388,16.44687271118164,11.997050285339355,0.08346692472696304,0.1343110054731369,24.56651496887207,16.44687271118164,11.997050285339355
scene14_traj2_2__000108,0.13577573001384735,0.20211508870124817,0.784575879573822,0.7387826442718506,1.191208004951477,34.311851501464844,30.6015682220459,0.13577573001384735,0.20211508870124817,40.681007385253906,34.311851501464844,30.6015682220459,0.08753905445337296,0.1417764127254486,0.5161805748939514,0.46399277448654175,0.7588436007499695,18.23883056640625,14.734868049621582,0.08753905445337296,0.1417764127254486,25.241010665893555,18.23883056640625,14.734868049621582
scene14_traj2_2__000109,0.1391833871603012,0.20739050209522247,0.7938774228096008,0.7309871315956116,1.1909102201461792,34.182891845703125,29.91810417175293,0.1391833871603012,0.20739050209522247,40.80611038208008,34.182891845703125,29.91810417175293,0.08888882398605347,0.14368030428886414,0.5045722723007202,0.4732588231563568,0.755081295967102,17.958072662353516,14.079008102416992,0.08888882398605347,0.14368030428886414,25.14120101928711,17.958072662353516,14.079008102416992
scene14_traj2_2__000110,0.138072207570076,0.20595626533031464,0.7954429984092712,0.7435674071311951,1.2043746709823608,34.96706008911133,31.018035888671875,0.138072207570076,0.20595626533031464,41.2876091003418,34.96706008911133,31.018035888671875,0.08951357007026672,0.1436672806739807,0.4992978274822235,0.46498042345046997,0.7465999722480774,17.28634262084961,13.214909553527832,0.08951357007026672,0.1436672806739807,24.76240348815918,17.28634262084961,13.214909553527832
scene14_traj2_2__000111,0.1376233696937561,0.20588815212249756,0.7922950983047485,0.7283971309661865,1.1889207363128662,33.87199783325195,29.769269943237305,0.1376233696937561,0.20588815212249756,40.69307327270508,33.87199783325195,29.769269943237305,0.08828114718198776,0.14419187605381012,0.5181994438171387,0.4681985378265381,0.7627584934234619,18.40595054626465,14.873600006103516,0.08828114718198776,0.14419187605381012,25.407745361328125,18.40595054626465,14.873600006103516
scene14_traj2_2__000112,0.13605158030986786,0.20393148064613342,0.8004742860794067,0.7226744890213013,1.189024806022644,33.911521911621094,29.45057487487793,0.13605158030986786,0.20393148064613342,40.81093215942383,33.911521911621094,29.45057487487793,0.08785940706729889,0.1411103457212448,0.49000412225723267,0.47042521834373474,0.7415192127227783,16.82945442199707,12.467105865478516,0.08785940706729889,0.1411103457212448,24.58279037475586,16.82945442199707,12.467105865478516
scene14_traj2_2__000113,0.12947222590446472,0.1960316151380539,0.8127244114875793,0.7353298664093018,1.2103439569473267,34.32709503173828,29.922279357910156,0.12947222590446472,0.1960316151380539,41.6346435546875,34.32709503173828,29.922279357910156,0.08305847644805908,0.13615867495536804,0.5060266852378845,0.46650904417037964,0.7519994974136353,17.001911163330078,12.80232048034668,0.08305847644805908,0.13615867495536804,24.911394119262695,17.001911163330078,12.80232048034668
scene14_traj2_2__000114,0.12846219539642334,0.19633705914020538,0.8217881321907043,0.6497724056243896,1.141187310218811,30.311281204223633,24.650650024414062,0.12846219539642334,0.19633705914020538,39.2283935546875,30.311281204223633,24.650650024414062,0.08148306608200073,0.13435021042823792,0.502724289894104,0.4706595242023468,0.7535049915313721,16.696449279785156,12.189263343811035,0.08148306608200073,0.13435021042823792,24.977731704711914,16.696449279785156,12.189263343811035
scene14_traj2_2__000115,0.12706111371517181,0.19434793293476105,0.830416738986969,0.7181583046913147,1.2083245515823364,34.016639709472656,29.309106826782227,0.12706111371517181,0.19434793293476105,41.65683364868164,34.016639709472656,29.309106826782227,0.08360938727855682,0.13686728477478027,0.5039320588111877,0.4764593541622162,0.7561613321304321,16.754384994506836,12.225648880004883,0.08360938727855682,0.13686728477478027,25.045888900756836,16.754384994506836,12.225648880004883
scene14_traj2_2__000116,0.1269465833902359,0.19481319189071655,0.8290277719497681,0.6942631602287292,1.1869745254516602,32.36976623535156,27.29258155822754,0.1269465833902359,0.19481319189071655,40.95752716064453,32.36976623535156,27.29258155822754,0.08077878504991531,0.1338476687669754,0.5165858864784241,0.470729261636734,0.7620508074760437,17.03009796142578,12.84070110321045,0.08077878504991531,0.1338476687669754,25.306861877441406,17.03009796142578,12.84070110321045
scene14_traj2_2__000117,0.1394517868757248,0.21008555591106415,0.8100292086601257,0.7052546143531799,1.182180404663086,32.67587661743164,28.18090057373047,0.1394517868757248,0.21008555591106415,40.59904098510742,32.67587661743164,28.18090057373047,0.08941420167684555,0.14697490632534027,0.5133238434791565,0.4624062776565552,0.7540768980979919,17.239612579345703,13.604913711547852,0.08941420167684555,0.14697490632534027,25.044471740722656,17.239612579345703,13.604913711547852
scene14_traj2_2__000118,0.14792339503765106,0.21946585178375244,0.7891622185707092,0.6900675296783447,1.1523667573928833,31.96513557434082,27.829837799072266,0.14792339503765106,0.21946585178375244,39.280540466308594,31.96513557434082,27.829837799072266,0.09453146159648895,0.1545470505952835,0.5251343846321106,0.4643228054046631,0.7658356428146362,18.687725067138672,15.616376876831055,0.09453146159648895,0.1545470505952835,25.517141342163086,18.687725067138672,15.616376876831055
scene14_traj2_2__000119,0.15031121671199799,0.22155441343784332,0.7940241694450378,0.740940511226654,1.200690507888794,34.6907844543457,31.090431213378906,0.15031121671199799,0.22155441343784332,41.028533935546875,34.6907844543457,31.090431213378906,0.09957569092512131,0.15940406918525696,0.5020480751991272,0.4553877115249634,0.7421429753303528,17.446935653686523,13.994267463684082,0.09957569092512131,0.15940406918525696,24.59050178527832,17.446935653686523,13.994267463684082
scene14_traj2_2__000120,0.1497964859008789,0.22115793824195862,0.7992674112319946,0.7266610860824585,1.1911240816116333,33.666664123535156,29.763504028320312,0.1497964859008789,0.22115793824195862,40.78276062011719,33.666664123535156,29.763504028320312,0.09731113165616989,0.15927903354167938,0.5320987105369568,0.4575263559818268,0.7673665285110474,19.084074020385742,16.26279067993164,0.09731113165616989,0.15927903354167938,25.541126251220703,19.084074020385742,16.26279067993164
scene14_traj2_2__000121,0.15224476158618927,0.22287872433662415,0.7875629663467407,0.7376247048377991,1.1935532093048096,34.932437896728516,31.396381378173828,0.15224476158618927,0.22287872433662415,40.72831726074219,34.932437896728516,31.396381378173828,0.09989630430936813,0.16023080050945282,0.5139126181602478,0.4625764489173889,0.7558930516242981,18.444908142089844,15.205810546875,0.09989630430936813,0.16023080050945282,25.140901565551758,18.444908142089844,15.205810546875
scene14_traj2_2__000122,0.14882603287696838,0.2177467793226242,0.7832958102226257,0.7437542676925659,1.1955400705337524,34.64053726196289,30.611854553222656,0.14882603287696838,0.2177467793226242,40.86221694946289,34.64053726196289,30.611854553222656,0.09911958128213882,0.15962664783000946,0.5354983806610107,0.4703871011734009,0.781001627445221,20.076473236083984,16.976537704467773,0.09911958128213882,0.15962664783000946,26.04865074157715,20.076473236083984,16.976537704467773
scene14_traj2_2__000123,0.14517973363399506,0.21281322836875916,0.7787787914276123,0.749667227268219,1.1953339576721191,34.81582260131836,30.617795944213867,0.14517973363399506,0.21281322836875916,40.98061752319336,34.81582260131836,30.617795944213867,0.09573718160390854,0.15417532622814178,0.5369514226913452,0.4859042763710022,0.7920082211494446,20.440059661865234,17.146533966064453,0.09573718160390854,0.15417532622814178,26.48536491394043,20.440059661865234,17.146533966064453
scene14_traj2_2__000124,0.1345471888780594,0.19980023801326752,0.8015110492706299,0.7352352738380432,1.201427698135376,35.04942321777344,31.1674861907959,0.1345471888780594,0.19980023801326752,41.22077560424805,35.04942321777344,31.1674861907959,0.08868836611509323,0.14265339076519012,0.5112853050231934,0.4749099612236023,0.7635946869850159,18.199758529663086,14.407109260559082,0.08868836611509323,0.14265339076519012,25.383886337280273,18.199758529663086,14.407109260559082
scene14_traj2_2__000125,0.1343410164117813,0.20023640990257263,0.7955532670021057,0.7272913455963135,1.1917448043823242,34.21581268310547,30.357847213745117,0.1343410164117813,0.20023640990257263,40.78948974609375,34.21581268310547,30.357847213745117,0.08711603283882141,0.14153379201889038,0.5283299684524536,0.47619229555130005,0.7781028151512146,19.117570877075195,15.665024757385254,0.08711603283882141,0.14153379201889038,25.943538665771484,19.117570877075195,15.665024757385254
scene14_traj2_2__000126,0.12954528629779816,0.19489158689975739,0.8184491991996765,0.7213904857635498,1.2069944143295288,34.98753356933594,31.075164794921875,0.12954528629779816,0.19489158689975739,41.550743103027344,34.98753356933594,31.075164794921875,0.08322245627641678,0.1340368688106537,0.4986341595649719,0.4807877242565155,0.7555782794952393,17.02349281311035,12.77241325378418,0.08322245627641678,0.1340368688106537,25.0631046295166,17.02349281311035,12.77241325378418
scene14_traj2_2__000127,0.12278436869382858,0.1868545114994049,0.8330073952674866,0.7154070138931274,1.218082070350647,34.39190673828125,30.45564842224121,0.12278436869382858,0.1868545114994049,42.168766021728516,34.39190673828125,30.45564842224121,0.07954475283622742,0.12977150082588196,0.5177655816078186,0.47621625661849976,0.7670326828956604,16.683469772338867,12.542174339294434,0.07954475283622742,0.12977150082588196,25.42972755432129,16.683469772338867,12.542174339294434
scene14_traj2_2__000128,0.11863398551940918,0.18136754631996155,0.8403974175453186,0.676106870174408,1.191262125968933,32.74540328979492,28.36084747314453,0.11863398551940918,0.18136754631996155,41.276641845703125,32.74540328979492,28.36084747314453,0.07575295120477676,0.12370055913925171,0.5143028497695923,0.4784328043460846,0.7644296884536743,16.161205291748047,11.819564819335938,0.07575295120477676,0.12370055913925171,25.335859298706055,16.161205291748047,11.819564819335938
scene14_traj2_2__000129,0.11517037451267242,0.17611339688301086,0.8589992523193359,0.7097681760787964,1.2354097366333008,35.227291107177734,31.350496292114258,0.11517037451267242,0.17611339688301086,43.02165603637695,35.227291107177734,31.350496292114258,0.07441502809524536,0.12046913057565689,0.50884610414505,0.48728781938552856,0.7641785740852356,15.974122047424316,11.3412504196167,0.07441502809524536,0.12046913057565689,25.30955696105957,15.974122047424316,11.3412504196167
scene14_traj2_2__000130,0.11405092477798462,0.1750682145357132,0.8559665083885193,0.6869166493415833,1.215103268623352,33.75490951538086,29.747610092163086,0.11405092477798462,0.1750682145357132,42.24176025390625,33.75490951538086,29.747610092163086,0.07406570762395859,0.12078509479761124,0.5255163908004761,0.4810880422592163,0.7747770547866821,16.233089447021484,11.827569961547852,0.07406570762395859,0.12078509479761124,25.705764770507812,16.233089447021484,11.827569961547852
scene14_traj2_2__000131,0.11124972254037857,0.17021463811397552,0.8525787591934204,0.7053004503250122,1.2260184288024902,35.02203369140625,30.8870906829834,0.11124972254037857,0.17021463811397552,42.68169403076172,35.02203369140625,30.8870906829834,0.07030032575130463,0.11324676126241684,0.5091370940208435,0.4950299859046936,0.7711871862411499,16.342134475708008,11.485751152038574,0.07030032575130463,0.11324676126241684,25.59298324584961,16.342134475708008,11.485751152038574
scene14_traj2_2__000132,0.10642151534557343,0.16339658200740814,0.8702705502510071,0.705410361289978,1.242309808731079,35.614830017089844,31.83892059326172,0.10642151534557343,0.16339658200740814,43.43757629394531,35.614830017089844,31.83892059326172,0.06961636245250702,0.11159957945346832,0.5224072337150574,0.4987356662750244,0.7833470106124878,16.507883071899414,11.668536186218262,0.06961636245250702,0.11159957945346832,25.993816375732422,16.507883071899414,11.668536186218262
scene14_traj2_2__000133,0.10216047614812851,0.15731646120548248,0.8614022731781006,0.6961202621459961,1.228454828262329,34.66282272338867,30.53292465209961,0.10216047614812851,0.15731646120548248,42.90296173095703,34.66282272338867,30.53292465209961,0.06745482236146927,0.10795361548662186,0.5334716439247131,0.497868150472641,0.7931758761405945,16.814983367919922,12.037154197692871,0.06745482236146927,0.10795361548662186,26.36772346496582,16.814983367919922,12.037154197692871
scene14_traj2_2__000134,0.10056532919406891,0.15445981919765472,0.8790680766105652,0.7148451805114746,1.2575008869171143,36.90372085571289,33.237422943115234,0.10056532919406891,0.15445981919765472,43.998966217041016,36.90372085571289,33.237422943115234,0.06412353366613388,0.10256090015172958,0.5211504101753235,0.5144138336181641,0.7934256792068481,17.162887573242188,12.069726943969727,0.06412353366613388,0.10256090015172958,26.337860107421875,17.162887573242188,12.069726943969727
scene14_traj2_2__000135,0.09848769754171371,0.15209516882896423,0.8760520815849304,0.7012391686439514,1.2450430393218994,35.60064697265625,31.709877014160156,0.09848769754171371,0.15209516882896423,43.58674240112305,35.60064697265625,31.709877014160156,0.06703191250562668,0.10667961835861206,0.5344838500022888,0.5008013844490051,0.7946125268936157,16.78458023071289,11.879620552062988,0.06703191250562668,0.10667961835861206,26.396331787109375,16.78458023071289,11.879620552062988
scene14_traj2_2__000136,0.09615173935890198,0.14899051189422607,0.8857133388519287,0.7002978324890137,1.2503525018692017,35.944419860839844,32.02547073364258,0.09615173935890198,0.14899051189422607,43.846439361572266,35.944419860839844,32.02547073364258,0.06376489251852036,0.10118354111909866,0.5322078466415405,0.5072217583656311,0.7979397177696228,16.723783493041992,11.713361740112305,0.06376489251852036,0.10118354111909866,26.511383056640625,16.723783493041992,11.713361740112305
scene14_traj2_2__000137,0.0953139066696167,0.14731070399284363,0.8939865827560425,0.7161837220191956,1.2715665102005005,37.27583312988281,33.860076904296875,0.0953139066696167,0.14731070399284363,44.67580032348633,37.27583312988281,33.860076904296875,0.06282302737236023,0.09963812679052353,0.5277367234230042,0.5140204429626465,0.7973858118057251,16.868412017822266,11.84273910522461,0.06282302737236023,0.09963812679052353,26.456645965576172,16.868412017822266,11.84273910522461
scene14_traj2_2__000138,0.09238118678331375,0.143527090549469,0.8887407183647156,0.7216024994850159,1.274094581604004,36.800968170166016,33.24184036254883,0.09238118678331375,0.143527090549469,44.83375930786133,36.800968170166016,33.24184036254883,0.06193338707089424,0.09769373387098312,0.5371090173721313,0.5088322758674622,0.8007521629333496,16.441207885742188,11.491782188415527,0.06193338707089424,0.09769373387098312,26.61014747619629,16.441207885742188,11.491782188415527
scene14_traj2_2__000139,0.09352982044219971,0.14532370865345,0.8903424739837646,0.7019268274307251,1.2578647136688232,36.33721160888672,32.44770812988281,0.09352982044219971,0.14532370865345,44.187461853027344,36.33721160888672,32.44770812988281,0.06023039296269417,0.09537335485219955,0.531626284122467,0.5146186947822571,0.8016330599784851,16.755809783935547,11.632511138916016,0.06023039296269417,0.09537335485219955,26.640104293823242,16.755809783935547,11.632511138916016
scene14_traj2_2__000140,0.09317607432603836,0.14422062039375305,0.888312816619873,0.7095568180084229,1.2640318870544434,36.311500549316406,32.62314224243164,0.09317607432603836,0.14422062039375305,44.4420166015625,36.311500549316406,32.62314224243164,0.06020360067486763,0.09531824290752411,0.5321264266967773,0.5108720660209656,0.7977448105812073,16.47759437561035,11.475005149841309,0.06020360067486763,0.09531824290752411,26.47313117980957,16.47759437561035,11.475005149841309
scene14_traj2_2__000141,0.09536760300397873,0.14828719198703766,0.8846213221549988,0.6887015104293823,1.2427855730056763,35.158634185791016,31.270601272583008,0.09536760300397873,0.14828719198703766,43.522987365722656,35.158634185791016,31.270601272583008,0.06349002569913864,0.100736103951931,0.5376644730567932,0.5046688318252563,0.8001171350479126,16.62506675720215,11.715102195739746,0.06349002569913864,0.100736103951931,26.63321304321289,16.62506675720215,11.715102195739746
