name,dolp_mae,dolp_rmse,cos_mae,sin_mae,cos_sin_vector_error,weighted_aolp_error_deg,high_dolp_aolp_error_deg,dop_mae,dop_rmse,aop_mae_deg,weighted_aop_mae_deg,high_dop_aop_mae_deg
scene12_traj1_1__000000,0.03186609223484993,0.055240485817193985,0.6744123697280884,0.6134933829307556,1.0128024816513062,33.012298583984375,37.59086227416992,0.03186609223484993,0.055240485817193985,34.105804443359375,33.012298583984375,37.59086227416992
scene12_traj1_1__000001,0.031920742243528366,0.05528039112687111,0.6720156669616699,0.6101903915405273,1.008088231086731,32.630828857421875,36.71106719970703,0.031920742243528366,0.05528039112687111,33.93516159057617,32.630828857421875,36.71106719970703
scene12_traj1_1__000002,0.03194557502865791,0.055772457271814346,0.6741353869438171,0.6124393939971924,1.0118948221206665,32.84539031982422,37.06932067871094,0.03194557502865791,0.055772457271814346,34.08623123168945,32.84539031982422,37.06932067871094
scene12_traj1_1__000003,0.0318497009575367,0.05554138123989105,0.6724918484687805,0.6104623675346375,1.0093023777008057,32.64849090576172,36.487770080566406,0.0318497009575367,0.05554138123989105,33.96831130981445,32.64849090576172,36.487770080566406
scene12_traj1_1__000004,0.03153270110487938,0.05452229082584381,0.6750675439834595,0.6131764650344849,1.0135339498519897,32.82572937011719,36.54288864135742,0.03153270110487938,0.05452229082584381,34.1473388671875,32.82572937011719,36.54288864135742
scene12_traj1_1__000005,0.031854912638664246,0.05529966577887535,0.6753892302513123,0.6142475008964539,1.0144810676574707,32.893619537353516,36.56392288208008,0.031854912638664246,0.05529966577887535,34.16446304321289,32.893619537353516,36.56392288208008
scene12_traj1_1__000006,0.03186316415667534,0.05552446469664574,0.67543625831604,0.6121135950088501,1.013053059577942,32.771270751953125,36.387908935546875,0.03186316415667534,0.05552446469664574,34.118839263916016,32.771270751953125,36.387908935546875
scene12_traj1_1__000007,0.03202315419912338,0.05569959804415703,0.6745079159736633,0.6113684177398682,1.011606216430664,32.79481506347656,36.69950866699219,0.03202315419912338,0.05569959804415703,34.0606803894043,32.79481506347656,36.69950866699219
scene12_traj1_1__000008,0.03223666176199913,0.055986400693655014,0.6782892942428589,0.6119899749755859,1.014972448348999,32.8739013671875,36.81437683105469,0.03223666176199913,0.055986400693655014,34.18728256225586,32.8739013671875,36.81437683105469
scene12_traj1_1__000009,0.032170604914426804,0.05607820302248001,0.6767987608909607,0.6137205958366394,1.015334963798523,32.98261260986328,37.12289047241211,0.032170604914426804,0.05607820302248001,34.19525146484375,32.98261260986328,37.12289047241211
scene12_traj1_1__000010,0.03207581862807274,0.055323779582977295,0.6796208620071411,0.6124746203422546,1.016344428062439,33.02360916137695,36.79609680175781,0.03207581862807274,0.055323779582977295,34.23763656616211,33.02360916137695,36.79609680175781
scene12_traj1_1__000011,0.03213992714881897,0.05558256432414055,0.6768472790718079,0.615445077419281,1.0163699388504028,32.99161148071289,36.78245544433594,0.03213992714881897,0.05558256432414055,34.22856140136719,32.99161148071289,36.78245544433594
scene12_traj1_1__000012,0.03198469430208206,0.055226828902959824,0.6801086664199829,0.6168417930603027,1.0199272632598877,33.24186706542969,37.41850662231445,0.03198469430208206,0.055226828902959824,34.38738250732422,33.24186706542969,37.41850662231445
scene12_traj1_1__000013,0.03209410235285759,0.05561641976237297,0.6785702109336853,0.6175832152366638,1.019313097000122,33.162166595458984,37.4622688293457,0.03209410235285759,0.05561641976237297,34.3560791015625,33.162166595458984,37.4622688293457
scene12_traj1_1__000014,0.03202366456389427,0.05547977611422539,0.6779549717903137,0.6138309836387634,1.0162580013275146,33.047794342041016,37.491458892822266,0.03202366456389427,0.05547977611422539,34.23210144042969,33.047794342041016,37.491458892822266
scene12_traj1_1__000015,0.03205094859004021,0.05570857971906662,0.6801928281784058,0.6156392097473145,1.0192642211914062,33.130855560302734,37.206214904785156,0.03205094859004021,0.05570857971906662,34.35011672973633,33.130855560302734,37.206214904785156
scene12_traj1_1__000016,0.03206540644168854,0.05565745756030083,0.6740986108779907,0.6165736317634583,1.014865517616272,33.022560119628906,37.4283561706543,0.03206540644168854,0.05565745756030083,34.20550537109375,33.022560119628906,37.4283561706543
scene12_traj1_1__000017,0.03218422457575798,0.055910371243953705,0.6759722232818604,0.6194623708724976,1.0185033082962036,33.16800308227539,37.57512283325195,0.03218422457575798,0.055910371243953705,34.33763122558594,33.16800308227539,37.57512283325195
scene12_traj1_1__000018,0.03194989636540413,0.055109016597270966,0.6791692972183228,0.6186208724975586,1.0205565690994263,33.30881881713867,37.97654342651367,0.03194989636540413,0.055109016597270966,34.41201400756836,33.30881881713867,37.97654342651367
scene12_traj1_1__000019,0.03206565976142883,0.055486805737018585,0.6775784492492676,0.6205518841743469,1.0204414129257202,33.32511901855469,37.77401351928711,0.03206565976142883,0.055486805737018585,34.4212532043457,33.32511901855469,37.77401351928711
scene12_traj1_1__000020,0.03214075043797493,0.05554400384426117,0.6808289885520935,0.6192178726196289,1.022078037261963,33.25426483154297,37.41227722167969,0.03214075043797493,0.05554400384426117,34.48061752319336,33.25426483154297,37.41227722167969
scene12_traj1_1__000021,0.03195086121559143,0.05491248145699501,0.6768707036972046,0.6199934482574463,1.0195181369781494,33.15462875366211,37.43635559082031,0.03195086121559143,0.05491248145699501,34.382930755615234,33.15462875366211,37.43635559082031
scene12_traj1_1__000022,0.03213369846343994,0.055739983916282654,0.6807369589805603,0.6182130575180054,1.0213264226913452,33.332523345947266,37.74833297729492,0.03213369846343994,0.055739983916282654,34.44212341308594,33.332523345947266,37.74833297729492
scene12_traj1_1__000023,0.03215111419558525,0.05601634085178375,0.6755246520042419,0.6189391613006592,1.0176018476486206,32.898895263671875,36.610931396484375,0.03215111419558525,0.05601634085178375,34.307437896728516,32.898895263671875,36.610931396484375
scene12_traj1_1__000024,0.03215572610497475,0.05589126795530319,0.6755205988883972,0.6204384565353394,1.0186885595321655,32.92744445800781,36.674110412597656,0.03215572610497475,0.05589126795530319,34.33418273925781,32.92744445800781,36.674110412597656
scene12_traj1_1__000025,0.032053425908088684,0.055434729903936386,0.6764812469482422,0.6192325353622437,1.0185256004333496,32.922607421875,36.64754867553711,0.032053425908088684,0.055434729903936386,34.33318328857422,32.922607421875,36.64754867553711
scene12_traj1_1__000026,0.03208320215344429,0.055504210293293,0.6779493689537048,0.6172223091125488,1.0184326171875,32.95075225830078,36.52484130859375,0.03208320215344429,0.055504210293293,34.33428192138672,32.95075225830078,36.52484130859375
scene12_traj1_1__000027,0.03213058412075043,0.05545622855424881,0.6748924851417542,0.6218177080154419,1.0198911428451538,33.13013458251953,37.273990631103516,0.03213058412075043,0.05545622855424881,34.39129638671875,33.13013458251953,37.273990631103516
scene12_traj1_1__000028,0.03227342665195465,0.055654849857091904,0.6761615872383118,0.6212044358253479,1.0201454162597656,33.19865036010742,37.32874298095703,0.03227342665195465,0.055654849857091904,34.3789176940918,33.19865036010742,37.32874298095703
scene12_traj1_1__000029,0.032163310796022415,0.055319249629974365,0.6853950023651123,0.6255837082862854,1.030577540397644,33.75006866455078,38.0469970703125,0.032163310796022415,0.055319249629974365,34.802154541015625,33.75006866455078,38.0469970703125
scene12_traj1_1__000030,0.0322858989238739,0.055731531232595444,0.6779225468635559,0.6200799942016602,1.0201401710510254,33.15703201293945,37.30199432373047,0.0322858989238739,0.055731531232595444,34.402896881103516,33.15703201293945,37.30199432373047
scene12_traj1_1__000031,0.03235642611980438,0.05587055906653404,0.6803430318832397,0.6197565197944641,1.0220695734024048,33.22422790527344,37.316619873046875,0.03235642611980438,0.05587055906653404,34.45668029785156,33.22422790527344,37.316619873046875
scene12_traj1_1__000032,0.03236641362309456,0.05596674978733063,0.6786817312240601,0.6203327178955078,1.0207736492156982,33.04484558105469,36.726356506347656,0.03236641362309456,0.05596674978733063,34.421363830566406,33.04484558105469,36.726356506347656
scene12_traj1_1__000033,0.032238174229860306,0.05569935590028763,0.6767412424087524,0.6198171377182007,1.019185185432434,32.99742126464844,36.58851623535156,0.032238174229860306,0.05569935590028763,34.366790771484375,32.99742126464844,36.58851623535156
scene12_traj1_1__000034,0.032266147434711456,0.0555025152862072,0.6784076690673828,0.6184678673744202,1.0198174715042114,33.05116271972656,36.74222946166992,0.032266147434711456,0.0555025152862072,34.394039154052734,33.05116271972656,36.74222946166992
scene12_traj1_1__000035,0.032429713755846024,0.05589873716235161,0.6774021983146667,0.6194009184837341,1.0196635723114014,33.2447509765625,37.24074935913086,0.032429713755846024,0.05589873716235161,34.40314865112305,33.2447509765625,37.24074935913086
scene12_traj1_1__000036,0.0323203019797802,0.05563405901193619,0.677177369594574,0.6201973557472229,1.0199419260025024,33.09983444213867,36.853111267089844,0.0323203019797802,0.05563405901193619,34.399269104003906,33.09983444213867,36.853111267089844
scene12_traj1_1__000037,0.03240878880023956,0.05614674091339111,0.6793429851531982,0.6203417778015137,1.0218992233276367,33.1944580078125,37.0474853515625,0.03240878880023956,0.05614674091339111,34.472251892089844,33.1944580078125,37.0474853515625
scene12_traj1_1__000038,0.0325036458671093,0.05599110573530197,0.6829925179481506,0.6202487945556641,1.0241155624389648,33.2053337097168,36.91853332519531,0.0325036458671093,0.05599110573530197,34.53772735595703,33.2053337097168,36.91853332519531
scene12_traj1_1__000039,0.03259960934519768,0.05606992542743683,0.6795995831489563,0.6191906332969666,1.020611047744751,33.07844543457031,36.88981628417969,0.03259960934519768,0.05606992542743683,34.402320861816406,33.07844543457031,36.88981628417969
scene12_traj1_1__000040,0.032465994358062744,0.05597155541181564,0.6814162731170654,0.6219404935836792,1.0238593816757202,33.441036224365234,37.559410095214844,0.032465994358062744,0.05597155541181564,34.551753997802734,33.441036224365234,37.559410095214844
scene12_traj1_1__000041,0.032536592334508896,0.05609441176056862,0.678936779499054,0.6184272766113281,1.0203254222869873,33.30974197387695,37.51676940917969,0.032536592334508896,0.05609441176056862,34.41035461425781,33.30974197387695,37.51676940917969
scene12_traj1_1__000042,0.03255190700292587,0.05617035552859306,0.6813796162605286,0.625857412815094,1.0265604257583618,33.51632308959961,37.37237548828125,0.03255190700292587,0.05617035552859306,34.658695220947266,33.51632308959961,37.37237548828125
scene12_traj1_1__000043,0.03250492364168167,0.05598186329007149,0.6784346699714661,0.6252803206443787,1.0242987871170044,33.4876594543457,37.768470764160156,0.03250492364168167,0.05598186329007149,34.56546401977539,33.4876594543457,37.768470764160156
scene12_traj1_1__000044,0.03227297216653824,0.05600464344024658,0.6730015873908997,0.6201562881469727,1.0165365934371948,33.000755310058594,36.80186080932617,0.03227297216653824,0.05600464344024658,34.250083923339844,33.000755310058594,36.80186080932617
scene12_traj1_1__000045,0.03224117308855057,0.055965326726436615,0.6759262681007385,0.6165187358856201,1.0161786079406738,33.00337600708008,36.698856353759766,0.03224117308855057,0.055965326726436615,34.24296569824219,33.00337600708008,36.698856353759766
scene12_traj1_1__000046,0.032376185059547424,0.056020691990852356,0.6781054139137268,0.6185446977615356,1.0189268589019775,33.096412658691406,36.631568908691406,0.032376185059547424,0.056020691990852356,34.345001220703125,33.096412658691406,36.631568908691406
scene12_traj1_1__000047,0.03270668536424637,0.0572374127805233,0.6772713661193848,0.6169367432594299,1.0170689821243286,33.02866744995117,36.77301788330078,0.03270668536424637,0.0572374127805233,34.272117614746094,33.02866744995117,36.77301788330078
scene12_traj1_1__000048,0.03261319920420647,0.05654218792915344,0.6758116483688354,0.614583432674408,1.0147948265075684,32.94245529174805,36.875457763671875,0.03261319920420647,0.05654218792915344,34.184600830078125,32.94245529174805,36.875457763671875
scene12_traj1_1__000049,0.032717715948820114,0.0570211261510849,0.6801801919937134,0.6216010451316833,1.0238724946975708,33.498687744140625,37.33220291137695,0.032717715948820114,0.0570211261510849,34.547691345214844,33.498687744140625,37.33220291137695
scene12_traj1_1__000050,0.03277576342225075,0.05737968534231186,0.6739309430122375,0.6181061267852783,1.0166432857513428,33.243961334228516,37.38180923461914,0.03277576342225075,0.05737968534231186,34.24903106689453,33.243961334228516,37.38180923461914
scene12_traj1_1__000051,0.0328793041408062,0.05723392963409424,0.6739947199821472,0.615336537361145,1.0136396884918213,33.17841720581055,37.501258850097656,0.0328793041408062,0.05723392963409424,34.12559509277344,33.17841720581055,37.501258850097656
scene12_traj1_1__000052,0.03282316401600838,0.0571540929377079,0.6777881383895874,0.616544783115387,1.0176568031311035,33.19789123535156,37.05735778808594,0.03282316401600838,0.0571540929377079,34.31558609008789,33.19789123535156,37.05735778808594
scene12_traj1_1__000053,0.032696809619665146,0.05701882764697075,0.6715995073318481,0.6184208393096924,1.0145758390426636,33.23421096801758,37.34134292602539,0.032696809619665146,0.05701882764697075,34.18052291870117,33.23421096801758,37.34134292602539
scene12_traj1_1__000054,0.03294316306710243,0.057449307292699814,0.676609456539154,0.6219499707221985,1.0207628011703491,33.4164924621582,37.45629119873047,0.03294316306710243,0.057449307292699814,34.42587661743164,33.4164924621582,37.45629119873047
scene12_traj1_1__000055,0.032859668135643005,0.05737815424799919,0.6770445108413696,0.6202758550643921,1.0197415351867676,33.42485427856445,37.443016052246094,0.032859668135643005,0.05737815424799919,34.380889892578125,33.42485427856445,37.443016052246094
scene12_traj1_1__000056,0.032905545085668564,0.056941013783216476,0.680002748966217,0.6217053532600403,1.0234899520874023,33.722774505615234,37.97716522216797,0.032905545085668564,0.056941013783216476,34.5148811340332,33.722774505615234,37.97716522216797
scene12_traj1_1__000057,0.03303096815943718,0.05746930465102196,0.6773200631141663,0.6207228899002075,1.020169973373413,33.47597122192383,37.77439498901367,0.03303096815943718,0.05746930465102196,34.401023864746094,33.47597122192383,37.77439498901367
scene12_traj1_1__000058,0.033041443675756454,0.05734816938638687,0.680388867855072,0.6193587779998779,1.0212327241897583,33.572998046875,37.892730712890625,0.033041443675756454,0.05734816938638687,34.448604583740234,33.572998046875,37.892730712890625
scene12_traj1_1__000059,0.03287240117788315,0.05698544159531593,0.6790710687637329,0.6172821521759033,1.0194214582443237,33.42608642578125,37.658321380615234,0.03287240117788315,0.05698544159531593,34.364349365234375,33.42608642578125,37.658321380615234
scene12_traj1_1__000060,0.032894644886255264,0.05705610662698746,0.6791964173316956,0.6203714609146118,1.0215837955474854,33.43276596069336,37.294189453125,0.032894644886255264,0.05705610662698746,34.453304290771484,33.43276596069336,37.294189453125
scene12_traj1_1__000061,0.032901160418987274,0.0570630319416523,0.6798900961875916,0.6222299337387085,1.023325800895691,33.48778533935547,37.5265998840332,0.032901160418987274,0.0570630319416523,34.53304672241211,33.48778533935547,37.5265998840332
scene12_traj1_1__000062,0.03287406638264656,0.056794025003910065,0.6786922812461853,0.6207250952720642,1.0211912393569946,33.41938018798828,37.28963088989258,0.03287406638264656,0.056794025003910065,34.423583984375,33.41938018798828,37.28963088989258
scene12_traj1_1__000063,0.032814934849739075,0.056869909167289734,0.6775683164596558,0.6235467791557312,1.0222182273864746,33.603702545166016,37.88379669189453,0.032814934849739075,0.056869909167289734,34.477394104003906,33.603702545166016,37.88379669189453
scene12_traj1_1__000064,0.03298334404826164,0.0574130043387413,0.677179217338562,0.6241187453269958,1.0232806205749512,33.5237922668457,37.57208251953125,0.03298334404826164,0.0574130043387413,34.523109436035156,33.5237922668457,37.57208251953125
scene12_traj1_1__000065,0.032992828637361526,0.05713288486003876,0.6777916550636292,0.6212436556816101,1.0209479331970215,33.42910385131836,37.25175094604492,0.032992828637361526,0.05713288486003876,34.428253173828125,33.42910385131836,37.25175094604492
scene12_traj1_1__000066,0.03296986594796181,0.05714495852589607,0.6791126132011414,0.6189656257629395,1.020921230316162,33.467529296875,37.43439865112305,0.03296986594796181,0.05714495852589607,34.441993713378906,33.467529296875,37.43439865112305
scene12_traj1_1__000067,0.03279592841863632,0.05662217363715172,0.6791368722915649,0.6192935705184937,1.0210775136947632,33.55300521850586,37.8087272644043,0.03279592841863632,0.05662217363715172,34.432029724121094,33.55300521850586,37.8087272644043
scene12_traj1_1__000068,0.03281537815928459,0.056651536375284195,0.675920844078064,0.6220718026161194,1.020355224609375,33.42251968383789,37.4621467590332,0.03281537815928459,0.056651536375284195,34.4215087890625,33.42251968383789,37.4621467590332
scene12_traj1_1__000069,0.032895058393478394,0.05670776218175888,0.6781456470489502,0.6218108534812927,1.0221290588378906,33.46315383911133,37.37632369995117,0.032895058393478394,0.05670776218175888,34.47855758666992,33.46315383911133,37.37632369995117
scene12_traj1_1__000070,0.03296400606632233,0.05694931373000145,0.6758841276168823,0.6185675859451294,1.0178018808364868,33.3917350769043,37.60596466064453,0.03296400606632233,0.05694931373000145,34.32874298095703,33.3917350769043,37.60596466064453
scene12_traj1_1__000071,0.03305956348776817,0.05724020302295685,0.6800644397735596,0.6200509071350098,1.022120475769043,33.554203033447266,37.517051696777344,0.03305956348776817,0.05724020302295685,34.479366302490234,33.554203033447266,37.517051696777344
scene12_traj1_1__000072,0.033088140189647675,0.05709456652402878,0.6783339381217957,0.621487557888031,1.0218464136123657,33.4711799621582,37.36750793457031,0.033088140189647675,0.05709456652402878,34.465030670166016,33.4711799621582,37.36750793457031
scene12_traj1_1__000073,0.033041682094335556,0.056627143174409866,0.6752223968505859,0.6251537203788757,1.0223510265350342,33.493125915527344,37.44325256347656,0.033041682094335556,0.056627143174409866,34.482635498046875,33.493125915527344,37.44325256347656
scene12_traj1_1__000074,0.033117491751909256,0.056898266077041626,0.677219808101654,0.6216602325439453,1.0212571620941162,33.42798614501953,37.31903839111328,0.033117491751909256,0.056898266077041626,34.447059631347656,33.42798614501953,37.31903839111328
scene12_traj1_1__000075,0.033003732562065125,0.05671929940581322,0.6787983179092407,0.622366726398468,1.0231739282608032,33.4367790222168,37.3405647277832,0.033003732562065125,0.05671929940581322,34.51546096801758,33.4367790222168,37.3405647277832
scene12_traj1_1__000076,0.032924752682447433,0.05638865381479263,0.6766324043273926,0.6232173442840576,1.0221518278121948,33.43043899536133,37.45320129394531,0.032924752682447433,0.05638865381479263,34.475582122802734,33.43043899536133,37.45320129394531
scene12_traj1_1__000077,0.03309366852045059,0.056954506784677505,0.6736778616905212,0.6229861974716187,1.019726276397705,33.41107177734375,37.4597053527832,0.03309366852045059,0.056954506784677505,34.36323165893555,33.41107177734375,37.4597053527832
scene12_traj1_1__000078,0.03314705938100815,0.05718880891799927,0.6754650473594666,0.6223565936088562,1.0201143026351929,33.37358474731445,37.44125747680664,0.03314705938100815,0.05718880891799927,34.39337921142578,33.37358474731445,37.44125747680664
scene12_traj1_1__000079,0.033025696873664856,0.05676126852631569,0.6740801334381104,0.623189389705658,1.0196853876113892,33.27639389038086,37.31266784667969,0.033025696873664856,0.05676126852631569,34.37477493286133,33.27639389038086,37.31266784667969
scene12_traj1_1__000080,0.03270890191197395,0.055898454040288925,0.6766443252563477,0.6290720105171204,1.0260273218154907,33.55356216430664,37.26513671875,0.03270890191197395,0.055898454040288925,34.6220817565918,33.55356216430664,37.26513671875
scene12_traj1_1__000081,0.03293373063206673,0.05640559270977974,0.677463173866272,0.6281072497367859,1.0257508754730225,33.528011322021484,36.980892181396484,0.03293373063206673,0.05640559270977974,34.63335418701172,33.528011322021484,36.980892181396484
scene12_traj1_1__000082,0.033019088208675385,0.05623677745461464,0.676181972026825,0.6270299553871155,1.023482084274292,33.362274169921875,36.64558029174805,0.033019088208675385,0.05623677745461464,34.51786422729492,33.362274169921875,36.64558029174805
scene12_traj1_1__000083,0.033136386424303055,0.0567462258040905,0.6787014603614807,0.6314789056777954,1.0292991399765015,33.67781066894531,37.2235221862793,0.033136386424303055,0.0567462258040905,34.758262634277344,33.67781066894531,37.2235221862793
scene12_traj1_1__000084,0.03301560878753662,0.056398868560791016,0.6755097508430481,0.6319783329963684,1.0271644592285156,33.614437103271484,37.60245132446289,0.03301560878753662,0.056398868560791016,34.66713333129883,33.614437103271484,37.60245132446289
scene12_traj1_1__000085,0.03304170072078705,0.05621640756726265,0.6754608154296875,0.6313140988349915,1.0259605646133423,33.59041213989258,37.53351593017578,0.03304170072078705,0.05621640756726265,34.61382293701172,33.59041213989258,37.53351593017578
scene12_traj1_1__000086,0.03307906165719032,0.056392330676317215,0.6749030947685242,0.6337742209434509,1.0271801948547363,33.60861587524414,37.45991516113281,0.03307906165719032,0.056392330676317215,34.67698669433594,33.60861587524414,37.45991516113281
scene12_traj1_1__000087,0.032962195575237274,0.05619549751281738,0.6751822233200073,0.6326484084129333,1.02690589427948,33.69438171386719,37.78468322753906,0.032962195575237274,0.05619549751281738,34.659061431884766,33.69438171386719,37.78468322753906
scene12_traj1_1__000088,0.03291495144367218,0.05585518106818199,0.6726183891296387,0.6378567218780518,1.0289099216461182,33.679588317871094,37.524776458740234,0.03291495144367218,0.05585518106818199,34.7373046875,33.679588317871094,37.524776458740234
scene12_traj1_1__000089,0.032919541001319885,0.05578026548027992,0.671420693397522,0.6367264986038208,1.0262889862060547,33.52813720703125,37.23211669921875,0.032919541001319885,0.05578026548027992,34.64035415649414,33.52813720703125,37.23211669921875
scene12_traj1_1__000090,0.03302893787622452,0.05596860498189926,0.6729757189750671,0.6381151676177979,1.028615117073059,33.607933044433594,37.57229232788086,0.03302893787622452,0.05596860498189926,34.73619842529297,33.607933044433594,37.57229232788086
scene12_traj1_1__000091,0.033105578273534775,0.0560123510658741,0.6766428351402283,0.6346409916877747,1.028486967086792,33.666690826416016,37.329830169677734,0.033105578273534775,0.0560123510658741,34.721500396728516,33.666690826416016,37.329830169677734
scene12_traj1_1__000092,0.03312736377120018,0.05607406049966812,0.6750357151031494,0.6387051343917847,1.0306202173233032,33.745765686035156,37.338340759277344,0.03312736377120018,0.05607406049966812,34.80558395385742,33.745765686035156,37.338340759277344
scene12_traj1_1__000093,0.033167265355587006,0.056449148803949356,0.6705717444419861,0.6410943865776062,1.0288563966751099,33.50027084350586,37.06937789916992,0.033167265355587006,0.056449148803949356,34.743324279785156,33.50027084350586,37.06937789916992
scene12_traj1_1__000094,0.03332320973277092,0.056668948382139206,0.6723610162734985,0.637765645980835,1.0276851654052734,33.596927642822266,37.04842758178711,0.03332320973277092,0.056668948382139206,34.70669174194336,33.596927642822266,37.04842758178711
scene12_traj1_1__000095,0.03322085365653038,0.056474119424819946,0.6728631854057312,0.6356083154678345,1.0266329050064087,33.42741012573242,36.755149841308594,0.03322085365653038,0.056474119424819946,34.63593673706055,33.42741012573242,36.755149841308594
scene12_traj1_1__000096,0.033357828855514526,0.05681630223989487,0.6726961731910706,0.6402768492698669,1.0296286344528198,33.75700759887695,37.37793731689453,0.033357828855514526,0.05681630223989487,34.76023483276367,33.75700759887695,37.37793731689453
scene12_traj1_1__000097,0.03337319567799568,0.05652274191379547,0.6711041331291199,0.6365233659744263,1.0255208015441895,33.62229537963867,37.367431640625,0.03337319567799568,0.05652274191379547,34.59836959838867,33.62229537963867,37.367431640625
scene12_traj1_1__000098,0.03345080465078354,0.05712824687361717,0.6679674386978149,0.6348156332969666,1.0224289894104004,33.38801574707031,37.28704071044922,0.03345080465078354,0.05712824687361717,34.48979187011719,33.38801574707031,37.28704071044922
scene12_traj1_1__000099,0.03347951918840408,0.0570034384727478,0.6731701493263245,0.6372507214546204,1.0281085968017578,33.71119689941406,37.61930465698242,0.03347951918840408,0.0570034384727478,34.71739196777344,33.71119689941406,37.61930465698242
scene12_traj1_1__000100,0.03354143351316452,0.05731822922825813,0.6736919283866882,0.6365645527839661,1.0285214185714722,33.71133041381836,37.15647506713867,0.03354143351316452,0.05731822922825813,34.72917938232422,33.71133041381836,37.15647506713867
scene12_traj1_1__000101,0.03382499888539314,0.05784228816628456,0.6736039519309998,0.6344634294509888,1.0262269973754883,33.66560745239258,37.46239471435547,0.03382499888539314,0.05784228816628456,34.65424346923828,33.66560745239258,37.46239471435547
scene12_traj1_1__000102,0.033774398267269135,0.05782780796289444,0.6732938885688782,0.6347354650497437,1.0255399942398071,33.64955139160156,37.337921142578125,0.033774398267269135,0.05782780796289444,34.61170196533203,33.64955139160156,37.337921142578125
scene12_traj1_1__000103,0.03378954157233238,0.05746155604720116,0.6736596822738647,0.6310652494430542,1.0240744352340698,33.53712844848633,37.05254364013672,0.03378954157233238,0.05746155604720116,34.53940200805664,33.53712844848633,37.05254364013672
scene12_traj1_1__000104,0.03396531939506531,0.05783328786492348,0.6757320761680603,0.6345425248146057,1.0281709432601929,33.86826705932617,37.735538482666016,0.03396531939506531,0.05783328786492348,34.735931396484375,33.86826705932617,37.735538482666016
scene12_traj1_1__000105,0.03400428593158722,0.05801854655146599,0.6738788485527039,0.6340183019638062,1.0261799097061157,33.69988250732422,37.50276184082031,0.03400428593158722,0.05801854655146599,34.639774322509766,33.69988250732422,37.50276184082031
scene12_traj1_1__000106,0.034047696739435196,0.057909075170755386,0.6741598844528198,0.6336339712142944,1.0260024070739746,33.65925979614258,37.353919982910156,0.034047696739435196,0.057909075170755386,34.62778854370117,33.65925979614258,37.353919982910156
scene12_traj1_1__000107,0.03407782316207886,0.05807512626051903,0.6756619215011597,0.6341342329978943,1.0283559560775757,33.87459945678711,37.98569107055664,0.03407782316207886,0.05807512626051903,34.74611282348633,33.87459945678711,37.98569107055664
scene12_traj1_1__000108,0.03409959748387337,0.058037448674440384,0.6715825796127319,0.6316308975219727,1.023117184638977,33.56826400756836,37.570213317871094,0.03409959748387337,0.058037448674440384,34.51673889160156,33.56826400756836,37.570213317871094
scene12_traj1_1__000109,0.034256886690855026,0.05826808139681816,0.6701725721359253,0.631065845489502,1.0216928720474243,33.53160858154297,37.46278381347656,0.034256886690855026,0.05826808139681816,34.461273193359375,33.53160858154297,37.46278381347656
scene12_traj1_1__000110,0.034228019416332245,0.05892053619027138,0.6712827086448669,0.6267317533493042,1.0196995735168457,33.58658218383789,37.801658630371094,0.034228019416332245,0.05892053619027138,34.40070343017578,33.58658218383789,37.801658630371094
scene12_traj1_1__000111,0.03416619077324867,0.05824717879295349,0.6675552725791931,0.6311737298965454,1.0200821161270142,33.56759262084961,37.70647430419922,0.03416619077324867,0.05824717879295349,34.40861892700195,33.56759262084961,37.70647430419922
scene12_traj1_1__000112,0.03441137075424194,0.058549053966999054,0.6686602830886841,0.6303361654281616,1.0202120542526245,33.412559509277344,37.0980339050293,0.03441137075424194,0.058549053966999054,34.41450119018555,33.412559509277344,37.0980339050293
scene12_traj1_1__000113,0.03436616063117981,0.058644335716962814,0.6656907200813293,0.6296721696853638,1.017183780670166,33.31865692138672,37.113582611083984,0.03436616063117981,0.058644335716962814,34.29962158203125,33.31865692138672,37.113582611083984
scene12_traj1_1__000114,0.034429531544446945,0.05853079631924629,0.6683201789855957,0.6313551664352417,1.0208103656768799,33.42209243774414,37.162841796875,0.034429531544446945,0.05853079631924629,34.42993927001953,33.42209243774414,37.162841796875
scene12_traj1_1__000115,0.03439280018210411,0.05869978293776512,0.6680608987808228,0.6317914724349976,1.0208532810211182,33.51040267944336,37.447784423828125,0.03439280018210411,0.05869978293776512,34.45648193359375,33.51040267944336,37.447784423828125
scene12_traj1_1__000116,0.03446507826447487,0.058598488569259644,0.6678856611251831,0.6265462636947632,1.0165704488754272,33.21702194213867,36.88983917236328,0.03446507826447487,0.058598488569259644,34.285823822021484,33.21702194213867,36.88983917236328
scene12_traj1_1__000117,0.03438043221831322,0.0585068054497242,0.6680415272712708,0.6251818537712097,1.0156587362289429,33.33971405029297,37.422279357910156,0.03438043221831322,0.0585068054497242,34.22645950317383,33.33971405029297,37.422279357910156
scene12_traj1_1__000118,0.03445509076118469,0.058423109352588654,0.6675853729248047,0.6283597350120544,1.0183919668197632,33.40631866455078,37.282344818115234,0.03445509076118469,0.058423109352588654,34.348052978515625,33.40631866455078,37.282344818115234
scene12_traj1_1__000119,0.03440419211983681,0.0584164634346962,0.6676121354103088,0.630045473575592,1.0198826789855957,33.55427169799805,37.659820556640625,0.03440419211983681,0.0584164634346962,34.416351318359375,33.55427169799805,37.659820556640625
scene12_traj1_1__000120,0.03449608385562897,0.058607473969459534,0.670501172542572,0.6266181468963623,1.0189001560211182,33.432125091552734,37.22177505493164,0.03449608385562897,0.058607473969459534,34.36640548706055,33.432125091552734,37.22177505493164
scene12_traj1_1__000121,0.034682031720876694,0.05906860902905464,0.6712113618850708,0.6301097869873047,1.0217734575271606,33.66771697998047,37.83720016479492,0.034682031720876694,0.05906860902905464,34.492584228515625,33.66771697998047,37.83720016479492
scene12_traj1_1__000122,0.03455016389489174,0.058470290154218674,0.6689065098762512,0.6271528005599976,1.017961859703064,33.578208923339844,37.96797561645508,0.03455016389489174,0.058470290154218674,34.331382751464844,33.578208923339844,37.96797561645508
scene12_traj1_1__000123,0.0346531942486763,0.05852837115526199,0.6677429676055908,0.6347364187240601,1.0232163667678833,33.761539459228516,38.141300201416016,0.0346531942486763,0.05852837115526199,34.53901290893555,33.761539459228516,38.141300201416016
scene12_traj1_1__000124,0.03465571627020836,0.05857756361365318,0.6681088209152222,0.6306964755058289,1.0199090242385864,33.55875015258789,37.67593765258789,0.03465571627020836,0.05857756361365318,34.40823745727539,33.55875015258789,37.67593765258789
scene12_traj1_1__000125,0.03481267765164375,0.05886020138859749,0.6676173210144043,0.6306039690971375,1.0189372301101685,33.51877975463867,37.48978042602539,0.03481267765164375,0.05886020138859749,34.39241409301758,33.51877975463867,37.48978042602539
scene12_traj1_1__000126,0.03474649041891098,0.058582305908203125,0.6677842736244202,0.6294538378715515,1.017884373664856,33.46580505371094,37.6557731628418,0.03474649041891098,0.058582305908203125,34.35129928588867,33.46580505371094,37.6557731628418
scene12_traj1_1__000127,0.03493935987353325,0.05908767879009247,0.6664010882377625,0.6308041214942932,1.0187296867370605,33.536216735839844,37.752540588378906,0.03493935987353325,0.05908767879009247,34.36860656738281,33.536216735839844,37.752540588378906
scene12_traj1_1__000128,0.03489517793059349,0.058830276131629944,0.6667195558547974,0.6345401406288147,1.0217180252075195,33.72298049926758,37.874000549316406,0.03489517793059349,0.058830276131629944,34.4891471862793,33.72298049926758,37.874000549316406
scene12_traj1_1__000129,0.034922897815704346,0.0589933842420578,0.6691590547561646,0.6357974410057068,1.0243618488311768,33.868385314941406,38.02908706665039,0.034922897815704346,0.0589933842420578,34.588314056396484,33.868385314941406,38.02908706665039
scene12_traj1_1__000130,0.03500184044241905,0.058842044323682785,0.6656514406204224,0.6316513419151306,1.0179940462112427,33.51032257080078,37.51477813720703,0.03500184044241905,0.058842044323682785,34.33646011352539,33.51032257080078,37.51477813720703
scene12_traj1_1__000131,0.035196203738451004,0.05953775346279144,0.6655473709106445,0.6307677626609802,1.0169163942337036,33.52570724487305,37.59822082519531,0.035196203738451004,0.05953775346279144,34.322044372558594,33.52570724487305,37.59822082519531
scene12_traj1_1__000132,0.03515017777681351,0.05933067947626114,0.6648812294006348,0.6332235932350159,1.0184557437896729,33.57198715209961,37.70327377319336,0.03515017777681351,0.05933067947626114,34.36836624145508,33.57198715209961,37.70327377319336
scene12_traj1_1__000133,0.03528100997209549,0.05956227704882622,0.6658363938331604,0.6366350650787354,1.0215054750442505,33.68210220336914,37.73027038574219,0.03528100997209549,0.05956227704882622,34.479740142822266,33.68210220336914,37.73027038574219
scene12_traj1_1__000134,0.03522362932562828,0.059441111981868744,0.6674190759658813,0.6350277662277222,1.0216559171676636,33.7082405090332,37.86127853393555,0.03522362932562828,0.059441111981868744,34.48293685913086,33.7082405090332,37.86127853393555
scene12_traj1_1__000135,0.0352582149207592,0.0597941018640995,0.66619473695755,0.630679726600647,1.0174472332000732,33.538578033447266,37.535552978515625,0.0352582149207592,0.0597941018640995,34.34181594848633,33.538578033447266,37.535552978515625
scene12_traj1_1__000136,0.03527889773249626,0.05998409911990166,0.6689374446868896,0.6341081857681274,1.0223578214645386,33.720359802246094,37.765750885009766,0.03527889773249626,0.05998409911990166,34.51913070678711,33.720359802246094,37.765750885009766
scene12_traj1_1__000137,0.03543076664209366,0.06043671816587448,0.6634323596954346,0.6279000639915466,1.0138819217681885,33.36588668823242,37.39213180541992,0.03543076664209366,0.06043671816587448,34.183040618896484,33.36588668823242,37.39213180541992
scene12_traj1_1__000138,0.03536156192421913,0.0604332871735096,0.6611265540122986,0.6268169283866882,1.0108622312545776,33.23775100708008,37.44612121582031,0.03536156192421913,0.0604332871735096,34.077964782714844,33.23775100708008,37.44612121582031
scene12_traj1_1__000139,0.03523088991641998,0.05980012193322182,0.664878785610199,0.627428412437439,1.014346718788147,33.48582077026367,37.80592346191406,0.03523088991641998,0.05980012193322182,34.202884674072266,33.48582077026367,37.80592346191406
scene12_traj1_1__000140,0.03546762466430664,0.06076633185148239,0.662601113319397,0.6267998218536377,1.0120700597763062,33.359134674072266,37.65182876586914,0.03546762466430664,0.06076633185148239,34.13359451293945,33.359134674072266,37.65182876586914
scene12_traj1_1__000141,0.03529313579201698,0.06043446436524391,0.6635081171989441,0.6244243383407593,1.0108578205108643,33.31633758544922,37.42797088623047,0.03529313579201698,0.06043446436524391,34.06893539428711,33.31633758544922,37.42797088623047
scene12_traj1_1__000142,0.035399798303842545,0.06055213138461113,0.6598009467124939,0.6272382140159607,1.0104128122329712,33.36264419555664,37.67137145996094,0.035399798303842545,0.06055213138461113,34.05337905883789,33.36264419555664,37.67137145996094
scene12_traj1_1__000143,0.03555579483509064,0.061259906738996506,0.6599452495574951,0.6265481114387512,1.0098203420639038,33.243648529052734,37.31935119628906,0.03555579483509064,0.061259906738996506,34.01418685913086,33.243648529052734,37.31935119628906
scene12_traj1_1__000144,0.03540536016225815,0.06083798035979271,0.6632699966430664,0.6287794709205627,1.0146905183792114,33.55185317993164,37.8338508605957,0.03540536016225815,0.06083798035979271,34.213924407958984,33.55185317993164,37.8338508605957
scene12_traj1_1__000145,0.03537504002451897,0.060813311487436295,0.6613140106201172,0.62711501121521,1.0114532709121704,33.44569396972656,37.699466705322266,0.03537504002451897,0.060813311487436295,34.095481872558594,33.44569396972656,37.699466705322266
scene12_traj1_1__000146,0.03519909828901291,0.06076078116893768,0.6627625823020935,0.6256904006004333,1.010941505432129,33.39405059814453,37.569419860839844,0.03519909828901291,0.06076078116893768,34.07257843017578,33.39405059814453,37.569419860839844
scene12_traj1_1__000147,0.03531527891755104,0.06105143204331398,0.659379243850708,0.6221458911895752,1.0061317682266235,33.28642654418945,37.99501037597656,0.03531527891755104,0.06105143204331398,33.89179992675781,33.28642654418945,37.99501037597656
scene12_traj1_1__000148,0.035228431224823,0.06089824065566063,0.6594582200050354,0.6243412494659424,1.0079697370529175,33.286800384521484,37.462066650390625,0.035228431224823,0.06089824065566063,33.959293365478516,33.286800384521484,37.462066650390625
scene12_traj1_1__000149,0.035211291164159775,0.06071971356868744,0.6586563587188721,0.6226465106010437,1.0062929391860962,33.22134780883789,37.37334442138672,0.035211291164159775,0.06071971356868744,33.894500732421875,33.22134780883789,37.37334442138672
scene12_traj1_1__000150,0.03505636751651764,0.060446687042713165,0.6590671539306641,0.6243644952774048,1.0080002546310425,33.28628158569336,37.636688232421875,0.03505636751651764,0.060446687042713165,33.95124435424805,33.28628158569336,37.636688232421875
scene12_traj1_1__000151,0.03497490659356117,0.06023833155632019,0.6574815511703491,0.6231126189231873,1.0052012205123901,33.13419723510742,37.51908874511719,0.03497490659356117,0.06023833155632019,33.8543701171875,33.13419723510742,37.51908874511719
scene12_traj1_1__000152,0.035012513399124146,0.06038852035999298,0.6529977917671204,0.6246542930603027,1.0027567148208618,33.04754638671875,37.674922943115234,0.035012513399124146,0.06038852035999298,33.765140533447266,33.04754638671875,37.674922943115234
scene12_traj1_1__000153,0.035038694739341736,0.06044233590364456,0.6580447554588318,0.626015305519104,1.0081132650375366,33.28448486328125,37.60316467285156,0.035038694739341736,0.06044233590364456,33.950157165527344,33.28448486328125,37.60316467285156
scene12_traj1_1__000154,0.034848183393478394,0.060194190591573715,0.6626890897750854,0.6225146055221558,1.0092530250549316,33.353416442871094,38.0189094543457,0.034848183393478394,0.060194190591573715,34.01688766479492,33.353416442871094,38.0189094543457
scene12_traj1_1__000155,0.03466687723994255,0.06000712886452675,0.6593130826950073,0.6173169612884521,1.002767562866211,32.91604995727539,37.52170944213867,0.03466687723994255,0.06000712886452675,33.75940704345703,32.91604995727539,37.52170944213867
scene12_traj1_1__000156,0.03469528257846832,0.05998147651553154,0.6618499755859375,0.6160950064659119,1.004474401473999,33.13990020751953,37.72513198852539,0.03469528257846832,0.05998147651553154,33.82980728149414,33.13990020751953,37.72513198852539
scene12_traj1_1__000157,0.03454141318798065,0.060015514492988586,0.6599749326705933,0.6180353164672852,1.0041191577911377,33.035831451416016,37.91053771972656,0.03454141318798065,0.060015514492988586,33.82347106933594,33.035831451416016,37.91053771972656
scene12_traj1_1__000158,0.03446286544203758,0.0596545934677124,0.6623378992080688,0.6158430576324463,1.0043751001358032,33.039791107177734,37.82123947143555,0.03446286544203758,0.0596545934677124,33.82563018798828,33.039791107177734,37.82123947143555
scene12_traj1_1__000159,0.03427283093333244,0.05900678038597107,0.6602864861488342,0.6170731782913208,1.0037504434585571,32.98521423339844,37.70199203491211,0.03427283093333244,0.05900678038597107,33.78459167480469,32.98521423339844,37.70199203491211
scene12_traj1_1__000160,0.034301310777664185,0.05944330617785454,0.6650261282920837,0.612762451171875,1.0044313669204712,32.944435119628906,37.46464920043945,0.034301310777664185,0.05944330617785454,33.808509826660156,32.944435119628906,37.46464920043945
scene12_traj1_1__000161,0.03441889211535454,0.05988426133990288,0.6652843952178955,0.6126369833946228,1.005580186843872,33.0985221862793,37.738929748535156,0.03441889211535454,0.05988426133990288,33.85670852661133,33.0985221862793,37.738929748535156
scene12_traj1_1__000162,0.03435142710804939,0.05983928591012955,0.6640995144844055,0.6132786870002747,1.0050557851791382,33.031734466552734,37.705570220947266,0.03435142710804939,0.05983928591012955,33.83260726928711,33.031734466552734,37.705570220947266
scene12_traj1_1__000163,0.03441714867949486,0.060271941125392914,0.6670069694519043,0.6110564470291138,1.0064753293991089,33.215579986572266,38.08674621582031,0.03441714867949486,0.060271941125392914,33.885284423828125,33.215579986572266,38.08674621582031
scene12_traj1_1__000164,0.03416983038187027,0.06017247959971428,0.6654280424118042,0.6134580969810486,1.0066627264022827,33.07318878173828,37.654666900634766,0.03416983038187027,0.06017247959971428,33.88831329345703,33.07318878173828,37.654666900634766
scene12_traj1_1__000165,0.03420349210500717,0.06029880791902542,0.668025016784668,0.6114075779914856,1.0077892541885376,33.29868698120117,38.184104919433594,0.03420349210500717,0.06029880791902542,33.93086624145508,33.29868698120117,38.184104919433594
scene12_traj1_1__000166,0.0340707041323185,0.06032142415642738,0.6710715293884277,0.6105285882949829,1.0096040964126587,33.334110260009766,38.14458084106445,0.0340707041323185,0.06032142415642738,34.00104904174805,33.334110260009766,38.14458084106445
scene12_traj1_1__000167,0.03403661772608757,0.060784682631492615,0.6675512790679932,0.6080935597419739,1.0046223402023315,33.10489273071289,37.96720886230469,0.03403661772608757,0.060784682631492615,33.798160552978516,33.10489273071289,37.96720886230469
scene12_traj1_1__000168,0.03385823220014572,0.06021731719374657,0.6696428656578064,0.6068133115768433,1.0057106018066406,33.15885925292969,38.038597106933594,0.03385823220014572,0.06021731719374657,33.8582649230957,33.15885925292969,38.038597106933594
scene12_traj1_1__000169,0.0338468924164772,0.06037773936986923,0.6689806580543518,0.6088947057723999,1.006705403327942,33.18380355834961,38.08351135253906,0.0338468924164772,0.06037773936986923,33.900089263916016,33.18380355834961,38.08351135253906
scene12_traj1_1__000170,0.03379890322685242,0.060204826295375824,0.6713585257530212,0.6060608625411987,1.0061904191970825,33.166927337646484,37.931053161621094,0.03379890322685242,0.060204826295375824,33.87086868286133,33.166927337646484,37.931053161621094
scene12_traj1_1__000171,0.033793020993471146,0.06072235107421875,0.6729273200035095,0.6075467467308044,1.0086082220077515,33.13219451904297,37.61669921875,0.033793020993471146,0.06072235107421875,33.973079681396484,33.13219451904297,37.61669921875
scene12_traj1_1__000172,0.033651016652584076,0.06016767770051956,0.6701123118400574,0.6083424687385559,1.0070807933807373,33.182315826416016,38.009010314941406,0.033651016652584076,0.06016767770051956,33.892906188964844,33.182315826416016,38.009010314941406
scene12_traj1_1__000173,0.033723510801792145,0.06043517217040062,0.6746025085449219,0.6083939671516418,1.0111140012741089,33.24797058105469,37.93709182739258,0.033723510801792145,0.06043517217040062,34.04915237426758,33.24797058105469,37.93709182739258
scene12_traj1_1__000174,0.03330416604876518,0.05918082594871521,0.6790007948875427,0.6113652586936951,1.0163450241088867,33.3250617980957,37.58781433105469,0.03330416604876518,0.05918082594871521,34.243186950683594,33.3250617980957,37.58781433105469
scene12_traj1_1__000175,0.0330643393099308,0.0584440641105175,0.6815420985221863,0.6119219660758972,1.0186717510223389,33.35127639770508,37.558990478515625,0.0330643393099308,0.0584440641105175,34.33108901977539,33.35127639770508,37.558990478515625
scene12_traj1_1__000176,0.03319361433386803,0.05863219499588013,0.6831915378570557,0.6131218671798706,1.0205528736114502,33.21452713012695,37.132232666015625,0.03319361433386803,0.05863219499588013,34.404476165771484,33.21452713012695,37.132232666015625
scene12_traj1_1__000177,0.03298092633485794,0.05848366394639015,0.6850546002388,0.6143233776092529,1.0226480960845947,33.379032135009766,37.53452682495117,0.03298092633485794,0.05848366394639015,34.46049880981445,33.379032135009766,37.53452682495117
scene12_traj1_1__000178,0.033131763339042664,0.05898284912109375,0.6849973797798157,0.6101254224777222,1.019970178604126,33.40983200073242,37.90977096557617,0.033131763339042664,0.05898284912109375,34.353607177734375,33.40983200073242,37.90977096557617
scene12_traj1_1__000179,0.032935403287410736,0.05844533070921898,0.6858298778533936,0.6097619533538818,1.0200669765472412,33.44429016113281,38.02874755859375,0.032935403287410736,0.05844533070921898,34.36433792114258,33.44429016113281,38.02874755859375
scene12_traj1_1__000180,0.03295337036252022,0.058829404413700104,0.6818195581436157,0.609336793422699,1.0166369676589966,33.2392692565918,37.56012725830078,0.03295337036252022,0.058829404413700104,34.234825134277344,33.2392692565918,37.56012725830078
scene12_traj1_1__000181,0.03294853866100311,0.05905051529407501,0.6835225820541382,0.6102257370948792,1.0186076164245605,33.56174087524414,38.220890045166016,0.03294853866100311,0.05905051529407501,34.34020233154297,33.56174087524414,38.220890045166016
scene12_traj1_1__000182,0.032856713980436325,0.05886268615722656,0.6818432807922363,0.610847532749176,1.0177942514419556,33.475772857666016,37.93305206298828,0.032856713980436325,0.05886268615722656,34.280906677246094,33.475772857666016,37.93305206298828
scene12_traj1_1__000183,0.03288234397768974,0.05879829823970795,0.6804535388946533,0.6062988638877869,1.0136247873306274,33.20270919799805,37.40495300292969,0.03288234397768974,0.05879829823970795,34.131752014160156,33.20270919799805,37.40495300292969
scene12_traj1_1__000184,0.032971907407045364,0.05917191877961159,0.6846108436584473,0.6067705750465393,1.0169705152511597,33.56085968017578,38.1314697265625,0.032971907407045364,0.05917191877961159,34.27332305908203,33.56085968017578,38.1314697265625
scene12_traj1_1__000185,0.033114537596702576,0.05932736024260521,0.6812303066253662,0.6075623631477356,1.014886498451233,33.39710998535156,38.08357238769531,0.033114537596702576,0.05932736024260521,34.18086624145508,33.39710998535156,38.08357238769531
scene12_traj1_1__000186,0.033294133841991425,0.06003837287425995,0.6776829361915588,0.6043666005134583,1.0096794366836548,33.046695709228516,37.726436614990234,0.033294133841991425,0.06003837287425995,33.970340728759766,33.046695709228516,37.726436614990234
scene12_traj1_1__000187,0.03340356424450874,0.060277629643678665,0.6751307845115662,0.6044726967811584,1.0080437660217285,33.22380065917969,38.2762336730957,0.03340356424450874,0.060277629643678665,33.92063903808594,33.22380065917969,38.2762336730957
scene12_traj1_1__000188,0.033447831869125366,0.06068236380815506,0.6779407262802124,0.603919267654419,1.009364128112793,33.17030334472656,37.51686477661133,0.033447831869125366,0.06068236380815506,33.95682907104492,33.17030334472656,37.51686477661133
scene12_traj1_1__000189,0.03357715159654617,0.060898613184690475,0.6755043268203735,0.6059404015541077,1.0088757276535034,33.19266128540039,37.976295471191406,0.03357715159654617,0.060898613184690475,33.93647384643555,33.19266128540039,37.976295471191406
scene12_traj1_1__000190,0.03373634070158005,0.06149955466389656,0.6778453588485718,0.6017940044403076,1.0073083639144897,33.21305465698242,37.98640060424805,0.03373634070158005,0.06149955466389656,33.86101150512695,33.21305465698242,37.98640060424805
scene12_traj1_1__000191,0.03366231173276901,0.061185263097286224,0.6746407151222229,0.6002675890922546,1.004227876663208,33.08885955810547,38.02894592285156,0.03366231173276901,0.061185263097286224,33.76277542114258,33.08885955810547,38.02894592285156
scene12_traj1_1__000192,0.03340322524309158,0.06031491234898567,0.6772533655166626,0.6021273732185364,1.0073933601379395,33.162681579589844,37.81138610839844,0.03340322524309158,0.06031491234898567,33.87067413330078,33.162681579589844,37.81138610839844
scene12_traj1_1__000193,0.03335750475525856,0.05981050059199333,0.6798135638237,0.5998150110244751,1.0079169273376465,33.19084548950195,38.02070236206055,0.03335750475525856,0.05981050059199333,33.88661193847656,33.19084548950195,38.02070236206055
scene12_traj1_1__000194,0.03346369415521622,0.06090039387345314,0.6823895573616028,0.6004074811935425,1.0101927518844604,33.11042404174805,37.57392120361328,0.03346369415521622,0.06090039387345314,33.97549057006836,33.11042404174805,37.57392120361328
scene12_traj1_1__000195,0.03294353932142258,0.058880556374788284,0.6854650378227234,0.6104168891906738,1.020528793334961,33.527706146240234,38.20068359375,0.03294353932142258,0.058880556374788284,34.36863327026367,33.527706146240234,38.20068359375
scene12_traj1_1__000196,0.032796140760183334,0.058688074350357056,0.6871556043624878,0.6087937951087952,1.020796775817871,33.45598602294922,38.099300384521484,0.032796140760183334,0.058688074350357056,34.38840103149414,33.45598602294922,38.099300384521484
scene12_traj1_1__000197,0.032646991312503815,0.05813299119472504,0.6864238977432251,0.6165447235107422,1.025297999382019,33.5235481262207,37.88119888305664,0.032646991312503815,0.05813299119472504,34.544883728027344,33.5235481262207,37.88119888305664
scene12_traj1_1__000198,0.03234811872243881,0.05746017023921013,0.6877017021179199,0.6151162981987,1.0254745483398438,33.403228759765625,37.48684310913086,0.03234811872243881,0.05746017023921013,34.55719757080078,33.403228759765625,37.48684310913086
scene12_traj1_1__000199,0.032312288880348206,0.05730602890253067,0.6862585544586182,0.6121264100074768,1.022251844406128,33.39658737182617,38.16804122924805,0.032312288880348206,0.05730602890253067,34.44911193847656,33.39658737182617,38.16804122924805
scene12_traj1_1__000200,0.03236585110425949,0.057053666561841965,0.6880514621734619,0.6136147379875183,1.0246436595916748,33.667476654052734,38.48517608642578,0.03236585110425949,0.057053666561841965,34.51311111450195,33.667476654052734,38.48517608642578
scene12_traj1_1__000201,0.03241158649325371,0.057352546602487564,0.6826584935188293,0.6117201447486877,1.0191973447799683,33.096309661865234,37.49042892456055,0.03241158649325371,0.057352546602487564,34.31657028198242,33.096309661865234,37.49042892456055
scene12_traj1_1__000202,0.03233115002512932,0.05722041800618172,0.6881870031356812,0.6103776097297668,1.02235746383667,33.16075897216797,37.16623306274414,0.03233115002512932,0.05722041800618172,34.41737365722656,33.16075897216797,37.16623306274414
scene12_traj1_1__000203,0.03256404399871826,0.05766764283180237,0.6832042932510376,0.6132075786590576,1.020650863647461,33.24520492553711,37.87505340576172,0.03256404399871826,0.05766764283180237,34.3653564453125,33.24520492553711,37.87505340576172
scene12_traj1_1__000204,0.03250541910529137,0.05758727341890335,0.6831033825874329,0.6112983822822571,1.0191954374313354,33.09566879272461,36.97791290283203,0.03250541910529137,0.05758727341890335,34.316123962402344,33.09566879272461,36.97791290283203
scene12_traj1_1__000205,0.03267928585410118,0.05770350247621536,0.6863428950309753,0.6113478541374207,1.0221067667007446,33.42129135131836,37.90330505371094,0.03267928585410118,0.05770350247621536,34.43180847167969,33.42129135131836,37.90330505371094
scene12_traj1_1__000206,0.032826557755470276,0.058221835643053055,0.6862848997116089,0.6128302812576294,1.0226973295211792,33.448768615722656,37.751914978027344,0.032826557755470276,0.058221835643053055,34.455936431884766,33.448768615722656,37.751914978027344
scene12_traj1_1__000207,0.03293478116393089,0.05837202072143555,0.6826319098472595,0.6130082607269287,1.0200591087341309,33.252593994140625,37.53955078125,0.03293478116393089,0.05837202072143555,34.35856628417969,33.252593994140625,37.53955078125
scene12_traj1_1__000208,0.03291942924261093,0.05762990564107895,0.6881216168403625,0.6165838241577148,1.0273224115371704,33.78467559814453,38.19718551635742,0.03291942924261093,0.05762990564107895,34.64068603515625,33.78467559814453,38.19718551635742
scene12_traj1_1__000209,0.03304857015609741,0.057972509413957596,0.6840984225273132,0.6139783263206482,1.022569179534912,33.47810363769531,37.8359489440918,0.03304857015609741,0.057972509413957596,34.449501037597656,33.47810363769531,37.8359489440918
scene12_traj1_1__000210,0.03312300890684128,0.058407921344041824,0.6791772842407227,0.6139947772026062,1.018319845199585,33.21697998046875,37.46725082397461,0.03312300890684128,0.058407921344041824,34.29499816894531,33.21697998046875,37.46725082397461
scene12_traj1_1__000211,0.0332380086183548,0.05834570899605751,0.6824470162391663,0.6138160824775696,1.021772027015686,33.54170227050781,38.016204833984375,0.0332380086183548,0.05834570899605751,34.42313766479492,33.54170227050781,38.016204833984375
scene12_traj1_1__000212,0.03324916213750839,0.058172937482595444,0.6817392706871033,0.6157780289649963,1.0217968225479126,33.452396392822266,37.80455017089844,0.03324916213750839,0.058172937482595444,34.435489654541016,33.452396392822266,37.80455017089844
scene12_traj1_1__000213,0.03327017277479172,0.05791926383972168,0.6853941679000854,0.6166513562202454,1.0254631042480469,33.50840377807617,37.42172622680664,0.03327017277479172,0.05791926383972168,34.567962646484375,33.50840377807617,37.42172622680664
scene12_traj1_1__000214,0.03340187668800354,0.05809016898274422,0.6865144371986389,0.6170456409454346,1.0259374380111694,33.540531158447266,37.686771392822266,0.03340187668800354,0.05809016898274422,34.57649612426758,33.540531158447266,37.686771392822266
scene12_traj1_1__000215,0.03368954733014107,0.05854818969964981,0.684159517288208,0.6241020560264587,1.030340313911438,33.63267517089844,37.487030029296875,0.03368954733014107,0.05854818969964981,34.73406219482422,33.63267517089844,37.487030029296875
scene12_traj1_1__000216,0.0337362065911293,0.058815594762563705,0.6870309710502625,0.6223317980766296,1.0315392017364502,33.64516067504883,37.441444396972656,0.0337362065911293,0.058815594762563705,34.7857666015625,33.64516067504883,37.441444396972656
scene12_traj1_1__000217,0.033828072249889374,0.05873354151844978,0.690589189529419,0.6287065744400024,1.0383490324020386,33.8980712890625,37.50968551635742,0.033828072249889374,0.05873354151844978,35.04677963256836,33.8980712890625,37.50968551635742
scene12_traj1_1__000218,0.03419588506221771,0.05921617150306702,0.6926156282424927,0.6282849907875061,1.038725733757019,33.89702224731445,37.78155517578125,0.03419588506221771,0.05921617150306702,35.06085205078125,33.89702224731445,37.78155517578125
scene12_traj1_1__000219,0.034180402755737305,0.0595143586397171,0.6965104341506958,0.629435658454895,1.0430777072906494,34.10088348388672,37.826438903808594,0.034180402755737305,0.0595143586397171,35.227542877197266,34.10088348388672,37.826438903808594
scene12_traj1_1__000220,0.03426433727145195,0.05948224291205406,0.6939922571182251,0.6304095387458801,1.0411064624786377,33.964908599853516,37.62430953979492,0.03426433727145195,0.05948224291205406,35.158199310302734,33.964908599853516,37.62430953979492
scene12_traj1_1__000221,0.03450998663902283,0.05968547612428665,0.6978503465652466,0.6317811012268066,1.0452823638916016,34.13201904296875,37.1662712097168,0.03450998663902283,0.05968547612428665,35.30691146850586,34.13201904296875,37.1662712097168
scene12_traj1_1__000222,0.034539587795734406,0.05970892682671547,0.6970109939575195,0.6312538981437683,1.0439101457595825,34.165679931640625,37.94255447387695,0.034539587795734406,0.05970892682671547,35.26896286010742,34.165679931640625,37.94255447387695
scene12_traj1_1__000223,0.03477533161640167,0.06019023805856705,0.6947614550590515,0.6256805062294006,1.0389689207077026,33.837528228759766,37.04996109008789,0.03477533161640167,0.06019023805856705,35.07758331298828,33.837528228759766,37.04996109008789
scene12_traj1_1__000224,0.03518300503492355,0.060751575976610184,0.6906812787055969,0.628059446811676,1.0376211404800415,34.221710205078125,38.307796478271484,0.03518300503492355,0.060751575976610184,35.04243087768555,34.221710205078125,38.307796478271484
scene12_traj1_1__000225,0.03519431874155998,0.060878247022628784,0.6891775131225586,0.6277268528938293,1.0361809730529785,33.888885498046875,37.25831985473633,0.03519431874155998,0.060878247022628784,34.95792770385742,33.888885498046875,37.25831985473633
scene12_traj1_1__000226,0.03531549498438835,0.06092136353254318,0.6877580285072327,0.6277172565460205,1.0352423191070557,33.944393157958984,37.495609283447266,0.03531549498438835,0.06092136353254318,34.956119537353516,33.944393157958984,37.495609283447266
scene12_traj1_1__000227,0.035299334675073624,0.06079653277993202,0.6919365525245667,0.634634256362915,1.0431562662124634,34.450130462646484,38.068199157714844,0.035299334675073624,0.06079653277993202,35.26115036010742,34.450130462646484,38.068199157714844
scene12_traj1_1__000228,0.035379327833652496,0.06104562431573868,0.6952162981033325,0.630070149898529,1.0424193143844604,34.2906608581543,37.965553283691406,0.035379327833652496,0.06104562431573868,35.222957611083984,34.2906608581543,37.965553283691406
scene12_traj1_1__000229,0.03523081913590431,0.06069808080792427,0.6953566074371338,0.6332022547721863,1.044910192489624,34.603458404541016,38.543819427490234,0.03523081913590431,0.06069808080792427,35.32081985473633,34.603458404541016,38.543819427490234
scene12_traj1_1__000230,0.03515530005097389,0.060654304921627045,0.6908277273178101,0.6337222456932068,1.040005087852478,34.09746551513672,37.52656555175781,0.03515530005097389,0.060654304921627045,35.141517639160156,34.09746551513672,37.52656555175781
scene12_traj1_1__000231,0.03509493172168732,0.059848252683877945,0.699225664138794,0.6425272226333618,1.0527321100234985,34.85057830810547,38.652896881103516,0.03509493172168732,0.059848252683877945,35.63139724731445,34.85057830810547,38.652896881103516
scene12_traj1_1__000232,0.0351855494081974,0.05982642248272896,0.6998411417007446,0.6417339444160461,1.0530611276626587,34.7706298828125,38.44868469238281,0.0351855494081974,0.05982642248272896,35.62964630126953,34.7706298828125,38.44868469238281
scene12_traj1_1__000233,0.035354238003492355,0.060723237693309784,0.6979309916496277,0.6428958177566528,1.0520576238632202,34.54398727416992,38.09598159790039,0.035354238003492355,0.060723237693309784,35.6041374206543,34.54398727416992,38.09598159790039
scene12_traj1_1__000234,0.03522050008177757,0.06004485860466957,0.7084456086158752,0.6429668664932251,1.059839129447937,34.900020599365234,38.57872772216797,0.03522050008177757,0.06004485860466957,35.886260986328125,34.900020599365234,38.57872772216797
scene12_traj1_1__000235,0.03517914190888405,0.05998481437563896,0.7091137170791626,0.6417632102966309,1.0602333545684814,34.85487365722656,38.42985153198242,0.03517914190888405,0.05998481437563896,35.917415618896484,34.85487365722656,38.42985153198242
scene12_traj1_1__000236,0.035151880234479904,0.059747014194726944,0.712408185005188,0.6437127590179443,1.0639065504074097,34.962318420410156,38.31455993652344,0.035151880234479904,0.059747014194726944,36.042762756347656,34.962318420410156,38.31455993652344
scene12_traj1_1__000237,0.0353037491440773,0.06026897951960564,0.7055203318595886,0.6394110918045044,1.0559039115905762,34.53562545776367,37.82871627807617,0.0353037491440773,0.06026897951960564,35.73918533325195,34.53562545776367,37.82871627807617
scene12_traj1_1__000238,0.0354950949549675,0.06058235466480255,0.7042236328125,0.6424709558486938,1.0571246147155762,34.45207214355469,37.523738861083984,0.0354950949549675,0.06058235466480255,35.791324615478516,34.45207214355469,37.523738861083984
scene12_traj1_1__000239,0.03550541400909424,0.06045662984251976,0.7047435641288757,0.6415644884109497,1.0569007396697998,34.55625534057617,37.69204330444336,0.03550541400909424,0.06045662984251976,35.76747131347656,34.55625534057617,37.69204330444336
scene12_traj1_1__000240,0.035791829228401184,0.06074986234307289,0.7061941623687744,0.6435354351997375,1.0596891641616821,34.75267028808594,38.19282913208008,0.035791829228401184,0.06074986234307289,35.89299011230469,34.75267028808594,38.19282913208008
scene12_traj1_1__000241,0.0359543152153492,0.06098746880888939,0.7098994851112366,0.6432129144668579,1.0629931688308716,34.85637283325195,38.0593376159668,0.0359543152153492,0.06098746880888939,36.018375396728516,34.85637283325195,38.0593376159668
scene12_traj1_1__000242,0.03594805300235748,0.06101994588971138,0.71355801820755,0.6401399374008179,1.0636928081512451,35.00375747680664,38.276493072509766,0.03594805300235748,0.06101994588971138,36.04907989501953,35.00375747680664,38.276493072509766
scene12_traj1_1__000243,0.03634306788444519,0.06139640137553215,0.7111480236053467,0.644952118396759,1.064629316329956,34.8333740234375,37.56024169921875,0.03634306788444519,0.06139640137553215,36.06865310668945,34.8333740234375,37.56024169921875
scene12_traj1_1__000244,0.03642798215150833,0.061526451259851456,0.7081131935119629,0.646652102470398,1.063646912574768,34.90810775756836,37.96257400512695,0.03642798215150833,0.061526451259851456,36.04339599609375,34.90810775756836,37.96257400512695
scene12_traj1_1__000245,0.03643259033560753,0.06124286726117134,0.7093967795372009,0.6485877633094788,1.0667635202407837,35.23846435546875,38.41984176635742,0.03643259033560753,0.06124286726117134,36.18974304199219,35.23846435546875,38.41984176635742
scene12_traj1_1__000246,0.03647114709019661,0.06119231879711151,0.7110248804092407,0.6449728608131409,1.0640454292297363,35.08397674560547,38.19316101074219,0.03647114709019661,0.06119231879711151,36.068782806396484,35.08397674560547,38.19316101074219
scene12_traj1_1__000247,0.03671688959002495,0.061846546828746796,0.7122672200202942,0.6479464173316956,1.0674282312393188,35.09840393066406,37.75920486450195,0.03671688959002495,0.061846546828746796,36.21269226074219,35.09840393066406,37.75920486450195
scene12_traj1_1__000248,0.03685852140188217,0.06207500770688057,0.7152689695358276,0.6518524289131165,1.072617530822754,35.3756103515625,38.193115234375,0.03685852140188217,0.06207500770688057,36.40021896362305,35.3756103515625,38.193115234375
scene12_traj1_1__000249,0.036826733499765396,0.06171421706676483,0.7136389017105103,0.651999831199646,1.0716732740402222,35.3314094543457,37.99702453613281,0.036826733499765396,0.06171421706676483,36.376644134521484,35.3314094543457,37.99702453613281
scene12_traj1_1__000250,0.03692393749952316,0.06186959892511368,0.7107668519020081,0.6505151391029358,1.068109393119812,35.20424270629883,37.93419647216797,0.03692393749952316,0.06186959892511368,36.26457595825195,35.20424270629883,37.93419647216797
scene12_traj1_1__000251,0.03713332116603851,0.06230086460709572,0.7107865214347839,0.6495699882507324,1.067718267440796,35.3411750793457,38.28045654296875,0.03713332116603851,0.06230086460709572,36.23320007324219,35.3411750793457,38.28045654296875
scene12_traj1_1__000252,0.03708450496196747,0.06225181743502617,0.7109158635139465,0.6508598327636719,1.0686216354370117,35.273399353027344,38.08549880981445,0.03708450496196747,0.06225181743502617,36.28078079223633,35.273399353027344,38.08549880981445
scene12_traj1_1__000253,0.03708064556121826,0.06197841465473175,0.7117308974266052,0.6495265960693359,1.068833827972412,35.274986267089844,38.08812713623047,0.03708064556121826,0.06197841465473175,36.2786865234375,35.274986267089844,38.08812713623047
scene12_traj1_1__000254,0.03696853667497635,0.06164843216538429,0.7106771469116211,0.6497666835784912,1.067679762840271,35.312225341796875,38.493980407714844,0.03696853667497635,0.06164843216538429,36.20655059814453,35.312225341796875,38.493980407714844
scene12_traj1_1__000255,0.03694281727075577,0.06176849827170372,0.7086221575737,0.6545884013175964,1.0703942775726318,35.46400451660156,38.70827865600586,0.03694281727075577,0.06176849827170372,36.338680267333984,35.46400451660156,38.70827865600586
scene12_traj1_1__000256,0.03697735071182251,0.0616794154047966,0.7066053748130798,0.6496791839599609,1.064480185508728,35.06245422363281,38.057586669921875,0.03697735071182251,0.0616794154047966,36.09653091430664,35.06245422363281,38.057586669921875
scene12_traj1_1__000257,0.03707408532500267,0.06180537864565849,0.7022674679756165,0.6535440683364868,1.0643082857131958,35.02422332763672,37.945777893066406,0.03707408532500267,0.06180537864565849,36.118553161621094,35.02422332763672,37.945777893066406
scene12_traj1_1__000258,0.03696577250957489,0.06152541935443878,0.701210081577301,0.6567836999893188,1.0652580261230469,35.23248291015625,38.28548812866211,0.03696577250957489,0.06152541935443878,36.14152908325195,35.23248291015625,38.28548812866211
scene12_traj1_1__000259,0.03703926131129265,0.061739761382341385,0.7055701613426208,0.6579974293708801,1.0695072412490845,35.443294525146484,38.54726791381836,0.03703926131129265,0.061739761382341385,36.302127838134766,35.443294525146484,38.54726791381836
scene12_traj1_1__000260,0.036941900849342346,0.061657119542360306,0.7005489468574524,0.6555096507072449,1.0638339519500732,35.30500030517578,38.44457244873047,0.036941900849342346,0.061657119542360306,36.08312225341797,35.30500030517578,38.44457244873047
scene12_traj1_1__000261,0.036960236728191376,0.06164693459868431,0.6967340111732483,0.6576360464096069,1.0618252754211426,35.27396011352539,38.40967559814453,0.036960236728191376,0.06164693459868431,36.03352355957031,35.27396011352539,38.40967559814453
scene12_traj1_1__000262,0.03680910915136337,0.061000604182481766,0.6986294388771057,0.655617892742157,1.0615568161010742,35.186092376708984,38.121063232421875,0.03680910915136337,0.061000604182481766,35.9969482421875,35.186092376708984,38.121063232421875
scene12_traj1_1__000263,0.03690216690301895,0.06136561557650566,0.6957904100418091,0.6558572053909302,1.0599669218063354,34.99600601196289,37.92435836791992,0.03690216690301895,0.06136561557650566,35.93919372558594,34.99600601196289,37.92435836791992
scene12_traj1_1__000264,0.03711087629199028,0.06146009638905525,0.6959443688392639,0.6569422483444214,1.0604296922683716,35.115413665771484,38.2253532409668,0.03711087629199028,0.06146009638905525,35.95847702026367,35.115413665771484,38.2253532409668
scene12_traj1_1__000265,0.0371120348572731,0.06132212281227112,0.6965358853340149,0.659214198589325,1.0627031326293945,35.241294860839844,38.44538116455078,0.0371120348572731,0.06132212281227112,36.04681396484375,35.241294860839844,38.44538116455078
scene12_traj1_1__000266,0.03706957399845123,0.06113118678331375,0.6950438618659973,0.6584914326667786,1.061017394065857,35.282798767089844,38.78422546386719,0.03706957399845123,0.06113118678331375,35.99261474609375,35.282798767089844,38.78422546386719
scene12_traj1_1__000267,0.037411924451589584,0.06209443137049675,0.6976590156555176,0.6578928232192993,1.0622190237045288,35.23064041137695,38.089298248291016,0.037411924451589584,0.06209443137049675,36.05826187133789,35.23064041137695,38.089298248291016
scene12_traj1_1__000268,0.03742528334259987,0.06154598295688629,0.6972582936286926,0.6605529189109802,1.063541054725647,35.40137481689453,38.40391159057617,0.03742528334259987,0.06154598295688629,36.10831832885742,35.40137481689453,38.40391159057617
scene12_traj1_1__000269,0.037545111030340195,0.061888646334409714,0.6941535472869873,0.6574046015739441,1.0592433214187622,35.12386703491211,38.045875549316406,0.037545111030340195,0.061888646334409714,35.922943115234375,35.12386703491211,38.045875549316406
scene12_traj1_1__000270,0.03756898269057274,0.061908282339572906,0.7005079388618469,0.6636905670166016,1.068618655204773,35.74083709716797,39.12723922729492,0.03756898269057274,0.061908282339572906,36.309593200683594,35.74083709716797,39.12723922729492
scene12_traj1_1__000271,0.03753405809402466,0.06170098856091499,0.6970435976982117,0.6616677641868591,1.0651298761367798,35.57639694213867,39.07695770263672,0.03753405809402466,0.06170098856091499,36.15275573730469,35.57639694213867,39.07695770263672
scene12_traj1_1__000272,0.03734373673796654,0.061576664447784424,0.6942015290260315,0.659304678440094,1.0607073307037354,35.21638870239258,38.396888732910156,0.03734373673796654,0.061576664447784424,35.98967361450195,35.21638870239258,38.396888732910156
scene12_traj1_1__000273,0.037398334592580795,0.06182227283716202,0.698981523513794,0.6600092053413391,1.06471848487854,35.52960968017578,38.786537170410156,0.037398334592580795,0.06182227283716202,36.14104080200195,35.52960968017578,38.786537170410156
scene12_traj1_1__000274,0.03727160766720772,0.06123042106628418,0.6969844698905945,0.6594080924987793,1.0635228157043457,35.33440399169922,38.52499771118164,0.03727160766720772,0.06123042106628418,36.0890007019043,35.33440399169922,38.52499771118164
scene12_traj1_1__000275,0.03713769465684891,0.06068575009703636,0.6970524787902832,0.6577361226081848,1.0617649555206299,35.14426040649414,38.04548645019531,0.03713769465684891,0.06068575009703636,36.01762008666992,35.14426040649414,38.04548645019531
scene12_traj1_1__000276,0.03711840137839317,0.06070365011692047,0.6981623768806458,0.6604833006858826,1.0649268627166748,35.29116439819336,38.10126495361328,0.03711840137839317,0.06070365011692047,36.143470764160156,35.29116439819336,38.10126495361328
scene12_traj1_1__000277,0.03712869808077812,0.06082408130168915,0.6953019499778748,0.6594093441963196,1.0620393753051758,35.23829650878906,38.1298713684082,0.03712869808077812,0.06082408130168915,36.06885528564453,35.23829650878906,38.1298713684082
scene12_traj1_1__000278,0.0373121052980423,0.06123067066073418,0.6981588006019592,0.6611244678497314,1.0652867555618286,35.56657028198242,38.75325012207031,0.0373121052980423,0.06123067066073418,36.187801361083984,35.56657028198242,38.75325012207031
scene12_traj1_1__000279,0.037329643964767456,0.061348263174295425,0.6981052160263062,0.6618656516075134,1.0660361051559448,35.382320404052734,38.31764221191406,0.037329643964767456,0.061348263174295425,36.21205139160156,35.382320404052734,38.31764221191406
scene12_traj1_1__000280,0.037580542266368866,0.06164633110165596,0.6986563205718994,0.6634545922279358,1.0672377347946167,35.45756149291992,38.40412902832031,0.037580542266368866,0.06164633110165596,36.25468063354492,35.45756149291992,38.40412902832031
scene12_traj1_1__000281,0.03789513185620308,0.062102340161800385,0.6987870931625366,0.6650181412696838,1.068735957145691,35.64313888549805,38.66957473754883,0.03789513185620308,0.062102340161800385,36.30940246582031,35.64313888549805,38.66957473754883
scene12_traj1_1__000282,0.037798576056957245,0.06197994202375412,0.6997320055961609,0.6641687750816345,1.0686063766479492,35.77875900268555,38.88060760498047,0.037798576056957245,0.06197994202375412,36.30531311035156,35.77875900268555,38.88060760498047
scene12_traj1_1__000283,0.037982095032930374,0.062131211161613464,0.6992990970611572,0.6695425510406494,1.0725010633468628,35.83811950683594,38.80207824707031,0.037982095032930374,0.062131211161613464,36.46719741821289,35.83811950683594,38.80207824707031
scene12_traj1_1__000284,0.03809002786874771,0.06266966462135315,0.6971348524093628,0.6675405502319336,1.0695043802261353,35.729591369628906,38.444053649902344,0.03809002786874771,0.06266966462135315,36.33516311645508,35.729591369628906,38.444053649902344
scene12_traj1_1__000285,0.038232091814279556,0.06275781244039536,0.6954096555709839,0.665867030620575,1.0670095682144165,35.57048797607422,38.58126449584961,0.038232091814279556,0.06275781244039536,36.257972717285156,35.57048797607422,38.58126449584961
scene12_traj1_1__000286,0.03813505545258522,0.0625709742307663,0.6937564015388489,0.666828989982605,1.0656524896621704,35.43484878540039,38.371768951416016,0.03813505545258522,0.0625709742307663,36.19441604614258,35.43484878540039,38.371768951416016
scene12_traj1_1__000287,0.03832479566335678,0.06300318241119385,0.6981157064437866,0.6657772064208984,1.0688174962997437,35.782875061035156,39.209564208984375,0.03832479566335678,0.06300318241119385,36.305511474609375,35.782875061035156,39.209564208984375
scene12_traj1_1__000288,0.03850564360618591,0.06335276365280151,0.6911154389381409,0.6651926040649414,1.062734603881836,35.377342224121094,38.51231384277344,0.03850564360618591,0.06335276365280151,36.09585189819336,35.377342224121094,38.51231384277344
scene12_traj1_1__000289,0.03841548040509224,0.06299475580453873,0.6918743252754211,0.6641331315040588,1.0622557401657104,35.36750030517578,38.47332763671875,0.03841548040509224,0.06299475580453873,36.08442687988281,35.36750030517578,38.47332763671875
scene12_traj1_1__000290,0.03834373503923416,0.06284718960523605,0.6957825422286987,0.6651735901832581,1.0665379762649536,35.5963020324707,38.790733337402344,0.03834373503923416,0.06284718960523605,36.233642578125,35.5963020324707,38.790733337402344
scene12_traj1_1__000291,0.03854428231716156,0.0630721002817154,0.6973950862884521,0.6685487627983093,1.0706286430358887,35.87446594238281,39.11252975463867,0.03854428231716156,0.0630721002817154,36.38388442993164,35.87446594238281,39.11252975463867
scene12_traj1_1__000292,0.0384225957095623,0.06300009787082672,0.6988036632537842,0.6676276922225952,1.0707178115844727,35.82619094848633,38.928768157958984,0.0384225957095623,0.06300009787082672,36.38387680053711,35.82619094848633,38.928768157958984
scene12_traj1_1__000293,0.03847137838602066,0.06292449682950974,0.6911015510559082,0.663233757019043,1.0611381530761719,35.336151123046875,38.37879943847656,0.03847137838602066,0.06292449682950974,36.033660888671875,35.336151123046875,38.37879943847656
scene12_traj1_1__000294,0.03844228386878967,0.06284161657094955,0.6936249732971191,0.6660351753234863,1.0658509731292725,35.58484649658203,38.609649658203125,0.03844228386878967,0.06284161657094955,36.2187614440918,35.58484649658203,38.609649658203125
scene12_traj1_1__000295,0.038932476192712784,0.06392615288496017,0.6924178600311279,0.6708731651306152,1.067686915397644,35.88913345336914,39.21099853515625,0.038932476192712784,0.06392615288496017,36.28281021118164,35.88913345336914,39.21099853515625
scene12_traj1_1__000296,0.03893542289733887,0.06367143243551254,0.6925854682922363,0.6701105237007141,1.067821979522705,35.88993453979492,39.305320739746094,0.03893542289733887,0.06367143243551254,36.29879379272461,35.88993453979492,39.305320739746094
scene12_traj1_1__000297,0.03891729190945625,0.06406380981206894,0.6929500102996826,0.6719602942466736,1.0694196224212646,36.05357360839844,39.40898513793945,0.03891729190945625,0.06406380981206894,36.356449127197266,36.05357360839844,39.40898513793945
scene12_traj1_1__000298,0.03882710635662079,0.06411527097225189,0.6916064620018005,0.6749959588050842,1.0699878931045532,36.26123809814453,40.08367156982422,0.03882710635662079,0.06411527097225189,36.393131256103516,36.26123809814453,40.08367156982422
scene12_traj1_1__000299,0.03867669403553009,0.063970647752285,0.6869794726371765,0.6763123869895935,1.0679653882980347,36.142391204833984,39.74375915527344,0.03867669403553009,0.063970647752285,36.320640563964844,36.142391204833984,39.74375915527344
scene12_traj1_1__000300,0.038399066776037216,0.06384162604808807,0.6896501183509827,0.6734440326690674,1.066388487815857,36.36574172973633,40.70256805419922,0.038399066776037216,0.06384162604808807,36.25136184692383,36.36574172973633,40.70256805419922
scene12_traj1_1__000301,0.038130488246679306,0.06374813616275787,0.68377286195755,0.6727950572967529,1.0617731809616089,36.15906524658203,40.603023529052734,0.038130488246679306,0.06374813616275787,36.053470611572266,36.15906524658203,40.603023529052734
scene12_traj1_1__000302,0.038056328892707825,0.0638139620423317,0.6842265129089355,0.6695247292518616,1.0597492456436157,36.05912399291992,40.31149673461914,0.038056328892707825,0.0638139620423317,36.0001106262207,36.05912399291992,40.31149673461914
scene12_traj1_1__000303,0.038208991289138794,0.06443332135677338,0.6823428869247437,0.671165406703949,1.059669017791748,35.977195739746094,40.251426696777344,0.038208991289138794,0.06443332135677338,35.97221755981445,35.977195739746094,40.251426696777344
scene12_traj1_1__000304,0.03850343078374863,0.06451292335987091,0.678703248500824,0.674956738948822,1.059982419013977,36.0659065246582,40.702335357666016,0.03850343078374863,0.06451292335987091,36.00609588623047,36.0659065246582,40.702335357666016
scene12_traj1_1__000305,0.03868671879172325,0.06466376036405563,0.6768031716346741,0.6750147938728333,1.05866539478302,36.17619705200195,41.0313835144043,0.03868671879172325,0.06466376036405563,35.95820236206055,36.17619705200195,41.0313835144043
scene12_traj1_1__000306,0.03854896500706673,0.06445461511611938,0.6745532155036926,0.6801820397377014,1.060560941696167,36.2302360534668,41.14369201660156,0.03854896500706673,0.06445461511611938,36.0345344543457,36.2302360534668,41.14369201660156
scene12_traj1_1__000307,0.03886544331908226,0.06524632126092911,0.6765673160552979,0.6778556704521179,1.061082363128662,36.200740814208984,40.89749526977539,0.03886544331908226,0.06524632126092911,36.0300178527832,36.200740814208984,40.89749526977539
scene12_traj1_1__000308,0.038655854761600494,0.06502111256122589,0.671390950679779,0.673042356967926,1.0527911186218262,35.86992645263672,40.88447570800781,0.038655854761600494,0.06502111256122589,35.71223068237305,35.86992645263672,40.88447570800781
scene12_traj1_1__000309,0.03883220627903938,0.06564050167798996,0.6694899797439575,0.6742340922355652,1.0523920059204102,35.781166076660156,40.62455749511719,0.03883220627903938,0.06564050167798996,35.7076416015625,35.781166076660156,40.62455749511719
scene12_traj1_1__000310,0.0385880246758461,0.06540246307849884,0.6674015522003174,0.6768640279769897,1.0532236099243164,35.83000564575195,40.68014144897461,0.0385880246758461,0.06540246307849884,35.73101806640625,35.83000564575195,40.68014144897461
scene12_traj1_1__000311,0.03851267322897911,0.06502915918827057,0.6663071513175964,0.6757797598838806,1.0512757301330566,35.94133758544922,41.23596954345703,0.03851267322897911,0.06502915918827057,35.639259338378906,35.94133758544922,41.23596954345703
scene12_traj1_1__000312,0.03851208835840225,0.06515099108219147,0.6627457141876221,0.6748270392417908,1.047074317932129,35.8067741394043,41.301387786865234,0.03851208835840225,0.06515099108219147,35.50144577026367,35.8067741394043,41.301387786865234
scene12_traj1_1__000313,0.03851025924086571,0.06551222503185272,0.6623470187187195,0.6738783717155457,1.0466686487197876,35.5766487121582,40.83042907714844,0.03851025924086571,0.06551222503185272,35.48396301269531,35.5766487121582,40.83042907714844
scene12_traj1_1__000314,0.03861211612820625,0.06501820683479309,0.6661391258239746,0.6742396950721741,1.0494344234466553,35.83269119262695,41.162109375,0.03861211612820625,0.06501820683479309,35.58272171020508,35.83269119262695,41.162109375
scene12_traj1_1__000315,0.03841816633939743,0.06424304097890854,0.6718811988830566,0.6730916500091553,1.0534889698028564,35.93278503417969,41.14845657348633,0.03841816633939743,0.06424304097890854,35.750389099121094,35.93278503417969,41.14845657348633
scene12_traj1_1__000316,0.038247253745794296,0.06379591673612595,0.6721972823143005,0.6714701056480408,1.052496314048767,35.68388748168945,40.79071807861328,0.038247253745794296,0.06379591673612595,35.70505142211914,35.68388748168945,40.79071807861328
scene12_traj1_1__000317,0.037918571382761,0.06321287900209427,0.6694040298461914,0.6685166954994202,1.0479918718338013,35.351680755615234,40.223262786865234,0.037918571382761,0.06321287900209427,35.52385330200195,35.351680755615234,40.223262786865234
scene12_traj1_1__000318,0.03797542676329613,0.06317456066608429,0.6773777008056641,0.6664074063301086,1.0521903038024902,35.667640686035156,40.78069305419922,0.03797542676329613,0.06317456066608429,35.69319152832031,35.667640686035156,40.78069305419922
scene12_traj2_1__000000,0.04769638180732727,0.08533769100904465,0.6885989308357239,0.6149548292160034,1.0269277095794678,34.97745895385742,39.265995025634766,0.04769638180732727,0.08533769100904465,34.59321594238281,34.97745895385742,39.265995025634766
scene12_traj2_1__000001,0.04778263345360756,0.08525723218917847,0.6858504414558411,0.6168469786643982,1.0262497663497925,34.98273468017578,39.24101638793945,0.04778263345360756,0.08525723218917847,34.56986618041992,34.98273468017578,39.24101638793945
scene12_traj2_1__000002,0.04791032895445824,0.0854911282658577,0.6862510442733765,0.614890992641449,1.0245404243469238,34.971614837646484,39.400115966796875,0.04791032895445824,0.0854911282658577,34.50029373168945,34.971614837646484,39.400115966796875
scene12_traj2_1__000003,0.04784896969795227,0.08539380878210068,0.6880896091461182,0.6197523474693298,1.0296319723129272,35.27935791015625,39.82130813598633,0.04784896969795227,0.08539380878210068,34.71591567993164,35.27935791015625,39.82130813598633
scene12_traj2_1__000004,0.04830145835876465,0.08622516691684723,0.6838304996490479,0.6171368956565857,1.024553894996643,34.86263656616211,39.19068145751953,0.04830145835876465,0.08622516691684723,34.499244689941406,34.86263656616211,39.19068145751953
scene12_traj2_1__000005,0.04827295243740082,0.08594277501106262,0.6852629780769348,0.6174028515815735,1.0255907773971558,34.983829498291016,39.310882568359375,0.04827295243740082,0.08594277501106262,34.55730438232422,34.983829498291016,39.310882568359375
scene12_traj2_1__000006,0.048177532851696014,0.08589020371437073,0.682063639163971,0.6157279014587402,1.0222982168197632,34.84868240356445,38.98115921020508,0.048177532851696014,0.08589020371437073,34.416988372802734,34.84868240356445,38.98115921020508
scene12_traj2_1__000007,0.048385195434093475,0.08626202493906021,0.6839190125465393,0.6155182719230652,1.0236884355545044,34.81849670410156,38.926414489746094,0.048385195434093475,0.08626202493906021,34.48584747314453,34.81849670410156,38.926414489746094
scene12_traj2_1__000008,0.04851710796356201,0.08669161796569824,0.6870608329772949,0.6200719475746155,1.0294727087020874,35.18898010253906,39.40982437133789,0.04851710796356201,0.08669161796569824,34.6937141418457,35.18898010253906,39.40982437133789
scene12_traj2_1__000009,0.04832342267036438,0.08617861568927765,0.6885703206062317,0.6173682808876038,1.028671383857727,35.09368896484375,39.26152420043945,0.04832342267036438,0.08617861568927765,34.65804672241211,35.09368896484375,39.26152420043945
scene12_traj2_1__000010,0.04844938963651657,0.08638601005077362,0.6870453953742981,0.6179208755493164,1.0279960632324219,35.113136291503906,39.46153259277344,0.04844938963651657,0.08638601005077362,34.648773193359375,35.113136291503906,39.46153259277344
scene12_traj2_1__000011,0.04859665781259537,0.08653165400028229,0.6866135597229004,0.6215354204177856,1.0297861099243164,35.18056869506836,39.406429290771484,0.04859665781259537,0.08653165400028229,34.73013687133789,35.18056869506836,39.406429290771484
scene12_traj2_1__000012,0.04866516590118408,0.0868501141667366,0.6832971572875977,0.6168678402900696,1.0235371589660645,34.86736297607422,39.138492584228516,0.04866516590118408,0.0868501141667366,34.48796463012695,34.86736297607422,39.138492584228516
scene12_traj2_1__000013,0.04863317310810089,0.08634589612483978,0.6861804723739624,0.613534152507782,1.0236380100250244,34.96281814575195,39.43733215332031,0.04863317310810089,0.08634589612483978,34.46256637573242,34.96281814575195,39.43733215332031
scene12_traj2_1__000014,0.04887792468070984,0.08732359856367111,0.687387228012085,0.6160644888877869,1.0265591144561768,34.84006881713867,38.74928665161133,0.04887792468070984,0.08732359856367111,34.59947967529297,34.84006881713867,38.74928665161133
scene12_traj2_1__000015,0.048885978758335114,0.08685506880283356,0.6872366666793823,0.6189897656440735,1.0282402038574219,35.06931686401367,39.38101577758789,0.048885978758335114,0.08685506880283356,34.65855407714844,35.06931686401367,39.38101577758789
scene12_traj2_1__000016,0.04890093952417374,0.08716699481010437,0.685372531414032,0.6172340512275696,1.0256561040878296,34.8376579284668,38.962955474853516,0.04890093952417374,0.08716699481010437,34.55519104003906,34.8376579284668,38.962955474853516
scene12_traj2_1__000017,0.04883327707648277,0.08670900762081146,0.6867685317993164,0.6178480982780457,1.0274072885513306,34.99302673339844,39.218353271484375,0.04883327707648277,0.08670900762081146,34.62263870239258,34.99302673339844,39.218353271484375
scene12_traj2_1__000018,0.04925035312771797,0.087630495429039,0.690599799156189,0.6185674071311951,1.0310574769973755,35.31303024291992,39.734127044677734,0.04925035312771797,0.087630495429039,34.76685333251953,35.31303024291992,39.734127044677734
scene12_traj2_1__000019,0.04923491179943085,0.08754789084196091,0.6883291006088257,0.6172209978103638,1.0283945798873901,35.06991958618164,39.274742126464844,0.04923491179943085,0.08754789084196091,34.6477165222168,35.06991958618164,39.274742126464844
scene12_traj2_1__000020,0.049111250787973404,0.08741918951272964,0.6909552812576294,0.6173697710037231,1.0306901931762695,35.2649040222168,39.49061584472656,0.049111250787973404,0.08741918951272964,34.751609802246094,35.2649040222168,39.49061584472656
scene12_traj2_1__000021,0.04912611097097397,0.08710376173257828,0.68561190366745,0.6178351640701294,1.0263912677764893,34.92625045776367,38.938941955566406,0.04912611097097397,0.08710376173257828,34.58456039428711,34.92625045776367,38.938941955566406
scene12_traj2_1__000022,0.049244530498981476,0.08767075091600418,0.6882144212722778,0.6178346276283264,1.0285184383392334,35.14641189575195,39.32601547241211,0.049244530498981476,0.08767075091600418,34.65121841430664,35.14641189575195,39.32601547241211
scene12_traj2_1__000023,0.04912714287638664,0.08732055127620697,0.6879171133041382,0.6209712028503418,1.0310081243515015,35.2326774597168,39.49052429199219,0.04912714287638664,0.08732055127620697,34.7592887878418,35.2326774597168,39.49052429199219
scene12_traj2_1__000024,0.049070198088884354,0.08691424876451492,0.6860153675079346,0.6177231669425964,1.0267940759658813,35.09135055541992,39.34221267700195,0.049070198088884354,0.08691424876451492,34.61137008666992,35.09135055541992,39.34221267700195
scene12_traj2_1__000025,0.04910484328866005,0.08740780502557755,0.6853790879249573,0.6185922622680664,1.0269982814788818,35.01319122314453,39.18244171142578,0.04910484328866005,0.08740780502557755,34.614601135253906,35.01319122314453,39.18244171142578
scene12_traj2_1__000026,0.04913089796900749,0.08741144090890884,0.6849798560142517,0.6203345656394958,1.0278822183609009,35.15983581542969,39.422367095947266,0.04913089796900749,0.08741144090890884,34.65431594848633,35.15983581542969,39.422367095947266
scene12_traj2_1__000027,0.04888720065355301,0.08686955273151398,0.6846579909324646,0.6177916526794434,1.025989055633545,34.9996337890625,39.36992263793945,0.04888720065355301,0.08686955273151398,34.55184555053711,34.9996337890625,39.36992263793945
scene12_traj2_1__000028,0.048831500113010406,0.08689019829034805,0.6853360533714294,0.6168550252914429,1.025229573249817,34.88875198364258,39.059818267822266,0.048831500113010406,0.08689019829034805,34.53850555419922,34.88875198364258,39.059818267822266
scene12_traj2_1__000029,0.048738427460193634,0.08639594912528992,0.6853950023651123,0.6154962182044983,1.0245656967163086,34.917030334472656,39.089515686035156,0.048738427460193634,0.08639594912528992,34.52506637573242,34.917030334472656,39.089515686035156
scene12_traj2_1__000030,0.04856967553496361,0.08637071400880814,0.6815045475959778,0.6205131411552429,1.0247474908828735,34.82857131958008,39.07156753540039,0.04856967553496361,0.08637071400880814,34.529823303222656,34.82857131958008,39.07156753540039
scene12_traj2_1__000031,0.048758286982774734,0.08680509775876999,0.6841434836387634,0.619841992855072,1.0264064073562622,35.069950103759766,39.42797088623047,0.048758286982774734,0.08680509775876999,34.605323791503906,35.069950103759766,39.42797088623047
scene12_traj2_1__000032,0.048906512558460236,0.08714751899242401,0.6837879419326782,0.6179577708244324,1.0249388217926025,34.89520263671875,39.275230407714844,0.048906512558460236,0.08714751899242401,34.55497360229492,34.89520263671875,39.275230407714844
scene12_traj2_1__000033,0.04891084134578705,0.08654257655143738,0.6851482391357422,0.6172791123390198,1.0262341499328613,34.960784912109375,39.110595703125,0.04891084134578705,0.08654257655143738,34.56658172607422,34.960784912109375,39.110595703125
scene12_traj2_1__000034,0.04888730123639107,0.08675365149974823,0.6870683431625366,0.6195933222770691,1.0291892290115356,35.109535217285156,39.27345657348633,0.04888730123639107,0.08675365149974823,34.70872497558594,35.109535217285156,39.27345657348633
scene12_traj2_1__000035,0.04918181896209717,0.08707096427679062,0.6868553161621094,0.615158200263977,1.0257631540298462,35.012115478515625,39.188697814941406,0.04918181896209717,0.08707096427679062,34.56599044799805,35.012115478515625,39.188697814941406
scene12_traj2_1__000036,0.04908154904842377,0.0869627520442009,0.6831565499305725,0.6177254915237427,1.0248258113861084,34.914608001708984,39.071693420410156,0.04908154904842377,0.0869627520442009,34.523277282714844,34.914608001708984,39.071693420410156
scene12_traj2_1__000037,0.04899487644433975,0.08681444823741913,0.6845061779022217,0.6182312965393066,1.026589274406433,34.9947395324707,39.08628845214844,0.04899487644433975,0.08681444823741913,34.5975227355957,34.9947395324707,39.08628845214844
scene12_traj2_1__000038,0.05008656904101372,0.08896080404520035,0.685725748538971,0.6195321083068848,1.0280088186264038,35.131622314453125,39.26631546020508,0.05008656904101372,0.08896080404520035,34.65561294555664,35.131622314453125,39.26631546020508
scene12_traj2_1__000039,0.05008121579885483,0.08848344534635544,0.6919633150100708,0.6268740892410278,1.0380200147628784,35.71089553833008,39.809688568115234,0.05008121579885483,0.08848344534635544,35.05487823486328,35.71089553833008,39.809688568115234
scene12_traj2_1__000040,0.050290267914533615,0.08884527534246445,0.6909809112548828,0.6266191005706787,1.0374983549118042,35.59294128417969,39.64350891113281,0.050290267914533615,0.08884527534246445,35.029563903808594,35.59294128417969,39.64350891113281
scene12_traj2_1__000041,0.05048508569598198,0.08943280577659607,0.6898536086082458,0.6248406171798706,1.035106897354126,35.518253326416016,39.50301742553711,0.05048508569598198,0.08943280577659607,34.9322509765625,35.518253326416016,39.50301742553711
scene12_traj2_1__000042,0.05078081041574478,0.090214803814888,0.6893960237503052,0.6279597282409668,1.0373032093048096,35.636932373046875,39.714439392089844,0.05078081041574478,0.090214803814888,35.03109359741211,35.636932373046875,39.714439392089844
scene12_traj2_1__000043,0.05058141052722931,0.08979560434818268,0.688446581363678,0.6282713413238525,1.0366510152816772,35.63272476196289,39.56144332885742,0.05058141052722931,0.08979560434818268,34.9979248046875,35.63272476196289,39.56144332885742
scene12_traj2_1__000044,0.05101951211690903,0.09027130901813507,0.6858624219894409,0.6240222454071045,1.030653476715088,35.3596076965332,39.459293365478516,0.05101951211690903,0.09027130901813507,34.7794303894043,35.3596076965332,39.459293365478516
scene12_traj2_1__000045,0.05127464979887009,0.09103189408779144,0.6859535574913025,0.6252314448356628,1.0321989059448242,35.411312103271484,39.46136474609375,0.05127464979887009,0.09103189408779144,34.84029769897461,35.411312103271484,39.46136474609375
scene12_traj2_1__000046,0.051161546260118484,0.09061729907989502,0.6869256496429443,0.6271639466285706,1.0337586402893066,35.43564224243164,39.47907257080078,0.051161546260118484,0.09061729907989502,34.90011978149414,35.43564224243164,39.47907257080078
scene12_traj2_1__000047,0.05159150809049606,0.09133118391036987,0.6925759315490723,0.6281660795211792,1.0393446683883667,35.663333892822266,39.31842041015625,0.05159150809049606,0.09133118391036987,35.10759735107422,35.663333892822266,39.31842041015625
scene12_traj2_1__000048,0.05155639722943306,0.09160657972097397,0.6891151070594788,0.629285454750061,1.0373233556747437,35.52153396606445,39.266510009765625,0.05155639722943306,0.09160657972097397,35.031463623046875,35.52153396606445,39.266510009765625
scene12_traj2_1__000049,0.05158807709813118,0.09160517156124115,0.6886845231056213,0.6298993229866028,1.0378626585006714,35.59638595581055,39.35858154296875,0.05158807709813118,0.09160517156124115,35.068843841552734,35.59638595581055,39.35858154296875
scene12_traj2_1__000050,0.05164848268032074,0.0915997177362442,0.6900076866149902,0.6277772784233093,1.0373296737670898,35.61051940917969,39.441341400146484,0.05164848268032074,0.0915997177362442,35.05073165893555,35.61051940917969,39.441341400146484
scene12_traj2_1__000051,0.05162838101387024,0.09132087975740433,0.6881618499755859,0.6317747831344604,1.0386872291564941,35.76036071777344,39.62381362915039,0.05162838101387024,0.09132087975740433,35.08744812011719,35.76036071777344,39.62381362915039
scene12_traj2_1__000052,0.051606759428977966,0.09147103130817413,0.689906895160675,0.6343310475349426,1.0420383214950562,35.908103942871094,39.76967239379883,0.051606759428977966,0.09147103130817413,35.23714828491211,35.908103942871094,39.76967239379883
scene12_traj2_1__000053,0.051880136132240295,0.09228718280792236,0.6889154314994812,0.6328348517417908,1.039612889289856,35.768531799316406,39.42228317260742,0.051880136132240295,0.09228718280792236,35.136024475097656,35.768531799316406,39.42228317260742
scene12_traj2_1__000054,0.051824018359184265,0.09214802086353302,0.6854164004325867,0.6321550607681274,1.0363662242889404,35.563262939453125,39.35650634765625,0.051824018359184265,0.09214802086353302,35.02102279663086,35.563262939453125,39.35650634765625
scene12_traj2_1__000055,0.05189571902155876,0.09224839508533478,0.6850481033325195,0.633631706237793,1.0371531248092651,35.677467346191406,39.432762145996094,0.05189571902155876,0.09224839508533478,35.043968200683594,35.677467346191406,39.432762145996094
scene12_traj2_1__000056,0.05216558650135994,0.09290588647127151,0.6878759860992432,0.6328594088554382,1.0389618873596191,35.785099029541016,39.5771369934082,0.05216558650135994,0.09290588647127151,35.098793029785156,35.785099029541016,39.5771369934082
scene12_traj2_1__000057,0.05207696929574013,0.09262609481811523,0.6837412118911743,0.6322094798088074,1.0348360538482666,35.61408996582031,39.36935043334961,0.05207696929574013,0.09262609481811523,34.952781677246094,35.61408996582031,39.36935043334961
scene12_traj2_1__000058,0.05199819058179855,0.09239203482866287,0.6863000988960266,0.6338086724281311,1.0382636785507202,35.63780975341797,39.311378479003906,0.05199819058179855,0.09239203482866287,35.061920166015625,35.63780975341797,39.311378479003906
scene12_traj2_1__000059,0.05234534665942192,0.09300602227449417,0.6853963732719421,0.6358334422111511,1.039066195487976,35.74434280395508,39.426918029785156,0.05234534665942192,0.09300602227449417,35.09218215942383,35.74434280395508,39.426918029785156
scene12_traj2_1__000060,0.05209631845355034,0.09265065938234329,0.6882937550544739,0.6361650824546814,1.0421849489212036,35.908878326416016,39.51103210449219,0.05209631845355034,0.09265065938234329,35.242164611816406,35.908878326416016,39.51103210449219
scene12_traj2_1__000061,0.052038345485925674,0.09228789806365967,0.6868600845336914,0.6369088888168335,1.0407695770263672,35.78765869140625,39.22798156738281,0.052038345485925674,0.09228789806365967,35.188636779785156,35.78765869140625,39.22798156738281
scene12_traj2_1__000062,0.05202848091721535,0.09263365715742111,0.6888955235481262,0.6331812143325806,1.03974449634552,35.84627914428711,39.47183609008789,0.05202848091721535,0.09263365715742111,35.134925842285156,35.84627914428711,39.47183609008789
scene12_traj2_1__000063,0.05191117152571678,0.09224553406238556,0.6878146529197693,0.6312042474746704,1.0374133586883545,35.548152923583984,38.86421585083008,0.05191117152571678,0.09224553406238556,35.036380767822266,35.548152923583984,38.86421585083008
scene12_traj2_1__000064,0.051034554839134216,0.0902436375617981,0.6920403242111206,0.6286489367485046,1.039372205734253,35.834022521972656,39.55478286743164,0.051034554839134216,0.0902436375617981,35.11175537109375,35.834022521972656,39.55478286743164
scene12_traj2_1__000065,0.05023913457989693,0.08870162069797516,0.6824555993080139,0.6346017122268677,1.035409927368164,35.59050750732422,39.4006233215332,0.05023913457989693,0.08870162069797516,34.96940612792969,35.59050750732422,39.4006233215332
scene12_traj2_1__000066,0.05029735341668129,0.0890364795923233,0.6804803609848022,0.633459210395813,1.0332924127578735,35.4962158203125,39.41152572631836,0.05029735341668129,0.0890364795923233,34.879051208496094,35.4962158203125,39.41152572631836
scene12_traj2_1__000067,0.050168272107839584,0.08839891850948334,0.679956316947937,0.6330188512802124,1.0319762229919434,35.56111145019531,39.517250061035156,0.050168272107839584,0.08839891850948334,34.84800720214844,35.56111145019531,39.517250061035156
scene12_traj2_1__000068,0.05033903941512108,0.08871407806873322,0.6813031435012817,0.6324218511581421,1.0326480865478516,35.54665756225586,39.48267364501953,0.05033903941512108,0.08871407806873322,34.86054992675781,35.54665756225586,39.48267364501953
scene12_traj2_1__000069,0.05016350373625755,0.0886414423584938,0.6807208061218262,0.6326719522476196,1.0330629348754883,35.50822067260742,39.564884185791016,0.05016350373625755,0.0886414423584938,34.89329147338867,35.50822067260742,39.564884185791016
scene12_traj2_1__000070,0.04994778335094452,0.08824553340673447,0.6818777322769165,0.6322753429412842,1.0334807634353638,35.53486251831055,39.41559600830078,0.04994778335094452,0.08824553340673447,34.89619827270508,35.53486251831055,39.41559600830078
scene12_traj2_1__000071,0.04997630417346954,0.08854418247938156,0.6767499446868896,0.6314517259597778,1.0278666019439697,35.216064453125,39.2415657043457,0.04997630417346954,0.08854418247938156,34.67634582519531,35.216064453125,39.2415657043457
scene12_traj2_1__000072,0.05005520209670067,0.08874033391475677,0.6799504160881042,0.6333936452865601,1.0325407981872559,35.34630584716797,39.094512939453125,0.05005520209670067,0.08874033391475677,34.85802459716797,35.34630584716797,39.094512939453125
scene12_traj2_1__000073,0.04920004680752754,0.08690975606441498,0.6847319006919861,0.6312658190727234,1.0349348783493042,35.57290267944336,39.62606430053711,0.04920004680752754,0.08690975606441498,34.930084228515625,35.57290267944336,39.62606430053711
scene12_traj2_1__000074,0.049188483506441116,0.08728738129138947,0.679592490196228,0.6299260854721069,1.0295956134796143,35.19392395019531,39.08891677856445,0.049188483506441116,0.08728738129138947,34.7260627746582,35.19392395019531,39.08891677856445
scene12_traj2_1__000075,0.048773977905511856,0.08638346195220947,0.6834469437599182,0.6287451982498169,1.0317184925079346,35.52496337890625,39.696685791015625,0.048773977905511856,0.08638346195220947,34.82527160644531,35.52496337890625,39.696685791015625
scene12_traj2_1__000076,0.04900292307138443,0.08679915219545364,0.6827404499053955,0.6283566355705261,1.031096339225769,35.48927688598633,39.64956283569336,0.04900292307138443,0.08679915219545364,34.79377746582031,35.48927688598633,39.64956283569336
scene12_traj2_1__000077,0.048694491386413574,0.08630026876926422,0.6807675361633301,0.6267469525337219,1.0282093286514282,35.17747116088867,39.1043701171875,0.048694491386413574,0.08630026876926422,34.67316818237305,35.17747116088867,39.1043701171875
scene12_traj2_1__000078,0.04875190928578377,0.08672600984573364,0.680500864982605,0.6313361525535583,1.0314363241195679,35.409912109375,39.55070495605469,0.04875190928578377,0.08672600984573364,34.805206298828125,35.409912109375,39.55070495605469
scene12_traj2_1__000079,0.04861170053482056,0.08652488142251968,0.6783575415611267,0.6277043223381042,1.0267205238342285,35.235172271728516,39.47983932495117,0.04861170053482056,0.08652488142251968,34.646305084228516,35.235172271728516,39.47983932495117
scene12_traj2_1__000080,0.047685276716947556,0.0850861445069313,0.6707692742347717,0.6322881579399109,1.0233911275863647,34.8807373046875,39.18169021606445,0.047685276716947556,0.0850861445069313,34.517860412597656,34.8807373046875,39.18169021606445
scene12_traj2_1__000081,0.047732964158058167,0.08531829714775085,0.6734421849250793,0.6274875402450562,1.0221623182296753,34.90092086791992,39.164947509765625,0.047732964158058167,0.08531829714775085,34.44786834716797,34.90092086791992,39.164947509765625
scene12_traj2_1__000082,0.04734935984015465,0.08474507927894592,0.6770022511482239,0.62906813621521,1.0259602069854736,35.16167449951172,39.5260009765625,0.04734935984015465,0.08474507927894592,34.60470199584961,35.16167449951172,39.5260009765625
scene12_traj2_1__000083,0.047081105411052704,0.08484666794538498,0.6731349229812622,0.624582827091217,1.019526720046997,34.770809173583984,39.26382827758789,0.047081105411052704,0.08484666794538498,34.35173416137695,34.770809173583984,39.26382827758789
scene12_traj2_1__000084,0.04711582139134407,0.08484514057636261,0.6761427521705627,0.626950204372406,1.024037480354309,34.89252471923828,39.30257034301758,0.04711582139134407,0.08484514057636261,34.52789306640625,34.89252471923828,39.30257034301758
scene12_traj2_1__000085,0.047265972942113876,0.0851723700761795,0.6760115027427673,0.6227028369903564,1.0210775136947632,34.72491455078125,39.00232696533203,0.047265972942113876,0.0851723700761795,34.4008674621582,34.72491455078125,39.00232696533203
scene12_traj2_1__000086,0.04727086052298546,0.08537060767412186,0.6729663014411926,0.6183592677116394,1.015535593032837,34.46384048461914,38.840824127197266,0.04727086052298546,0.08537060767412186,34.18517303466797,34.46384048461914,38.840824127197266
scene12_traj2_1__000087,0.046938519924879074,0.08497495204210281,0.6766186356544495,0.6201118230819702,1.0195423364639282,34.68540573120117,39.186824798583984,0.046938519924879074,0.08497495204210281,34.356204986572266,34.68540573120117,39.186824798583984
scene12_traj2_1__000088,0.0470258891582489,0.0852850154042244,0.6737013459205627,0.6230542659759521,1.019626498222351,34.717262268066406,39.32394790649414,0.0470258891582489,0.0852850154042244,34.345436096191406,34.717262268066406,39.32394790649414
scene12_traj2_1__000089,0.04677991569042206,0.08511082828044891,0.6715942621231079,0.6186493635177612,1.014189600944519,34.38098907470703,38.76235580444336,0.04677991569042206,0.08511082828044891,34.14053726196289,34.38098907470703,38.76235580444336
scene12_traj2_1__000090,0.04671512544155121,0.08474761992692947,0.6759185194969177,0.6203650832176208,1.0199522972106934,34.71000289916992,39.03343200683594,0.04671512544155121,0.08474761992692947,34.36275863647461,34.71000289916992,39.03343200683594
scene12_traj2_1__000091,0.046844255179166794,0.08507443219423294,0.6764644980430603,0.6217980980873108,1.0217190980911255,34.81705856323242,39.24313735961914,0.046844255179166794,0.08507443219423294,34.43650436401367,34.81705856323242,39.24313735961914
scene12_traj2_1__000092,0.047043412923812866,0.0853809267282486,0.6761227250099182,0.6205723285675049,1.0197399854660034,34.74360656738281,39.113136291503906,0.047043412923812866,0.0853809267282486,34.358158111572266,34.74360656738281,39.113136291503906
scene12_traj2_1__000093,0.04804094135761261,0.0867663323879242,0.678216278553009,0.6221170425415039,1.0232069492340088,34.995933532714844,39.31461715698242,0.04804094135761261,0.0867663323879242,34.485713958740234,34.995933532714844,39.31461715698242
scene12_traj2_1__000094,0.04901770502328873,0.0879092887043953,0.6817526817321777,0.6255176067352295,1.028241753578186,35.24212646484375,39.436885833740234,0.04901770502328873,0.0879092887043953,34.69508361816406,35.24212646484375,39.436885833740234
scene12_traj2_2__000000,0.04526487737894058,0.08174863457679749,0.6773491501808167,0.6191067695617676,1.018675446510315,34.87603759765625,39.538326263427734,0.04526487737894058,0.08174863457679749,34.30605697631836,34.87603759765625,39.538326263427734
scene12_traj2_2__000001,0.04548443853855133,0.08193735778331757,0.6706388592720032,0.6187433004379272,1.0128239393234253,34.38372039794922,38.85585021972656,0.04548443853855133,0.08193735778331757,34.07190704345703,34.38372039794922,38.85585021972656
scene12_traj2_2__000002,0.04507363960146904,0.0811569094657898,0.6707758903503418,0.6162354350090027,1.0114649534225464,34.253753662109375,38.759666442871094,0.04507363960146904,0.0811569094657898,34.02419662475586,34.253753662109375,38.759666442871094
scene12_traj2_2__000003,0.04525962099432945,0.08167018741369247,0.6743791699409485,0.6184644103050232,1.0161876678466797,34.35212707519531,38.62033462524414,0.04525962099432945,0.08167018741369247,34.20380401611328,34.35212707519531,38.62033462524414
scene12_traj2_2__000004,0.04542315751314163,0.0824141651391983,0.6721013784408569,0.6193795204162598,1.0144386291503906,34.498870849609375,39.217464447021484,0.04542315751314163,0.0824141651391983,34.15349197387695,34.498870849609375,39.217464447021484
scene12_traj2_2__000005,0.045433539897203445,0.08194024860858917,0.674373984336853,0.6131384372711182,1.0128271579742432,34.34033203125,38.882442474365234,0.045433539897203445,0.08194024860858917,34.067649841308594,34.34033203125,38.882442474365234
scene12_traj2_2__000006,0.04548792541027069,0.08208665251731873,0.6718593239784241,0.6155989766120911,1.0125486850738525,34.41999435424805,39.198326110839844,0.04548792541027069,0.08208665251731873,34.05533981323242,34.41999435424805,39.198326110839844
scene12_traj2_2__000007,0.04571051523089409,0.08262363076210022,0.6696475148200989,0.6119973659515381,1.0079339742660522,34.092159271240234,38.53049087524414,0.04571051523089409,0.08262363076210022,33.87583541870117,34.092159271240234,38.53049087524414
scene12_traj2_2__000008,0.04536399990320206,0.08201536536216736,0.6726353168487549,0.6130578517913818,1.011259913444519,34.31455993652344,38.97550582885742,0.04536399990320206,0.08201536536216736,34.00281524658203,34.31455993652344,38.97550582885742
scene12_traj2_2__000009,0.04531944543123245,0.08184686303138733,0.6797385215759277,0.6133838295936584,1.017824649810791,34.60786819458008,39.099464416503906,0.04531944543123245,0.08184686303138733,34.25870132446289,34.60786819458008,39.099464416503906
scene12_traj2_2__000010,0.04545610770583153,0.08231759071350098,0.6775872707366943,0.6105788350105286,1.0139933824539185,34.35737991333008,38.79772186279297,0.04545610770583153,0.08231759071350098,34.078590393066406,34.35737991333008,38.79772186279297
scene12_traj2_2__000011,0.045443881303071976,0.08213552087545395,0.6771175861358643,0.612192690372467,1.0151774883270264,34.444435119628906,38.90483474731445,0.045443881303071976,0.08213552087545395,34.12330627441406,34.444435119628906,38.90483474731445
scene12_traj2_2__000012,0.04561115428805351,0.08261164277791977,0.6753512024879456,0.6134381890296936,1.0137720108032227,34.35539627075195,38.93269348144531,0.04561115428805351,0.08261164277791977,34.09123611450195,34.35539627075195,38.93269348144531
scene12_traj2_2__000013,0.045546259731054306,0.08265436440706253,0.6767725944519043,0.6090162396430969,1.012532353401184,34.164268493652344,38.604610443115234,0.045546259731054306,0.08265436440706253,34.03166580200195,34.164268493652344,38.604610443115234
scene12_traj2_2__000014,0.04543111100792885,0.08253872394561768,0.6756303310394287,0.6090725660324097,1.0110400915145874,34.088539123535156,38.41094207763672,0.04543111100792885,0.08253872394561768,33.98533630371094,34.088539123535156,38.41094207763672
scene12_traj2_2__000015,0.045334815979003906,0.0825221985578537,0.673414945602417,0.607830286026001,1.0082679986953735,33.994693756103516,38.685302734375,0.045334815979003906,0.0825221985578537,33.87483596801758,33.994693756103516,38.685302734375
scene12_traj2_2__000016,0.045195575803518295,0.08226771652698517,0.6737156510353088,0.6090844869613647,1.009159803390503,34.10783004760742,38.798954010009766,0.045195575803518295,0.08226771652698517,33.907989501953125,34.10783004760742,38.798954010009766
scene12_traj2_2__000017,0.04526013880968094,0.0826667845249176,0.6773070693016052,0.6090507507324219,1.0122385025024414,34.30058288574219,38.818603515625,0.04526013880968094,0.0826667845249176,34.017799377441406,34.30058288574219,38.818603515625
scene12_traj2_2__000018,0.04508403688669205,0.08233147859573364,0.6733757257461548,0.6087934374809265,1.0090374946594238,33.86603927612305,38.31852340698242,0.04508403688669205,0.08233147859573364,33.89936065673828,33.86603927612305,38.31852340698242
scene12_traj2_2__000019,0.04496690630912781,0.08232013881206512,0.6767513155937195,0.6060102581977844,1.009982943534851,34.04853820800781,38.553226470947266,0.04496690630912781,0.08232013881206512,33.93315124511719,34.04853820800781,38.553226470947266
scene12_traj2_2__000020,0.04467824101448059,0.08196709305047989,0.6737794280052185,0.6055378913879395,1.0070126056671143,33.87398910522461,38.592777252197266,0.04467824101448059,0.08196709305047989,33.82550811767578,33.87398910522461,38.592777252197266
scene12_traj2_2__000021,0.04437646642327309,0.08133990317583084,0.6698940396308899,0.6067665815353394,1.0045955181121826,33.798133850097656,38.741188049316406,0.04437646642327309,0.08133990317583084,33.72291564941406,33.798133850097656,38.741188049316406
scene12_traj2_2__000022,0.04374139755964279,0.08099482208490372,0.6746681332588196,0.6028622388839722,1.0056346654891968,33.72144317626953,38.60455322265625,0.04374139755964279,0.08099482208490372,33.750343322753906,33.72144317626953,38.60455322265625
scene12_traj2_2__000023,0.04312292858958244,0.08062203973531723,0.6752821803092957,0.6034316420555115,1.0071675777435303,33.55474090576172,38.36385726928711,0.04312292858958244,0.08062203973531723,33.78934097290039,33.55474090576172,38.36385726928711
scene12_traj2_2__000024,0.04304708167910576,0.08064614236354828,0.6755090951919556,0.5994405150413513,1.0042352676391602,33.511356353759766,38.275733947753906,0.04304708167910576,0.08064614236354828,33.66764831542969,33.511356353759766,38.275733947753906
scene12_traj2_2__000025,0.04284115508198738,0.08031284064054489,0.6791121363639832,0.6007195115089417,1.0083427429199219,33.58942413330078,38.368194580078125,0.04284115508198738,0.08031284064054489,33.816566467285156,33.58942413330078,38.368194580078125
scene12_traj2_2__000026,0.04279923066496849,0.0802309513092041,0.6710885763168335,0.6025017499923706,1.0023304224014282,33.261905670166016,38.07722091674805,0.04279923066496849,0.0802309513092041,33.59104919433594,33.261905670166016,38.07722091674805
scene12_traj2_2__000027,0.04286129027605057,0.08023496717214584,0.6770735383033752,0.6011135578155518,1.0062505006790161,33.4518928527832,38.30866622924805,0.04286129027605057,0.08023496717214584,33.75082015991211,33.4518928527832,38.30866622924805
scene12_traj2_2__000028,0.042741358280181885,0.0802416279911995,0.6711761951446533,0.6033611297607422,1.0031535625457764,33.299827575683594,38.206398010253906,0.042741358280181885,0.0802416279911995,33.65310287475586,33.299827575683594,38.206398010253906
scene12_traj2_2__000029,0.04276283457875252,0.0805133506655693,0.6713890433311462,0.6003879308700562,1.0011619329452515,33.35194778442383,38.29750442504883,0.04276283457875252,0.0805133506655693,33.583614349365234,33.35194778442383,38.29750442504883
scene12_traj2_2__000030,0.04284084215760231,0.08075721561908722,0.6731399893760681,0.6034331917762756,1.0042197704315186,33.30667495727539,38.05302810668945,0.04284084215760231,0.08075721561908722,33.71275329589844,33.30667495727539,38.05302810668945
scene12_traj2_2__000031,0.042708467692136765,0.08030512928962708,0.6700927019119263,0.6048057079315186,1.0023356676101685,33.20901107788086,37.758148193359375,0.042708467692136765,0.08030512928962708,33.62677764892578,33.20901107788086,37.758148193359375
scene12_traj2_2__000032,0.04272686690092087,0.0798642709851265,0.6717920899391174,0.6029208302497864,1.0024547576904297,33.18926239013672,37.930519104003906,0.04272686690092087,0.0798642709851265,33.631717681884766,33.18926239013672,37.930519104003906
scene12_traj2_2__000033,0.04295886307954788,0.08035000413656235,0.6716446280479431,0.6033332347869873,1.0025748014450073,33.290382385253906,38.20854568481445,0.04295886307954788,0.08035000413656235,33.62406539916992,33.290382385253906,38.20854568481445
scene12_traj2_2__000034,0.04298665001988411,0.08064601570367813,0.6701812744140625,0.6054128408432007,1.0035630464553833,33.3355827331543,38.245689392089844,0.04298665001988411,0.08064601570367813,33.69095993041992,33.3355827331543,38.245689392089844
scene12_traj2_2__000035,0.043180931359529495,0.08069191873073578,0.6661092638969421,0.6072534322738647,1.0011805295944214,33.247440338134766,38.16548538208008,0.043180931359529495,0.08069191873073578,33.58462905883789,33.247440338134766,38.16548538208008
scene12_traj2_2__000036,0.04331173747777939,0.0809122622013092,0.6685527563095093,0.6060061454772949,1.0023949146270752,33.3859748840332,38.36017608642578,0.04331173747777939,0.0809122622013092,33.65005111694336,33.3859748840332,38.36017608642578
scene12_traj2_2__000037,0.04341739043593407,0.08118098229169846,0.6677898168563843,0.6083155274391174,1.0036330223083496,33.37141036987305,38.24800109863281,0.04341739043593407,0.08118098229169846,33.698570251464844,33.37141036987305,38.24800109863281
scene12_traj2_2__000038,0.044118233025074005,0.0821964293718338,0.6714394688606262,0.6069557666778564,1.0060806274414062,33.620880126953125,38.55957794189453,0.044118233025074005,0.0821964293718338,33.787742614746094,33.620880126953125,38.55957794189453
scene12_traj2_2__000039,0.044928885996341705,0.08302319049835205,0.6674668788909912,0.6032131910324097,0.9999507069587708,33.286624908447266,37.851776123046875,0.044928885996341705,0.08302319049835205,33.55093765258789,33.286624908447266,37.851776123046875
scene12_traj2_2__000040,0.045425452291965485,0.08381756395101547,0.6724789142608643,0.6107706427574158,1.0089985132217407,33.934783935546875,38.692115783691406,0.045425452291965485,0.08381756395101547,33.91059875488281,33.934783935546875,38.692115783691406
scene12_traj2_2__000041,0.0453559048473835,0.0834624394774437,0.6735460162162781,0.6072900891304016,1.007747769355774,33.93877410888672,38.81633758544922,0.0453559048473835,0.0834624394774437,33.85542297363281,33.93877410888672,38.81633758544922
scene12_traj2_2__000042,0.04611114412546158,0.08442142605781555,0.6725183129310608,0.6101750135421753,1.008922815322876,33.9101676940918,38.44947814941406,0.04611114412546158,0.08442142605781555,33.90930938720703,33.9101676940918,38.44947814941406
scene12_traj2_2__000043,0.04686109349131584,0.08603072166442871,0.6756806969642639,0.6109374761581421,1.0124036073684692,34.129154205322266,38.576171875,0.04686109349131584,0.08603072166442871,34.034690856933594,34.129154205322266,38.576171875
scene12_traj2_2__000044,0.04681544005870819,0.08587159961462021,0.6754019856452942,0.6098890900611877,1.01164972782135,34.0580940246582,38.521888732910156,0.04681544005870819,0.08587159961462021,33.99937438964844,34.0580940246582,38.521888732910156
scene12_traj2_2__000045,0.04704270511865616,0.08626827597618103,0.6784113049507141,0.6134033203125,1.0168952941894531,34.367244720458984,38.93492889404297,0.04704270511865616,0.08626827597618103,34.216556549072266,34.367244720458984,38.93492889404297
scene12_traj2_2__000046,0.04799842834472656,0.08753719925880432,0.6771535277366638,0.6157069206237793,1.0179016590118408,34.44395446777344,38.87043762207031,0.04799842834472656,0.08753719925880432,34.2632942199707,34.44395446777344,38.87043762207031
scene12_traj2_2__000047,0.04791416972875595,0.0874909982085228,0.6797664761543274,0.6162285208702087,1.0205345153808594,34.54066467285156,38.87374496459961,0.04791416972875595,0.0874909982085228,34.352272033691406,34.54066467285156,38.87374496459961
scene12_traj2_2__000048,0.04811122268438339,0.08783349394798279,0.6847421526908875,0.6147865056991577,1.0237456560134888,34.82954406738281,39.22734451293945,0.04811122268438339,0.08783349394798279,34.471092224121094,34.82954406738281,39.22734451293945
scene12_traj2_2__000049,0.04859406128525734,0.08887120336294174,0.6905756592750549,0.6184086799621582,1.0320512056350708,35.21780014038086,39.364173889160156,0.04859406128525734,0.08887120336294174,34.78117370605469,35.21780014038086,39.364173889160156
scene12_traj2_2__000050,0.04938831180334091,0.08958808332681656,0.6877169609069824,0.6187657117843628,1.0298594236373901,35.29776382446289,39.49407958984375,0.04938831180334091,0.08958808332681656,34.73768615722656,35.29776382446289,39.49407958984375
scene12_traj2_2__000051,0.04943461716175079,0.08952069282531738,0.6884493827819824,0.6214876770973206,1.0320913791656494,35.394596099853516,39.412254333496094,0.04943461716175079,0.08952069282531738,34.8082275390625,35.394596099853516,39.412254333496094
scene12_traj2_2__000052,0.05028802528977394,0.0904088094830513,0.6933111548423767,0.6175862550735474,1.0342386960983276,35.58627700805664,39.7487678527832,0.05028802528977394,0.0904088094830513,34.88526153564453,35.58627700805664,39.7487678527832
scene12_traj2_2__000053,0.05117429047822952,0.09216908365488052,0.6854836940765381,0.6200999021530151,1.0297305583953857,35.347877502441406,39.43280029296875,0.05117429047822952,0.09216908365488052,34.730796813964844,35.347877502441406,39.43280029296875
scene13_traj1_1__000000,0.048077281564474106,0.07486722618341446,0.4729025661945343,0.43318453431129456,0.7019587159156799,16.38142967224121,12.220261573791504,0.048077281564474106,0.07486722618341446,22.953014373779297,16.38142967224121,12.220261573791504
scene13_traj1_1__000001,0.04817371070384979,0.07502821832895279,0.47469982504844666,0.4315860867500305,0.7024757862091064,16.467071533203125,12.260048866271973,0.04817371070384979,0.07502821832895279,22.971263885498047,16.467071533203125,12.260048866271973
scene13_traj1_1__000002,0.04838885739445686,0.07557827234268188,0.4745303988456726,0.4317871332168579,0.7025672197341919,16.509965896606445,12.345414161682129,0.04838885739445686,0.07557827234268188,22.984397888183594,16.509965896606445,12.345414161682129
scene13_traj1_1__000003,0.04815839231014252,0.07443821430206299,0.477650910615921,0.4347277283668518,0.7067586779594421,16.810169219970703,12.640423774719238,0.04815839231014252,0.07443821430206299,23.13410186767578,16.810169219970703,12.640423774719238
scene13_traj1_1__000004,0.04832584038376808,0.07519274950027466,0.4813407361507416,0.43488675355911255,0.7097457051277161,16.96287727355957,12.824453353881836,0.04832584038376808,0.07519274950027466,23.23797607421875,16.96287727355957,12.824453353881836
scene13_traj1_1__000005,0.04847722128033638,0.07507496327161789,0.4796960949897766,0.4352174401283264,0.7090656161308289,16.939899444580078,12.75016975402832,0.04847722128033638,0.07507496327161789,23.20414924621582,16.939899444580078,12.75016975402832
scene13_traj1_1__000006,0.04861462861299515,0.07558605074882507,0.47914400696754456,0.433824360370636,0.7076559662818909,16.904909133911133,12.753314018249512,0.04861462861299515,0.07558605074882507,23.16808319091797,16.904909133911133,12.753314018249512
scene13_traj1_1__000007,0.048232078552246094,0.07437095791101456,0.47755762934684753,0.4333026707172394,0.7060307264328003,16.78951072692871,12.610116004943848,0.048232078552246094,0.07437095791101456,23.114843368530273,16.78951072692871,12.610116004943848
scene13_traj1_1__000008,0.04831696301698685,0.07469812035560608,0.47980326414108276,0.4357945919036865,0.7098420262336731,16.923856735229492,12.75033950805664,0.04831696301698685,0.07469812035560608,23.24427032470703,16.923856735229492,12.75033950805664
scene13_traj1_1__000009,0.048449158668518066,0.0740935355424881,0.47780701518058777,0.43676432967185974,0.7088153958320618,17.007293701171875,12.832735061645508,0.048449158668518066,0.0740935355424881,23.205646514892578,17.007293701171875,12.832735061645508
scene13_traj1_1__000010,0.04829007759690285,0.07415423542261124,0.4764788746833801,0.43363744020462036,0.705607533454895,16.881332397460938,12.677164077758789,0.04829007759690285,0.07415423542261124,23.09009552001953,16.881332397460938,12.677164077758789
scene13_traj1_1__000011,0.0487319715321064,0.07515865564346313,0.4756859540939331,0.4346282184123993,0.7059431672096252,16.90229606628418,12.648591041564941,0.0487319715321064,0.07515865564346313,23.115501403808594,16.90229606628418,12.648591041564941
scene13_traj1_1__000012,0.048416636884212494,0.07425697147846222,0.47552490234375,0.435822993516922,0.7062397003173828,16.889381408691406,12.699469566345215,0.048416636884212494,0.07425697147846222,23.117647171020508,16.889381408691406,12.699469566345215
scene13_traj1_1__000013,0.0484042651951313,0.07401625066995621,0.47707128524780273,0.4360043704509735,0.7076131701469421,16.90262794494629,12.686351776123047,0.0484042651951313,0.07401625066995621,23.170133590698242,16.90262794494629,12.686351776123047
scene13_traj1_1__000014,0.04800543934106827,0.07345622777938843,0.477679967880249,0.43623656034469604,0.7083601951599121,16.978052139282227,12.712563514709473,0.04800543934106827,0.07345622777938843,23.206405639648438,16.978052139282227,12.712563514709473
scene13_traj1_1__000015,0.048276130110025406,0.07373302429914474,0.4780164062976837,0.4374263882637024,0.7095873951911926,17.105205535888672,12.813007354736328,0.048276130110025406,0.07373302429914474,23.24203872680664,17.105205535888672,12.813007354736328
scene13_traj1_1__000016,0.04757142439484596,0.07255773991346359,0.47660717368125916,0.4371502697467804,0.7083407044410706,16.94868278503418,12.649311065673828,0.04757142439484596,0.07255773991346359,23.198898315429688,16.94868278503418,12.649311065673828
scene13_traj1_1__000017,0.047782618552446365,0.07297907024621964,0.47912687063217163,0.4351840913295746,0.7091414332389832,17.065065383911133,12.831881523132324,0.047782618552446365,0.07297907024621964,23.219284057617188,17.065065383911133,12.831881523132324
scene13_traj1_1__000018,0.04760446771979332,0.07265277206897736,0.47711578011512756,0.43693920969963074,0.7088005542755127,17.0216121673584,12.727211952209473,0.04760446771979332,0.07265277206897736,23.226381301879883,17.0216121673584,12.727211952209473
scene13_traj1_1__000019,0.047067075967788696,0.07164257764816284,0.47874727845191956,0.43674203753471375,0.7098352313041687,17.020395278930664,12.66658878326416,0.047067075967788696,0.07164257764816284,23.246572494506836,17.020395278930664,12.66658878326416
scene13_traj1_1__000020,0.04732372239232063,0.07226686179637909,0.4784383177757263,0.43401315808296204,0.7075915932655334,16.929916381835938,12.609148025512695,0.04732372239232063,0.07226686179637909,23.17447280883789,16.929916381835938,12.609148025512695
scene13_traj1_1__000021,0.047299131751060486,0.07221503555774689,0.4771590828895569,0.43471771478652954,0.7068507075309753,16.959199905395508,12.672772407531738,0.047299131751060486,0.07221503555774689,23.14636993408203,16.959199905395508,12.672772407531738
scene13_traj1_1__000022,0.047135356813669205,0.07220979779958725,0.47757190465927124,0.43321290612220764,0.7058281302452087,16.912796020507812,12.657630920410156,0.047135356813669205,0.07220979779958725,23.10480499267578,16.912796020507812,12.657630920410156
scene13_traj1_1__000023,0.046982139348983765,0.07188842445611954,0.47835034132003784,0.43463853001594543,0.7078522443771362,17.006059646606445,12.630928993225098,0.046982139348983765,0.07188842445611954,23.178817749023438,17.006059646606445,12.630928993225098
scene13_traj1_1__000024,0.04714382812380791,0.07205306738615036,0.4778340458869934,0.4379225969314575,0.7102905511856079,17.07115364074707,12.673042297363281,0.04714382812380791,0.07205306738615036,23.282812118530273,17.07115364074707,12.673042297363281
scene13_traj1_1__000025,0.04688432812690735,0.07171294838190079,0.47915393114089966,0.4358438551425934,0.7096246480941772,17.11159896850586,12.716797828674316,0.04688432812690735,0.07171294838190079,23.245452880859375,17.11159896850586,12.716797828674316
scene13_traj1_1__000026,0.04667911306023598,0.07108764350414276,0.47971299290657043,0.43638116121292114,0.7101112008094788,17.083003997802734,12.68232250213623,0.04667911306023598,0.07108764350414276,23.265989303588867,17.083003997802734,12.68232250213623
scene13_traj1_1__000027,0.046537164598703384,0.07104907929897308,0.4831462800502777,0.43903595209121704,0.7151233553886414,17.25418472290039,12.828910827636719,0.046537164598703384,0.07104907929897308,23.4281005859375,17.25418472290039,12.828910827636719
scene13_traj1_1__000028,0.04663541540503502,0.07127957791090012,0.4825797379016876,0.4416565001010895,0.7163936495780945,17.34956169128418,12.939141273498535,0.04663541540503502,0.07127957791090012,23.487693786621094,17.34956169128418,12.939141273498535
scene13_traj1_1__000029,0.04710526391863823,0.07217144221067429,0.4831888973712921,0.44203346967697144,0.7175047397613525,17.40875816345215,12.955605506896973,0.04710526391863823,0.07217144221067429,23.513641357421875,17.40875816345215,12.955605506896973
scene13_traj1_1__000030,0.04687334597110748,0.0718313455581665,0.48417386412620544,0.44307780265808105,0.7186984419822693,17.429452896118164,13.036361694335938,0.04687334597110748,0.0718313455581665,23.569137573242188,17.429452896118164,13.036361694335938
scene13_traj1_1__000031,0.04701981693506241,0.07225310802459717,0.48612111806869507,0.4446428120136261,0.7215027809143066,17.54169464111328,13.041528701782227,0.04701981693506241,0.07225310802459717,23.68311882019043,17.54169464111328,13.041528701782227
scene13_traj1_1__000032,0.047030992805957794,0.07189878076314926,0.4881700873374939,0.44669675827026367,0.7249183058738708,17.64756965637207,13.160167694091797,0.047030992805957794,0.07189878076314926,23.810949325561523,17.64756965637207,13.160167694091797
scene13_traj1_1__000033,0.04672398418188095,0.07124438881874084,0.4877454936504364,0.4469586908817291,0.7247886061668396,17.611398696899414,13.086126327514648,0.04672398418188095,0.07124438881874084,23.809598922729492,17.611398696899414,13.086126327514648
scene13_traj1_1__000034,0.04580950736999512,0.07001538574695587,0.4912221431732178,0.450340211391449,0.730316698551178,17.832563400268555,13.2373628616333,0.04580950736999512,0.07001538574695587,23.99509048461914,17.832563400268555,13.2373628616333
scene13_traj1_1__000035,0.045750945806503296,0.06994525343179703,0.4930046498775482,0.4529106914997101,0.7331019043922424,17.923381805419922,13.341001510620117,0.045750945806503296,0.06994525343179703,24.078840255737305,17.923381805419922,13.341001510620117
scene13_traj1_1__000036,0.045635223388671875,0.06954236328601837,0.49485066533088684,0.4569372832775116,0.7380481362342834,18.082653045654297,13.374344825744629,0.045635223388671875,0.06954236328601837,24.28019142150879,18.082653045654297,13.374344825744629
scene13_traj1_1__000037,0.04481836035847664,0.0675438791513443,0.4939568340778351,0.4558759927749634,0.7364533543586731,18.010387420654297,13.23932933807373,0.04481836035847664,0.0675438791513443,24.21767234802246,18.010387420654297,13.23932933807373
scene13_traj1_1__000038,0.04338040202856064,0.06478820741176605,0.49796733260154724,0.4571272134780884,0.74062180519104,18.140005111694336,13.319794654846191,0.04338040202856064,0.06478820741176605,24.36049461364746,18.140005111694336,13.319794654846191
scene13_traj1_1__000039,0.04338683933019638,0.06478453427553177,0.5001996159553528,0.46017345786094666,0.7447290420532227,18.31982421875,13.471853256225586,0.04338683933019638,0.06478453427553177,24.512733459472656,18.31982421875,13.471853256225586
scene13_traj1_1__000040,0.04333706945180893,0.06493768841028214,0.5008935928344727,0.4641377329826355,0.7481064796447754,18.44061279296875,13.51851749420166,0.04333706945180893,0.06493768841028214,24.641372680664062,18.44061279296875,13.51851749420166
scene13_traj1_1__000041,0.04341091960668564,0.06501100212335587,0.5011192560195923,0.4638037383556366,0.7482248544692993,18.43665885925293,13.50846004486084,0.04341091960668564,0.06501100212335587,24.649024963378906,18.43665885925293,13.50846004486084
scene13_traj1_1__000042,0.04361766204237938,0.06524191051721573,0.502444863319397,0.46543747186660767,0.7505298256874084,18.574811935424805,13.677230834960938,0.04361766204237938,0.06524191051721573,24.725055694580078,18.574811935424805,13.677230834960938
scene13_traj1_1__000043,0.04406518116593361,0.06579087674617767,0.5040760040283203,0.4657968282699585,0.7519102692604065,18.74932289123535,13.822539329528809,0.04406518116593361,0.06579087674617767,24.808609008789062,18.74932289123535,13.822539329528809
scene13_traj1_1__000044,0.043933168053627014,0.06574904173612595,0.5026689171791077,0.4677114486694336,0.7520366907119751,18.722774505615234,13.769632339477539,0.043933168053627014,0.06574904173612595,24.80927848815918,18.722774505615234,13.769632339477539
scene13_traj1_1__000045,0.04387234151363373,0.06558552384376526,0.5051252245903015,0.4656534790992737,0.7526787519454956,18.862382888793945,13.84540843963623,0.04387234151363373,0.06558552384376526,24.817434310913086,18.862382888793945,13.84540843963623
scene13_traj1_1__000046,0.04399839788675308,0.06583942472934723,0.5052582621574402,0.467447966337204,0.7542477250099182,18.824838638305664,13.840764045715332,0.04399839788675308,0.06583942472934723,24.88920783996582,18.824838638305664,13.840764045715332
scene13_traj1_1__000047,0.043490663170814514,0.06497888267040253,0.5044829249382019,0.46681302785873413,0.7532960772514343,18.773151397705078,13.776070594787598,0.043490663170814514,0.06497888267040253,24.848628997802734,18.773151397705078,13.776070594787598
scene13_traj1_1__000048,0.043602026998996735,0.06497570127248764,0.5041325688362122,0.46589285135269165,0.7521433234214783,18.75505828857422,13.80012321472168,0.043602026998996735,0.06497570127248764,24.81353187561035,18.75505828857422,13.80012321472168
scene13_traj1_1__000049,0.0433049276471138,0.06470243632793427,0.5052750110626221,0.4671466052532196,0.7534865736961365,18.75406837463379,13.793547630310059,0.0433049276471138,0.06470243632793427,24.853330612182617,18.75406837463379,13.793547630310059
scene13_traj1_1__000050,0.043347280472517014,0.06487733125686646,0.5058431029319763,0.4708159565925598,0.7572252154350281,18.97129249572754,13.996376991271973,0.043347280472517014,0.06487733125686646,24.989980697631836,18.97129249572754,13.996376991271973
scene13_traj1_1__000051,0.043490294367074966,0.06503897160291672,0.5056496858596802,0.47053062915802,0.7565945982933044,18.999462127685547,14.018963813781738,0.043490294367074966,0.06503897160291672,24.971052169799805,18.999462127685547,14.018963813781738
scene13_traj1_1__000052,0.0437263585627079,0.06542947888374329,0.5059474110603333,0.47136688232421875,0.7575898766517639,19.080219268798828,14.014243125915527,0.0437263585627079,0.06542947888374329,25.01458740234375,19.080219268798828,14.014243125915527
scene13_traj1_1__000053,0.04367240518331528,0.06524696946144104,0.5087157487869263,0.4708367884159088,0.7589438557624817,19.10037612915039,13.99130630493164,0.04367240518331528,0.06524696946144104,25.07744598388672,19.10037612915039,13.99130630493164
scene13_traj1_1__000054,0.04396502301096916,0.06568586826324463,0.5084414482116699,0.4721697270870209,0.7598288655281067,19.15436553955078,14.09809398651123,0.04396502301096916,0.06568586826324463,25.10518455505371,19.15436553955078,14.09809398651123
scene13_traj1_1__000055,0.04374154657125473,0.06547456234693527,0.5085087418556213,0.4708153009414673,0.7587536573410034,19.130422592163086,14.035581588745117,0.04374154657125473,0.06547456234693527,25.050907135009766,19.130422592163086,14.035581588745117
scene13_traj1_1__000056,0.04405294731259346,0.06607406586408615,0.5089146494865417,0.4732583463191986,0.7611263394355774,19.209367752075195,14.114145278930664,0.04405294731259346,0.06607406586408615,25.143028259277344,19.209367752075195,14.114145278930664
scene13_traj1_1__000057,0.04387741908431053,0.06569012254476547,0.5098838806152344,0.4742285907268524,0.7628353238105774,19.37014389038086,14.249351501464844,0.04387741908431053,0.06569012254476547,25.2169246673584,19.37014389038086,14.249351501464844
scene13_traj1_1__000058,0.04375474154949188,0.06576446443796158,0.5115730166435242,0.4781140089035034,0.7667769193649292,19.50213050842285,14.330554008483887,0.04375474154949188,0.06576446443796158,25.3663387298584,19.50213050842285,14.330554008483887
scene13_traj1_1__000059,0.044078532606363297,0.06612951308488846,0.508712649345398,0.4774867594242096,0.7642861008644104,19.403385162353516,14.240018844604492,0.044078532606363297,0.06612951308488846,25.255859375,19.403385162353516,14.240018844604492
scene13_traj1_1__000060,0.04489070922136307,0.06792671978473663,0.5127474665641785,0.48031553626060486,0.7695764899253845,19.71181869506836,14.597380638122559,0.04489070922136307,0.06792671978473663,25.45197868347168,19.71181869506836,14.597380638122559
scene13_traj1_1__000061,0.04466533288359642,0.06704563647508621,0.5129843950271606,0.47715795040130615,0.7676386833190918,19.65370750427246,14.514677047729492,0.04466533288359642,0.06704563647508621,25.400123596191406,19.65370750427246,14.514677047729492
scene13_traj1_1__000062,0.04487670212984085,0.06732822209596634,0.5124490261077881,0.4802042543888092,0.7696242332458496,19.74149513244629,14.602643013000488,0.04487670212984085,0.06732822209596634,25.45941925048828,19.74149513244629,14.602643013000488
scene13_traj1_1__000063,0.04519999027252197,0.06819187849760056,0.5078603029251099,0.47936174273490906,0.7649593353271484,19.4412899017334,14.358778953552246,0.04519999027252197,0.06819187849760056,25.277360916137695,19.4412899017334,14.358778953552246
scene13_traj1_1__000064,0.0453048050403595,0.06833473592996597,0.507408082485199,0.47654056549072266,0.7628257870674133,19.43438720703125,14.3648099899292,0.0453048050403595,0.06833473592996597,25.191150665283203,19.43438720703125,14.3648099899292
scene13_traj1_1__000065,0.0454714260995388,0.06867226958274841,0.5070521235466003,0.4746823310852051,0.7610814571380615,19.440977096557617,14.343496322631836,0.0454714260995388,0.06867226958274841,25.138898849487305,19.440977096557617,14.343496322631836
scene13_traj1_1__000066,0.04593689367175102,0.06944433599710464,0.5069847106933594,0.47572001814842224,0.7617015838623047,19.442241668701172,14.395380973815918,0.04593689367175102,0.06944433599710464,25.170963287353516,19.442241668701172,14.395380973815918
scene13_traj1_1__000067,0.04615645110607147,0.07008365541696548,0.5071977376937866,0.47638070583343506,0.7623988389968872,19.418298721313477,14.338276863098145,0.04615645110607147,0.07008365541696548,25.178539276123047,19.418298721313477,14.338276863098145
scene13_traj1_1__000068,0.04578288272023201,0.06913750618696213,0.502483606338501,0.47449979186058044,0.7578460574150085,19.268390655517578,14.194297790527344,0.04578288272023201,0.06913750618696213,25.00550651550293,19.268390655517578,14.194297790527344
scene13_traj1_1__000069,0.04605688899755478,0.06944435834884644,0.5044539570808411,0.474641889333725,0.7593339085578918,19.302125930786133,14.1651029586792,0.04605688899755478,0.06944435834884644,25.07383918762207,19.302125930786133,14.1651029586792
scene13_traj1_1__000070,0.04593924805521965,0.06915021687746048,0.5030078291893005,0.4737994968891144,0.7575320601463318,19.30670928955078,14.259284019470215,0.04593924805521965,0.06915021687746048,25.01186180114746,19.30670928955078,14.259284019470215
scene13_traj1_1__000071,0.04614275321364403,0.069756880402565,0.5030267238616943,0.4735431969165802,0.7574602365493774,19.336463928222656,14.336174011230469,0.04614275321364403,0.069756880402565,25.0162410736084,19.336463928222656,14.336174011230469
scene13_traj1_1__000072,0.0460931770503521,0.0694870576262474,0.5019200444221497,0.4718426465988159,0.7560244798660278,19.265775680541992,14.245306968688965,0.0460931770503521,0.0694870576262474,24.94961929321289,19.265775680541992,14.245306968688965
scene13_traj1_1__000073,0.04614952951669693,0.06982920318841934,0.5004276633262634,0.4748181998729706,0.7568454742431641,19.273773193359375,14.27703857421875,0.04614952951669693,0.06982920318841934,24.955703735351562,19.273773193359375,14.27703857421875
scene13_traj1_1__000074,0.045736439526081085,0.0691448524594307,0.5042058229446411,0.4771954417228699,0.7613346576690674,19.448396682739258,14.327840805053711,0.045736439526081085,0.0691448524594307,25.158159255981445,19.448396682739258,14.327840805053711
scene13_traj1_1__000075,0.04596903547644615,0.06939651817083359,0.5029581785202026,0.47884806990623474,0.7617711424827576,19.46573257446289,14.397534370422363,0.04596903547644615,0.06939651817083359,25.149456024169922,19.46573257446289,14.397534370422363
scene13_traj1_1__000076,0.04603562876582146,0.0697309672832489,0.5017208456993103,0.48013240098953247,0.7615116238594055,19.612037658691406,14.60417366027832,0.04603562876582146,0.0697309672832489,25.173019409179688,19.612037658691406,14.60417366027832
scene13_traj1_1__000077,0.04609297588467598,0.06987184286117554,0.5037232637405396,0.480411171913147,0.7628599405288696,19.670398712158203,14.692815780639648,0.04609297588467598,0.06987184286117554,25.217763900756836,19.670398712158203,14.692815780639648
scene13_traj1_1__000078,0.04573438689112663,0.06876055151224136,0.504385232925415,0.4818800389766693,0.7650958895683289,19.776647567749023,14.84545612335205,0.04573438689112663,0.06876055151224136,25.287132263183594,19.776647567749023,14.84545612335205
scene13_traj1_1__000079,0.045739565044641495,0.06839564442634583,0.5065853595733643,0.4835655391216278,0.7680712938308716,19.994964599609375,15.067320823669434,0.045739565044641495,0.06839564442634583,25.41225814819336,19.994964599609375,15.067320823669434
scene13_traj1_1__000080,0.045877330005168915,0.06903405487537384,0.5067487359046936,0.4852936267852783,0.7691141366958618,20.11480712890625,15.226396560668945,0.045877330005168915,0.06903405487537384,25.44200897216797,20.11480712890625,15.226396560668945
scene13_traj1_1__000081,0.04544733837246895,0.06807369738817215,0.5072648525238037,0.4829491972923279,0.7680425047874451,20.15443992614746,15.269938468933105,0.04544733837246895,0.06807369738817215,25.417024612426758,20.15443992614746,15.269938468933105
scene13_traj1_1__000082,0.04569774121046066,0.06838827580213547,0.5074372291564941,0.4862338900566101,0.7708449363708496,20.309717178344727,15.372594833374023,0.04569774121046066,0.06838827580213547,25.523386001586914,20.309717178344727,15.372594833374023
scene13_traj1_1__000083,0.045703962445259094,0.06865241378545761,0.5035098791122437,0.48596319556236267,0.7678855061531067,20.124794006347656,15.244694709777832,0.045703962445259094,0.06865241378545761,25.38616943359375,20.124794006347656,15.244694709777832
scene13_traj1_1__000084,0.04608437418937683,0.06928916275501251,0.5014306306838989,0.48482733964920044,0.7651528716087341,20.008541107177734,15.254781723022461,0.04608437418937683,0.06928916275501251,25.26852798461914,20.008541107177734,15.254781723022461
scene13_traj1_1__000085,0.04612591117620468,0.06921294331550598,0.5030915141105652,0.491217702627182,0.7717159986495972,20.350223541259766,15.620162963867188,0.04612591117620468,0.06921294331550598,25.548704147338867,20.350223541259766,15.620162963867188
scene13_traj1_1__000086,0.04615774378180504,0.0692262127995491,0.5039030909538269,0.4897148609161377,0.7709349393844604,20.380369186401367,15.664535522460938,0.04615774378180504,0.0692262127995491,25.516098022460938,20.380369186401367,15.664535522460938
scene13_traj1_1__000087,0.04619629308581352,0.06949727237224579,0.5062854886054993,0.48924097418785095,0.7719864249229431,20.46951675415039,15.800811767578125,0.04619629308581352,0.06949727237224579,25.538368225097656,20.46951675415039,15.800811767578125
scene13_traj1_1__000088,0.046185728162527084,0.06940941512584686,0.5067979693412781,0.4942973554134369,0.7761401534080505,20.731054306030273,16.078998565673828,0.046185728162527084,0.06940941512584686,25.731128692626953,20.731054306030273,16.078998565673828
scene13_traj1_1__000089,0.046207137405872345,0.06976687163114548,0.5027920007705688,0.49305325746536255,0.7726857662200928,20.422183990478516,15.867212295532227,0.046207137405872345,0.06976687163114548,25.546716690063477,20.422183990478516,15.867212295532227
scene13_traj1_1__000090,0.046169087290763855,0.06949876993894577,0.5050902366638184,0.49220988154411316,0.7736522555351257,20.704986572265625,16.23968505859375,0.046169087290763855,0.06949876993894577,25.58758544921875,20.704986572265625,16.23968505859375
scene13_traj1_1__000091,0.045984067022800446,0.06927850842475891,0.5041833519935608,0.4923982322216034,0.7730725407600403,20.560279846191406,16.01752281188965,0.045984067022800446,0.06927850842475891,25.55788230895996,20.560279846191406,16.01752281188965
scene13_traj1_1__000092,0.04618748277425766,0.06941298395395279,0.5055341720581055,0.4954478442668915,0.7766804695129395,20.728010177612305,16.244388580322266,0.04618748277425766,0.06941298395395279,25.688175201416016,20.728010177612305,16.244388580322266
scene13_traj1_1__000093,0.04564603045582771,0.06821100413799286,0.5079154372215271,0.4990229308605194,0.7815729975700378,20.983543395996094,16.476646423339844,0.04564603045582771,0.06821100413799286,25.86086654663086,20.983543395996094,16.476646423339844
scene13_traj1_1__000094,0.04584568738937378,0.06860847026109695,0.5046222805976868,0.4983287453651428,0.7788329124450684,20.95159149169922,16.57501983642578,0.04584568738937378,0.06860847026109695,25.764482498168945,20.95159149169922,16.57501983642578
scene13_traj1_1__000095,0.04573696851730347,0.06829222291707993,0.5087753534317017,0.5050215125083923,0.7874027490615845,21.402246475219727,17.04755973815918,0.04573696851730347,0.06829222291707993,26.083759307861328,21.402246475219727,17.04755973815918
scene13_traj1_1__000096,0.045740507543087006,0.06831974536180496,0.5071383118629456,0.5015313029289246,0.783183217048645,21.31015968322754,17.0716552734375,0.045740507543087006,0.06831974536180496,25.91922378540039,21.31015968322754,17.0716552734375
scene13_traj1_1__000097,0.04565655440092087,0.06824225932359695,0.5068299174308777,0.49980923533439636,0.7812522053718567,21.15147590637207,16.886455535888672,0.04565655440092087,0.06824225932359695,25.856657028198242,21.15147590637207,16.886455535888672
scene13_traj1_1__000098,0.045206207782030106,0.06763778626918793,0.508726179599762,0.49547895789146423,0.7796101570129395,21.065502166748047,16.77970314025879,0.045206207782030106,0.06763778626918793,25.78926658630371,21.065502166748047,16.77970314025879
scene13_traj1_1__000099,0.045511990785598755,0.06845492869615555,0.5055637359619141,0.4958344101905823,0.7775291204452515,20.80196762084961,16.477773666381836,0.045511990785598755,0.06845492869615555,25.689058303833008,20.80196762084961,16.477773666381836
scene13_traj1_1__000100,0.04549664258956909,0.06839504837989807,0.505653440952301,0.5005373358726501,0.7816203832626343,20.99250602722168,16.5872745513916,0.04549664258956909,0.06839504837989807,25.83847999572754,20.99250602722168,16.5872745513916
scene13_traj1_1__000101,0.045406974852085114,0.06804847717285156,0.5081815719604492,0.49980461597442627,0.7824442386627197,21.1796817779541,16.863975524902344,0.045406974852085114,0.06804847717285156,25.913406372070312,21.1796817779541,16.863975524902344
scene13_traj1_1__000102,0.04515007138252258,0.06760335713624954,0.5090546607971191,0.499302476644516,0.7827754020690918,21.20342254638672,16.814361572265625,0.04515007138252258,0.06760335713624954,25.906667709350586,21.20342254638672,16.814361572265625
scene13_traj1_1__000103,0.0454072430729866,0.06791874766349792,0.5078703761100769,0.49857765436172485,0.781573474407196,21.0778865814209,16.704254150390625,0.0454072430729866,0.06791874766349792,25.860210418701172,21.0778865814209,16.704254150390625
scene13_traj1_1__000104,0.045140355825424194,0.06763577461242676,0.5061155557632446,0.4966579079627991,0.7791067957878113,20.857728958129883,16.45992660522461,0.045140355825424194,0.06763577461242676,25.738056182861328,20.857728958129883,16.45992660522461
scene13_traj1_1__000105,0.04516762122511864,0.06785640865564346,0.510062575340271,0.5008105635643005,0.784977912902832,21.353464126586914,17.19029998779297,0.04516762122511864,0.06785640865564346,26.007352828979492,21.353464126586914,17.19029998779297
scene13_traj1_1__000106,0.044892504811286926,0.06734489649534225,0.5042714476585388,0.4978596866130829,0.7785573601722717,20.932756423950195,16.59937286376953,0.044892504811286926,0.06734489649534225,25.72452163696289,20.932756423950195,16.59937286376953
scene13_traj1_1__000107,0.04475027322769165,0.06707333028316498,0.5078462958335876,0.4990782141685486,0.7816056609153748,21.150720596313477,16.923873901367188,0.04475027322769165,0.06707333028316498,25.86591911315918,21.150720596313477,16.923873901367188
scene13_traj1_1__000108,0.044650547206401825,0.06704898923635483,0.5045278668403625,0.496449738740921,0.7780023217201233,20.967605590820312,16.800161361694336,0.044650547206401825,0.06704898923635483,25.711002349853516,20.967605590820312,16.800161361694336
scene13_traj1_1__000109,0.04464271292090416,0.06719040125608444,0.505565345287323,0.49780794978141785,0.7797372937202454,21.08207130432129,16.946849822998047,0.04464271292090416,0.06719040125608444,25.766067504882812,21.08207130432129,16.946849822998047
scene13_traj1_1__000110,0.04406540095806122,0.06642096489667892,0.5055553913116455,0.5013599991798401,0.782069206237793,21.204647064208984,17.134050369262695,0.04406540095806122,0.06642096489667892,25.857698440551758,21.204647064208984,17.134050369262695
scene13_traj1_1__000111,0.04409002885222435,0.06637626886367798,0.5076462626457214,0.502339243888855,0.7842234373092651,21.298320770263672,17.191755294799805,0.04409002885222435,0.06637626886367798,25.909561157226562,21.298320770263672,17.191755294799805
scene13_traj1_1__000112,0.04452209919691086,0.06732049584388733,0.5119699239730835,0.5038597583770752,0.7884632349014282,21.685943603515625,17.870405197143555,0.04452209919691086,0.06732049584388733,26.100385665893555,21.685943603515625,17.870405197143555
scene13_traj1_1__000113,0.04435748979449272,0.06680463999509811,0.5080400705337524,0.4994165897369385,0.7824447154998779,21.325366973876953,17.427839279174805,0.04435748979449272,0.06680463999509811,25.843042373657227,21.325366973876953,17.427839279174805
scene13_traj1_1__000114,0.04476511850953102,0.06738235056400299,0.5100422501564026,0.5062440037727356,0.7892618775367737,21.684722900390625,17.895132064819336,0.04476511850953102,0.06738235056400299,26.144512176513672,21.684722900390625,17.895132064819336
scene13_traj1_1__000115,0.044265564531087875,0.06666640937328339,0.5080982446670532,0.5060256719589233,0.7876346707344055,21.681076049804688,17.956117630004883,0.044265564531087875,0.06666640937328339,26.078283309936523,21.681076049804688,17.956117630004883
scene13_traj1_1__000116,0.04473442956805229,0.06721941381692886,0.5076225996017456,0.5028750896453857,0.7843536734580994,21.707107543945312,18.15345573425293,0.04473442956805229,0.06721941381692886,25.950632095336914,21.707107543945312,18.15345573425293
scene13_traj1_1__000117,0.04475010558962822,0.0672779381275177,0.5118846893310547,0.5051465034484863,0.7888557314872742,21.952138900756836,18.460826873779297,0.04475010558962822,0.0672779381275177,26.1566219329834,21.952138900756836,18.460826873779297
scene13_traj1_1__000118,0.044357508420944214,0.06683646887540817,0.5126442313194275,0.5046083331108093,0.7890742421150208,22.018386840820312,18.58407211303711,0.044357508420944214,0.06683646887540817,26.18560218811035,22.018386840820312,18.58407211303711
scene13_traj1_1__000119,0.04489200562238693,0.06750141084194183,0.5130288600921631,0.5006213188171387,0.7868735194206238,21.77295684814453,18.18886947631836,0.04489200562238693,0.06750141084194183,26.04636001586914,21.77295684814453,18.18886947631836
scene13_traj1_1__000120,0.045503899455070496,0.06861450523138046,0.5097405910491943,0.5011589527130127,0.7845420837402344,21.800268173217773,18.34619140625,0.045503899455070496,0.06861450523138046,25.983959197998047,21.800268173217773,18.34619140625
scene13_traj1_1__000121,0.04523982107639313,0.068191759288311,0.5097563862800598,0.4985055923461914,0.7824514508247375,21.678903579711914,18.212650299072266,0.04523982107639313,0.068191759288311,25.896221160888672,21.678903579711914,18.212650299072266
scene13_traj1_1__000122,0.04633956402540207,0.0697445198893547,0.5036230087280273,0.49277830123901367,0.7738162875175476,21.113380432128906,17.528745651245117,0.04633956402540207,0.0697445198893547,25.539148330688477,21.113380432128906,17.528745651245117
scene13_traj1_1__000123,0.04633541777729988,0.06965449452400208,0.5062649846076965,0.496516615152359,0.778226912021637,21.470426559448242,17.999794006347656,0.04633541777729988,0.06965449452400208,25.74874496459961,21.470426559448242,17.999794006347656
scene13_traj1_1__000124,0.04651225730776787,0.06969547271728516,0.5058199763298035,0.49706926941871643,0.7781912684440613,21.500959396362305,17.99260711669922,0.04651225730776787,0.06969547271728516,25.75077247619629,21.500959396362305,17.99260711669922
scene13_traj1_1__000125,0.04772496595978737,0.07164499163627625,0.50303715467453,0.4911825656890869,0.7719051241874695,21.16579818725586,17.56580352783203,0.04772496595978737,0.07164499163627625,25.506071090698242,21.16579818725586,17.56580352783203
scene13_traj1_1__000126,0.04770047590136528,0.07156815379858017,0.5049471855163574,0.49227431416511536,0.7737811803817749,21.20410919189453,17.5496826171875,0.04770047590136528,0.07156815379858017,25.59294891357422,21.20410919189453,17.5496826171875
scene13_traj1_1__000127,0.04817884787917137,0.07231781631708145,0.508413553237915,0.4914160966873169,0.7757346630096436,21.543861389160156,18.14046859741211,0.04817884787917137,0.07231781631708145,25.67156982421875,21.543861389160156,18.14046859741211
scene13_traj1_1__000128,0.04776262864470482,0.07175900042057037,0.5070232152938843,0.4912493824958801,0.7746179699897766,21.372709274291992,17.871749877929688,0.04776262864470482,0.07175900042057037,25.634052276611328,21.372709274291992,17.871749877929688
scene13_traj1_1__000129,0.04789984971284866,0.07167579233646393,0.5083054304122925,0.4980657994747162,0.7822616100311279,21.92519760131836,18.530488967895508,0.04789984971284866,0.07167579233646393,25.897016525268555,21.92519760131836,18.530488967895508
scene13_traj1_1__000130,0.04749048128724098,0.07086226344108582,0.5060403347015381,0.5062968134880066,0.7865830063819885,22.138429641723633,18.871652603149414,0.04749048128724098,0.07086226344108582,26.03363609313965,22.138429641723633,18.871652603149414
scene13_traj1_1__000131,0.04849499464035034,0.07227180153131485,0.5162503123283386,0.5109108686447144,0.7978122234344482,22.919504165649414,19.786108016967773,0.04849499464035034,0.07227180153131485,26.50916862487793,22.919504165649414,19.786108016967773
scene13_traj1_1__000132,0.04824529588222504,0.07187488675117493,0.5139533281326294,0.5076977014541626,0.7930641770362854,22.644916534423828,19.376991271972656,0.04824529588222504,0.07187488675117493,26.315000534057617,22.644916534423828,19.376991271972656
scene13_traj1_1__000133,0.048518404364585876,0.07245250046253204,0.5112888216972351,0.5072332620620728,0.79107666015625,22.515235900878906,19.30565071105957,0.048518404364585876,0.07245250046253204,26.202510833740234,22.515235900878906,19.30565071105957
scene13_traj1_1__000134,0.048553094267845154,0.07243219017982483,0.5097723007202148,0.5109382271766663,0.7939514517784119,22.764307022094727,19.665531158447266,0.048553094267845154,0.07243219017982483,26.300180435180664,22.764307022094727,19.665531158447266
scene13_traj1_1__000135,0.04859358072280884,0.07246850430965424,0.5155448913574219,0.5146456360816956,0.8003160953521729,23.239891052246094,20.32526397705078,0.04859358072280884,0.07246850430965424,26.583200454711914,23.239891052246094,20.32526397705078
scene13_traj1_1__000136,0.04794834926724434,0.07159372419118881,0.5170589685440063,0.5137079954147339,0.8000966310501099,23.129985809326172,20.063779830932617,0.04794834926724434,0.07159372419118881,26.57114028930664,23.129985809326172,20.063779830932617
scene13_traj1_1__000137,0.0480758361518383,0.07193758338689804,0.5151422619819641,0.5081125497817993,0.7945886850357056,22.83941650390625,19.833873748779297,0.0480758361518383,0.07193758338689804,26.3476619720459,22.83941650390625,19.833873748779297
scene13_traj1_1__000138,0.04826536402106285,0.07222223281860352,0.5135031938552856,0.5098646879196167,0.7951677441596985,22.766677856445312,19.71503448486328,0.04826536402106285,0.07222223281860352,26.3648681640625,22.766677856445312,19.71503448486328
scene13_traj1_1__000139,0.04822109639644623,0.07215939462184906,0.5147802829742432,0.5083567500114441,0.7940018177032471,22.835205078125,19.845237731933594,0.04822109639644623,0.07215939462184906,26.315622329711914,22.835205078125,19.845237731933594
scene13_traj1_1__000140,0.04842488095164299,0.07275556772947311,0.5181835889816284,0.5030511021614075,0.7924208045005798,22.704574584960938,19.733890533447266,0.04842488095164299,0.07275556772947311,26.256086349487305,22.704574584960938,19.733890533447266
scene13_traj1_1__000141,0.04883949086070061,0.07343464344739914,0.5146943926811218,0.5043200254440308,0.7911189794540405,22.56749725341797,19.654001235961914,0.04883949086070061,0.07343464344739914,26.186708450317383,22.56749725341797,19.654001235961914
scene13_traj1_1__000142,0.048649467527866364,0.07337857037782669,0.5182964205741882,0.5053932666778564,0.7940513491630554,22.85809326171875,20.028085708618164,0.048649467527866364,0.07337857037782669,26.32144546508789,22.85809326171875,20.028085708618164
scene13_traj1_1__000143,0.048585280776023865,0.07321643829345703,0.5116161704063416,0.502129077911377,0.7869255542755127,22.248361587524414,19.195056915283203,0.048585280776023865,0.07321643829345703,26.0084285736084,22.248361587524414,19.195056915283203
scene13_traj1_1__000144,0.04910273104906082,0.07427249848842621,0.5206325650215149,0.502163827419281,0.7927815914154053,22.758804321289062,19.953563690185547,0.04910273104906082,0.07427249848842621,26.29067039489746,22.758804321289062,19.953563690185547
scene13_traj1_1__000145,0.04886738210916519,0.07412298768758774,0.5217968225479126,0.500444233417511,0.7920286655426025,22.810407638549805,20.06188201904297,0.04886738210916519,0.07412298768758774,26.271669387817383,22.810407638549805,20.06188201904297
scene13_traj1_1__000146,0.04926854744553566,0.07495865970849991,0.5228461027145386,0.4961184561252594,0.7901571989059448,22.468931198120117,19.51617431640625,0.04926854744553566,0.07495865970849991,26.153240203857422,22.468931198120117,19.51617431640625
scene13_traj1_1__000147,0.04830455034971237,0.07339223474264145,0.5186253786087036,0.491900771856308,0.7834645509719849,22.099393844604492,19.181053161621094,0.04830455034971237,0.07339223474264145,25.917266845703125,22.099393844604492,19.181053161621094
scene13_traj1_1__000148,0.048105161637067795,0.07319706678390503,0.5180079340934753,0.48896652460098267,0.7807013988494873,21.92852783203125,18.969772338867188,0.048105161637067795,0.07319706678390503,25.794797897338867,21.92852783203125,18.969772338867188
scene13_traj1_1__000149,0.04792465269565582,0.07328183203935623,0.5212377905845642,0.48628219962120056,0.7812024354934692,21.92125129699707,18.898677825927734,0.04792465269565582,0.07328183203935623,25.81814193725586,21.92125129699707,18.898677825927734
scene13_traj1_1__000150,0.04787339270114899,0.07319916039705276,0.5230475664138794,0.4927773177623749,0.7864850163459778,22.29743003845215,19.46701431274414,0.04787339270114899,0.07319916039705276,26.058212280273438,22.29743003845215,19.46701431274414
scene13_traj1_1__000151,0.04852834343910217,0.07430950552225113,0.5230309963226318,0.4909193217754364,0.785891592502594,22.06856346130371,19.12657928466797,0.04852834343910217,0.07430950552225113,25.995561599731445,22.06856346130371,19.12657928466797
scene13_traj1_1__000152,0.047890741378068924,0.07333303242921829,0.5211880803108215,0.4965783953666687,0.7881901264190674,22.18107795715332,19.19456672668457,0.047890741378068924,0.07333303242921829,26.112926483154297,22.18107795715332,19.19456672668457
scene13_traj1_1__000153,0.04780552536249161,0.07359934598207474,0.5259925127029419,0.4983941614627838,0.7930535078048706,22.50716209411621,19.66888427734375,0.04780552536249161,0.07359934598207474,26.290517807006836,22.50716209411621,19.66888427734375
scene13_traj1_1__000154,0.04775615036487579,0.0738520398736,0.5226946473121643,0.4938533306121826,0.7872474789619446,22.14339256286621,19.17727279663086,0.04775615036487579,0.0738520398736,26.0635986328125,22.14339256286621,19.17727279663086
scene13_traj1_1__000155,0.04779399186372757,0.07386302947998047,0.5277861952781677,0.4920833110809326,0.788755476474762,22.291048049926758,19.441680908203125,0.04779399186372757,0.07386302947998047,26.160058975219727,22.291048049926758,19.441680908203125
scene13_traj1_1__000156,0.04510412737727165,0.06948241591453552,0.533715009689331,0.5091468095779419,0.8059160113334656,23.309064865112305,20.637691497802734,0.04510412737727165,0.06948241591453552,26.782421112060547,23.309064865112305,20.637691497802734
scene13_traj1_1__000157,0.04469969868659973,0.06888434290885925,0.5312608480453491,0.5097423195838928,0.805401086807251,23.18107032775879,20.553306579589844,0.04469969868659973,0.06888434290885925,26.74056053161621,23.18107032775879,20.553306579589844
scene13_traj1_1__000158,0.0442962571978569,0.0680965930223465,0.539466381072998,0.5174866318702698,0.8175339698791504,24.082763671875,21.73609161376953,0.0442962571978569,0.0680965930223465,27.220243453979492,24.082763671875,21.73609161376953
scene13_traj1_1__000159,0.04467381536960602,0.06863858550786972,0.535210907459259,0.5189207196235657,0.8151422739028931,24.144100189208984,22.02674102783203,0.04467381536960602,0.06863858550786972,27.137598037719727,24.144100189208984,22.02674102783203
scene13_traj1_1__000160,0.04596078768372536,0.07054507732391357,0.5430390238761902,0.5249910950660706,0.8259130716323853,24.845958709716797,22.810791015625,0.04596078768372536,0.07054507732391357,27.544601440429688,24.845958709716797,22.810791015625
scene13_traj1_1__000161,0.04724056273698807,0.07242773473262787,0.5480066537857056,0.5304717421531677,0.8339190483093262,25.723087310791016,24.311534881591797,0.04724056273698807,0.07242773473262787,27.871667861938477,25.723087310791016,24.311534881591797
scene13_traj1_1__000162,0.04778708517551422,0.07343360036611557,0.5499047040939331,0.5304183959960938,0.8355045318603516,25.808292388916016,24.451980590820312,0.04778708517551422,0.07343360036611557,27.914871215820312,25.808292388916016,24.451980590820312
scene13_traj1_1__000163,0.047756846994161606,0.07290957123041153,0.5452200174331665,0.5321922898292542,0.8338870406150818,25.83465576171875,24.598270416259766,0.047756846994161606,0.07290957123041153,27.835081100463867,25.83465576171875,24.598270416259766
scene13_traj1_1__000164,0.04802245646715164,0.07359573990106583,0.5512484312057495,0.5415343046188354,0.8450737595558167,26.46959686279297,25.43083953857422,0.04802245646715164,0.07359573990106583,28.262348175048828,26.46959686279297,25.43083953857422
scene13_traj1_1__000165,0.0472218357026577,0.07222700119018555,0.5551472306251526,0.5455561280250549,0.8505414724349976,27.21531867980957,26.642885208129883,0.0472218357026577,0.07222700119018555,28.53996467590332,27.21531867980957,26.642885208129883
scene13_traj1_1__000166,0.04581479728221893,0.06979800760746002,0.5649909973144531,0.5581125617027283,0.8668352365493774,28.10553741455078,27.63690948486328,0.04581479728221893,0.06979800760746002,29.201889038085938,28.10553741455078,27.63690948486328
scene13_traj1_1__000167,0.04605939984321594,0.0701834186911583,0.5635373592376709,0.5609598159790039,0.8683598041534424,28.06888771057129,27.437047958374023,0.04605939984321594,0.0701834186911583,29.232389450073242,28.06888771057129,27.437047958374023
scene13_traj1_1__000168,0.04565408453345299,0.06967910379171371,0.5565586090087891,0.5588825345039368,0.8634912371635437,27.586990356445312,26.601572036743164,0.04565408453345299,0.06967910379171371,28.926143646240234,27.586990356445312,26.601572036743164
scene13_traj1_1__000169,0.04529658704996109,0.06921511888504028,0.5511384010314941,0.5606492161750793,0.8610444068908691,27.624574661254883,26.736236572265625,0.04529658704996109,0.06921511888504028,28.866687774658203,27.624574661254883,26.736236572265625
scene13_traj1_1__000170,0.045819710940122604,0.06991275399923325,0.5586727261543274,0.5652567744255066,0.868644118309021,28.132780075073242,27.434864044189453,0.045819710940122604,0.06991275399923325,29.179533004760742,28.132780075073242,27.434864044189453
scene13_traj1_1__000171,0.045455966144800186,0.06900349259376526,0.5458692908287048,0.5642986297607422,0.8614526987075806,27.245880126953125,25.645750045776367,0.045455966144800186,0.06900349259376526,28.8179931640625,27.245880126953125,25.645750045776367
scene13_traj1_1__000172,0.04549431800842285,0.06887701898813248,0.5420639514923096,0.5607292652130127,0.8564386963844299,26.854951858520508,25.139041900634766,0.04549431800842285,0.06887701898813248,28.61471939086914,26.854951858520508,25.139041900634766
scene13_traj1_1__000173,0.04529719054698944,0.06854099035263062,0.5415546894073486,0.5542247295379639,0.8497010469436646,26.42558479309082,24.407508850097656,0.04529719054698944,0.06854099035263062,28.379169464111328,26.42558479309082,24.407508850097656
scene13_traj1_1__000174,0.044907212257385254,0.06826923042535782,0.5279524922370911,0.52947998046875,0.8219718337059021,23.850343704223633,20.55466651916504,0.044907212257385254,0.06826923042535782,27.180633544921875,23.850343704223633,20.55466651916504
scene13_traj1_1__000175,0.04430786147713661,0.0674649029970169,0.5214360952377319,0.5264037847518921,0.8141766786575317,23.201128005981445,19.43262481689453,0.04430786147713661,0.0674649029970169,26.899320602416992,23.201128005981445,19.43262481689453
scene13_traj1_1__000176,0.045236922800540924,0.06904521584510803,0.5178118944168091,0.5058112740516663,0.7950963377952576,22.076251983642578,18.040258407592773,0.045236922800540924,0.06904521584510803,26.218521118164062,22.076251983642578,18.040258407592773
scene13_traj1_1__000177,0.04555715620517731,0.06955129653215408,0.5143092274665833,0.4973919987678528,0.7860167026519775,21.509105682373047,17.35426139831543,0.04555715620517731,0.06955129653215408,25.8795108795166,21.509105682373047,17.35426139831543
scene13_traj1_1__000178,0.04847326874732971,0.0746324434876442,0.5105243921279907,0.4795854985713959,0.7689845561981201,20.419601440429688,16.15225601196289,0.04847326874732971,0.0746324434876442,25.272436141967773,20.419601440429688,16.15225601196289
scene13_traj1_1__000179,0.04834754392504692,0.0741531178355217,0.5099439024925232,0.4741920828819275,0.7646751999855042,20.542600631713867,16.584148406982422,0.04834754392504692,0.0741531178355217,25.1411075592041,20.542600631713867,16.584148406982422
scene13_traj1_1__000180,0.04873598366975784,0.07406213879585266,0.5071092247962952,0.47026678919792175,0.759076714515686,20.146892547607422,16.142858505249023,0.04873598366975784,0.07406213879585266,24.887977600097656,20.146892547607422,16.142858505249023
scene13_traj1_1__000181,0.05010172352194786,0.07613210380077362,0.5100829601287842,0.4604661762714386,0.7538544535636902,20.092790603637695,16.44304084777832,0.05010172352194786,0.07613210380077362,24.698238372802734,20.092790603637695,16.44304084777832
scene13_traj1_1__000182,0.050074104219675064,0.07592730224132538,0.5126858353614807,0.46176186203956604,0.7568345665931702,20.25904655456543,16.55790901184082,0.050074104219675064,0.07592730224132538,24.809696197509766,20.25904655456543,16.55790901184082
scene13_traj1_1__000183,0.05017594248056412,0.07651139795780182,0.5180824398994446,0.4642907679080963,0.7632429599761963,20.807212829589844,17.280366897583008,0.05017594248056412,0.07651139795780182,25.067047119140625,20.807212829589844,17.280366897583008
scene13_traj1_1__000184,0.05138252303004265,0.07845525443553925,0.5251758694648743,0.4619426429271698,0.7684317827224731,21.14435577392578,17.93919563293457,0.05138252303004265,0.07845525443553925,25.253950119018555,21.14435577392578,17.93919563293457
scene13_traj1_1__000185,0.05117099732160568,0.07844439148902893,0.5298181176185608,0.46086201071739197,0.769900381565094,21.35793685913086,18.31964111328125,0.05117099732160568,0.07844439148902893,25.344636917114258,21.35793685913086,18.31964111328125
scene13_traj1_1__000186,0.05164457857608795,0.07934136688709259,0.5341671109199524,0.4599532186985016,0.7736750245094299,21.549942016601562,18.597232818603516,0.05164457857608795,0.07934136688709259,25.474077224731445,21.549942016601562,18.597232818603516
scene13_traj1_1__000187,0.05163823813199997,0.07936719805002213,0.5339157581329346,0.46143296360969543,0.7745465040206909,21.54383659362793,18.533235549926758,0.05163823813199997,0.07936719805002213,25.502090454101562,21.54383659362793,18.533235549926758
scene13_traj1_1__000188,0.05143885314464569,0.07915905117988586,0.5339925289154053,0.4613804817199707,0.7750754356384277,21.70710563659668,18.95621109008789,0.05143885314464569,0.07915905117988586,25.5062313079834,21.70710563659668,18.95621109008789
scene13_traj1_1__000189,0.05098934844136238,0.07826586812734604,0.5346832871437073,0.46537086367607117,0.778581976890564,21.80663299560547,19.04657745361328,0.05098934844136238,0.07826586812734604,25.63538932800293,21.80663299560547,19.04657745361328
scene13_traj1_1__000190,0.05105634406208992,0.07865571975708008,0.5370568037033081,0.4660879373550415,0.7818940281867981,21.94913101196289,19.240514755249023,0.05105634406208992,0.07865571975708008,25.749500274658203,21.94913101196289,19.240514755249023
scene13_traj1_1__000191,0.05096346512436867,0.07906051725149155,0.5398449301719666,0.4667709469795227,0.7842057347297668,21.94928550720215,19.262737274169922,0.05096346512436867,0.07906051725149155,25.81545639038086,21.94928550720215,19.262737274169922
scene13_traj1_1__000192,0.05080385506153107,0.0786818191409111,0.5370591878890991,0.46521058678627014,0.7803763747215271,21.676347732543945,18.80139923095703,0.05080385506153107,0.0786818191409111,25.6926212310791,21.676347732543945,18.80139923095703
scene13_traj1_1__000193,0.05030366778373718,0.07811791449785233,0.5314498543739319,0.4605647325515747,0.7724462747573853,21.061813354492188,18.196752548217773,0.05030366778373718,0.07811791449785233,25.3546142578125,21.061813354492188,18.196752548217773
scene13_traj1_1__000194,0.04871184751391411,0.07580435276031494,0.5292664766311646,0.46338367462158203,0.7720916867256165,20.770023345947266,17.604883193969727,0.04871184751391411,0.07580435276031494,25.365541458129883,20.770023345947266,17.604883193969727
scene13_traj1_1__000195,0.04633418843150139,0.07250791043043137,0.5276845097541809,0.46556198596954346,0.7709672451019287,20.24159812927246,16.725778579711914,0.04633418843150139,0.07250791043043137,25.319011688232422,20.24159812927246,16.725778579711914
scene13_traj1_1__000196,0.04481811076402664,0.07022015750408173,0.5219919085502625,0.47525086998939514,0.773127555847168,19.934934616088867,16.09550666809082,0.04481811076402664,0.07022015750408173,25.434587478637695,19.934934616088867,16.09550666809082
scene13_traj1_1__000197,0.04443015530705452,0.06959984451532364,0.5246844291687012,0.47342753410339355,0.774245023727417,20.15643882751465,16.5140323638916,0.04443015530705452,0.06959984451532364,25.454776763916016,20.15643882751465,16.5140323638916
scene13_traj1_1__000198,0.04320259392261505,0.06769142299890518,0.5247378349304199,0.47419995069503784,0.7739478349685669,20.04047393798828,16.325519561767578,0.04320259392261505,0.06769142299890518,25.453292846679688,20.04047393798828,16.325519561767578
scene13_traj1_1__000199,0.04231766611337662,0.06626208871603012,0.5212110877037048,0.48002493381500244,0.7756361961364746,19.666303634643555,15.577277183532715,0.04231766611337662,0.06626208871603012,25.516389846801758,19.666303634643555,15.577277183532715
scene13_traj1_1__000200,0.0413883738219738,0.06488699465990067,0.5180622339248657,0.48411983251571655,0.7760007977485657,19.728483200073242,15.73947525024414,0.0413883738219738,0.06488699465990067,25.544334411621094,19.728483200073242,15.73947525024414
scene13_traj1_1__000201,0.04036152362823486,0.06345738470554352,0.5196035504341125,0.4922504723072052,0.7834620475769043,20.118867874145508,16.13707733154297,0.04036152362823486,0.06345738470554352,25.838571548461914,20.118867874145508,16.13707733154297
scene13_traj1_1__000202,0.04039192944765091,0.06357846409082413,0.5193129181861877,0.4914105534553528,0.7826030850410461,20.088274002075195,16.0700740814209,0.04039192944765091,0.06357846409082413,25.79970359802246,20.088274002075195,16.0700740814209
scene13_traj1_1__000203,0.03975815325975418,0.06291953474283218,0.52225661277771,0.5002564191818237,0.7924568057060242,20.578365325927734,16.580787658691406,0.03975815325975418,0.06291953474283218,26.152631759643555,20.578365325927734,16.580787658691406
scene13_traj1_1__000204,0.039782874286174774,0.06285661458969116,0.52055823802948,0.5010001063346863,0.7925054430961609,20.70604705810547,16.86791229248047,0.039782874286174774,0.06285661458969116,26.143117904663086,20.70604705810547,16.86791229248047
scene13_traj1_1__000205,0.03972452133893967,0.06326352804899216,0.5247267484664917,0.5077527165412903,0.800787091255188,21.140188217163086,17.276933670043945,0.03972452133893967,0.06326352804899216,26.43556022644043,21.140188217163086,17.276933670043945
scene13_traj1_1__000206,0.04007202759385109,0.06440307945013046,0.5230329632759094,0.5101374983787537,0.8017870187759399,21.164777755737305,17.356157302856445,0.04007202759385109,0.06440307945013046,26.482439041137695,21.164777755737305,17.356157302856445
scene13_traj1_1__000207,0.04022388160228729,0.0647650957107544,0.5224179625511169,0.5073095560073853,0.7991292476654053,21.03838348388672,17.223743438720703,0.04022388160228729,0.0647650957107544,26.375518798828125,21.03838348388672,17.223743438720703
scene13_traj1_1__000208,0.04040573909878731,0.06476573646068573,0.5213819742202759,0.5057981610298157,0.7969284653663635,20.865264892578125,16.891498565673828,0.04040573909878731,0.06476573646068573,26.289142608642578,20.865264892578125,16.891498565673828
scene13_traj1_1__000209,0.040382757782936096,0.06505856662988663,0.5218363404273987,0.5027831196784973,0.795379102230072,20.778732299804688,16.680904388427734,0.040382757782936096,0.06505856662988663,26.24831771850586,20.778732299804688,16.680904388427734
scene13_traj1_1__000210,0.040482982993125916,0.06516220420598984,0.5176405906677246,0.5040269494056702,0.7930489778518677,20.474275588989258,16.13460922241211,0.040482982993125916,0.06516220420598984,26.142562866210938,20.474275588989258,16.13460922241211
scene13_traj1_1__000211,0.04071493819355965,0.06517332792282104,0.5134245753288269,0.4967000186443329,0.7840859293937683,19.921300888061523,15.454126358032227,0.04071493819355965,0.06517332792282104,25.83917236328125,19.921300888061523,15.454126358032227
scene13_traj1_1__000212,0.04036561772227287,0.06453778594732285,0.5135855674743652,0.4964165687561035,0.7840704321861267,19.918357849121094,15.3572416305542,0.04036561772227287,0.06453778594732285,25.83159828186035,19.918357849121094,15.3572416305542
scene13_traj1_1__000213,0.04061751067638397,0.06501799821853638,0.5145869255065918,0.49525073170661926,0.7838113903999329,19.82589340209961,15.161811828613281,0.04061751067638397,0.06501799821853638,25.836395263671875,19.82589340209961,15.161811828613281
scene13_traj1_1__000214,0.04138302803039551,0.06711051613092422,0.5148268938064575,0.49687594175338745,0.7853218913078308,19.777217864990234,15.024100303649902,0.04138302803039551,0.06711051613092422,25.873870849609375,19.777217864990234,15.024100303649902
scene13_traj1_1__000215,0.040963999927043915,0.06654177606105804,0.5190535187721252,0.5007358193397522,0.7915456295013428,19.96712875366211,15.108427047729492,0.040963999927043915,0.06654177606105804,26.10486602783203,19.96712875366211,15.108427047729492
scene13_traj1_1__000216,0.04088800400495529,0.06626709550619125,0.5139195919036865,0.49759894609451294,0.7846478819847107,19.562786102294922,14.490814208984375,0.04088800400495529,0.06626709550619125,25.844404220581055,19.562786102294922,14.490814208984375
scene13_traj1_1__000217,0.04074082523584366,0.06597455590963364,0.5134615898132324,0.4986349940299988,0.7854217886924744,19.59686851501465,14.578649520874023,0.04074082523584366,0.06597455590963364,25.87459945678711,19.59686851501465,14.578649520874023
scene13_traj1_1__000218,0.04092007502913475,0.0666181743144989,0.5201759934425354,0.4979705214500427,0.7893070578575134,19.887025833129883,14.945549011230469,0.04092007502913475,0.0666181743144989,26.01313591003418,19.887025833129883,14.945549011230469
scene13_traj1_1__000219,0.04057316854596138,0.06568023562431335,0.52157062292099,0.5017751455307007,0.7931244373321533,20.09691619873047,15.055036544799805,0.04057316854596138,0.06568023562431335,26.15688705444336,20.09691619873047,15.055036544799805
scene13_traj1_1__000220,0.040608394891023636,0.06599953025579453,0.525021493434906,0.5033681392669678,0.7969020009040833,20.25963592529297,15.12164306640625,0.040608394891023636,0.06599953025579453,26.317548751831055,20.25963592529297,15.12164306640625
scene13_traj1_1__000221,0.04032117500901222,0.06505684554576874,0.5254071950912476,0.5009550452232361,0.7961896657943726,20.09089469909668,14.85387897491455,0.04032117500901222,0.06505684554576874,26.268266677856445,20.09089469909668,14.85387897491455
scene13_traj1_1__000222,0.040326427668333054,0.06527310609817505,0.5244796276092529,0.5006294846534729,0.7946768999099731,19.99188804626465,14.783665657043457,0.040326427668333054,0.06527310609817505,26.193723678588867,19.99188804626465,14.783665657043457
scene13_traj1_1__000223,0.040946148335933685,0.06611301004886627,0.5210351943969727,0.4948512315750122,0.78789883852005,19.618022918701172,14.313916206359863,0.040946148335933685,0.06611301004886627,25.96089744567871,19.618022918701172,14.313916206359863
scene13_traj1_1__000224,0.04069921746850014,0.06515347212553024,0.5197957754135132,0.4916244447231293,0.7841847538948059,19.360668182373047,14.023375511169434,0.04069921746850014,0.06515347212553024,25.82647705078125,19.360668182373047,14.023375511169434
scene13_traj1_1__000225,0.04123881831765175,0.06600973010063171,0.5182905793190002,0.48772382736206055,0.7798014283180237,19.207826614379883,13.778501510620117,0.04123881831765175,0.06600973010063171,25.689748764038086,19.207826614379883,13.778501510620117
scene13_traj1_1__000226,0.041066259145736694,0.06489305198192596,0.5196954011917114,0.48828333616256714,0.7816987037658691,19.489830017089844,14.166915893554688,0.041066259145736694,0.06489305198192596,25.770450592041016,19.489830017089844,14.166915893554688
scene13_traj1_1__000227,0.04109760373830795,0.06472601741552353,0.5198555588722229,0.489046573638916,0.7823891043663025,19.5643253326416,14.30889892578125,0.04109760373830795,0.06472601741552353,25.797508239746094,19.5643253326416,14.30889892578125
scene13_traj1_1__000228,0.041517797857522964,0.06497609615325928,0.5201706886291504,0.48853951692581177,0.7823675274848938,19.5777530670166,14.305285453796387,0.041517797857522964,0.06497609615325928,25.797731399536133,19.5777530670166,14.305285453796387
scene13_traj1_1__000229,0.04158001020550728,0.06501339375972748,0.5154559016227722,0.4845827519893646,0.7753420472145081,19.2691650390625,13.934636116027832,0.04158001020550728,0.06501339375972748,25.53447151184082,19.2691650390625,13.934636116027832
scene13_traj1_1__000230,0.04177054762840271,0.065192312002182,0.5141071081161499,0.48031899333000183,0.7705339193344116,19.1168212890625,13.912246704101562,0.04177054762840271,0.065192312002182,25.370813369750977,19.1168212890625,13.912246704101562
scene13_traj1_1__000231,0.04179994389414787,0.06470414251089096,0.5055583119392395,0.4786871671676636,0.7625919580459595,18.909439086914062,13.828056335449219,0.04179994389414787,0.06470414251089096,25.11155128479004,18.909439086914062,13.828056335449219
scene13_traj1_1__000232,0.041928064078092575,0.06497292965650558,0.504246175289154,0.4774343967437744,0.760422945022583,18.875032424926758,13.703020095825195,0.041928064078092575,0.06497292965650558,25.045398712158203,18.875032424926758,13.703020095825195
scene13_traj1_1__000233,0.043411169201135635,0.06647942215204239,0.5001166462898254,0.4689350426197052,0.7507831454277039,18.713956832885742,13.76986026763916,0.043411169201135635,0.06647942215204239,24.7044677734375,18.713956832885742,13.76986026763916
scene13_traj1_1__000234,0.04577059671282768,0.07188408076763153,0.4925234615802765,0.45583775639533997,0.734957754611969,18.001354217529297,13.204861640930176,0.04577059671282768,0.07188408076763153,24.141830444335938,18.001354217529297,13.204861640930176
scene13_traj1_1__000235,0.050650328397750854,0.0790749117732048,0.4947505593299866,0.434164822101593,0.7192553877830505,17.02161407470703,12.629109382629395,0.050650328397750854,0.0790749117732048,23.51726722717285,17.02161407470703,12.629109382629395
scene13_traj1_1__000236,0.052509043365716934,0.08277934044599533,0.4987131655216217,0.43144768476486206,0.7201622128486633,17.200674057006836,12.975210189819336,0.052509043365716934,0.08277934044599533,23.517120361328125,17.200674057006836,12.975210189819336
scene13_traj1_1__000237,0.05223474279046059,0.0819464698433876,0.4993855357170105,0.4306877851486206,0.7200630307197571,17.241762161254883,12.962310791015625,0.05223474279046059,0.0819464698433876,23.52895164489746,17.241762161254883,12.962310791015625
scene13_traj1_1__000238,0.05328455567359924,0.08449363708496094,0.5067444443702698,0.4300822913646698,0.7247269153594971,17.573070526123047,13.502822875976562,0.05328455567359924,0.08449363708496094,23.69733428955078,17.573070526123047,13.502822875976562
scene13_traj1_1__000239,0.054139044135808945,0.08648750931024551,0.5008111596107483,0.42585015296936035,0.7163857221603394,17.14508819580078,13.33393669128418,0.054139044135808945,0.08648750931024551,23.387704849243164,17.14508819580078,13.33393669128418
scene13_traj1_1__000240,0.05455796793103218,0.08776813000440598,0.501197099685669,0.4223676323890686,0.7150040864944458,17.09372901916504,13.446858406066895,0.05455796793103218,0.08776813000440598,23.30730628967285,17.09372901916504,13.446858406066895
scene13_traj1_1__000241,0.05525138974189758,0.08884505927562714,0.5016776323318481,0.4195270538330078,0.711808979511261,16.925987243652344,13.24299430847168,0.05525138974189758,0.08884505927562714,23.201868057250977,16.925987243652344,13.24299430847168
scene13_traj1_1__000242,0.05531008169054985,0.08873976767063141,0.501707136631012,0.41970500349998474,0.7124317288398743,16.98085594177246,13.359125137329102,0.05531008169054985,0.08873976767063141,23.223596572875977,16.98085594177246,13.359125137329102
scene13_traj1_1__000243,0.05618446692824364,0.09008283913135529,0.49955087900161743,0.4132232367992401,0.7062215805053711,16.829269409179688,13.397256851196289,0.05618446692824364,0.09008283913135529,22.995527267456055,16.829269409179688,13.397256851196289
scene13_traj1_1__000244,0.05693575739860535,0.09074892103672028,0.5029049515724182,0.4127434194087982,0.7074629068374634,17.099546432495117,13.667868614196777,0.05693575739860535,0.09074892103672028,23.03045654296875,17.099546432495117,13.667868614196777
scene13_traj1_1__000245,0.05777474120259285,0.09190404415130615,0.5064476728439331,0.40914303064346313,0.7078161239624023,17.24354362487793,14.057074546813965,0.05777474120259285,0.09190404415130615,23.042396545410156,17.24354362487793,14.057074546813965
scene13_traj1_1__000246,0.05702508985996246,0.09094034135341644,0.4964582920074463,0.4064893126487732,0.6978232860565186,16.554779052734375,13.213150978088379,0.05702508985996246,0.09094034135341644,22.68758773803711,16.554779052734375,13.213150978088379
scene13_traj1_1__000247,0.0570681206882,0.09135472774505615,0.49238908290863037,0.40827861428260803,0.6962376832962036,16.491430282592773,13.173540115356445,0.0570681206882,0.09135472774505615,22.630050659179688,16.491430282592773,13.173540115356445
scene13_traj1_1__000248,0.054694075137376785,0.08943183720111847,0.4814184606075287,0.41416215896606445,0.6913889646530151,15.549869537353516,12.13044548034668,0.054694075137376785,0.08943183720111847,22.4697265625,15.549869537353516,12.13044548034668
scene13_traj1_1__000249,0.05286606028676033,0.0883064866065979,0.48522311449050903,0.42070430517196655,0.699725866317749,15.151379585266113,11.47377872467041,0.05286606028676033,0.0883064866065979,22.753559112548828,15.151379585266113,11.47377872467041
scene13_traj1_1__000250,0.05221410095691681,0.08713294565677643,0.4834912121295929,0.4198184609413147,0.697831392288208,14.830338478088379,11.059080123901367,0.05221410095691681,0.08713294565677643,22.6953125,14.830338478088379,11.059080123901367
scene13_traj1_1__000251,0.051383450627326965,0.0858711525797844,0.4862750768661499,0.4223342537879944,0.7021697759628296,15.00927734375,11.276717185974121,0.051383450627326965,0.0858711525797844,22.866479873657227,15.00927734375,11.276717185974121
scene13_traj1_1__000252,0.051104769110679626,0.08546394854784012,0.48642051219940186,0.42229437828063965,0.7021411061286926,15.029245376586914,11.25553035736084,0.051104769110679626,0.08546394854784012,22.84456443786621,15.029245376586914,11.25553035736084
scene13_traj1_1__000253,0.05223805457353592,0.08733831346035004,0.48673588037490845,0.42319026589393616,0.7028500437736511,14.994500160217285,11.153226852416992,0.05223805457353592,0.08733831346035004,22.89533042907715,14.994500160217285,11.153226852416992
scene13_traj1_1__000254,0.05251133441925049,0.08805669844150543,0.4868565797805786,0.4200465679168701,0.7007272839546204,14.992988586425781,11.298807144165039,0.05251133441925049,0.08805669844150543,22.80445098876953,14.992988586425781,11.298807144165039
scene13_traj1_1__000255,0.051789723336696625,0.08730247616767883,0.492233544588089,0.4240679442882538,0.7095627784729004,15.386314392089844,11.716202735900879,0.051789723336696625,0.08730247616767883,23.126163482666016,15.386314392089844,11.716202735900879
scene13_traj1_1__000256,0.051573436707258224,0.08692470192909241,0.4904673993587494,0.42764368653297424,0.7100659608840942,15.299397468566895,11.503700256347656,0.051573436707258224,0.08692470192909241,23.160003662109375,15.299397468566895,11.503700256347656
scene13_traj1_1__000257,0.05116785317659378,0.08693329244852066,0.49726226925849915,0.43510308861732483,0.7219486832618713,15.645392417907715,11.688509941101074,0.05116785317659378,0.08693329244852066,23.57840347290039,15.645392417907715,11.688509941101074
scene13_traj1_1__000258,0.04901435971260071,0.08448036015033722,0.5056785941123962,0.45413050055503845,0.7437514066696167,16.11862564086914,11.596848487854004,0.04901435971260071,0.08448036015033722,24.37347984313965,16.11862564086914,11.596848487854004
scene13_traj1_1__000259,0.04601815342903137,0.07877794653177261,0.511289119720459,0.4710922837257385,0.7614062428474426,16.5639705657959,11.44741439819336,0.04601815342903137,0.07877794653177261,25.020301818847656,16.5639705657959,11.44741439819336
scene13_traj1_1__000260,0.044564008712768555,0.07596774399280548,0.5203121304512024,0.48311617970466614,0.7777359485626221,17.269014358520508,11.622173309326172,0.044564008712768555,0.07596774399280548,25.6343994140625,17.269014358520508,11.622173309326172
scene13_traj1_1__000261,0.04232066124677658,0.0713060274720192,0.5171943306922913,0.48034828901290894,0.7736655473709106,17.004697799682617,11.523635864257812,0.04232066124677658,0.0713060274720192,25.487850189208984,17.004697799682617,11.523635864257812
scene13_traj1_1__000262,0.04250676557421684,0.07183638215065002,0.5173084139823914,0.4829207956790924,0.7754440903663635,17.020627975463867,11.488415718078613,0.04250676557421684,0.07183638215065002,25.541643142700195,17.020627975463867,11.488415718078613
scene13_traj1_1__000263,0.042857930064201355,0.07142584025859833,0.5157514214515686,0.47608518600463867,0.7693648934364319,16.989038467407227,11.50389575958252,0.042857930064201355,0.07142584025859833,25.3204402923584,16.989038467407227,11.50389575958252
scene13_traj2_1__000000,0.036483362317085266,0.0543292872607708,0.4687948226928711,0.4562283754348755,0.7154169082641602,14.385578155517578,9.223223686218262,0.036483362317085266,0.0543292872607708,23.375688552856445,14.385578155517578,9.223223686218262
scene13_traj2_1__000001,0.036702483892440796,0.05490428954362869,0.4718789756298065,0.45932134985923767,0.7201013565063477,14.496768951416016,9.287576675415039,0.036702483892440796,0.05490428954362869,23.561063766479492,14.496768951416016,9.287576675415039
scene13_traj2_1__000002,0.03679937869310379,0.05495152994990349,0.4737261235713959,0.45719605684280396,0.7199012637138367,14.609678268432617,9.417656898498535,0.03679937869310379,0.05495152994990349,23.529354095458984,14.609678268432617,9.417656898498535
scene13_traj2_1__000003,0.0371432900428772,0.05554187670350075,0.4728827178478241,0.4579339921474457,0.719577431678772,14.504437446594238,9.337111473083496,0.0371432900428772,0.05554187670350075,23.534231185913086,14.504437446594238,9.337111473083496
scene13_traj2_1__000004,0.03670620918273926,0.05490892007946968,0.4735542833805084,0.4603714346885681,0.7222930788993835,14.51528263092041,9.304977416992188,0.03670620918273926,0.05490892007946968,23.63440704345703,14.51528263092041,9.304977416992188
scene13_traj2_1__000005,0.03692745789885521,0.05518960952758789,0.47367873787879944,0.4591526985168457,0.7216522693634033,14.559704780578613,9.346105575561523,0.03692745789885521,0.05518960952758789,23.61385154724121,14.559704780578613,9.346105575561523
scene13_traj2_1__000006,0.03692984953522682,0.055448662489652634,0.4745733439922333,0.4595526456832886,0.7226580381393433,14.510330200195312,9.268621444702148,0.03692984953522682,0.055448662489652634,23.646839141845703,14.510330200195312,9.268621444702148
scene13_traj2_1__000007,0.03725513443350792,0.05602462962269783,0.47724848985671997,0.4594041407108307,0.7245975732803345,14.678288459777832,9.462306022644043,0.03725513443350792,0.05602462962269783,23.722305297851562,14.678288459777832,9.462306022644043
scene13_traj2_1__000008,0.03724260628223419,0.05596724525094032,0.47730451822280884,0.4607451558113098,0.7252938747406006,14.701712608337402,9.44967269897461,0.03724260628223419,0.05596724525094032,23.756364822387695,14.701712608337402,9.44967269897461
scene13_traj2_1__000009,0.03718975558876991,0.05589544028043747,0.47792720794677734,0.4592321515083313,0.724551260471344,14.741047859191895,9.571452140808105,0.03718975558876991,0.05589544028043747,23.728628158569336,14.741047859191895,9.571452140808105
scene13_traj2_1__000010,0.03735283389687538,0.05623605474829674,0.4786382019519806,0.46021556854248047,0.725994348526001,14.715913772583008,9.527753829956055,0.03735283389687538,0.05623605474829674,23.779226303100586,14.715913772583008,9.527753829956055
scene13_traj2_1__000011,0.03754789009690285,0.05655176565051079,0.4788903295993805,0.46044299006462097,0.7262067794799805,14.706770896911621,9.482210159301758,0.03754789009690285,0.05655176565051079,23.777793884277344,14.706770896911621,9.482210159301758
scene13_traj2_1__000012,0.03758390247821808,0.05666007846593857,0.4781712293624878,0.46058815717697144,0.7259477376937866,14.606415748596191,9.39065933227539,0.03758390247821808,0.05666007846593857,23.794221878051758,14.606415748596191,9.39065933227539
scene13_traj2_1__000013,0.03759395331144333,0.056819796562194824,0.479404479265213,0.46317458152770996,0.7290396094322205,14.71547794342041,9.43741512298584,0.03759395331144333,0.056819796562194824,23.900598526000977,14.71547794342041,9.43741512298584
scene13_traj2_1__000014,0.037760984152555466,0.05731053650379181,0.4799221158027649,0.4596412181854248,0.7264347076416016,14.682852745056152,9.499161720275879,0.037760984152555466,0.05731053650379181,23.795795440673828,14.682852745056152,9.499161720275879
scene13_traj2_1__000015,0.037636078894138336,0.057084254920482635,0.4800770878791809,0.46323978900909424,0.7294299602508545,14.684311866760254,9.382511138916016,0.037636078894138336,0.057084254920482635,23.919843673706055,14.684311866760254,9.382511138916016
scene13_traj2_1__000016,0.03795093297958374,0.057568639516830444,0.4813760817050934,0.46316587924957275,0.7302161455154419,14.727547645568848,9.47627067565918,0.03795093297958374,0.057568639516830444,23.94672203063965,14.727547645568848,9.47627067565918
scene13_traj2_1__000017,0.037753522396087646,0.05721801519393921,0.48133689165115356,0.46379178762435913,0.7305869460105896,14.735111236572266,9.495628356933594,0.037753522396087646,0.05721801519393921,23.965850830078125,14.735111236572266,9.495628356933594
scene13_traj2_1__000018,0.03782561793923378,0.05730297043919563,0.4822993278503418,0.46383237838745117,0.7316389083862305,14.799551010131836,9.456990242004395,0.03782561793923378,0.05730297043919563,23.999589920043945,14.799551010131836,9.456990242004395
scene13_traj2_1__000019,0.0380362831056118,0.05775553733110428,0.4813495874404907,0.46368229389190674,0.7307975888252258,14.770852088928223,9.474238395690918,0.0380362831056118,0.05775553733110428,23.971969604492188,14.770852088928223,9.474238395690918
scene13_traj2_1__000020,0.038156669586896896,0.05790486931800842,0.4844878613948822,0.463696151971817,0.7328556776046753,14.845213890075684,9.570756912231445,0.038156669586896896,0.05790486931800842,24.04875946044922,14.845213890075684,9.570756912231445
scene13_traj2_1__000021,0.03802692890167236,0.05802411958575249,0.4845111668109894,0.46499893069267273,0.7337943315505981,14.857200622558594,9.509998321533203,0.03802692890167236,0.05802411958575249,24.09348487854004,14.857200622558594,9.509998321533203
scene13_traj2_1__000022,0.038258470594882965,0.05841220170259476,0.4855597913265228,0.46515220403671265,0.7349538803100586,14.907590866088867,9.566085815429688,0.038258470594882965,0.05841220170259476,24.131813049316406,14.907590866088867,9.566085815429688
scene13_traj2_1__000023,0.038063593208789825,0.05810735374689102,0.4845084249973297,0.46541228890419006,0.734470009803772,14.779547691345215,9.412663459777832,0.038063593208789825,0.05810735374689102,24.10437774658203,14.779547691345215,9.412663459777832
scene13_traj2_1__000024,0.03855086863040924,0.05887540802359581,0.48662328720092773,0.46536585688591003,0.7366558909416199,14.951445579528809,9.506922721862793,0.03855086863040924,0.05887540802359581,24.184585571289062,14.951445579528809,9.506922721862793
scene13_traj2_1__000025,0.03887327387928963,0.059681810438632965,0.4877374470233917,0.46769440174102783,0.7390367388725281,15.054165840148926,9.602167129516602,0.03887327387928963,0.059681810438632965,24.291297912597656,15.054165840148926,9.602167129516602
scene13_traj2_1__000026,0.03889978677034378,0.05963597446680069,0.4883571267127991,0.46829167008399963,0.7395186424255371,15.045607566833496,9.61976146697998,0.03889978677034378,0.05963597446680069,24.30790901184082,15.045607566833496,9.61976146697998
scene13_traj2_1__000027,0.03880201280117035,0.05943158268928528,0.4884514808654785,0.4676814675331116,0.7393701076507568,15.056570053100586,9.54826545715332,0.03880201280117035,0.05943158268928528,24.301237106323242,15.056570053100586,9.54826545715332
scene13_traj2_1__000028,0.03921161964535713,0.06017407774925232,0.4871094226837158,0.4671613276004791,0.7375797033309937,15.05253791809082,9.640277862548828,0.03921161964535713,0.06017407774925232,24.24660873413086,15.05253791809082,9.640277862548828
scene13_traj2_1__000029,0.039232444018125534,0.06031818687915802,0.489211767911911,0.4702337980270386,0.7414910793304443,15.17126750946045,9.764933586120605,0.039232444018125534,0.06031818687915802,24.389347076416016,15.17126750946045,9.764933586120605
scene13_traj2_1__000030,0.03896305710077286,0.06000174209475517,0.49242764711380005,0.47260287404060364,0.7457361817359924,15.30324649810791,9.73333740234375,0.03896305710077286,0.06000174209475517,24.54471778869629,15.30324649810791,9.73333740234375
scene13_traj2_1__000031,0.039336662739515305,0.06074928119778633,0.4938615560531616,0.4719546139240265,0.7464029788970947,15.308917045593262,9.686285018920898,0.039336662739515305,0.06074928119778633,24.572589874267578,15.308917045593262,9.686285018920898
scene13_traj2_1__000032,0.039706774055957794,0.06125880032777786,0.4925861656665802,0.4693654477596283,0.7434058785438538,15.351880073547363,9.857706069946289,0.039706774055957794,0.06125880032777786,24.465065002441406,15.351880073547363,9.857706069946289
scene13_traj2_1__000033,0.03984927013516426,0.06182188168168068,0.49138885736465454,0.47061946988105774,0.7437407374382019,15.284993171691895,9.724247932434082,0.03984927013516426,0.06182188168168068,24.477832794189453,15.284993171691895,9.724247932434082
scene13_traj2_1__000034,0.039575111120939255,0.06139838322997093,0.4916362464427948,0.46996304392814636,0.7432965636253357,15.2783203125,9.744422912597656,0.039575111120939255,0.06139838322997093,24.459924697875977,15.2783203125,9.744422912597656
scene13_traj2_1__000035,0.040007881820201874,0.06222352012991905,0.49196434020996094,0.46906810998916626,0.742673933506012,15.287744522094727,9.757657051086426,0.040007881820201874,0.06222352012991905,24.440500259399414,15.287744522094727,9.757657051086426
scene13_traj2_1__000036,0.03986132889986038,0.06192747503519058,0.49161669611930847,0.4687308669090271,0.742504358291626,15.280311584472656,9.76349925994873,0.03986132889986038,0.06192747503519058,24.432462692260742,15.280311584472656,9.76349925994873
scene13_traj2_1__000037,0.04008476436138153,0.06236659735441208,0.49394118785858154,0.470588743686676,0.7453614473342896,15.392815589904785,9.818912506103516,0.04008476436138153,0.06236659735441208,24.52730369567871,15.392815589904785,9.818912506103516
scene13_traj2_1__000038,0.04020761698484421,0.06252903491258621,0.4947487711906433,0.4702863097190857,0.7463839650154114,15.490617752075195,9.949771881103516,0.04020761698484421,0.06252903491258621,24.571788787841797,15.490617752075195,9.949771881103516
scene13_traj2_1__000039,0.03988846018910408,0.061717499047517776,0.4958432614803314,0.47282862663269043,0.7492509484291077,15.523846626281738,9.931739807128906,0.03988846018910408,0.061717499047517776,24.67035484313965,15.523846626281738,9.931739807128906
scene13_traj2_1__000040,0.03995348513126373,0.06208973005414009,0.49611756205558777,0.47149571776390076,0.7485666871070862,15.529012680053711,9.933246612548828,0.03995348513126373,0.06208973005414009,24.65443229675293,15.529012680053711,9.933246612548828
scene13_traj2_1__000041,0.04036696255207062,0.06288783252239227,0.49734336137771606,0.47248342633247375,0.7501776218414307,15.57885456085205,9.921635627746582,0.04036696255207062,0.06288783252239227,24.708232879638672,15.57885456085205,9.921635627746582
scene13_traj2_1__000042,0.04013153538107872,0.06257331371307373,0.49925556778907776,0.4706771671772003,0.7505761981010437,15.610760688781738,9.912665367126465,0.04013153538107872,0.06257331371307373,24.73141860961914,15.610760688781738,9.912665367126465
scene13_traj2_1__000043,0.040172282606363297,0.06257081776857376,0.501947283744812,0.47344133257865906,0.75537109375,15.894721984863281,10.141227722167969,0.040172282606363297,0.06257081776857376,24.883636474609375,15.894721984863281,10.141227722167969
scene13_traj2_1__000044,0.04053583741188049,0.06301772594451904,0.5003520846366882,0.47268059849739075,0.7532508969306946,15.729484558105469,10.018795013427734,0.04053583741188049,0.06301772594451904,24.81609535217285,15.729484558105469,10.018795013427734
scene13_traj2_1__000045,0.04027935862541199,0.06295914947986603,0.5058537721633911,0.4761636257171631,0.7605473399162292,15.976927757263184,10.162323951721191,0.04027935862541199,0.06295914947986603,25.078163146972656,15.976927757263184,10.162323951721191
scene13_traj2_1__000046,0.04028058797121048,0.0629303902387619,0.5071261525154114,0.4742584228515625,0.7601339221000671,16.05481719970703,10.187187194824219,0.04028058797121048,0.0629303902387619,25.03232192993164,16.05481719970703,10.187187194824219
scene13_traj2_1__000047,0.04031981900334358,0.0629076436161995,0.5066033005714417,0.4738226532936096,0.7596802711486816,16.10523223876953,10.249844551086426,0.04031981900334358,0.0629076436161995,25.02995491027832,16.10523223876953,10.249844551086426
scene13_traj2_1__000048,0.04033802077174187,0.06303910166025162,0.5049736499786377,0.475949227809906,0.7598008513450623,16.02952766418457,10.239200592041016,0.04033802077174187,0.06303910166025162,25.043872833251953,16.02952766418457,10.239200592041016
scene13_traj2_1__000049,0.04057792201638222,0.06331279128789902,0.5097010731697083,0.47978901863098145,0.7665427327156067,16.195039749145508,10.21838092803955,0.04057792201638222,0.06331279128789902,25.30634880065918,16.195039749145508,10.21838092803955
scene13_traj2_1__000050,0.04012802988290787,0.06275726854801178,0.5094500780105591,0.4800008237361908,0.7664716243743896,16.275848388671875,10.216873168945312,0.04012802988290787,0.06275726854801178,25.30016326904297,16.275848388671875,10.216873168945312
scene13_traj2_1__000051,0.04019279405474663,0.06297285109758377,0.5114428997039795,0.4810878038406372,0.7689493298530579,16.397930145263672,10.446017265319824,0.04019279405474663,0.06297285109758377,25.37833595275879,16.397930145263672,10.446017265319824
scene13_traj2_1__000052,0.0401289165019989,0.06268526613712311,0.5108926892280579,0.48221129179000854,0.7691614031791687,16.365772247314453,10.395442008972168,0.0401289165019989,0.06268526613712311,25.396846771240234,16.365772247314453,10.395442008972168
scene13_traj2_1__000053,0.03986165672540665,0.0623149648308754,0.5138647556304932,0.4823080003261566,0.7719876170158386,16.52701187133789,10.51962947845459,0.03986165672540665,0.0623149648308754,25.492401123046875,16.52701187133789,10.51962947845459
scene13_traj2_1__000054,0.03995632007718086,0.06262731552124023,0.5163540840148926,0.4845893681049347,0.7757849097251892,16.60877799987793,10.542306900024414,0.03995632007718086,0.06262731552124023,25.631729125976562,16.60877799987793,10.542306900024414
scene13_traj2_1__000055,0.03974708542227745,0.06234424561262131,0.5194023847579956,0.48661208152770996,0.7790853977203369,16.81287384033203,10.685386657714844,0.03974708542227745,0.06234424561262131,25.728546142578125,16.81287384033203,10.685386657714844
scene13_traj2_1__000056,0.03973084315657616,0.062391240149736404,0.5210157036781311,0.4871537685394287,0.7811185121536255,16.898508071899414,10.79057502746582,0.03973084315657616,0.062391240149736404,25.8203125,16.898508071899414,10.79057502746582
scene13_traj2_1__000057,0.03961939737200737,0.062297169119119644,0.5198352932929993,0.4858947992324829,0.779917299747467,16.891963958740234,10.76150131225586,0.03961939737200737,0.062297169119119644,25.760709762573242,16.891963958740234,10.76150131225586
scene13_traj2_1__000058,0.03960272669792175,0.0623013973236084,0.5184024572372437,0.4896269142627716,0.7812305092811584,16.921428680419922,10.78905200958252,0.03960272669792175,0.0623013973236084,25.794591903686523,16.921428680419922,10.78905200958252
scene13_traj2_1__000059,0.03974312171339989,0.06273159384727478,0.5170249938964844,0.486305832862854,0.778144121170044,16.861303329467773,10.786629676818848,0.03974312171339989,0.06273159384727478,25.68763542175293,16.861303329467773,10.786629676818848
scene13_traj2_1__000060,0.039793841540813446,0.06261438131332397,0.5240008234977722,0.4897564947605133,0.7855764031410217,17.15769386291504,10.966885566711426,0.039793841540813446,0.06261438131332397,25.960477828979492,17.15769386291504,10.966885566711426
scene13_traj2_1__000061,0.039691243320703506,0.0625155046582222,0.520717978477478,0.49226364493370056,0.7849239706993103,17.143186569213867,11.005661964416504,0.039691243320703506,0.0625155046582222,25.944591522216797,17.143186569213867,11.005661964416504
scene13_traj2_1__000062,0.03983783349394798,0.06288200616836548,0.5238345265388489,0.4931837022304535,0.7878229022026062,17.292577743530273,11.133339881896973,0.03983783349394798,0.06288200616836548,26.0505313873291,17.292577743530273,11.133339881896973
scene13_traj2_1__000063,0.03944560885429382,0.06175805628299713,0.5253982543945312,0.4957551658153534,0.791296124458313,17.473527908325195,11.275686264038086,0.03944560885429382,0.06175805628299713,26.166669845581055,17.473527908325195,11.275686264038086
scene13_traj2_1__000064,0.03969420865178108,0.0624953918159008,0.5217853784561157,0.49185821413993835,0.7860287427902222,17.271808624267578,11.178605079650879,0.03969420865178108,0.0624953918159008,25.977487564086914,17.271808624267578,11.178605079650879
scene13_traj2_1__000065,0.040236249566078186,0.0632164478302002,0.5280960202217102,0.49535566568374634,0.793189525604248,17.690603256225586,11.613435745239258,0.040236249566078186,0.0632164478302002,26.234901428222656,17.690603256225586,11.613435745239258
scene13_traj2_1__000066,0.040178243070840836,0.06314152479171753,0.5300459265708923,0.4953617453575134,0.7948241233825684,17.819448471069336,11.674120903015137,0.040178243070840836,0.06314152479171753,26.300888061523438,17.819448471069336,11.674120903015137
scene13_traj2_2__000000,0.04938022047281265,0.0796830877661705,0.5587102770805359,0.524071216583252,0.8382216095924377,21.633846282958984,15.617216110229492,0.04938022047281265,0.0796830877661705,27.950162887573242,21.633846282958984,15.617216110229492
scene13_traj2_2__000001,0.0493721105158329,0.0796157643198967,0.5548091530799866,0.5242538452148438,0.8355770707130432,21.52886390686035,15.572417259216309,0.0493721105158329,0.0796157643198967,27.872554779052734,21.52886390686035,15.572417259216309
scene13_traj2_2__000002,0.04869350418448448,0.07861229032278061,0.5517723560333252,0.5269037485122681,0.8346356153488159,21.499921798706055,15.549551963806152,0.04869350418448448,0.07861229032278061,27.826297760009766,21.499921798706055,15.549551963806152
scene13_traj2_2__000003,0.049223266541957855,0.07924631983041763,0.5518835783004761,0.5248324871063232,0.8330841660499573,21.471712112426758,15.529404640197754,0.049223266541957855,0.07924631983041763,27.77859115600586,21.471712112426758,15.529404640197754
scene13_traj2_2__000004,0.049207281321287155,0.07967093586921692,0.5516284704208374,0.5298619866371155,0.8369908332824707,21.538358688354492,15.636306762695312,0.049207281321287155,0.07967093586921692,27.92451286315918,21.538358688354492,15.636306762695312
scene13_traj2_2__000005,0.04880543798208237,0.07938732206821442,0.547615647315979,0.526992678642273,0.8315840363502502,21.24966812133789,15.371688842773438,0.04880543798208237,0.07938732206821442,27.709274291992188,21.24966812133789,15.371688842773438
scene13_traj2_2__000006,0.04911340773105621,0.08014393597841263,0.5503643155097961,0.5279056429862976,0.8343001008033752,21.338743209838867,15.452667236328125,0.04911340773105621,0.08014393597841263,27.80949592590332,21.338743209838867,15.452667236328125
scene13_traj2_2__000007,0.049014754593372345,0.07989397644996643,0.5526370406150818,0.5283151865005493,0.8360855579376221,21.437414169311523,15.491543769836426,0.049014754593372345,0.07989397644996643,27.88370132446289,21.437414169311523,15.491543769836426
scene13_traj2_2__000008,0.04943425953388214,0.0810827761888504,0.5466631650924683,0.5240544676780701,0.828552782535553,21.041919708251953,15.187956809997559,0.04943425953388214,0.0810827761888504,27.578096389770508,21.041919708251953,15.187956809997559
scene13_traj2_2__000009,0.0497429184615612,0.08172085136175156,0.5466209650039673,0.5233907699584961,0.8280264735221863,21.088491439819336,15.344634056091309,0.0497429184615612,0.08172085136175156,27.55323600769043,21.088491439819336,15.344634056091309
scene13_traj2_2__000010,0.04982713237404823,0.08201662451028824,0.5438870787620544,0.5257426500320435,0.828062117099762,21.048877716064453,15.188166618347168,0.04982713237404823,0.08201662451028824,27.560564041137695,21.048877716064453,15.188166618347168
scene13_traj2_2__000011,0.04974254593253136,0.08255258202552795,0.5439602136611938,0.5255717039108276,0.8278961777687073,21.207317352294922,15.543278694152832,0.04974254593253136,0.08255258202552795,27.540945053100586,21.207317352294922,15.543278694152832
scene13_traj2_2__000012,0.049770157784223557,0.08243062347173691,0.547481894493103,0.5264295935630798,0.8312411904335022,21.42776870727539,15.725556373596191,0.049770157784223557,0.08243062347173691,27.661876678466797,21.42776870727539,15.725556373596191
scene13_traj2_2__000013,0.04956270381808281,0.08182775229215622,0.5521969199180603,0.5325046181678772,0.8394042253494263,21.84539794921875,16.048337936401367,0.04956270381808281,0.08182775229215622,27.991071701049805,21.84539794921875,16.048337936401367
scene13_traj2_2__000014,0.050352949649095535,0.08298985660076141,0.5484907031059265,0.5294404625892639,0.8341242671012878,21.59674644470215,15.759912490844727,0.050352949649095535,0.08298985660076141,27.80924415588379,21.59674644470215,15.759912490844727
scene13_traj2_2__000015,0.05048056319355965,0.08391275256872177,0.5458714962005615,0.5269202589988708,0.8303985595703125,21.489315032958984,15.755528450012207,0.05048056319355965,0.08391275256872177,27.638195037841797,21.489315032958984,15.755528450012207
scene13_traj2_2__000016,0.05027802661061287,0.08314509689807892,0.5456811785697937,0.5304104089736938,0.8328315019607544,21.503202438354492,15.584096908569336,0.05027802661061287,0.08314509689807892,27.76066780090332,21.503202438354492,15.584096908569336
scene13_traj2_2__000017,0.050480760633945465,0.08338990062475204,0.5478194355964661,0.5311509370803833,0.8348510265350342,21.60065460205078,15.6879301071167,0.050480760633945465,0.08338990062475204,27.834230422973633,21.60065460205078,15.6879301071167
scene13_traj2_2__000018,0.050791703164577484,0.08439388871192932,0.550894558429718,0.5323829054832458,0.8381948471069336,21.954755783081055,16.303356170654297,0.050791703164577484,0.08439388871192932,27.944849014282227,21.954755783081055,16.303356170654297
scene13_traj2_2__000019,0.050932519137859344,0.08440790325403214,0.5501280426979065,0.5372628569602966,0.8414222598075867,22.10008430480957,16.35268211364746,0.050932519137859344,0.08440790325403214,28.088211059570312,22.10008430480957,16.35268211364746
scene13_traj2_2__000020,0.051598433405160904,0.08507045358419418,0.5473347902297974,0.5350201725959778,0.8375306725502014,22.01348876953125,16.279708862304688,0.051598433405160904,0.08507045358419418,27.9390869140625,22.01348876953125,16.279708862304688
scene13_traj2_2__000021,0.051323503255844116,0.08524792641401291,0.5418844223022461,0.5307108759880066,0.8300049901008606,21.575849533081055,15.957023620605469,0.051323503255844116,0.08524792641401291,27.642675399780273,21.575849533081055,15.957023620605469
scene13_traj2_2__000022,0.05112159624695778,0.08501902222633362,0.5393958687782288,0.5277612209320068,0.8260757923126221,21.29874610900879,15.615060806274414,0.05112159624695778,0.08501902222633362,27.483278274536133,21.29874610900879,15.615060806274414
scene13_traj2_2__000023,0.0506148524582386,0.08394535630941391,0.537932813167572,0.5277608633041382,0.8248943090438843,21.208829879760742,15.512054443359375,0.0506148524582386,0.08394535630941391,27.421934127807617,21.208829879760742,15.512054443359375
scene13_traj2_2__000024,0.050861604511737823,0.08536940068006516,0.5368184447288513,0.5283343195915222,0.824059009552002,21.011512756347656,15.319513320922852,0.050861604511737823,0.08536940068006516,27.37525177001953,21.011512756347656,15.319513320922852
scene13_traj2_2__000025,0.05056328326463699,0.0848945677280426,0.5353716611862183,0.5248320698738098,0.8202742338180542,20.78294563293457,15.200013160705566,0.05056328326463699,0.0848945677280426,27.22616958618164,20.78294563293457,15.200013160705566
scene13_traj2_2__000026,0.05036158114671707,0.08509450405836105,0.5272817611694336,0.5166451930999756,0.807612955570221,19.910585403442383,14.186973571777344,0.05036158114671707,0.08509450405836105,26.7165584564209,19.910585403442383,14.186973571777344
scene13_traj2_2__000027,0.05068086460232735,0.08579011261463165,0.5307841300964355,0.5156916379928589,0.809418261051178,20.038358688354492,14.337907791137695,0.05068086460232735,0.08579011261463165,26.794130325317383,20.038358688354492,14.337907791137695
scene13_traj2_2__000028,0.049624133855104446,0.0842420682311058,0.5261445641517639,0.5102977752685547,0.8011209964752197,19.45050621032715,13.669718742370605,0.049624133855104446,0.0842420682311058,26.4971981048584,19.45050621032715,13.669718742370605
scene13_traj2_2__000029,0.05025336146354675,0.08567297458648682,0.5310826897621155,0.5168029069900513,0.8099433183670044,19.873252868652344,14.097126960754395,0.05025336146354675,0.08567297458648682,26.84070587158203,19.873252868652344,14.097126960754395
scene13_traj2_2__000030,0.04989724978804588,0.08467859774827957,0.5306530594825745,0.515842854976654,0.8092331886291504,19.765859603881836,13.975105285644531,0.04989724978804588,0.08467859774827957,26.777677536010742,19.765859603881836,13.975105285644531
scene13_traj2_2__000031,0.04958193376660347,0.08508937805891037,0.5303469300270081,0.5181751251220703,0.8113681674003601,19.947620391845703,14.13713264465332,0.04958193376660347,0.08508937805891037,26.860361099243164,19.947620391845703,14.13713264465332
scene13_traj2_2__000032,0.049652088433504105,0.08485537767410278,0.526718258857727,0.5188766121864319,0.8091700077056885,19.8623046875,14.182076454162598,0.049652088433504105,0.08485537767410278,26.767072677612305,19.8623046875,14.182076454162598
scene13_traj2_2__000033,0.049592651426792145,0.08543966710567474,0.533394455909729,0.5216564536094666,0.8160886168479919,20.284164428710938,14.477668762207031,0.049592651426792145,0.08543966710567474,27.067874908447266,20.284164428710938,14.477668762207031
scene13_traj2_2__000034,0.04897256940603256,0.08583664894104004,0.5303643941879272,0.5184838771820068,0.8111162781715393,19.95783042907715,14.398531913757324,0.04897256940603256,0.08583664894104004,26.84442901611328,19.95783042907715,14.398531913757324
scene13_traj2_2__000035,0.049186043441295624,0.08671370893716812,0.5256603956222534,0.5136182904243469,0.8045118451118469,19.44454574584961,13.825010299682617,0.049186043441295624,0.08671370893716812,26.60135269165039,19.44454574584961,13.825010299682617
scene13_traj2_2__000036,0.04846477136015892,0.08565288782119751,0.5226960182189941,0.5123529434204102,0.8012858033180237,19.123821258544922,13.386001586914062,0.04846477136015892,0.08565288782119751,26.49397087097168,19.123821258544922,13.386001586914062
scene13_traj2_2__000037,0.04857131093740463,0.08622042089700699,0.5218438506126404,0.508310079574585,0.797927737236023,18.995311737060547,13.349350929260254,0.04857131093740463,0.08622042089700699,26.344451904296875,18.995311737060547,13.349350929260254
scene13_traj2_2__000038,0.04811401292681694,0.08552417904138565,0.5201086401939392,0.511796772480011,0.7983959317207336,19.021272659301758,13.333163261413574,0.04811401292681694,0.08552417904138565,26.3902530670166,19.021272659301758,13.333163261413574
scene13_traj2_2__000039,0.04828346148133278,0.08562777191400528,0.5281025171279907,0.5120441317558289,0.8042557835578918,19.187124252319336,13.355998992919922,0.04828346148133278,0.08562777191400528,26.60828399658203,19.187124252319336,13.355998992919922
scene13_traj2_2__000040,0.047842975705862045,0.08426900953054428,0.5293065905570984,0.5121010541915894,0.804823637008667,19.211259841918945,13.465195655822754,0.047842975705862045,0.08426900953054428,26.628938674926758,19.211259841918945,13.465195655822754
scene13_traj2_2__000041,0.048599112778902054,0.08351501822471619,0.5252094864845276,0.5080727338790894,0.7985664010047913,19.210132598876953,13.446121215820312,0.048599112778902054,0.08351501822471619,26.409969329833984,19.210132598876953,13.446121215820312
scene13_traj2_2__000042,0.049150023609399796,0.08439429104328156,0.5254842638969421,0.5056985020637512,0.7968783974647522,19.142305374145508,13.481128692626953,0.049150023609399796,0.08439429104328156,26.32884979248047,19.142305374145508,13.481128692626953
scene13_traj2_2__000043,0.050401195883750916,0.08535543829202652,0.5225128531455994,0.5029101371765137,0.7921038866043091,19.21651840209961,13.719926834106445,0.050401195883750916,0.08535543829202652,26.152551651000977,19.21651840209961,13.719926834106445
scene13_traj2_2__000044,0.05143585428595543,0.08611174672842026,0.521221399307251,0.5014885663986206,0.7899718284606934,19.172100067138672,13.66367244720459,0.05143585428595543,0.08611174672842026,26.110946655273438,19.172100067138672,13.66367244720459
scene13_traj2_2__000045,0.05273560807108879,0.0855676606297493,0.5221400260925293,0.49473318457603455,0.7851437330245972,19.1263427734375,13.58461856842041,0.05273560807108879,0.0855676606297493,25.972183227539062,19.1263427734375,13.58461856842041
scene13_traj2_2__000046,0.05280200019478798,0.08492137491703033,0.5278304219245911,0.48896634578704834,0.7853502035140991,19.09651756286621,13.476115226745605,0.05280200019478798,0.08492137491703033,25.99839973449707,19.09651756286621,13.476115226745605
scene13_traj2_2__000047,0.053288139402866364,0.08530056476593018,0.5256660580635071,0.4895823895931244,0.7842416763305664,19.155820846557617,13.551373481750488,0.053288139402866364,0.08530056476593018,25.944581985473633,19.155820846557617,13.551373481750488
scene13_traj2_2__000048,0.05296183004975319,0.08507190644741058,0.5239285230636597,0.4869038462638855,0.7808642387390137,19.0712833404541,13.457091331481934,0.05296183004975319,0.08507190644741058,25.849327087402344,19.0712833404541,13.457091331481934
scene13_traj2_2__000049,0.052793312817811966,0.08434578776359558,0.5254389047622681,0.484939843416214,0.7810895442962646,18.99357032775879,13.38028335571289,0.052793312817811966,0.08434578776359558,25.8326358795166,18.99357032775879,13.38028335571289
scene13_traj2_2__000050,0.052608687430620193,0.08365269750356674,0.5171480774879456,0.4787481725215912,0.7697646021842957,18.49390983581543,13.169198036193848,0.052608687430620193,0.08365269750356674,25.3814754486084,18.49390983581543,13.169198036193848
scene13_traj2_2__000051,0.05192021280527115,0.08220021426677704,0.5126009583473206,0.4787716865539551,0.7662139534950256,18.084646224975586,12.822518348693848,0.05192021280527115,0.08220021426677704,25.245777130126953,18.084646224975586,12.822518348693848
scene13_traj2_2__000052,0.05199969932436943,0.08245792239904404,0.5093962550163269,0.47659361362457275,0.7621216773986816,17.922950744628906,12.656085014343262,0.05199969932436943,0.08245792239904404,25.09871482849121,17.922950744628906,12.656085014343262
scene13_traj2_2__000053,0.05089082941412926,0.08037491887807846,0.5056986212730408,0.47654861211776733,0.7587852478027344,17.614925384521484,12.247883796691895,0.05089082941412926,0.08037491887807846,25.00641632080078,17.614925384521484,12.247883796691895
scene13_traj2_2__000054,0.05104108899831772,0.0802767351269722,0.5058859586715698,0.4730798304080963,0.7562261819839478,17.440034866333008,12.151723861694336,0.05104108899831772,0.0802767351269722,24.88605499267578,17.440034866333008,12.151723861694336
scene13_traj2_2__000055,0.050394199788570404,0.07894560694694519,0.49883824586868286,0.47275233268737793,0.7496858239173889,17.04751205444336,11.819704055786133,0.050394199788570404,0.07894560694694519,24.65509033203125,17.04751205444336,11.819704055786133
scene13_traj2_2__000056,0.05039229243993759,0.07873950153589249,0.49593663215637207,0.4666305482387543,0.7433635592460632,16.87584686279297,11.653480529785156,0.05039229243993759,0.07873950153589249,24.403812408447266,16.87584686279297,11.653480529785156
scene13_traj2_2__000057,0.049725208431482315,0.07770071178674698,0.4938430190086365,0.4658001661300659,0.7410644888877869,16.7584171295166,11.58814525604248,0.049725208431482315,0.07770071178674698,24.324012756347656,16.7584171295166,11.58814525604248
scene13_traj2_2__000058,0.04922594875097275,0.07650188356637955,0.4919637143611908,0.46745795011520386,0.740976870059967,16.768814086914062,11.528392791748047,0.04922594875097275,0.07650188356637955,24.346397399902344,16.768814086914062,11.528392791748047
scene13_traj2_2__000059,0.04883519187569618,0.07544226199388504,0.4960705637931824,0.4713342785835266,0.7468017339706421,16.945466995239258,11.598051071166992,0.04883519187569618,0.07544226199388504,24.567289352416992,16.945466995239258,11.598051071166992
scene13_traj2_2__000060,0.04783276841044426,0.0736769512295723,0.49147194623947144,0.4700976014137268,0.7430807948112488,16.80997085571289,11.506826400756836,0.04783276841044426,0.0736769512295723,24.419666290283203,16.80997085571289,11.506826400756836
scene13_traj2_2__000061,0.04760001227259636,0.0734010562300682,0.4911723732948303,0.4673435091972351,0.7403832077980042,16.62026596069336,11.453689575195312,0.04760001227259636,0.0734010562300682,24.313865661621094,16.62026596069336,11.453689575195312
scene13_traj2_2__000062,0.04753642529249191,0.07339230924844742,0.49090448021888733,0.4685259759426117,0.7410327196121216,16.69401741027832,11.459310531616211,0.04753642529249191,0.07339230924844742,24.343557357788086,16.69401741027832,11.459310531616211
scene13_traj2_2__000063,0.046495404094457626,0.07141345739364624,0.48923206329345703,0.4676816761493683,0.7389721274375916,16.38051414489746,11.144620895385742,0.046495404094457626,0.07141345739364624,24.28940773010254,16.38051414489746,11.144620895385742
scene13_traj2_2__000064,0.045772355049848557,0.07051779329776764,0.484547883272171,0.46501821279525757,0.733077883720398,15.839929580688477,10.65012264251709,0.045772355049848557,0.07051779329776764,24.04896354675293,15.839929580688477,10.65012264251709
scene13_traj2_2__000065,0.04422740265727043,0.06831474602222443,0.486802875995636,0.4673320949077606,0.7367942333221436,15.697694778442383,10.37104320526123,0.04422740265727043,0.06831474602222443,24.224485397338867,15.697694778442383,10.37104320526123
scene13_traj2_2__000066,0.043908026069402695,0.06764049082994461,0.4874591529369354,0.46622490882873535,0.7359715104103088,15.655607223510742,10.34736156463623,0.043908026069402695,0.06764049082994461,24.191905975341797,15.655607223510742,10.34736156463623
scene13_traj2_2__000067,0.042703110724687576,0.06544728577136993,0.4797211289405823,0.4600714147090912,0.725473165512085,15.233808517456055,10.114872932434082,0.042703110724687576,0.06544728577136993,23.813186645507812,15.233808517456055,10.114872932434082
scene13_traj2_2__000068,0.04195123538374901,0.06386178731918335,0.4803774058818817,0.46215274930000305,0.7277300357818604,15.254081726074219,10.084567070007324,0.04195123538374901,0.06386178731918335,23.907045364379883,15.254081726074219,10.084567070007324
scene13_traj2_2__000069,0.04164585843682289,0.06297680735588074,0.4772386848926544,0.45894238352775574,0.7234920263290405,15.386209487915039,10.362884521484375,0.04164585843682289,0.06297680735588074,23.72542953491211,15.386209487915039,10.362884521484375
scene13_traj2_2__000070,0.04196853190660477,0.06316640973091125,0.487486332654953,0.4677278399467468,0.7371211051940918,16.158323287963867,10.944873809814453,0.04196853190660477,0.06316640973091125,24.247730255126953,16.158323287963867,10.944873809814453
scene13_traj2_2__000071,0.042115915566682816,0.06340394169092178,0.48761194944381714,0.4673808515071869,0.7371666431427002,16.17177963256836,10.910333633422852,0.042115915566682816,0.06340394169092178,24.23410987854004,16.17177963256836,10.910333633422852
scene13_traj2_2__000072,0.042183615267276764,0.06356342881917953,0.4836815893650055,0.470866858959198,0.7364831566810608,15.971808433532715,10.69880199432373,0.042183615267276764,0.06356342881917953,24.25738525390625,15.971808433532715,10.69880199432373
scene13_traj2_2__000073,0.04215918108820915,0.06348754465579987,0.4797264337539673,0.46574240922927856,0.7304831743240356,15.736172676086426,10.577109336853027,0.04215918108820915,0.06348754465579987,24.00944709777832,15.736172676086426,10.577109336853027
scene13_traj2_2__000074,0.04221887141466141,0.06373816728591919,0.47542911767959595,0.464166522026062,0.7259408235549927,15.506904602050781,10.444994926452637,0.04221887141466141,0.06373816728591919,23.852468490600586,15.506904602050781,10.444994926452637
scene13_traj2_2__000075,0.0424281507730484,0.06402521580457687,0.4758812189102173,0.4634184241294861,0.7255479097366333,15.532295227050781,10.523382186889648,0.0424281507730484,0.06402521580457687,23.83538818359375,15.532295227050781,10.523382186889648
scene13_traj2_2__000076,0.04241137206554413,0.06386908888816833,0.47387972474098206,0.46235501766204834,0.7233728766441345,15.416838645935059,10.392007827758789,0.04241137206554413,0.06386908888816833,23.734460830688477,15.416838645935059,10.392007827758789
scene13_traj2_2__000077,0.042363278567790985,0.06401706486940384,0.47347211837768555,0.4625973105430603,0.7237544655799866,15.44969367980957,10.512491226196289,0.042363278567790985,0.06401706486940384,23.761051177978516,15.44969367980957,10.512491226196289
scene13_traj2_2__000078,0.042871974408626556,0.06456882506608963,0.4724402129650116,0.45999109745025635,0.7210733294487,15.348506927490234,10.480620384216309,0.042871974408626556,0.06456882506608963,23.627389907836914,15.348506927490234,10.480620384216309
scene13_traj2_2__000079,0.04307602718472481,0.06517294049263,0.4801907539367676,0.46564891934394836,0.7314869165420532,15.821158409118652,10.77402400970459,0.04307602718472481,0.06517294049263,24.036874771118164,15.821158409118652,10.77402400970459
scene13_traj2_2__000080,0.04349735379219055,0.06588204950094223,0.4842730164527893,0.4712807238101959,0.7392219305038452,15.887115478515625,10.684783935546875,0.04349735379219055,0.06588204950094223,24.326261520385742,15.887115478515625,10.684783935546875
scene13_traj2_2__000081,0.04326556250452995,0.06550638377666473,0.4838520884513855,0.470563679933548,0.7380329370498657,15.849507331848145,10.663366317749023,0.04326556250452995,0.06550638377666473,24.277793884277344,15.849507331848145,10.663366317749023
scene13_traj2_2__000082,0.04300094023346901,0.06512913852930069,0.4769594371318817,0.46556586027145386,0.7286922931671143,15.404582023620605,10.248939514160156,0.04300094023346901,0.06512913852930069,23.961151123046875,15.404582023620605,10.248939514160156
scene13_traj2_2__000083,0.04203571379184723,0.06364820897579193,0.47795185446739197,0.4640507102012634,0.7280387878417969,15.30583381652832,10.185873985290527,0.04203571379184723,0.06364820897579193,23.946208953857422,15.30583381652832,10.185873985290527
scene13_traj2_2__000084,0.040949497371912,0.06204943358898163,0.47153332829475403,0.4592150151729584,0.7192583680152893,14.954024314880371,9.894279479980469,0.040949497371912,0.06204943358898163,23.626934051513672,14.954024314880371,9.894279479980469
scene13_traj2_2__000085,0.040661610662937164,0.061622049659490585,0.47774672508239746,0.460517942905426,0.7246101498603821,15.009225845336914,9.87948989868164,0.040661610662937164,0.061622049659490585,23.847009658813477,15.009225845336914,9.87948989868164
scene13_traj2_2__000086,0.04047202318906784,0.06160685420036316,0.4729197323322296,0.4598137438297272,0.720713198184967,14.877477645874023,9.789848327636719,0.04047202318906784,0.06160685420036316,23.683931350708008,14.877477645874023,9.789848327636719
scene13_traj2_2__000087,0.040630731731653214,0.06206061691045761,0.47550490498542786,0.45805996656417847,0.7207490801811218,14.719624519348145,9.629129409790039,0.040630731731653214,0.06206061691045761,23.708568572998047,14.719624519348145,9.629129409790039
scene13_traj2_2__000088,0.0405021496117115,0.06186399981379509,0.4733547568321228,0.4563446342945099,0.7175530195236206,14.63315486907959,9.559340476989746,0.0405021496117115,0.06186399981379509,23.58514404296875,14.63315486907959,9.559340476989746
scene13_traj2_2__000089,0.040553946048021317,0.06218428909778595,0.47243109345436096,0.45429226756095886,0.7152872681617737,14.44798469543457,9.416909217834473,0.040553946048021317,0.06218428909778595,23.52016258239746,14.44798469543457,9.416909217834473
scene13_traj2_2__000090,0.040714118629693985,0.06224707141518593,0.47159188985824585,0.4536164104938507,0.7146973013877869,14.419676780700684,9.386783599853516,0.040714118629693985,0.06224707141518593,23.510271072387695,14.419676780700684,9.386783599853516
scene13_traj2_2__000091,0.040632858872413635,0.06219323351979256,0.47004735469818115,0.4528424143791199,0.7127376794815063,14.372808456420898,9.367501258850098,0.040632858872413635,0.06219323351979256,23.427703857421875,14.372808456420898,9.367501258850098
scene13_traj2_2__000092,0.04057086631655693,0.06205432116985321,0.468145489692688,0.4506228268146515,0.7092719674110413,14.253213882446289,9.32287311553955,0.04057086631655693,0.06205432116985321,23.295066833496094,14.253213882446289,9.32287311553955
scene13_traj2_2__000093,0.04084034264087677,0.062304895371198654,0.46704763174057007,0.45309776067733765,0.7098531126976013,14.345148086547852,9.37087345123291,0.04084034264087677,0.062304895371198654,23.355005264282227,14.345148086547852,9.37087345123291
scene13_traj2_2__000094,0.04075566306710243,0.062217529863119125,0.46557506918907166,0.44935542345046997,0.7061689496040344,14.169638633728027,9.317911148071289,0.04075566306710243,0.062217529863119125,23.207324981689453,14.169638633728027,9.317911148071289
scene13_traj2_2__000095,0.040894731879234314,0.062286846339702606,0.46511366963386536,0.44683223962783813,0.7034997940063477,14.040060043334961,9.151095390319824,0.040894731879234314,0.062286846339702606,23.116073608398438,14.040060043334961,9.151095390319824
scene13_traj2_2__000096,0.04078889265656471,0.06210184842348099,0.4632358253002167,0.4453051686286926,0.7010183334350586,13.922404289245605,9.076147079467773,0.04078889265656471,0.06210184842348099,23.00790023803711,13.922404289245605,9.076147079467773
scene13_traj2_2__000097,0.04102538153529167,0.06279049068689346,0.4664481580257416,0.44907066226005554,0.7067248821258545,14.088566780090332,9.164228439331055,0.04102538153529167,0.06279049068689346,23.230690002441406,14.088566780090332,9.164228439331055
scene13_traj2_2__000098,0.04174654558300972,0.06493976712226868,0.4677451252937317,0.44887080788612366,0.7078109383583069,14.030332565307617,9.03289794921875,0.04174654558300972,0.06493976712226868,23.249738693237305,14.030332565307617,9.03289794921875
scene13_traj2_2__000099,0.04222548007965088,0.06650664657354355,0.47387266159057617,0.45473146438598633,0.717831552028656,14.201828002929688,9.11028003692627,0.04222548007965088,0.06650664657354355,23.597129821777344,14.201828002929688,9.11028003692627
scene13_traj2_2__000100,0.04214954748749733,0.06682556122541428,0.47397705912590027,0.4553486704826355,0.7182943224906921,14.121508598327637,8.963251113891602,0.04214954748749733,0.06682556122541428,23.607667922973633,14.121508598327637,8.963251113891602
scene13_traj2_2__000101,0.04256574809551239,0.06771571189165115,0.4749346673488617,0.4562912881374359,0.7198337316513062,14.23660659790039,9.058988571166992,0.04256574809551239,0.06771571189165115,23.659822463989258,14.23660659790039,9.058988571166992
scene13_traj2_2__000102,0.042387574911117554,0.06735280901193619,0.476197749376297,0.4551073908805847,0.7199952006340027,14.274605751037598,9.103171348571777,0.042387574911117554,0.06735280901193619,23.6662654876709,14.274605751037598,9.103171348571777
scene13_traj2_2__000103,0.04284420236945152,0.06778422743082047,0.47746261954307556,0.4586164057254791,0.723260223865509,14.394329071044922,9.1722412109375,0.04284420236945152,0.06778422743082047,23.779788970947266,14.394329071044922,9.1722412109375
scene13_traj2_2__000104,0.04306779429316521,0.06739125400781631,0.47839465737342834,0.45834124088287354,0.7236153483390808,14.63507080078125,9.52524185180664,0.04306779429316521,0.06739125400781631,23.79255485534668,14.63507080078125,9.52524185180664
scene13_traj2_2__000105,0.04268712177872658,0.06626913696527481,0.47325554490089417,0.4523589611053467,0.714928150177002,14.636953353881836,9.63309097290039,0.04268712177872658,0.06626913696527481,23.47243881225586,14.636953353881836,9.63309097290039
scene13_traj2_2__000106,0.04284146800637245,0.06635124981403351,0.4736514985561371,0.4555191099643707,0.7180354595184326,14.685462951660156,9.659759521484375,0.04284146800637245,0.06635124981403351,23.597265243530273,14.685462951660156,9.659759521484375
scene13_traj2_2__000107,0.04307775944471359,0.06660040467977524,0.4711463749408722,0.45380261540412903,0.7145041227340698,14.5195951461792,9.46695613861084,0.04307775944471359,0.06660040467977524,23.482633590698242,14.5195951461792,9.46695613861084
scene13_traj2_2__000108,0.042639099061489105,0.06499055027961731,0.468292236328125,0.45173758268356323,0.7099115252494812,14.604124069213867,9.708306312561035,0.042639099061489105,0.06499055027961731,23.35219955444336,14.604124069213867,9.708306312561035
scene13_traj2_2__000109,0.04275442659854889,0.06546442955732346,0.46519529819488525,0.4508684277534485,0.7074040174484253,14.438057899475098,9.535431861877441,0.04275442659854889,0.06546442955732346,23.26059913635254,14.438057899475098,9.535431861877441
scene13_traj2_2__000110,0.04309437423944473,0.06587991118431091,0.46535903215408325,0.4513593316078186,0.7071978449821472,14.442887306213379,9.532739639282227,0.04309437423944473,0.06587991118431091,23.24418067932129,14.442887306213379,9.532739639282227
scene13_traj2_2__000111,0.043455202132463455,0.06657633930444717,0.46368515491485596,0.44991329312324524,0.7051466703414917,14.369455337524414,9.473825454711914,0.043455202132463455,0.06657633930444717,23.18415641784668,14.369455337524414,9.473825454711914
scene13_traj2_2__000112,0.043596383184194565,0.06713329255580902,0.4673565626144409,0.45237061381340027,0.7100743651390076,14.482222557067871,9.566465377807617,0.043596383184194565,0.06713329255580902,23.324859619140625,14.482222557067871,9.566465377807617
scene13_traj2_2__000113,0.044588878750801086,0.06959947198629379,0.47247210144996643,0.4590451121330261,0.7192279696464539,14.62686824798584,9.561151504516602,0.044588878750801086,0.06959947198629379,23.64617347717285,14.62686824798584,9.561151504516602
scene13_traj2_2__000114,0.045022428035736084,0.07082865387201309,0.4772757887840271,0.46236637234687805,0.725248396396637,14.72737979888916,9.60217571258545,0.045022428035736084,0.07082865387201309,23.841964721679688,14.72737979888916,9.60217571258545
scene13_traj2_2__000115,0.045582111924886703,0.07239464670419693,0.4752529263496399,0.46154648065567017,0.7230507731437683,14.707345962524414,9.597579956054688,0.045582111924886703,0.07239464670419693,23.764760971069336,14.707345962524414,9.597579956054688
scene13_traj2_2__000116,0.04575427994132042,0.07251005619764328,0.47590047121047974,0.46469467878341675,0.7259220480918884,14.793423652648926,9.688361167907715,0.04575427994132042,0.07251005619764328,23.85281753540039,14.793423652648926,9.688361167907715
scene13_traj2_2__000117,0.04561394080519676,0.07115333527326584,0.4643534719944,0.45344218611717224,0.7074764966964722,14.314420700073242,9.508203506469727,0.04561394080519676,0.07115333527326584,23.217527389526367,14.314420700073242,9.508203506469727
scene13_traj2_2__000118,0.04489350691437721,0.06903952360153198,0.46478334069252014,0.4472426474094391,0.7031171321868896,14.346145629882812,9.535898208618164,0.04489350691437721,0.06903952360153198,23.097633361816406,14.346145629882812,9.535898208618164
scene13_traj2_2__000119,0.04371580109000206,0.06657682359218597,0.46179673075675964,0.4449042081832886,0.6987748146057129,14.215710639953613,9.485565185546875,0.04371580109000206,0.06657682359218597,22.954402923583984,14.215710639953613,9.485565185546875
scene13_traj2_2__000120,0.04370611533522606,0.06659577786922455,0.4586820900440216,0.44288575649261475,0.6951665878295898,14.080536842346191,9.42241382598877,0.04370611533522606,0.06659577786922455,22.822904586791992,14.080536842346191,9.42241382598877
scene13_traj2_2__000121,0.04303886741399765,0.06505392491817474,0.4572834074497223,0.43887466192245483,0.6903166174888611,14.048656463623047,9.433585166931152,0.04303886741399765,0.06505392491817474,22.664857864379883,14.048656463623047,9.433585166931152
scene13_traj2_2__000122,0.042880818247795105,0.06429767608642578,0.4644268751144409,0.45130783319473267,0.704935610294342,14.59544563293457,9.61104679107666,0.042880818247795105,0.06429767608642578,23.22462272644043,14.59544563293457,9.61104679107666
scene13_traj2_2__000123,0.042256876826286316,0.06310520321130753,0.46845632791519165,0.4596215784549713,0.7143231630325317,14.829875946044922,9.707140922546387,0.042256876826286316,0.06310520321130753,23.5506649017334,14.829875946044922,9.707140922546387
scene13_traj2_2__000124,0.04153930023312569,0.06255929917097092,0.4735880494117737,0.4590736925601959,0.7186381220817566,14.759391784667969,9.645076751708984,0.04153930023312569,0.06255929917097092,23.700937271118164,14.759391784667969,9.645076751708984
scene13_traj2_2__000125,0.041753172874450684,0.0630376935005188,0.47319138050079346,0.4552767276763916,0.7162600159645081,14.808159828186035,9.768115997314453,0.041753172874450684,0.0630376935005188,23.60590171813965,14.808159828186035,9.768115997314453
scene13_traj2_2__000126,0.04108082503080368,0.06235572323203087,0.47369030117988586,0.4595583975315094,0.7201613783836365,14.677555084228516,9.586831092834473,0.04108082503080368,0.06235572323203087,23.727998733520508,14.677555084228516,9.586831092834473
scene13_traj2_2__000127,0.04029137268662453,0.06118747219443321,0.47093382477760315,0.4542157053947449,0.7143309116363525,14.480712890625,9.483887672424316,0.04029137268662453,0.06118747219443321,23.452281951904297,14.480712890625,9.483887672424316
scene13_traj2_2__000128,0.039977241307497025,0.06065705418586731,0.4740394055843353,0.4577464461326599,0.7199251055717468,14.608796119689941,9.577539443969727,0.039977241307497025,0.06065705418586731,23.642900466918945,14.608796119689941,9.577539443969727
scene13_traj2_2__000129,0.03933221474289894,0.05952204018831253,0.4754871129989624,0.4628894627094269,0.7248315811157227,14.699522972106934,9.642114639282227,0.03933221474289894,0.05952204018831253,23.81430435180664,14.699522972106934,9.642114639282227
scene13_traj2_2__000130,0.039370134472846985,0.05962984263896942,0.4766605794429779,0.4602307379245758,0.7238667607307434,14.750221252441406,9.741427421569824,0.039370134472846985,0.05962984263896942,23.78196144104004,14.750221252441406,9.741427421569824
scene13_traj2_2__000131,0.03950943052768707,0.059873178601264954,0.47721898555755615,0.46428629755973816,0.7276416420936584,14.989487648010254,9.861412048339844,0.03950943052768707,0.059873178601264954,23.89373207092285,14.989487648010254,9.861412048339844
scene13_traj2_2__000132,0.04000577703118324,0.060797110199928284,0.4831792116165161,0.4680853486061096,0.7356659770011902,15.354877471923828,10.083355903625488,0.04000577703118324,0.060797110199928284,24.184659957885742,15.354877471923828,10.083355903625488
scene13_traj2_2__000133,0.040135372430086136,0.06084311380982399,0.4895460307598114,0.47365695238113403,0.7454237937927246,15.762443542480469,10.396749496459961,0.040135372430086136,0.06084311380982399,24.502317428588867,15.762443542480469,10.396749496459961
scene13_traj2_2__000134,0.0402960404753685,0.06105589121580124,0.49148574471473694,0.4770818054676056,0.7497056126594543,15.989288330078125,10.489864349365234,0.0402960404753685,0.06105589121580124,24.662389755249023,15.989288330078125,10.489864349365234
scene13_traj2_2__000135,0.040139298886060715,0.06084704026579857,0.49342086911201477,0.47721031308174133,0.75124591588974,16.05199432373047,10.584128379821777,0.040139298886060715,0.06084704026579857,24.714406967163086,16.05199432373047,10.584128379821777
scene13_traj2_2__000136,0.03982217609882355,0.060638751834630966,0.49438178539276123,0.47848406434059143,0.753657877445221,16.04227066040039,10.437254905700684,0.03982217609882355,0.060638751834630966,24.792619705200195,16.04227066040039,10.437254905700684
scene13_traj2_2__000137,0.0399668850004673,0.060807667672634125,0.497362345457077,0.4794381558895111,0.7559278607368469,16.08281898498535,10.466721534729004,0.0399668850004673,0.060807667672634125,24.890316009521484,16.08281898498535,10.466721534729004
scene13_traj2_2__000138,0.0403393991291523,0.061699748039245605,0.49483928084373474,0.4779379367828369,0.7529246211051941,15.997654914855957,10.475653648376465,0.0403393991291523,0.061699748039245605,24.764442443847656,15.997654914855957,10.475653648376465
scene13_traj2_2__000139,0.04043268784880638,0.061824701726436615,0.49274176359176636,0.4737325608730316,0.7479212880134583,15.809940338134766,10.338683128356934,0.04043268784880638,0.061824701726436615,24.58673667907715,15.809940338134766,10.338683128356934
scene13_traj2_2__000140,0.040124353021383286,0.06128774583339691,0.493967741727829,0.47319525480270386,0.7483267784118652,15.784248352050781,10.331796646118164,0.040124353021383286,0.06128774583339691,24.593355178833008,15.784248352050781,10.331796646118164
scene13_traj2_2__000141,0.03974249213933945,0.06047133728861809,0.49119043350219727,0.47199204564094543,0.7455296516418457,15.72890853881836,10.297629356384277,0.03974249213933945,0.06047133728861809,24.508045196533203,15.72890853881836,10.297629356384277
scene14_traj1_1__000000,0.105439692735672,0.16453564167022705,0.5621547698974609,0.44863682985305786,0.7908374667167664,20.97400665283203,18.648569107055664,0.105439692735672,0.16453564167022705,25.935243606567383,20.97400665283203,18.648569107055664
scene14_traj1_1__000001,0.10697396099567413,0.1652691662311554,0.5622121095657349,0.4571772813796997,0.7962281703948975,21.280475616455078,18.93519401550293,0.10697396099567413,0.1652691662311554,26.158803939819336,21.280475616455078,18.93519401550293
scene14_traj1_1__000002,0.10682020336389542,0.1654665768146515,0.5623481273651123,0.45155078172683716,0.792898952960968,21.154338836669922,18.864826202392578,0.10682020336389542,0.1654665768146515,26.024805068969727,21.154338836669922,18.864826202392578
scene14_traj1_1__000003,0.10625223815441132,0.16524453461170197,0.5606923699378967,0.4486265182495117,0.7887822389602661,20.981019973754883,18.68393325805664,0.10625223815441132,0.16524453461170197,25.87630271911621,20.981019973754883,18.68393325805664
scene14_traj1_1__000004,0.10586824268102646,0.16456955671310425,0.569048285484314,0.45248135924339294,0.8002358675003052,21.434232711791992,19.134532928466797,0.10586824268102646,0.16456955671310425,26.28487205505371,21.434232711791992,19.134532928466797
scene14_traj1_1__000005,0.10693884640932083,0.1648014783859253,0.5686505436897278,0.4570558965206146,0.8020294904708862,21.57893180847168,19.176799774169922,0.10693884640932083,0.1648014783859253,26.375308990478516,21.57893180847168,19.176799774169922
scene14_traj1_1__000006,0.10642146319150925,0.16469621658325195,0.5616090893745422,0.45195314288139343,0.7912048697471619,21.153915405273438,18.791820526123047,0.10642146319150925,0.16469621658325195,25.97356605529785,21.153915405273438,18.791820526123047
scene14_traj1_1__000007,0.10621777921915054,0.16455888748168945,0.5650391578674316,0.4466922879219055,0.7913751602172852,21.213878631591797,18.922321319580078,0.10621777921915054,0.16455888748168945,25.97004508972168,21.213878631591797,18.922321319580078
scene14_traj1_1__000008,0.10622210055589676,0.16435128450393677,0.5700867176055908,0.4496840536594391,0.7981512546539307,21.455873489379883,19.143930435180664,0.10622210055589676,0.16435128450393677,26.187265396118164,21.455873489379883,19.143930435180664
scene14_traj1_1__000009,0.1085631400346756,0.16581064462661743,0.5681527853012085,0.45794329047203064,0.8011621236801147,21.614545822143555,19.24178123474121,0.1085631400346756,0.16581064462661743,26.320037841796875,21.614545822143555,19.24178123474121
scene14_traj1_1__000010,0.10654234886169434,0.16433119773864746,0.5710816383361816,0.4505699574947357,0.7993190288543701,21.573823928833008,19.340843200683594,0.10654234886169434,0.16433119773864746,26.244766235351562,21.573823928833008,19.340843200683594
scene14_traj1_1__000011,0.1056239977478981,0.16376511752605438,0.5704869031906128,0.4446547031402588,0.7952030301094055,21.46230697631836,19.28439712524414,0.1056239977478981,0.16376511752605438,26.07202911376953,21.46230697631836,19.28439712524414
scene14_traj1_1__000012,0.10479665547609329,0.16211578249931335,0.5725646018981934,0.4491884708404541,0.800730288028717,21.713218688964844,19.487058639526367,0.10479665547609329,0.16211578249931335,26.29891586303711,21.713218688964844,19.487058639526367
scene14_traj1_1__000013,0.10734757781028748,0.16455096006393433,0.5648545026779175,0.4558849036693573,0.7970148921012878,21.425201416015625,19.004953384399414,0.10734757781028748,0.16455096006393433,26.181331634521484,21.425201416015625,19.004953384399414
scene14_traj1_1__000014,0.10566538572311401,0.16345921158790588,0.5691421031951904,0.44449204206466675,0.793714702129364,21.463768005371094,19.29986572265625,0.10566538572311401,0.16345921158790588,26.03006362915039,21.463768005371094,19.29986572265625
scene14_traj1_1__000015,0.10408270359039307,0.16163915395736694,0.5650192499160767,0.442655473947525,0.7891169190406799,21.14999008178711,18.89266586303711,0.10408270359039307,0.16163915395736694,25.877246856689453,21.14999008178711,18.89266586303711
scene14_traj1_1__000016,0.1051170825958252,0.16145451366901398,0.5626156330108643,0.45141470432281494,0.7932406663894653,21.211362838745117,18.773080825805664,0.1051170825958252,0.16145451366901398,26.045408248901367,21.211362838745117,18.773080825805664
scene14_traj1_1__000017,0.10525704175233841,0.16206231713294983,0.5633592009544373,0.45286762714385986,0.7938845753669739,21.345895767211914,18.973581314086914,0.10525704175233841,0.16206231713294983,26.068517684936523,21.345895767211914,18.973581314086914
scene14_traj1_1__000018,0.10359523445367813,0.16083431243896484,0.5671603083610535,0.4467288851737976,0.7933259606361389,21.371845245361328,19.151269912719727,0.10359523445367813,0.16083431243896484,26.042421340942383,21.371845245361328,19.151269912719727
scene14_traj1_1__000019,0.10431864112615585,0.16136397421360016,0.567096471786499,0.4486197233200073,0.7949556112289429,21.4245548248291,19.144147872924805,0.10431864112615585,0.16136397421360016,26.096202850341797,21.4245548248291,19.144147872924805
scene14_traj1_1__000020,0.10415630787611008,0.16030225157737732,0.5638670921325684,0.455625057220459,0.7968382239341736,21.521867752075195,19.108943939208984,0.10415630787611008,0.16030225157737732,26.184707641601562,21.521867752075195,19.108943939208984
scene14_traj1_1__000021,0.10472489893436432,0.1613323837518692,0.5682085752487183,0.45215263962745667,0.7981747388839722,21.66165542602539,19.43292999267578,0.10472489893436432,0.1613323837518692,26.227598190307617,21.66165542602539,19.43292999267578
scene14_traj1_1__000022,0.10357726365327835,0.1604209840297699,0.5678240656852722,0.4515042304992676,0.7975481748580933,21.54854393005371,19.315744400024414,0.10357726365327835,0.1604209840297699,26.191770553588867,21.54854393005371,19.315744400024414
scene14_traj1_1__000023,0.10275905579328537,0.15921185910701752,0.5658583641052246,0.4499865472316742,0.7951377034187317,21.373687744140625,19.064584732055664,0.10275905579328537,0.15921185910701752,26.090805053710938,21.373687744140625,19.064584732055664
scene14_traj1_1__000024,0.10281152278184891,0.15866003930568695,0.5665293335914612,0.45548948645591736,0.800178587436676,21.61556625366211,19.256629943847656,0.10281152278184891,0.15866003930568695,26.28721046447754,21.61556625366211,19.256629943847656
scene14_traj1_1__000025,0.1039542406797409,0.15971294045448303,0.563241183757782,0.4600383937358856,0.798698365688324,21.422468185424805,18.911405563354492,0.1039542406797409,0.15971294045448303,26.25966453552246,21.422468185424805,18.911405563354492
scene14_traj1_1__000026,0.1024344265460968,0.15859776735305786,0.5677704811096191,0.45501378178596497,0.7996372580528259,21.539884567260742,19.119626998901367,0.1024344265460968,0.15859776735305786,26.28500747680664,21.539884567260742,19.119626998901367
scene14_traj1_1__000027,0.10114046931266785,0.15736645460128784,0.5704450011253357,0.45245257019996643,0.800632894039154,21.662199020385742,19.349750518798828,0.10114046931266785,0.15736645460128784,26.289424896240234,21.662199020385742,19.349750518798828
scene14_traj1_1__000028,0.10080955177545547,0.15592923760414124,0.566146969795227,0.4570186138153076,0.7998849153518677,21.54294204711914,19.11393928527832,0.10080955177545547,0.15592923760414124,26.310272216796875,21.54294204711914,19.11393928527832
scene14_traj1_1__000029,0.1020234078168869,0.1566065549850464,0.5659244656562805,0.4629887342453003,0.8036559224128723,21.676467895507812,19.09192657470703,0.1020234078168869,0.1566065549850464,26.45920181274414,21.676467895507812,19.09192657470703
scene14_traj1_1__000030,0.10149224102497101,0.15682344138622284,0.5701323747634888,0.45963919162750244,0.8045202493667603,21.771394729614258,19.311208724975586,0.10149224102497101,0.15682344138622284,26.472890853881836,21.771394729614258,19.311208724975586
scene14_traj1_1__000031,0.10058597475290298,0.15633836388587952,0.5621955990791321,0.45747148990631104,0.795721709728241,21.27379608154297,18.71034049987793,0.10058597475290298,0.15633836388587952,26.151809692382812,21.27379608154297,18.71034049987793
scene14_traj1_1__000032,0.09985215216875076,0.1557646542787552,0.5670545101165771,0.4559541940689087,0.8000463247299194,21.47788429260254,18.992889404296875,0.09985215216875076,0.1557646542787552,26.29952049255371,21.47788429260254,18.992889404296875
scene14_traj1_1__000033,0.09990160167217255,0.15494510531425476,0.5678861141204834,0.46178188920021057,0.8051535487174988,21.63599967956543,19.099788665771484,0.09990160167217255,0.15494510531425476,26.50872802734375,21.63599967956543,19.099788665771484
scene14_traj1_1__000034,0.10212016850709915,0.15791016817092896,0.5648226737976074,0.4714440703392029,0.8093569874763489,21.61846351623535,18.887264251708984,0.10212016850709915,0.15791016817092896,26.66086196899414,21.61846351623535,18.887264251708984
scene14_traj1_1__000035,0.10177192091941833,0.1586688607931137,0.5660660266876221,0.4677383303642273,0.8074367642402649,21.576467514038086,18.946958541870117,0.10177192091941833,0.1586688607931137,26.550390243530273,21.576467514038086,18.946958541870117
scene14_traj1_1__000036,0.1012304425239563,0.15878386795520782,0.5657506585121155,0.46521762013435364,0.8056706786155701,21.42020034790039,18.73332977294922,0.1012304425239563,0.15878386795520782,26.504981994628906,21.42020034790039,18.73332977294922
scene14_traj1_1__000037,0.10011134296655655,0.15741460025310516,0.5670214295387268,0.4645996689796448,0.8066898584365845,21.568090438842773,18.975135803222656,0.10011134296655655,0.15741460025310516,26.52581024169922,21.568090438842773,18.975135803222656
scene14_traj1_1__000038,0.10289720445871353,0.1599559187889099,0.5708821415901184,0.4807712435722351,0.8205020427703857,22.053945541381836,19.20439910888672,0.10289720445871353,0.1599559187889099,27.017606735229492,22.053945541381836,19.20439910888672
scene14_traj1_1__000039,0.10179562866687775,0.15931853652000427,0.5710020661354065,0.4742443859577179,0.8165554404258728,21.909809112548828,19.183069229125977,0.10179562866687775,0.15931853652000427,26.865680694580078,21.909809112548828,19.183069229125977
scene14_traj1_1__000040,0.10072829574346542,0.15838539600372314,0.569206178188324,0.4721923768520355,0.8135329484939575,21.785993576049805,19.1383056640625,0.10072829574346542,0.15838539600372314,26.753009796142578,21.785993576049805,19.1383056640625
scene14_traj1_1__000041,0.09903999418020248,0.1560041457414627,0.5759478211402893,0.47252342104911804,0.8210633993148804,22.155702590942383,19.6119327545166,0.09903999418020248,0.1560041457414627,27.01693344116211,22.155702590942383,19.6119327545166
scene14_traj1_1__000042,0.10131995379924774,0.15790285170078278,0.5685108304023743,0.4819834530353546,0.8190914392471313,21.9652042388916,19.14857292175293,0.10131995379924774,0.15790285170078278,26.987062454223633,21.9652042388916,19.14857292175293
scene14_traj1_1__000043,0.09794966131448746,0.15416674315929413,0.5735101699829102,0.4760395288467407,0.8198321461677551,22.128173828125,19.47909164428711,0.09794966131448746,0.15416674315929413,26.9962215423584,22.128173828125,19.47909164428711
scene14_traj1_1__000044,0.0972658321261406,0.15344521403312683,0.5762803554534912,0.47409382462501526,0.8208738565444946,22.19480323791504,19.555679321289062,0.0972658321261406,0.15344521403312683,27.027013778686523,22.19480323791504,19.555679321289062
scene14_traj1_1__000045,0.09774504601955414,0.1526138037443161,0.5696130394935608,0.4868626296520233,0.8247724771499634,22.241960525512695,19.369401931762695,0.09774504601955414,0.1526138037443161,27.233455657958984,22.241960525512695,19.369401931762695
scene14_traj1_1__000046,0.09853771328926086,0.1545078009366989,0.5704039931297302,0.4820118248462677,0.8217756748199463,22.168617248535156,19.400745391845703,0.09853771328926086,0.1545078009366989,27.10445213317871,22.168617248535156,19.400745391845703
scene14_traj1_1__000047,0.09685315936803818,0.15270407497882843,0.5724844336509705,0.47719982266426086,0.82029128074646,22.1358699798584,19.41240692138672,0.09685315936803818,0.15270407497882843,27.018795013427734,22.1358699798584,19.41240692138672
scene14_traj1_1__000048,0.09663178026676178,0.15148842334747314,0.5675696730613708,0.4835866093635559,0.8209133744239807,22.08668327331543,19.27505111694336,0.09663178026676178,0.15148842334747314,27.10282325744629,22.08668327331543,19.27505111694336
scene14_traj1_1__000049,0.09884551167488098,0.15408240258693695,0.571668803691864,0.4868604838848114,0.825249969959259,22.233749389648438,19.390033721923828,0.09884551167488098,0.15408240258693695,27.218982696533203,22.233749389648438,19.390033721923828
scene14_traj1_1__000050,0.09603001177310944,0.15130417048931122,0.5752460360527039,0.47848689556121826,0.8232656717300415,22.217456817626953,19.463401794433594,0.09603001177310944,0.15130417048931122,27.12196922302246,22.217456817626953,19.463401794433594
scene14_traj1_1__000051,0.0951174646615982,0.14965303242206573,0.5705617070198059,0.48198649287223816,0.822104275226593,22.158655166625977,19.36025047302246,0.0951174646615982,0.14965303242206573,27.108999252319336,22.158655166625977,19.36025047302246
scene14_traj1_1__000052,0.0952979102730751,0.1486874520778656,0.5681634545326233,0.4885001480579376,0.8241990208625793,22.16203498840332,19.235830307006836,0.0952979102730751,0.1486874520778656,27.21228790283203,22.16203498840332,19.235830307006836
scene14_traj1_1__000053,0.0956503301858902,0.14980025589466095,0.5685888528823853,0.4829200208187103,0.8209526538848877,22.081682205200195,19.265472412109375,0.0956503301858902,0.14980025589466095,27.03820037841797,22.081682205200195,19.265472412109375
scene14_traj1_1__000054,0.09467855095863342,0.14880648255348206,0.5706102848052979,0.48012393712997437,0.8203498125076294,22.07022476196289,19.26677131652832,0.09467855095863342,0.14880648255348206,27.028024673461914,22.07022476196289,19.26677131652832
scene14_traj1_1__000055,0.09395201504230499,0.14755654335021973,0.5706049203872681,0.48692935705184937,0.8258793950080872,22.231271743774414,19.380475997924805,0.09395201504230499,0.14755654335021973,27.248010635375977,22.231271743774414,19.380475997924805
scene14_traj1_1__000056,0.09660037606954575,0.1504228711128235,0.5655970573425293,0.4919184744358063,0.823572039604187,22.15241050720215,19.2082576751709,0.09660037606954575,0.1504228711128235,27.184581756591797,22.15241050720215,19.2082576751709
scene14_traj1_1__000057,0.09466280788183212,0.14845231175422668,0.5702316761016846,0.4837803840637207,0.8229500651359558,22.23489761352539,19.39111328125,0.09466280788183212,0.14845231175422668,27.13358497619629,22.23489761352539,19.39111328125
scene14_traj1_1__000058,0.09337064623832703,0.14691437780857086,0.5694344639778137,0.4857088029384613,0.8238480687141418,22.27655601501465,19.477937698364258,0.09337064623832703,0.14691437780857086,27.188785552978516,22.27655601501465,19.477937698364258
scene14_traj1_1__000059,0.09434923529624939,0.1470421850681305,0.5647574067115784,0.4916553795337677,0.8233113288879395,22.12008285522461,19.099624633789062,0.09434923529624939,0.1470421850681305,27.18830680847168,22.12008285522461,19.099624633789062
scene14_traj1_1__000060,0.09342703968286514,0.14644549787044525,0.5728864669799805,0.48598116636276245,0.8267971277236938,22.360292434692383,19.594406127929688,0.09342703968286514,0.14644549787044525,27.271564483642578,22.360292434692383,19.594406127929688
scene14_traj1_1__000061,0.09227599203586578,0.14412803947925568,0.5672996640205383,0.4908182919025421,0.825395941734314,22.300670623779297,19.292762756347656,0.09227599203586578,0.14412803947925568,27.291526794433594,22.300670623779297,19.292762756347656
scene14_traj1_1__000062,0.09404391795396805,0.14619813859462738,0.5651160478591919,0.48988601565361023,0.8211700320243835,22.070899963378906,18.923494338989258,0.09404391795396805,0.14619813859462738,27.104103088378906,22.070899963378906,18.923494338989258
scene14_traj1_1__000063,0.09151237457990646,0.14332497119903564,0.5615902543067932,0.4787776470184326,0.812110960483551,21.726604461669922,18.74622344970703,0.09151237457990646,0.14332497119903564,26.76207733154297,21.726604461669922,18.74622344970703
scene14_traj1_1__000064,0.09013117104768753,0.1407400220632553,0.5660032033920288,0.4875923693180084,0.8223890066146851,22.22536849975586,19.349576950073242,0.09013117104768753,0.1407400220632553,27.173158645629883,22.22536849975586,19.349576950073242
scene14_traj1_1__000065,0.09281039983034134,0.14310145378112793,0.5656666159629822,0.4902576506137848,0.8226394057273865,22.228031158447266,19.21760368347168,0.09281039983034134,0.14310145378112793,27.173383712768555,22.228031158447266,19.21760368347168
scene14_traj1_1__000066,0.09102259576320648,0.14175103604793549,0.5598192811012268,0.4856245517730713,0.8142418265342712,21.78849220275879,18.758474349975586,0.09102259576320648,0.14175103604793549,26.873445510864258,21.78849220275879,18.758474349975586
scene14_traj1_1__000067,0.08958163857460022,0.13999485969543457,0.5649644732475281,0.48353099822998047,0.8182931542396545,22.008092880249023,19.062700271606445,0.08958163857460022,0.13999485969543457,27.001728057861328,22.008092880249023,19.062700271606445
scene14_traj1_1__000068,0.09056518226861954,0.14019964635372162,0.5592728853225708,0.48770368099212646,0.815718412399292,21.909692764282227,18.849929809570312,0.09056518226861954,0.14019964635372162,26.948713302612305,21.909692764282227,18.849929809570312
scene14_traj1_1__000069,0.09086372703313828,0.14073942601680756,0.557091474533081,0.4844132959842682,0.8108550310134888,21.747323989868164,18.71857452392578,0.09086372703313828,0.14073942601680756,26.759611129760742,21.747323989868164,18.71857452392578
scene14_traj1_1__000070,0.08868012577295303,0.13829298317432404,0.5638208985328674,0.4768754839897156,0.8122915029525757,21.901220321655273,19.0808162689209,0.08868012577295303,0.13829298317432404,26.7620849609375,21.901220321655273,19.0808162689209
scene14_traj1_1__000071,0.08647183328866959,0.13425862789154053,0.5583899617195129,0.48110485076904297,0.8111006617546082,21.810678482055664,18.860721588134766,0.08647183328866959,0.13425862789154053,26.74622344970703,21.810678482055664,18.860721588134766
scene14_traj1_1__000072,0.08785039186477661,0.13529500365257263,0.5530481934547424,0.48806196451187134,0.8098400235176086,21.654558181762695,18.511146545410156,0.08785039186477661,0.13529500365257263,26.737972259521484,21.654558181762695,18.511146545410156
scene14_traj1_1__000073,0.08653304725885391,0.13399478793144226,0.5588358640670776,0.4814904034137726,0.811648964881897,21.84737205505371,18.897546768188477,0.08653304725885391,0.13399478793144226,26.774782180786133,21.84737205505371,18.897546768188477
scene14_traj1_1__000074,0.08532930910587311,0.1325528919696808,0.5650032758712769,0.4861869215965271,0.8199358582496643,22.172073364257812,19.197343826293945,0.08532930910587311,0.1325528919696808,27.065950393676758,22.172073364257812,19.197343826293945
scene14_traj1_1__000075,0.08392373472452164,0.12981942296028137,0.5617077350616455,0.48892802000045776,0.8190792798995972,22.20552635192871,19.203439712524414,0.08392373472452164,0.12981942296028137,27.072113037109375,22.20552635192871,19.203439712524414
scene14_traj1_1__000076,0.08634860068559647,0.13271506130695343,0.5622832179069519,0.48967838287353516,0.8192665576934814,22.208328247070312,19.18201446533203,0.08634860068559647,0.13271506130695343,27.040008544921875,22.208328247070312,19.18201446533203
scene14_traj1_1__000077,0.08477029204368591,0.13115859031677246,0.5634704232215881,0.48484039306640625,0.8176171779632568,22.115907669067383,19.10675811767578,0.08477029204368591,0.13115859031677246,26.975934982299805,22.115907669067383,19.10675811767578
scene14_traj1_1__000078,0.08247778564691544,0.12739886343479156,0.5611289143562317,0.48498257994651794,0.8159546852111816,22.13149070739746,19.092966079711914,0.08247778564691544,0.12739886343479156,26.939233779907227,22.13149070739746,19.092966079711914
scene14_traj1_1__000079,0.08355476707220078,0.1275317370891571,0.5607960820198059,0.4961515963077545,0.8231340646743774,22.34442901611328,19.183732986450195,0.08355476707220078,0.1275317370891571,27.213668823242188,22.34442901611328,19.183732986450195
scene14_traj1_1__000080,0.08283267170190811,0.12771323323249817,0.5619837045669556,0.4895544946193695,0.819236159324646,22.198701858520508,19.05916976928711,0.08283267170190811,0.12771323323249817,27.01957130432129,22.198701858520508,19.05916976928711
scene14_traj1_1__000081,0.08107530325651169,0.12517262995243073,0.5669618248939514,0.48606768250465393,0.8216804265975952,22.40959358215332,19.43458366394043,0.08107530325651169,0.12517262995243073,27.110876083374023,22.40959358215332,19.43458366394043
scene14_traj1_1__000082,0.08137296140193939,0.12491495162248611,0.5669491291046143,0.49251416325569153,0.8268926739692688,22.6513614654541,19.641902923583984,0.08137296140193939,0.12491495162248611,27.326566696166992,22.6513614654541,19.641902923583984
scene14_traj1_1__000083,0.08214014768600464,0.1254139095544815,0.5629974007606506,0.49392154812812805,0.8233312964439392,22.49664878845215,19.496158599853516,0.08214014768600464,0.1254139095544815,27.193544387817383,22.49664878845215,19.496158599853516
scene14_traj1_1__000084,0.079716756939888,0.1224433109164238,0.5641762614250183,0.4890853762626648,0.8221132159233093,22.488422393798828,19.503467559814453,0.079716756939888,0.1224433109164238,27.137792587280273,22.488422393798828,19.503467559814453
scene14_traj1_1__000085,0.07834387570619583,0.12068463861942291,0.5648803114891052,0.4885944128036499,0.8217841386795044,22.36587905883789,19.264211654663086,0.07834387570619583,0.12068463861942291,27.120880126953125,22.36587905883789,19.264211654663086
scene14_traj1_1__000086,0.07689955085515976,0.11805681139230728,0.5662384629249573,0.49219876527786255,0.8257248997688293,22.641921997070312,19.571475982666016,0.07689955085515976,0.11805681139230728,27.296056747436523,22.641921997070312,19.571475982666016
scene14_traj1_1__000087,0.07911406457424164,0.12040924280881882,0.5663814544677734,0.5005311369895935,0.8307920694351196,22.822696685791016,19.703584671020508,0.07911406457424164,0.12040924280881882,27.476320266723633,22.822696685791016,19.703584671020508
scene14_traj1_1__000088,0.07804999500513077,0.11937389522790909,0.5686970353126526,0.4984188377857208,0.83177649974823,22.97384262084961,19.938695907592773,0.07804999500513077,0.11937389522790909,27.5062313079834,22.97384262084961,19.938695907592773
scene14_traj1_1__000089,0.07639982551336288,0.11724212765693665,0.5739192962646484,0.49391117691993713,0.8338609337806702,23.033390045166016,20.05247688293457,0.07639982551336288,0.11724212765693665,27.542234420776367,23.033390045166016,20.05247688293457
scene14_traj1_1__000090,0.0754769966006279,0.11581497639417648,0.5714800357818604,0.4947211444377899,0.8329205513000488,23.04863166809082,20.055978775024414,0.0754769966006279,0.11581497639417648,27.531042098999023,23.04863166809082,20.055978775024414
scene14_traj1_1__000091,0.07709596306085587,0.11735318601131439,0.5694893598556519,0.5065363049507141,0.8384890556335449,23.16171646118164,20.023944854736328,0.07709596306085587,0.11735318601131439,27.77338218688965,23.16171646118164,20.023944854736328
scene14_traj1_1__000092,0.07621889561414719,0.1159406527876854,0.5729749798774719,0.5030314326286316,0.8388158679008484,23.24900245666504,20.169105529785156,0.07621889561414719,0.1159406527876854,27.73244857788086,23.24900245666504,20.169105529785156
scene14_traj1_1__000093,0.07291697710752487,0.1115976944565773,0.572521448135376,0.49743741750717163,0.8349042534828186,23.159347534179688,19.9681339263916,0.07291697710752487,0.1115976944565773,27.61947250366211,23.159347534179688,19.9681339263916
scene14_traj1_1__000094,0.07180992513895035,0.10945134609937668,0.5785542726516724,0.5015360713005066,0.8435277342796326,23.578411102294922,20.482681274414062,0.07180992513895035,0.10945134609937668,27.94011688232422,23.578411102294922,20.482681274414062
scene14_traj1_1__000095,0.07395851612091064,0.11213710904121399,0.5810971260070801,0.5124525427818298,0.8523158431053162,23.948240280151367,20.95648193359375,0.07395851612091064,0.11213710904121399,28.242029190063477,23.948240280151367,20.95648193359375
scene14_traj1_1__000096,0.07141190767288208,0.10894177854061127,0.5773949027061462,0.5032330751419067,0.8429412245750427,23.55889892578125,20.454952239990234,0.07141190767288208,0.10894177854061127,27.912927627563477,23.55889892578125,20.454952239990234
scene14_traj1_1__000097,0.07149030268192291,0.10931485146284103,0.5784886479377747,0.5018905997276306,0.8433797955513,23.55142593383789,20.48233985900879,0.07149030268192291,0.10931485146284103,27.911426544189453,23.55142593383789,20.48233985900879
scene14_traj1_1__000098,0.07290196418762207,0.110904760658741,0.5748803615570068,0.508307158946991,0.8440699577331543,23.581544876098633,20.530515670776367,0.07290196418762207,0.110904760658741,27.938983917236328,23.581544876098633,20.530515670776367
scene14_traj1_1__000099,0.0726969763636589,0.11124417930841446,0.5774614214897156,0.5065057277679443,0.8460597991943359,23.582927703857422,20.556644439697266,0.0726969763636589,0.11124417930841446,28.008699417114258,23.582927703857422,20.556644439697266
scene14_traj1_1__000100,0.07174131274223328,0.11018232256174088,0.5802839994430542,0.5007563233375549,0.8446198105812073,23.514787673950195,20.410606384277344,0.07174131274223328,0.11018232256174088,27.946495056152344,23.514787673950195,20.410606384277344
scene14_traj1_1__000101,0.07254376262426376,0.11050157248973846,0.5756868124008179,0.509000837802887,0.8463000059127808,23.669769287109375,20.621112823486328,0.07254376262426376,0.11050157248973846,28.03772735595703,23.669769287109375,20.621112823486328
scene14_traj1_1__000102,0.07219657301902771,0.11027052998542786,0.5718207359313965,0.5091803073883057,0.8423880934715271,23.37102699279785,20.22370719909668,0.07219657301902771,0.11027052998542786,27.902584075927734,23.37102699279785,20.22370719909668
scene14_traj1_1__000103,0.07132665812969208,0.10934853553771973,0.5783666372299194,0.5013288855552673,0.8435711860656738,23.54499626159668,20.483354568481445,0.07132665812969208,0.10934853553771973,27.9049072265625,23.54499626159668,20.483354568481445
scene14_traj1_1__000104,0.07157997041940689,0.1096959188580513,0.5738061666488647,0.5043085217475891,0.8403940200805664,23.327327728271484,20.16790008544922,0.07157997041940689,0.1096959188580513,27.833171844482422,23.327327728271484,20.16790008544922
scene14_traj1_1__000105,0.07393571734428406,0.11250696331262589,0.5734267830848694,0.5148487687110901,0.8472204208374023,23.63332176208496,20.482654571533203,0.07393571734428406,0.11250696331262589,28.085405349731445,23.63332176208496,20.482654571533203
scene14_traj1_1__000106,0.07247608155012131,0.11091078072786331,0.5726500153541565,0.503986120223999,0.8394662141799927,23.309232711791992,20.24220848083496,0.07247608155012131,0.11091078072786331,27.770998001098633,23.309232711791992,20.24220848083496
scene14_traj1_1__000107,0.07206280529499054,0.11065175384283066,0.5810574889183044,0.5006109476089478,0.8455227613449097,23.6451358795166,20.62451934814453,0.07206280529499054,0.11065175384283066,27.98137664794922,23.6451358795166,20.62451934814453
scene14_traj1_1__000108,0.0715513527393341,0.10949970036745071,0.5791015028953552,0.5100988149642944,0.8495193123817444,23.791072845458984,20.758474349975586,0.0715513527393341,0.10949970036745071,28.1553955078125,23.791072845458984,20.758474349975586
scene14_traj1_1__000109,0.07250066101551056,0.11079864203929901,0.5781422853469849,0.5094462037086487,0.8486394882202148,23.807056427001953,20.836273193359375,0.07250066101551056,0.11079864203929901,28.086776733398438,23.807056427001953,20.836273193359375
scene14_traj1_1__000110,0.0685465857386589,0.10534936189651489,0.5773799419403076,0.5029888153076172,0.8430327773094177,23.58710289001465,20.477785110473633,0.0685465857386589,0.10534936189651489,27.924617767333984,23.58710289001465,20.477785110473633
scene14_traj1_1__000111,0.06846901774406433,0.10464683175086975,0.570856511592865,0.5115247964859009,0.8436190485954285,23.581159591674805,20.41836166381836,0.06846901774406433,0.10464683175086975,28.00238609313965,23.581159591674805,20.41836166381836
scene14_traj1_1__000112,0.06885402649641037,0.10500743240118027,0.5714114308357239,0.5160213112831116,0.8464881181716919,23.61958885192871,20.42866325378418,0.06885402649641037,0.10500743240118027,28.050474166870117,23.61958885192871,20.42866325378418
scene14_traj1_1__000113,0.06701947003602982,0.1026095375418663,0.5707487463951111,0.5055133700370789,0.8390170335769653,23.317371368408203,20.138423919677734,0.06701947003602982,0.1026095375418663,27.7729549407959,23.317371368408203,20.138423919677734
scene14_traj1_1__000114,0.06503976136445999,0.09940365701913834,0.5718454718589783,0.5047692656517029,0.8399851322174072,23.39419937133789,20.170589447021484,0.06503976136445999,0.09940365701913834,27.839492797851562,23.39419937133789,20.170589447021484
scene14_traj1_1__000115,0.06554277241230011,0.09968607127666473,0.5727698802947998,0.5125583410263062,0.8449692726135254,23.565019607543945,20.246932983398438,0.06554277241230011,0.09968607127666473,28.034879684448242,23.565019607543945,20.246932983398438
scene14_traj1_1__000116,0.06519749015569687,0.09913704544305801,0.578377366065979,0.5113757848739624,0.8502299189567566,23.976591110229492,20.905149459838867,0.06519749015569687,0.09913704544305801,28.16565704345703,23.976591110229492,20.905149459838867
scene14_traj1_1__000117,0.06402172893285751,0.09751832485198975,0.5790076851844788,0.5074113011360168,0.8481243848800659,23.832721710205078,20.672773361206055,0.06402172893285751,0.09751832485198975,28.12334442138672,23.832721710205078,20.672773361206055
scene14_traj1_1__000118,0.06393853574991226,0.09761922806501389,0.5784143805503845,0.5082317590713501,0.8474488854408264,23.735301971435547,20.58466911315918,0.06393853574991226,0.09761922806501389,28.102415084838867,23.735301971435547,20.58466911315918
scene14_traj1_1__000119,0.0645405501127243,0.09801596403121948,0.5753661394119263,0.51779705286026,0.8516844511032104,23.953460693359375,20.78717041015625,0.0645405501127243,0.09801596403121948,28.27259635925293,23.953460693359375,20.78717041015625
scene14_traj1_1__000120,0.0651158019900322,0.09855808317661285,0.579815149307251,0.514609158039093,0.8536292910575867,24.112125396728516,21.13677406311035,0.0651158019900322,0.09855808317661285,28.2827091217041,24.112125396728516,21.13677406311035
scene14_traj1_1__000121,0.06370261311531067,0.09689194709062576,0.5794748663902283,0.5036142468452454,0.8458152413368225,23.860855102539062,20.92064094543457,0.06370261311531067,0.09689194709062576,27.989154815673828,23.860855102539062,20.92064094543457
scene14_traj1_1__000122,0.062093522399663925,0.09409363567829132,0.5711712837219238,0.5061366558074951,0.8394920825958252,23.48145866394043,20.41566276550293,0.062093522399663925,0.09409363567829132,27.823339462280273,23.48145866394043,20.41566276550293
scene14_traj1_1__000123,0.06370576471090317,0.09612109512090683,0.5754531621932983,0.5164185762405396,0.8506321907043457,23.987459182739258,20.937543869018555,0.06370576471090317,0.09612109512090683,28.213342666625977,23.987459182739258,20.937543869018555
scene14_traj1_1__000124,0.0630730390548706,0.09517780691385269,0.5814762115478516,0.5083437561988831,0.8505045771598816,24.101322174072266,21.175594329833984,0.0630730390548706,0.09517780691385269,28.176372528076172,24.101322174072266,21.175594329833984
scene14_traj1_1__000125,0.06216078996658325,0.09404941648244858,0.5791088938713074,0.5023255348205566,0.8438096642494202,23.819997787475586,20.886438369750977,0.06216078996658325,0.09404941648244858,27.951860427856445,23.819997787475586,20.886438369750977
scene14_traj1_1__000126,0.0628429502248764,0.09475057572126389,0.5731415152549744,0.5074255466461182,0.842014491558075,23.709348678588867,20.63739013671875,0.0628429502248764,0.09475057572126389,27.919544219970703,23.709348678588867,20.63739013671875
scene14_traj1_1__000127,0.06482145935297012,0.09737719595432281,0.5838500261306763,0.5094839334487915,0.8527153134346008,24.272836685180664,21.454484939575195,0.06482145935297012,0.09737719595432281,28.241682052612305,24.272836685180664,21.454484939575195
scene14_traj1_1__000128,0.06333936750888824,0.09553112089633942,0.5748440623283386,0.49981531500816345,0.838416337966919,23.57878303527832,20.617557525634766,0.06333936750888824,0.09553112089633942,27.747419357299805,23.57878303527832,20.617557525634766
scene14_traj1_1__000129,0.06346158683300018,0.09562036395072937,0.5755660533905029,0.5076323747634888,0.8439504504203796,23.88117218017578,20.827003479003906,0.06346158683300018,0.09562036395072937,28.002445220947266,23.88117218017578,20.827003479003906
scene14_traj1_1__000130,0.0659680888056755,0.09921881556510925,0.5782322287559509,0.5230389833450317,0.8579097390174866,24.601167678833008,21.832210540771484,0.0659680888056755,0.09921881556510925,28.48021697998047,24.601167678833008,21.832210540771484
scene14_traj1_1__000131,0.0653548464179039,0.09799613803625107,0.5806975364685059,0.5120329856872559,0.8519936203956604,24.49669647216797,21.865619659423828,0.0653548464179039,0.09799613803625107,28.258211135864258,24.49669647216797,21.865619659423828
scene14_traj1_1__000132,0.06426730006933212,0.09650617092847824,0.5763262510299683,0.5061812996864319,0.8441567420959473,24.202608108520508,21.52340316772461,0.06426730006933212,0.09650617092847824,28.0145263671875,24.202608108520508,21.52340316772461
scene14_traj1_1__000133,0.0645567774772644,0.09672068059444427,0.5765852928161621,0.5102939605712891,0.8473066091537476,24.369678497314453,21.525325775146484,0.0645567774772644,0.09672068059444427,28.170665740966797,24.369678497314453,21.525325775146484
scene14_traj1_1__000134,0.06634490191936493,0.09924451261758804,0.5795588493347168,0.5153638124465942,0.8534073233604431,24.665645599365234,22.055400848388672,0.06634490191936493,0.09924451261758804,28.350223541259766,24.665645599365234,22.055400848388672
scene14_traj1_1__000135,0.06583520770072937,0.09896420687437057,0.5825977325439453,0.5093738436698914,0.8522084951400757,24.57875633239746,21.850177764892578,0.06583520770072937,0.09896420687437057,28.316593170166016,24.57875633239746,21.850177764892578
scene14_traj1_1__000136,0.06527704745531082,0.09853332489728928,0.583600640296936,0.5068024396896362,0.8506935238838196,24.547475814819336,21.883623123168945,0.06527704745531082,0.09853332489728928,28.238130569458008,24.547475814819336,21.883623123168945
scene14_traj1_1__000137,0.06580286473035812,0.09876894950866699,0.5859983563423157,0.5205433964729309,0.8626521229743958,25.043481826782227,22.409799575805664,0.06580286473035812,0.09876894950866699,28.65793800354004,25.043481826782227,22.409799575805664
scene14_traj1_1__000138,0.06474635004997253,0.09725014865398407,0.5799224376678467,0.5117217302322388,0.8515944480895996,24.4979190826416,21.794090270996094,0.06474635004997253,0.09725014865398407,28.280237197875977,24.4979190826416,21.794090270996094
scene14_traj1_1__000139,0.06332879513502121,0.09545332193374634,0.5817758440971375,0.5054031014442444,0.8481492400169373,24.30849838256836,21.436752319335938,0.06332879513502121,0.09545332193374634,28.152921676635742,24.30849838256836,21.436752319335938
scene14_traj1_1__000140,0.06320754438638687,0.09494183212518692,0.5790166854858398,0.5144065022468567,0.8517961502075195,24.42017364501953,21.411273956298828,0.06320754438638687,0.09494183212518692,28.321754455566406,24.42017364501953,21.411273956298828
scene14_traj1_1__000141,0.06376548856496811,0.0959618017077446,0.5871548652648926,0.5223878026008606,0.8656058311462402,25.082799911499023,22.429683685302734,0.06376548856496811,0.0959618017077446,28.72812271118164,25.082799911499023,22.429683685302734
scene14_traj1_1__000142,0.06202420964837074,0.09368584305047989,0.5869540572166443,0.5137472152709961,0.8583276867866516,24.829004287719727,22.104583740234375,0.06202420964837074,0.09368584305047989,28.488391876220703,24.829004287719727,22.104583740234375
scene14_traj1_1__000143,0.060608915984630585,0.0912775993347168,0.5825725793838501,0.5115997791290283,0.853241503238678,24.488842010498047,21.59550666809082,0.060608915984630585,0.0912775993347168,28.348674774169922,24.488842010498047,21.59550666809082
scene14_traj1_1__000144,0.06154145672917366,0.09203927218914032,0.5855550169944763,0.5274662971496582,0.8668509125709534,25.060354232788086,22.12872886657715,0.06154145672917366,0.09203927218914032,28.8337345123291,25.060354232788086,22.12872886657715
scene14_traj1_1__000145,0.060130033642053604,0.09052740037441254,0.5841712951660156,0.5155377984046936,0.8583208322525024,24.66591453552246,21.85123062133789,0.060130033642053604,0.09052740037441254,28.472904205322266,24.66591453552246,21.85123062133789
scene14_traj1_1__000146,0.0592852421104908,0.08973328769207001,0.5828697681427002,0.5115199089050293,0.8530174493789673,24.250268936157227,21.267539978027344,0.0592852421104908,0.08973328769207001,28.280759811401367,24.250268936157227,21.267539978027344
scene14_traj1_1__000147,0.06053083389997482,0.09130826592445374,0.5848050117492676,0.5184061527252197,0.8597630858421326,24.61937713623047,21.666900634765625,0.06053083389997482,0.09130826592445374,28.530826568603516,24.61937713623047,21.666900634765625
scene14_traj1_1__000148,0.060541607439517975,0.09163185954093933,0.5991611480712891,0.5132510662078857,0.8694784641265869,25.158235549926758,22.53429412841797,0.060541607439517975,0.09163185954093933,28.78152084350586,25.158235549926758,22.53429412841797
scene14_traj1_1__000149,0.05897097289562225,0.08937487751245499,0.5821494460105896,0.5073214769363403,0.8499690294265747,24.044139862060547,21.063213348388672,0.05897097289562225,0.08937487751245499,28.10236930847168,24.044139862060547,21.063213348388672
scene14_traj1_1__000150,0.059296514838933945,0.08964679390192032,0.5901380777359009,0.5240726470947266,0.868403971195221,24.874717712402344,21.925325393676758,0.059296514838933945,0.08964679390192032,28.8057861328125,24.874717712402344,21.925325393676758
scene14_traj1_1__000151,0.05768828094005585,0.08733313530683517,0.5951030850410461,0.5176566243171692,0.8694186210632324,25.093891143798828,22.4231014251709,0.05768828094005585,0.08733313530683517,28.778026580810547,25.093891143798828,22.4231014251709
scene14_traj1_1__000152,0.05542134866118431,0.0840974971652031,0.5804945826530457,0.5170184373855591,0.855539083480835,24.265151977539062,21.178497314453125,0.05542134866118431,0.0840974971652031,28.314329147338867,24.265151977539062,21.178497314453125
scene14_traj1_1__000153,0.055228907614946365,0.08400755375623703,0.604745626449585,0.5304874777793884,0.8862075209617615,25.9419002532959,23.368515014648438,0.055228907614946365,0.08400755375623703,29.39259147644043,25.9419002532959,23.368515014648438
scene14_traj1_1__000154,0.053088195621967316,0.08035566657781601,0.595715343952179,0.5219991207122803,0.8730106353759766,25.302734375,22.514862060546875,0.053088195621967316,0.08035566657781601,28.92597198486328,25.302734375,22.514862060546875
scene14_traj1_1__000155,0.05257677659392357,0.07941168546676636,0.5910944938659668,0.533072829246521,0.8766272068023682,25.33814811706543,22.235441207885742,0.05257677659392357,0.07941168546676636,29.102827072143555,25.33814811706543,22.235441207885742
scene14_traj1_1__000156,0.0532071627676487,0.08108380436897278,0.614880383014679,0.5433318018913269,0.905341625213623,26.905818939208984,24.3991756439209,0.0532071627676487,0.08108380436897278,30.108449935913086,26.905818939208984,24.3991756439209
scene14_traj1_1__000157,0.05155634880065918,0.07856988906860352,0.6032842397689819,0.5323359370231628,0.8871957063674927,25.869556427001953,22.97334861755371,0.05155634880065918,0.07856988906860352,29.4600887298584,25.869556427001953,22.97334861755371
scene14_traj1_1__000158,0.051721591502428055,0.07913198322057724,0.5961976647377014,0.5346666574478149,0.882388710975647,25.696975708007812,22.789722442626953,0.051721591502428055,0.07913198322057724,29.318098068237305,25.696975708007812,22.789722442626953
scene14_traj1_1__000159,0.05448317900300026,0.08331798762083054,0.6042176485061646,0.5445424318313599,0.8969059586524963,26.526113510131836,24.030492782592773,0.05448317900300026,0.08331798762083054,29.85048484802246,26.526113510131836,24.030492782592773
scene14_traj1_1__000160,0.055163703858852386,0.0840703696012497,0.6049694418907166,0.5365553498268127,0.8919338583946228,26.254371643066406,23.597156524658203,0.055163703858852386,0.0840703696012497,29.698896408081055,26.254371643066406,23.597156524658203
scene14_traj1_1__000161,0.056352727115154266,0.08566393703222275,0.6017707586288452,0.5363512635231018,0.8876246213912964,26.31572914123535,23.920944213867188,0.056352727115154266,0.08566393703222275,29.58049774169922,26.31572914123535,23.920944213867188
scene14_traj1_1__000162,0.05741920322179794,0.08690802752971649,0.6026371717453003,0.5458532571792603,0.8958427906036377,26.740541458129883,24.366823196411133,0.05741920322179794,0.08690802752971649,29.94487762451172,26.740541458129883,24.366823196411133
scene14_traj1_1__000163,0.059699028730392456,0.09023222327232361,0.6124933958053589,0.549146294593811,0.906833827495575,27.15646743774414,24.913908004760742,0.059699028730392456,0.09023222327232361,30.276588439941406,27.15646743774414,24.913908004760742
scene14_traj1_1__000164,0.05883077159523964,0.08896837383508682,0.6014837026596069,0.5395124554634094,0.8898146152496338,26.567140579223633,24.44411849975586,0.05883077159523964,0.08896837383508682,29.69462776184082,26.567140579223633,24.44411849975586
scene14_traj1_1__000165,0.06013413146138191,0.09064007550477982,0.6004394292831421,0.5441415905952454,0.8920461535453796,26.83143424987793,24.57489585876465,0.06013413146138191,0.09064007550477982,29.87181854248047,26.83143424987793,24.57489585876465
scene14_traj1_1__000166,0.06291468441486359,0.09494373947381973,0.6014121174812317,0.5512159466743469,0.8984032273292542,27.077533721923828,24.822402954101562,0.06291468441486359,0.09494373947381973,30.10200309753418,27.077533721923828,24.822402954101562
scene14_traj1_1__000167,0.06301318109035492,0.0955132395029068,0.6127298474311829,0.5477428436279297,0.9060214161872864,27.542377471923828,25.466487884521484,0.06301318109035492,0.0955132395029068,30.342260360717773,27.542377471923828,25.466487884521484
scene14_traj1_1__000168,0.06396807730197906,0.09739170223474503,0.6014533638954163,0.5365903973579407,0.8871172070503235,26.72126007080078,24.537933349609375,0.06396807730197906,0.09739170223474503,29.701330184936523,26.72126007080078,24.537933349609375
scene14_traj1_1__000169,0.06584928929805756,0.09961839765310287,0.6057188510894775,0.5450236201286316,0.8973050117492676,27.15947914123535,24.85761070251465,0.06584928929805756,0.09961839765310287,30.121606826782227,27.15947914123535,24.85761070251465
scene14_traj1_1__000170,0.0669080913066864,0.10171858966350555,0.6075929403305054,0.5448185205459595,0.9000741839408875,27.313175201416016,25.17707633972168,0.0669080913066864,0.10171858966350555,30.155839920043945,27.313175201416016,25.17707633972168
scene14_traj1_1__000171,0.06927432119846344,0.10578102618455887,0.6073129773139954,0.5350114703178406,0.8925119042396545,26.979019165039062,24.698945999145508,0.06927432119846344,0.10578102618455887,29.899883270263672,26.979019165039062,24.698945999145508
scene14_traj1_1__000172,0.06966878473758698,0.10624063014984131,0.6084216833114624,0.5371338129043579,0.8945601582527161,27.200429916381836,25.065643310546875,0.06966878473758698,0.10624063014984131,30.028512954711914,27.200429916381836,25.065643310546875
scene14_traj1_1__000173,0.07364104688167572,0.11259406805038452,0.6050254106521606,0.537102222442627,0.8939136266708374,26.791467666625977,24.438268661499023,0.07364104688167572,0.11259406805038452,29.87432098388672,26.791467666625977,24.438268661499023
scene14_traj1_1__000174,0.07667574286460876,0.11864665150642395,0.6074014902114868,0.5270205140113831,0.8881939649581909,26.505449295043945,23.989545822143555,0.07667574286460876,0.11864665150642395,29.694995880126953,26.505449295043945,23.989545822143555
scene14_traj1_1__000175,0.07703801989555359,0.11957849562168121,0.6056108474731445,0.521340548992157,0.8833056092262268,26.1549129486084,23.55824089050293,0.07703801989555359,0.11957849562168121,29.48206901550293,26.1549129486084,23.55824089050293
scene14_traj1_1__000176,0.0778009295463562,0.12014460563659668,0.5995151996612549,0.5198037028312683,0.8755253553390503,25.670368194580078,23.103490829467773,0.0778009295463562,0.12014460563659668,29.175371170043945,25.670368194580078,23.103490829467773
scene14_traj1_1__000177,0.07902657985687256,0.12206269800662994,0.5939288139343262,0.5109391212463379,0.8649876117706299,25.01920509338379,22.354671478271484,0.07902657985687256,0.12206269800662994,28.697525024414062,25.01920509338379,22.354671478271484
scene14_traj1_1__000178,0.07620071619749069,0.11788828670978546,0.5861004590988159,0.49381330609321594,0.8460804224014282,24.053424835205078,21.233863830566406,0.07620071619749069,0.11788828670978546,28.009225845336914,24.053424835205078,21.233863830566406
scene14_traj1_1__000179,0.0745844915509224,0.11485180258750916,0.5798017978668213,0.4948415756225586,0.8412659764289856,23.871814727783203,21.042394638061523,0.0745844915509224,0.11485180258750916,27.884843826293945,23.871814727783203,21.042394638061523
scene14_traj1_1__000180,0.07600611448287964,0.11613251268863678,0.5802432894706726,0.5019646883010864,0.8460030555725098,23.98126220703125,21.18794822692871,0.07600611448287964,0.11613251268863678,27.992931365966797,23.98126220703125,21.18794822692871
scene14_traj1_1__000181,0.07156229019165039,0.1099834218621254,0.5797678828239441,0.4859257638454437,0.8337944149971008,23.57329559326172,20.829835891723633,0.07156229019165039,0.1099834218621254,27.469850540161133,23.57329559326172,20.829835891723633
scene14_traj1_1__000182,0.07056872546672821,0.10840439796447754,0.5763167142868042,0.486136257648468,0.8316035866737366,23.379091262817383,20.455066680908203,0.07056872546672821,0.10840439796447754,27.43663787841797,23.379091262817383,20.455066680908203
scene14_traj1_1__000183,0.07057515531778336,0.10736844688653946,0.5800228714942932,0.49611666798591614,0.8402557373046875,23.579259872436523,20.508638381958008,0.07057515531778336,0.10736844688653946,27.73554229736328,23.579259872436523,20.508638381958008
scene14_traj1_1__000184,0.0688217356801033,0.10534048825502396,0.5924367904663086,0.48876798152923584,0.845863401889801,23.918344497680664,21.07819175720215,0.0688217356801033,0.10534048825502396,27.856727600097656,23.918344497680664,21.07819175720215
scene14_traj1_1__000185,0.06606841087341309,0.10124143213033676,0.5850305557250977,0.4817831218242645,0.8343837857246399,23.350584030151367,20.375343322753906,0.06606841087341309,0.10124143213033676,27.458900451660156,23.350584030151367,20.375343322753906
scene14_traj1_1__000186,0.06446878612041473,0.09848371148109436,0.5836136341094971,0.4944898784160614,0.8414279222488403,23.46049690246582,20.254531860351562,0.06446878612041473,0.09848371148109436,27.729448318481445,23.46049690246582,20.254531860351562
scene14_traj1_1__000187,0.06606993079185486,0.10061076283454895,0.6078608632087708,0.499006062746048,0.8657052516937256,24.9326171875,22.425434112548828,0.06606993079185486,0.10061076283454895,28.551265716552734,24.9326171875,22.425434112548828
scene14_traj1_1__000188,0.06329594552516937,0.09667275100946426,0.5990840792655945,0.4931949973106384,0.8547069430351257,24.239713668823242,21.371667861938477,0.06329594552516937,0.09667275100946426,28.122507095336914,24.239713668823242,21.371667861938477
scene14_traj1_1__000189,0.06182636320590973,0.09460220485925674,0.5880447030067444,0.4920482933521271,0.8445824384689331,23.698862075805664,20.65203285217285,0.06182636320590973,0.09460220485925674,27.81003189086914,23.698862075805664,20.65203285217285
scene14_traj1_1__000190,0.0614030547440052,0.09366621822118759,0.5899841785430908,0.5058741569519043,0.8546367883682251,24.10625457763672,20.923337936401367,0.0614030547440052,0.09366621822118759,28.232685089111328,24.10625457763672,20.923337936401367
scene14_traj1_1__000191,0.06053265929222107,0.09253396838903427,0.6065685749053955,0.506833553314209,0.8706211447715759,24.996768951416016,22.039642333984375,0.06053265929222107,0.09253396838903427,28.752897262573242,24.996768951416016,22.039642333984375
scene14_traj1_1__000192,0.058825742453336716,0.08971545845270157,0.5921559929847717,0.502735435962677,0.8548191785812378,24.076492309570312,20.876630783081055,0.058825742453336716,0.08971545845270157,28.20598793029785,24.076492309570312,20.876630783081055
scene14_traj1_1__000193,0.05884628742933273,0.09004034847021103,0.5975422859191895,0.49935099482536316,0.8572796583175659,24.370323181152344,21.36687469482422,0.05884628742933273,0.09004034847021103,28.274667739868164,24.370323181152344,21.36687469482422
scene14_traj1_1__000194,0.059204839169979095,0.0909925028681755,0.6023197770118713,0.5140698552131653,0.8710079789161682,24.950164794921875,21.954395294189453,0.059204839169979095,0.0909925028681755,28.768144607543945,24.950164794921875,21.954395294189453
scene14_traj1_1__000195,0.05652293935418129,0.08763222396373749,0.6129443049430847,0.5156005620956421,0.8819895386695862,25.483612060546875,22.70193099975586,0.05652293935418129,0.08763222396373749,29.148462295532227,25.483612060546875,22.70193099975586
scene14_traj1_1__000196,0.054454658180475235,0.08527806401252747,0.6017985343933105,0.5154674649238586,0.8721247315406799,24.870786666870117,21.66754150390625,0.054454658180475235,0.08527806401252747,28.826923370361328,24.870786666870117,21.66754150390625
scene14_traj1_1__000197,0.054417382925748825,0.08517570048570633,0.6090849041938782,0.5187865495681763,0.8800753355026245,25.466346740722656,22.552431106567383,0.054417382925748825,0.08517570048570633,29.15445899963379,25.466346740722656,22.552431106567383
scene14_traj1_1__000198,0.05460396781563759,0.08598306775093079,0.607835590839386,0.5203067064285278,0.8789193034172058,25.22882080078125,22.16164779663086,0.05460396781563759,0.08598306775093079,29.08331871032715,25.22882080078125,22.16164779663086
scene14_traj1_1__000199,0.05519765242934227,0.08734898269176483,0.6099251508712769,0.5276984572410583,0.886854350566864,25.642879486083984,22.63600730895996,0.05519765242934227,0.08734898269176483,29.355445861816406,25.642879486083984,22.63600730895996
scene14_traj1_1__000200,0.05476417765021324,0.08738342672586441,0.601898193359375,0.5234293937683105,0.8767002820968628,24.786884307861328,21.280195236206055,0.05476417765021324,0.08738342672586441,29.000171661376953,24.786884307861328,21.280195236206055
scene14_traj1_1__000201,0.05487177520990372,0.08759338408708572,0.5942937731742859,0.5230532884597778,0.8701328039169312,24.33323860168457,20.713409423828125,0.05487177520990372,0.08759338408708572,28.7883358001709,24.33323860168457,20.713409423828125
scene14_traj1_1__000202,0.05556485801935196,0.08876172453165054,0.5898666977882385,0.5213309526443481,0.8644700646400452,24.006858825683594,20.291236877441406,0.05556485801935196,0.08876172453165054,28.60218048095703,24.006858825683594,20.291236877441406
scene14_traj1_1__000203,0.05898216739296913,0.09496608376502991,0.5951212048530579,0.535128653049469,0.8789032697677612,24.734785079956055,21.331584930419922,0.05898216739296913,0.09496608376502991,29.125137329101562,24.734785079956055,21.331584930419922
scene14_traj1_1__000204,0.05883343890309334,0.09516596049070358,0.5961523056030273,0.5313597917556763,0.877420961856842,24.700515747070312,21.274486541748047,0.05883343890309334,0.09516596049070358,29.060529708862305,24.700515747070312,21.274486541748047
scene14_traj1_1__000205,0.06058823689818382,0.0983012318611145,0.5922553539276123,0.5273871421813965,0.8719657063484192,24.245996475219727,20.84691619873047,0.06058823689818382,0.0983012318611145,28.846773147583008,24.245996475219727,20.84691619873047
scene14_traj1_1__000206,0.060968223959207535,0.09865936636924744,0.5858403444290161,0.5292582511901855,0.8668662905693054,23.701324462890625,19.743986129760742,0.060968223959207535,0.09865936636924744,28.73590660095215,23.701324462890625,19.743986129760742
scene14_traj1_1__000207,0.062202371656894684,0.10063014179468155,0.5858907699584961,0.5356819033622742,0.8709296584129333,23.874576568603516,19.826189041137695,0.062202371656894684,0.10063014179468155,28.919952392578125,23.874576568603516,19.826189041137695
scene14_traj1_1__000208,0.06365318596363068,0.10261527448892593,0.5954366326332092,0.5377721786499023,0.8818171620368958,24.669416427612305,21.19034194946289,0.06365318596363068,0.10261527448892593,29.255929946899414,24.669416427612305,21.19034194946289
scene14_traj1_1__000209,0.06329774111509323,0.10253544896841049,0.5870963931083679,0.5256796479225159,0.8661493062973022,23.788188934326172,20.230649948120117,0.06329774111509323,0.10253544896841049,28.67752456665039,23.788188934326172,20.230649948120117
scene14_traj1_1__000210,0.06485498696565628,0.10504697263240814,0.5954614281654358,0.5236797332763672,0.8721747994422913,24.114471435546875,20.779621124267578,0.06485498696565628,0.10504697263240814,28.87326431274414,24.114471435546875,20.779621124267578
scene14_traj1_1__000211,0.06662748754024506,0.10785935074090958,0.5826591849327087,0.5166590213775635,0.8566312193870544,23.328060150146484,19.93440055847168,0.06662748754024506,0.10785935074090958,28.3201961517334,23.328060150146484,19.93440055847168
scene14_traj1_1__000212,0.06740717589855194,0.10875428467988968,0.5850977301597595,0.5243978500366211,0.8637748956680298,23.72521209716797,20.341535568237305,0.06740717589855194,0.10875428467988968,28.60112762451172,23.72521209716797,20.341535568237305
scene14_traj1_1__000213,0.06974844634532928,0.1130891740322113,0.5882624983787537,0.5237727165222168,0.8656054139137268,23.860536575317383,20.484920501708984,0.06974844634532928,0.1130891740322113,28.663450241088867,23.860536575317383,20.484920501708984
scene14_traj1_1__000214,0.06959666311740875,0.11293580383062363,0.5910146236419678,0.5204492807388306,0.8658648729324341,23.84815788269043,20.425352096557617,0.06959666311740875,0.11293580383062363,28.68309211730957,23.84815788269043,20.425352096557617
scene14_traj1_1__000215,0.07197728008031845,0.11727786809206009,0.5879279375076294,0.5153313279151917,0.8604933619499207,23.506486892700195,20.290729522705078,0.07197728008031845,0.11727786809206009,28.44870376586914,23.506486892700195,20.290729522705078
scene14_traj1_1__000216,0.07355521619319916,0.12031025439500809,0.5828065276145935,0.5200628638267517,0.8587663769721985,23.250818252563477,19.814708709716797,0.07355521619319916,0.12031025439500809,28.410673141479492,23.250818252563477,19.814708709716797
scene14_traj1_1__000217,0.07495693117380142,0.12186253815889359,0.5864463448524475,0.5311092138290405,0.8697406053543091,23.70969581604004,20.130752563476562,0.07495693117380142,0.12186253815889359,28.85654067993164,23.70969581604004,20.130752563476562
scene14_traj1_1__000218,0.07652075588703156,0.12460438907146454,0.5876272320747375,0.522658109664917,0.8646126389503479,23.645784378051758,20.30943489074707,0.07652075588703156,0.12460438907146454,28.61838722229004,23.645784378051758,20.30943489074707
scene14_traj1_1__000219,0.07730043679475784,0.1262097805738449,0.5851738452911377,0.5202286243438721,0.8616764545440674,23.427688598632812,19.94705581665039,0.07730043679475784,0.1262097805738449,28.546371459960938,23.427688598632812,19.94705581665039
scene14_traj1_1__000220,0.07935959100723267,0.13016456365585327,0.5868844985961914,0.5237707495689392,0.8661572337150574,23.675180435180664,20.215316772460938,0.07935959100723267,0.13016456365585327,28.73234748840332,23.675180435180664,20.215316772460938
scene14_traj1_1__000221,0.08209936320781708,0.1348937302827835,0.5794981122016907,0.5231069326400757,0.8583629727363586,23.17489242553711,19.615869522094727,0.08209936320781708,0.1348937302827835,28.436954498291016,23.17489242553711,19.615869522094727
scene14_traj1_1__000222,0.08441226184368134,0.1381373107433319,0.5911335945129395,0.530868649482727,0.8736419081687927,24.16390609741211,20.859926223754883,0.08441226184368134,0.1381373107433319,28.968873977661133,24.16390609741211,20.859926223754883
scene14_traj1_1__000223,0.08533239364624023,0.14018933475017548,0.5909224152565002,0.5212762951850891,0.8682947754859924,23.838909149169922,20.5567626953125,0.08533239364624023,0.14018933475017548,28.772275924682617,23.838909149169922,20.5567626953125
scene14_traj1_1__000224,0.08635023236274719,0.14257360994815826,0.5905998945236206,0.5140225291252136,0.8631963729858398,23.665246963500977,20.502540588378906,0.08635023236274719,0.14257360994815826,28.57462501525879,23.665246963500977,20.502540588378906
scene14_traj1_1__000225,0.08933813869953156,0.14633077383041382,0.5854580402374268,0.5135701894760132,0.8581653237342834,23.369321823120117,20.096832275390625,0.08933813869953156,0.14633077383041382,28.426076889038086,23.369321823120117,20.096832275390625
scene14_traj1_1__000226,0.09235787391662598,0.14935456216335297,0.582755446434021,0.5203797817230225,0.8592283725738525,23.488327026367188,20.071989059448242,0.09235787391662598,0.14935456216335297,28.46426010131836,23.488327026367188,20.071989059448242
scene14_traj1_1__000227,0.09282854944467545,0.1501990407705307,0.5843241214752197,0.5155125260353088,0.8577854633331299,23.5440673828125,20.267438888549805,0.09282854944467545,0.1501990407705307,28.392879486083984,23.5440673828125,20.267438888549805
scene14_traj1_1__000228,0.09295494854450226,0.15034198760986328,0.5827575325965881,0.50699782371521,0.8511438369750977,23.274682998657227,20.106395721435547,0.09295494854450226,0.15034198760986328,28.135242462158203,23.274682998657227,20.106395721435547
scene14_traj1_1__000229,0.09431988000869751,0.15199559926986694,0.5828852653503418,0.5010313391685486,0.8469138741493225,23.029300689697266,19.874156951904297,0.09431988000869751,0.15199559926986694,27.96750831604004,23.029300689697266,19.874156951904297
scene14_traj1_1__000230,0.0951739251613617,0.15186364948749542,0.5789631605148315,0.5054402351379395,0.8473320007324219,23.031509399414062,19.756439208984375,0.0951739251613617,0.15186364948749542,28.04087257385254,23.031509399414062,19.756439208984375
scene14_traj1_1__000231,0.0971747636795044,0.15293072164058685,0.5748874545097351,0.503853440284729,0.8401411175727844,22.853879928588867,19.66539192199707,0.0971747636795044,0.15293072164058685,27.77500343322754,22.853879928588867,19.66539192199707
scene14_traj1_1__000232,0.09555321931838989,0.15142722427845,0.5746578574180603,0.49161532521247864,0.8322905898094177,22.513093948364258,19.421289443969727,0.09555321931838989,0.15142722427845,27.471527099609375,22.513093948364258,19.421289443969727
scene14_traj1_1__000233,0.09608545154333115,0.150938481092453,0.5654059052467346,0.483254998922348,0.8179156184196472,21.99278450012207,18.981212615966797,0.09608545154333115,0.150938481092453,26.98848533630371,21.99278450012207,18.981212615966797
scene14_traj1_1__000234,0.0945458859205246,0.1477353274822235,0.5625156164169312,0.477008193731308,0.8114685416221619,21.694698333740234,18.752094268798828,0.0945458859205246,0.1477353274822235,26.79538345336914,21.694698333740234,18.752094268798828
scene14_traj1_1__000235,0.09953560680150986,0.1525278091430664,0.5716734528541565,0.4615587890148163,0.8062649965286255,21.797962188720703,19.20051383972168,0.09953560680150986,0.1525278091430664,26.50046157836914,21.797962188720703,19.20051383972168
scene14_traj1_1__000236,0.09889712929725647,0.15283212065696716,0.5844469666481018,0.4503169655799866,0.8105180859565735,22.027751922607422,19.61503028869629,0.09889712929725647,0.15283212065696716,26.558612823486328,22.027751922607422,19.61503028869629
scene14_traj1_1__000237,0.09851058572530746,0.1524357944726944,0.5814598798751831,0.44732993841171265,0.8060210347175598,21.853233337402344,19.51545524597168,0.09851058572530746,0.1524357944726944,26.383745193481445,21.853233337402344,19.51545524597168
scene14_traj1_1__000238,0.10464449971914291,0.1597226858139038,0.5907459259033203,0.45696866512298584,0.8197548389434814,22.461862564086914,20.06516456604004,0.10464449971914291,0.1597226858139038,26.864803314208984,22.461862564086914,20.06516456604004
scene14_traj1_1__000239,0.10556137561798096,0.16190902888774872,0.5998280644416809,0.4547913372516632,0.827119767665863,22.814428329467773,20.480634689331055,0.10556137561798096,0.16190902888774872,27.130535125732422,22.814428329467773,20.480634689331055
scene14_traj1_1__000240,0.10397908836603165,0.16102351248264313,0.5943019986152649,0.4455018937587738,0.8161002397537231,22.236495971679688,19.972797393798828,0.10397908836603165,0.16102351248264313,26.69612693786621,22.236495971679688,19.972797393798828
scene14_traj1_1__000241,0.10570584237575531,0.16335849463939667,0.5945462584495544,0.44381260871887207,0.8159448504447937,22.296459197998047,20.054317474365234,0.10570584237575531,0.16335849463939667,26.68275260925293,22.296459197998047,20.054317474365234
scene14_traj1_1__000242,0.10769649595022202,0.16466528177261353,0.5924721360206604,0.4530943036079407,0.8187468647956848,22.374483108520508,19.95536231994629,0.10769649595022202,0.16466528177261353,26.826190948486328,22.374483108520508,19.95536231994629
scene14_traj1_1__000243,0.11154770851135254,0.17020238935947418,0.6032716631889343,0.4458467364311218,0.8245264291763306,22.778213500976562,20.504297256469727,0.11154770851135254,0.17020238935947418,26.996610641479492,22.778213500976562,20.504297256469727
scene14_traj1_1__000244,0.1122642382979393,0.17151904106140137,0.6043096780776978,0.43660131096839905,0.820030152797699,22.78154945373535,20.768508911132812,0.1122642382979393,0.17151904106140137,26.840238571166992,22.78154945373535,20.768508911132812
scene14_traj1_1__000245,0.11340479552745819,0.1723105013370514,0.6092305779457092,0.440538227558136,0.8271003365516663,23.085433959960938,21.081707000732422,0.11340479552745819,0.1723105013370514,27.092243194580078,23.085433959960938,21.081707000732422
scene14_traj1_1__000246,0.11242646723985672,0.17178931832313538,0.5978748202323914,0.4456581473350525,0.820136547088623,22.451738357543945,20.096548080444336,0.11242646723985672,0.17178931832313538,26.8765869140625,22.451738357543945,20.096548080444336
scene14_traj1_1__000247,0.11388227343559265,0.17273642122745514,0.5990491509437561,0.44869253039360046,0.8219770789146423,22.648025512695312,20.267539978027344,0.11388227343559265,0.17273642122745514,26.952735900878906,22.648025512695312,20.267539978027344
scene14_traj1_1__000248,0.10171493887901306,0.1599704772233963,0.5632938742637634,0.45222392678260803,0.7931036353111267,20.62902069091797,17.90239143371582,0.10171493887901306,0.1599704772233963,25.951072692871094,20.62902069091797,17.90239143371582
scene14_traj1_1__000249,0.09106500446796417,0.1469913125038147,0.5535867810249329,0.4673662483692169,0.7915109992027283,19.504079818725586,16.167469024658203,0.09106500446796417,0.1469913125038147,25.9306640625,19.504079818725586,16.167469024658203
scene14_traj1_1__000250,0.08632739633321762,0.13983789086341858,0.5407885313034058,0.47194910049438477,0.7829152345657349,18.786527633666992,15.039168357849121,0.08632739633321762,0.13983789086341858,25.67979621887207,18.786527633666992,15.039168357849121
scene14_traj1_1__000251,0.08491673320531845,0.13723772764205933,0.544731616973877,0.4881974160671234,0.7975359559059143,19.244544982910156,15.213837623596191,0.08491673320531845,0.13723772764205933,26.266738891601562,19.244544982910156,15.213837623596191
scene14_traj1_1__000252,0.08371219038963318,0.13606183230876923,0.5461830496788025,0.48220959305763245,0.7942813038825989,19.11762237548828,15.299399375915527,0.08371219038963318,0.13606183230876923,26.12851905822754,19.11762237548828,15.299399375915527
scene14_traj1_1__000253,0.08514677733182907,0.13948160409927368,0.5475504994392395,0.4778534770011902,0.7923903465270996,18.95952033996582,15.16623592376709,0.08514677733182907,0.13948160409927368,26.04654312133789,18.95952033996582,15.16623592376709
scene14_traj1_1__000254,0.08751655369997025,0.14322087168693542,0.5415421724319458,0.4820818305015564,0.7902461886405945,18.63629150390625,14.630027770996094,0.08751655369997025,0.14322087168693542,26.003345489501953,18.63629150390625,14.630027770996094
scene14_traj1_1__000255,0.09131405502557755,0.1488766223192215,0.5481042861938477,0.49171003699302673,0.802376925945282,19.399208068847656,15.510469436645508,0.09131405502557755,0.1488766223192215,26.457918167114258,19.399208068847656,15.510469436645508
scene14_traj1_1__000256,0.09120874851942062,0.1495959460735321,0.5481677651405334,0.4945354163646698,0.8033871650695801,19.328222274780273,15.453179359436035,0.09120874851942062,0.1495959460735321,26.483867645263672,19.328222274780273,15.453179359436035
scene14_traj1_1__000257,0.08759257942438126,0.1451895833015442,0.5509209036827087,0.4977795481681824,0.8073975443840027,18.973529815673828,14.803953170776367,0.08759257942438126,0.1451895833015442,26.64914321899414,18.973529815673828,14.803953170776367
scene14_traj1_1__000258,0.07740810513496399,0.13063088059425354,0.5588412880897522,0.5193144679069519,0.8269945383071899,19.017141342163086,14.292974472045898,0.07740810513496399,0.13063088059425354,27.35121726989746,19.017141342163086,14.292974472045898
scene14_traj1_1__000259,0.0731378048658371,0.12339885532855988,0.5665270090103149,0.5434958934783936,0.8512172698974609,19.912078857421875,14.59666919708252,0.0731378048658371,0.12339885532855988,28.289337158203125,19.912078857421875,14.59666919708252
scene14_traj1_1__000260,0.06973697990179062,0.11876793950796127,0.5722912549972534,0.5504060387611389,0.8606149554252625,20.222713470458984,14.741497039794922,0.06973697990179062,0.11876793950796127,28.64101791381836,20.222713470458984,14.741497039794922
scene14_traj1_1__000261,0.06813175976276398,0.11697807163000107,0.5730004906654358,0.5483152866363525,0.8586394786834717,19.82268524169922,14.38511848449707,0.06813175976276398,0.11697807163000107,28.505081176757812,19.82268524169922,14.38511848449707
scene14_traj1_1__000262,0.06660770624876022,0.11440559476613998,0.5690603256225586,0.5499207973480225,0.857352614402771,19.6205997467041,13.9686279296875,0.06660770624876022,0.11440559476613998,28.519187927246094,19.6205997467041,13.9686279296875
scene14_traj1_1__000263,0.07044181227684021,0.11974171549081802,0.5686755776405334,0.5532140135765076,0.8597164750099182,20.040019989013672,14.360984802246094,0.07044181227684021,0.11974171549081802,28.62009048461914,20.040019989013672,14.360984802246094
scene14_traj2_1__000000,0.08597110956907272,0.1359289437532425,0.6155698895454407,0.495890349149704,0.8584221005439758,21.036767959594727,18.395658493041992,0.08597110956907272,0.1359289437532425,28.137859344482422,21.036767959594727,18.395658493041992
scene14_traj2_1__000001,0.08618192374706268,0.13625194132328033,0.61444091796875,0.5002631545066833,0.8600714206695557,20.96004867553711,18.15200424194336,0.08618192374706268,0.13625194132328033,28.181608200073242,20.96004867553711,18.15200424194336
scene14_traj2_1__000002,0.08613195270299911,0.13598135113716125,0.6061663031578064,0.5030711889266968,0.8545699119567871,20.552091598510742,17.40727996826172,0.08613195270299911,0.13598135113716125,28.029434204101562,20.552091598510742,17.40727996826172
scene14_traj2_1__000003,0.08659692108631134,0.13673868775367737,0.6137583255767822,0.5105739235877991,0.8664036393165588,21.3748779296875,18.343122482299805,0.08659692108631134,0.13673868775367737,28.48164176940918,21.3748779296875,18.343122482299805
scene14_traj2_1__000004,0.08634042739868164,0.1364738792181015,0.6189277768135071,0.5101034641265869,0.8705750703811646,21.596906661987305,18.812467575073242,0.08634042739868164,0.1364738792181015,28.61609649658203,21.596906661987305,18.812467575073242
scene14_traj2_1__000005,0.08588635176420212,0.13566520810127258,0.6189957857131958,0.5049602389335632,0.867734968662262,21.37650489807129,18.629161834716797,0.08588635176420212,0.13566520810127258,28.496944427490234,21.37650489807129,18.629161834716797
scene14_traj2_1__000006,0.08551729470491409,0.1352650225162506,0.6150237917900085,0.5037901997566223,0.8631287217140198,21.096324920654297,18.144683837890625,0.08551729470491409,0.1352650225162506,28.337657928466797,21.096324920654297,18.144683837890625
scene14_traj2_1__000007,0.08600015938282013,0.13593606650829315,0.6146329045295715,0.5109074115753174,0.8673672676086426,21.40604591369629,18.387121200561523,0.08600015938282013,0.13593606650829315,28.566125869750977,21.40604591369629,18.387121200561523
scene14_traj2_1__000008,0.08625447005033493,0.13601046800613403,0.6130177974700928,0.5165013670921326,0.8697082996368408,21.49344253540039,18.298826217651367,0.08625447005033493,0.13601046800613403,28.655675888061523,21.49344253540039,18.298826217651367
scene14_traj2_1__000009,0.08626321703195572,0.13624005019664764,0.6196159720420837,0.5135712623596191,0.8736414313316345,21.893163681030273,19.03048324584961,0.08626321703195572,0.13624005019664764,28.769514083862305,21.893163681030273,19.03048324584961
scene14_traj2_1__000010,0.08619891852140427,0.13636043667793274,0.6210481524467468,0.5120719075202942,0.8736446499824524,21.841045379638672,18.983230590820312,0.08619891852140427,0.13636043667793274,28.76204490661621,21.841045379638672,18.983230590820312
scene14_traj2_1__000011,0.08573991060256958,0.13563968241214752,0.6117644906044006,0.5061497688293457,0.8625522255897522,20.88427734375,17.804786682128906,0.08573991060256958,0.13563968241214752,28.320350646972656,20.88427734375,17.804786682128906
scene14_traj2_1__000012,0.08567791432142258,0.13545218110084534,0.6097729206085205,0.5111656188964844,0.8639560341835022,21.046459197998047,17.87123680114746,0.08567791432142258,0.13545218110084534,28.414583206176758,21.046459197998047,17.87123680114746
scene14_traj2_1__000013,0.08623620122671127,0.13624820113182068,0.6143918037414551,0.5171146988868713,0.8722923398017883,21.6540470123291,18.595903396606445,0.08623620122671127,0.13624820113182068,28.730031967163086,21.6540470123291,18.595903396606445
scene14_traj2_1__000014,0.08639715611934662,0.1366472840309143,0.6235780119895935,0.5168613791465759,0.8798106908798218,22.0278263092041,19.03268051147461,0.08639715611934662,0.1366472840309143,28.9575138092041,22.0278263092041,19.03268051147461
scene14_traj2_1__000015,0.08618435263633728,0.13652673363685608,0.6198306083679199,0.515770673751831,0.8753954172134399,21.77676773071289,18.793107986450195,0.08618435263633728,0.13652673363685608,28.803205490112305,21.77676773071289,18.793107986450195
scene14_traj2_1__000016,0.08618304878473282,0.13652455806732178,0.6191444993019104,0.5100829601287842,0.8714327812194824,21.427644729614258,18.41339874267578,0.08618304878473282,0.13652455806732178,28.633800506591797,21.427644729614258,18.41339874267578
scene14_traj2_1__000017,0.08613546192646027,0.1365741640329361,0.6204149723052979,0.5165870189666748,0.8777152895927429,21.859228134155273,18.85649871826172,0.08613546192646027,0.1365741640329361,28.90372085571289,21.859228134155273,18.85649871826172
scene14_traj2_1__000018,0.08563025295734406,0.13545635342597961,0.6138307452201843,0.5222712159156799,0.8753160238265991,21.741004943847656,18.47123908996582,0.08563025295734406,0.13545635342597961,28.899145126342773,21.741004943847656,18.47123908996582
scene14_traj2_1__000019,0.08612457662820816,0.13650240004062653,0.6322557330131531,0.521364152431488,0.8908788561820984,22.71401596069336,19.83976173400879,0.08612457662820816,0.13650240004062653,29.370826721191406,22.71401596069336,19.83976173400879
scene14_traj2_1__000020,0.0861869752407074,0.13677385449409485,0.6285629868507385,0.5200451016426086,0.8864021301269531,22.330297470092773,19.40637969970703,0.0861869752407074,0.13677385449409485,29.21209716796875,22.330297470092773,19.40637969970703
scene14_traj2_1__000021,0.08603445440530777,0.13654161989688873,0.6304082274436951,0.5215032696723938,0.8896459341049194,22.395231246948242,19.333194732666016,0.08603445440530777,0.13654161989688873,29.32993507385254,22.395231246948242,19.333194732666016
scene14_traj2_1__000022,0.08571375906467438,0.13594235479831696,0.6233062744140625,0.5211281180381775,0.8829629421234131,22.23097038269043,19.03150749206543,0.08571375906467438,0.13594235479831696,29.133777618408203,22.23097038269043,19.03150749206543
scene14_traj2_1__000023,0.08620993793010712,0.13652126491069794,0.6267656683921814,0.5299543142318726,0.8927112221717834,22.898710250854492,19.81676483154297,0.08620993793010712,0.13652126491069794,29.498916625976562,22.898710250854492,19.81676483154297
scene14_traj2_1__000024,0.08647758513689041,0.1370597779750824,0.6360511183738708,0.5237636566162109,0.8959412574768066,23.093814849853516,20.168296813964844,0.08647758513689041,0.1370597779750824,29.551836013793945,23.093814849853516,20.168296813964844
scene14_traj2_1__000025,0.08595359325408936,0.13654252886772156,0.6284034252166748,0.5221529603004456,0.8882985711097717,22.351531982421875,19.16244125366211,0.08595359325408936,0.13654252886772156,29.285207748413086,22.351531982421875,19.16244125366211
scene14_traj2_1__000026,0.08634240925312042,0.1370660811662674,0.6319354772567749,0.5221971273422241,0.8915786147117615,22.679977416992188,19.703779220581055,0.08634240925312042,0.1370660811662674,29.39562225341797,22.679977416992188,19.703779220581055
scene14_traj2_1__000027,0.08554069697856903,0.1357935667037964,0.632768452167511,0.5296552181243896,0.8980473279953003,23.30289649963379,20.28019142150879,0.08554069697856903,0.1357935667037964,29.735448837280273,23.30289649963379,20.28019142150879
scene14_traj2_1__000028,0.08625175803899765,0.1366129219532013,0.6415802240371704,0.5327462553977966,0.9076905846595764,24.085376739501953,21.262165069580078,0.08625175803899765,0.1366129219532013,30.04922103881836,24.085376739501953,21.262165069580078
scene14_traj2_1__000029,0.08575084060430527,0.1361350417137146,0.6351962685585022,0.5267353057861328,0.8973548412322998,23.088573455810547,20.012287139892578,0.08575084060430527,0.1361350417137146,29.64252281188965,23.088573455810547,20.012287139892578
scene14_traj2_1__000030,0.08588648587465286,0.13639694452285767,0.6384698748588562,0.5266308784484863,0.8994088172912598,23.175050735473633,20.085920333862305,0.08588648587465286,0.13639694452285767,29.725515365600586,23.175050735473633,20.085920333862305
scene14_traj2_1__000031,0.08553598821163177,0.13615934550762177,0.6412155628204346,0.5290486812591553,0.9051747918128967,23.721397399902344,20.800539016723633,0.08553598821163177,0.13615934550762177,29.968334197998047,23.721397399902344,20.800539016723633
scene14_traj2_1__000032,0.08560730516910553,0.13602137565612793,0.6326122283935547,0.5336505174636841,0.9008133411407471,23.631797790527344,20.54578399658203,0.08560730516910553,0.13602137565612793,29.852460861206055,23.631797790527344,20.54578399658203
scene14_traj2_1__000033,0.08536811172962189,0.13607706129550934,0.6364915370941162,0.5317522883415222,0.9027845859527588,23.751855850219727,20.750755310058594,0.08536811172962189,0.13607706129550934,29.889127731323242,23.751855850219727,20.750755310058594
scene14_traj2_1__000034,0.08527876436710358,0.13600055873394012,0.6462593078613281,0.5317204594612122,0.9107405543327332,23.96939468383789,20.94858741760254,0.08527876436710358,0.13600055873394012,30.16791343688965,23.96939468383789,20.94858741760254
scene14_traj2_1__000035,0.08496934920549393,0.1355835646390915,0.6363295912742615,0.5306879281997681,0.9015952348709106,23.370983123779297,20.197492599487305,0.08496934920549393,0.1355835646390915,29.859859466552734,23.370983123779297,20.197492599487305
scene14_traj2_1__000036,0.08517414331436157,0.13575273752212524,0.6229314804077148,0.5310360789299011,0.8912623524665833,22.761884689331055,19.327075958251953,0.08517414331436157,0.13575273752212524,29.493141174316406,22.761884689331055,19.327075958251953
scene14_traj2_1__000037,0.08597724884748459,0.13705478608608246,0.6391866207122803,0.5346214771270752,0.9065333604812622,24.123422622680664,21.269886016845703,0.08597724884748459,0.13705478608608246,30.028091430664062,24.123422622680664,21.269886016845703
scene14_traj2_1__000038,0.0851939469575882,0.13609561324119568,0.6468436121940613,0.5298444628715515,0.9100055694580078,24.233665466308594,21.318817138671875,0.0851939469575882,0.13609561324119568,30.157941818237305,24.233665466308594,21.318817138671875
scene14_traj2_1__000039,0.08473482728004456,0.13552062213420868,0.6511180996894836,0.5302833318710327,0.9145022034645081,24.37901496887207,21.492176055908203,0.08473482728004456,0.13552062213420868,30.298707962036133,24.37901496887207,21.492176055908203
scene14_traj2_1__000040,0.08428756892681122,0.13505418598651886,0.6308959126472473,0.5318055152893066,0.8987401127815247,23.297399520874023,19.92193603515625,0.08428756892681122,0.13505418598651886,29.774045944213867,23.297399520874023,19.92193603515625
scene14_traj2_1__000041,0.08468078821897507,0.13567613065242767,0.6420441269874573,0.536782443523407,0.9126008749008179,24.351755142211914,21.330078125,0.08468078821897507,0.13567613065242767,30.27820587158203,24.351755142211914,21.330078125
scene14_traj2_1__000042,0.08403536677360535,0.13441267609596252,0.6449414491653442,0.5349252223968506,0.9124206304550171,24.316951751708984,21.19709587097168,0.08403536677360535,0.13441267609596252,30.284135818481445,24.316951751708984,21.19709587097168
scene14_traj2_1__000043,0.08250603824853897,0.13254867494106293,0.6377802491188049,0.533465564250946,0.9042114019393921,23.542829513549805,20.050474166870117,0.08250603824853897,0.13254867494106293,29.96442985534668,23.542829513549805,20.050474166870117
scene14_traj2_1__000044,0.0823851227760315,0.13217246532440186,0.6351497769355774,0.5337214469909668,0.9029309749603271,23.600658416748047,20.135251998901367,0.0823851227760315,0.13217246532440186,29.945987701416016,23.600658416748047,20.135251998901367
scene14_traj2_1__000045,0.0820276066660881,0.13154911994934082,0.6298612952232361,0.5400439500808716,0.9033071994781494,23.798294067382812,20.258333206176758,0.0820276066660881,0.13154911994934082,30.030988693237305,23.798294067382812,20.258333206176758
scene14_traj2_1__000046,0.08146567642688751,0.13116663694381714,0.6311177611351013,0.5405026078224182,0.9040518999099731,23.71320343017578,20.11346435546875,0.08146567642688751,0.13116663694381714,30.046146392822266,23.71320343017578,20.11346435546875
scene14_traj2_1__000047,0.08090826869010925,0.1304173767566681,0.6310354471206665,0.5369322299957275,0.9006810188293457,23.57296371459961,20.054935455322266,0.08090826869010925,0.1304173767566681,29.921676635742188,23.57296371459961,20.054935455322266
scene14_traj2_1__000048,0.0804227665066719,0.12959499657154083,0.6272839307785034,0.5390102863311768,0.8986836671829224,23.275400161743164,19.5047607421875,0.0804227665066719,0.12959499657154083,29.856761932373047,23.275400161743164,19.5047607421875
scene14_traj2_1__000049,0.0798930749297142,0.12858422100543976,0.6273284554481506,0.5419081449508667,0.90187668800354,23.456796646118164,19.6258487701416,0.0798930749297142,0.12858422100543976,30.033218383789062,23.456796646118164,19.6258487701416
scene14_traj2_1__000050,0.07960238307714462,0.12831464409828186,0.6339247822761536,0.5437713265419006,0.9097094535827637,24.065141677856445,20.40631866455078,0.07960238307714462,0.12831464409828186,30.268800735473633,24.065141677856445,20.40631866455078
scene14_traj2_1__000051,0.07849342375993729,0.12691116333007812,0.6330852508544922,0.5418028831481934,0.9054930210113525,23.76737403869629,19.954261779785156,0.07849342375993729,0.12691116333007812,30.120241165161133,23.76737403869629,19.954261779785156
scene14_traj2_1__000052,0.07847748696804047,0.12710416316986084,0.6317601799964905,0.5410457849502563,0.9035230278968811,23.397008895874023,19.510059356689453,0.07847748696804047,0.12710416316986084,30.0336856842041,23.397008895874023,19.510059356689453
scene14_traj2_1__000053,0.07714948058128357,0.1250232756137848,0.6297675371170044,0.5434536933898926,0.9048967957496643,23.420188903808594,19.364837646484375,0.07714948058128357,0.1250232756137848,30.106067657470703,23.420188903808594,19.364837646484375
scene14_traj2_1__000054,0.07749136537313461,0.1252724826335907,0.6267944574356079,0.5454921722412109,0.9051218032836914,23.73319435119629,19.756349563598633,0.07749136537313461,0.1252724826335907,30.158540725708008,23.73319435119629,19.756349563598633
scene14_traj2_1__000055,0.07692014425992966,0.12440291047096252,0.6346774697303772,0.548095166683197,0.913068950176239,24.34864616394043,20.554628372192383,0.07692014425992966,0.12440291047096252,30.461200714111328,24.34864616394043,20.554628372192383
scene14_traj2_1__000056,0.0756748765707016,0.12252148240804672,0.6375927329063416,0.5490627884864807,0.914340078830719,24.24565315246582,20.30870819091797,0.0756748765707016,0.12252148240804672,30.49233627319336,24.24565315246582,20.30870819091797
scene14_traj2_1__000057,0.07469356805086136,0.1212226152420044,0.634042501449585,0.5478514432907104,0.9103702306747437,23.92132568359375,19.863950729370117,0.07469356805086136,0.1212226152420044,30.357208251953125,23.92132568359375,19.863950729370117
scene14_traj2_1__000058,0.07451630383729935,0.12079913169145584,0.6397104263305664,0.551246166229248,0.9175295829772949,24.322288513183594,20.22748374938965,0.07451630383729935,0.12079913169145584,30.650279998779297,24.322288513183594,20.22748374938965
scene14_traj2_1__000059,0.0744447410106659,0.12058854848146439,0.6319417953491211,0.5483412742614746,0.9099836349487305,23.88985252380371,19.71258544921875,0.0744447410106659,0.12058854848146439,30.347185134887695,23.88985252380371,19.71258544921875
scene14_traj2_1__000060,0.07445041090250015,0.12065424025058746,0.6293479204177856,0.5583265423774719,0.9151614904403687,24.336410522460938,20.04013442993164,0.07445041090250015,0.12065424025058746,30.604036331176758,24.336410522460938,20.04013442993164
scene14_traj2_1__000061,0.07382732629776001,0.11980699747800827,0.6315843462944031,0.5536743402481079,0.9137388467788696,24.30685806274414,20.040674209594727,0.07382732629776001,0.11980699747800827,30.55415153503418,24.30685806274414,20.040674209594727
scene14_traj2_1__000062,0.0737142264842987,0.1196407824754715,0.6320309042930603,0.552614688873291,0.9122843146324158,24.30909538269043,20.05360984802246,0.0737142264842987,0.1196407824754715,30.501480102539062,24.30909538269043,20.05360984802246
scene14_traj2_1__000063,0.07330623269081116,0.11901135742664337,0.6346923112869263,0.5495463013648987,0.9136349558830261,24.381305694580078,20.18923568725586,0.07330623269081116,0.11901135742664337,30.53341293334961,24.381305694580078,20.18923568725586
scene14_traj2_1__000064,0.07351216673851013,0.11930208653211594,0.6289052963256836,0.5484347343444824,0.9081880450248718,24.127330780029297,19.780189514160156,0.07351216673851013,0.11930208653211594,30.355632781982422,24.127330780029297,19.780189514160156
scene14_traj2_1__000065,0.07543981820344925,0.12190546095371246,0.6296991109848022,0.5568636059761047,0.9171642661094666,24.966602325439453,20.908061981201172,0.07543981820344925,0.12190546095371246,30.697824478149414,24.966602325439453,20.908061981201172
scene14_traj2_1__000066,0.07557420432567596,0.12170086055994034,0.6256160736083984,0.5511494874954224,0.9096893668174744,24.709394454956055,20.576345443725586,0.07557420432567596,0.12170086055994034,30.44573402404785,24.709394454956055,20.576345443725586
scene14_traj2_2__000000,0.08540230989456177,0.13268119096755981,0.6359452605247498,0.517785906791687,0.9063333868980408,25.94695281982422,23.650453567504883,0.08540230989456177,0.13268119096755981,29.963306427001953,25.94695281982422,23.650453567504883
scene14_traj2_2__000001,0.0861506536602974,0.1336808055639267,0.6331336498260498,0.5182554125785828,0.9036746621131897,25.798686981201172,23.439476013183594,0.0861506536602974,0.1336808055639267,29.892887115478516,25.798686981201172,23.439476013183594
scene14_traj2_2__000002,0.08665882050991058,0.13406017422676086,0.6289781332015991,0.5251813530921936,0.9055104851722717,25.797677993774414,23.387855529785156,0.08665882050991058,0.13406017422676086,29.970558166503906,25.797677993774414,23.387855529785156
scene14_traj2_2__000003,0.08809582144021988,0.13525879383087158,0.6367334127426147,0.5294240713119507,0.9149120450019836,26.36400604248047,24.056480407714844,0.08809582144021988,0.13525879383087158,30.29094696044922,26.36400604248047,24.056480407714844
scene14_traj2_2__000004,0.08589513599872589,0.1325252652168274,0.6324352622032166,0.5226125121116638,0.9066546559333801,25.853513717651367,23.538875579833984,0.08589513599872589,0.1325252652168274,29.98952865600586,25.853513717651367,23.538875579833984
scene14_traj2_2__000005,0.08500399440526962,0.1315956860780716,0.6326887011528015,0.5189604759216309,0.90309739112854,25.635072708129883,23.189071655273438,0.08500399440526962,0.1315956860780716,29.875221252441406,25.635072708129883,23.189071655273438
scene14_traj2_2__000006,0.0842806026339531,0.13043762743473053,0.6193807125091553,0.5171634554862976,0.8898254632949829,24.82892608642578,22.122970581054688,0.0842806026339531,0.13043762743473053,29.413928985595703,24.82892608642578,22.122970581054688
scene14_traj2_2__000007,0.08471307158470154,0.13082869350910187,0.6204410195350647,0.5233096480369568,0.8948786854743958,25.078369140625,22.34575843811035,0.08471307158470154,0.13082869350910187,29.60838508605957,25.078369140625,22.34575843811035
scene14_traj2_2__000008,0.0852338969707489,0.13103985786437988,0.630407989025116,0.528105616569519,0.9069048762321472,25.881942749023438,23.43575668334961,0.0852338969707489,0.13103985786437988,30.025554656982422,25.881942749023438,23.43575668334961
scene14_traj2_2__000009,0.0842273086309433,0.1299949437379837,0.6240004897117615,0.5239803194999695,0.8987170457839966,25.389307022094727,22.831825256347656,0.0842273086309433,0.1299949437379837,29.729814529418945,25.389307022094727,22.831825256347656
scene14_traj2_2__000010,0.08312254399061203,0.12866432964801788,0.6177164912223816,0.5230627059936523,0.8920559883117676,25.005538940429688,22.2391300201416,0.08312254399061203,0.12866432964801788,29.510648727416992,25.005538940429688,22.2391300201416
scene14_traj2_2__000011,0.08326340466737747,0.12880957126617432,0.6217367053031921,0.523424506187439,0.8956001996994019,25.069427490234375,22.309741973876953,0.08326340466737747,0.12880957126617432,29.636728286743164,25.069427490234375,22.309741973876953
scene14_traj2_2__000012,0.08357767015695572,0.12889397144317627,0.6239989399909973,0.530149519443512,0.901198148727417,25.40683364868164,22.64899253845215,0.08357767015695572,0.12889397144317627,29.84447479248047,25.40683364868164,22.64899253845215
scene14_traj2_2__000013,0.08440501987934113,0.12975215911865234,0.6301583051681519,0.5351802706718445,0.9112740159034729,26.053478240966797,23.445146560668945,0.08440501987934113,0.12975215911865234,30.216819763183594,26.053478240966797,23.445146560668945
scene14_traj2_2__000014,0.08311226218938828,0.12816816568374634,0.6152398586273193,0.5256567597389221,0.8918198943138123,24.95046043395996,22.117897033691406,0.08311226218938828,0.12816816568374634,29.52303123474121,24.95046043395996,22.117897033691406
scene14_traj2_2__000015,0.08266203850507736,0.12775449454784393,0.6105696558952332,0.5220019817352295,0.8854371905326843,24.68073272705078,21.911508560180664,0.08266203850507736,0.12775449454784393,29.307584762573242,24.68073272705078,21.911508560180664
scene14_traj2_2__000016,0.08329134434461594,0.12842907011508942,0.6046936511993408,0.5263204574584961,0.8822047710418701,24.3935489654541,21.42519187927246,0.08329134434461594,0.12842907011508942,29.18912696838379,24.3935489654541,21.42519187927246
scene14_traj2_2__000017,0.08382503688335419,0.12867014110088348,0.6194772720336914,0.5354399085044861,0.9014376401901245,25.56761360168457,22.76683235168457,0.08382503688335419,0.12867014110088348,29.89852523803711,25.56761360168457,22.76683235168457
scene14_traj2_2__000018,0.08296697586774826,0.12758666276931763,0.6187126040458679,0.5284558534622192,0.8971855640411377,25.28550148010254,22.486040115356445,0.08296697586774826,0.12758666276931763,29.722082138061523,25.28550148010254,22.486040115356445
scene14_traj2_2__000019,0.08267895132303238,0.12729838490486145,0.608957052230835,0.5239810943603516,0.8854785561561584,24.711023330688477,21.90281867980957,0.08267895132303238,0.12729838490486145,29.299726486206055,24.711023330688477,21.90281867980957
scene14_traj2_2__000020,0.08328904211521149,0.12776945531368256,0.6086501479148865,0.5281395316123962,0.8877147436141968,24.67506980895996,21.750211715698242,0.08328904211521149,0.12776945531368256,29.392858505249023,24.67506980895996,21.750211715698242
scene14_traj2_2__000021,0.08386357873678207,0.12813524901866913,0.6222220659255981,0.5336717367172241,0.9038264155387878,25.717315673828125,23.01364517211914,0.08386357873678207,0.12813524901866913,29.956100463867188,25.717315673828125,23.01364517211914
scene14_traj2_2__000022,0.08320474624633789,0.1274639517068863,0.6155021786689758,0.5258706212043762,0.892920732498169,25.116619110107422,22.431230545043945,0.08320474624633789,0.1274639517068863,29.561521530151367,25.116619110107422,22.431230545043945
scene14_traj2_2__000023,0.08205710351467133,0.12572133541107178,0.6068166494369507,0.5203199982643127,0.8805304765701294,24.44460678100586,21.644311904907227,0.08205710351467133,0.12572133541107178,29.14854621887207,24.44460678100586,21.644311904907227
scene14_traj2_2__000024,0.08228583633899689,0.12546969950199127,0.6141030192375183,0.5324458479881287,0.8931388258934021,25.11560821533203,22.23507308959961,0.08228583633899689,0.12546969950199127,29.617210388183594,25.11560821533203,22.23507308959961
scene14_traj2_2__000025,0.08107474446296692,0.12414250522851944,0.6218277812004089,0.5291216373443604,0.8972810506820679,25.345840454101562,22.600011825561523,0.08107474446296692,0.12414250522851944,29.755332946777344,25.345840454101562,22.600011825561523
scene14_traj2_2__000026,0.08037547022104263,0.12328025698661804,0.6146690845489502,0.5208261013031006,0.8847315311431885,24.555208206176758,21.784832000732422,0.08037547022104263,0.12328025698661804,29.267189025878906,24.555208206176758,21.784832000732422
scene14_traj2_2__000027,0.0813535526394844,0.12429068237543106,0.6179396510124207,0.5301111936569214,0.8942850828170776,25.131261825561523,22.3679256439209,0.0813535526394844,0.12429068237543106,29.639631271362305,25.131261825561523,22.3679256439209
scene14_traj2_2__000028,0.07937545329332352,0.12226658314466476,0.617501437664032,0.524573564529419,0.8900017142295837,24.829566955566406,22.06735610961914,0.07937545329332352,0.12226658314466476,29.469738006591797,24.829566955566406,22.06735610961914
scene14_traj2_2__000029,0.07849138230085373,0.1210470050573349,0.6057731509208679,0.5256673693656921,0.8794198632240295,24.122968673706055,21.018159866333008,0.07849138230085373,0.1210470050573349,29.112878799438477,24.122968673706055,21.018159866333008
scene14_traj2_2__000030,0.07840046286582947,0.12047366797924042,0.6170949339866638,0.5384805798530579,0.8981871604919434,25.294227600097656,22.391189575195312,0.07840046286582947,0.12047366797924042,29.85511016845703,25.294227600097656,22.391189575195312
scene14_traj2_2__000031,0.07523222267627716,0.11642994731664658,0.605175793170929,0.5255308151245117,0.8798838257789612,24.319427490234375,21.181238174438477,0.07523222267627716,0.11642994731664658,29.2037410736084,24.319427490234375,21.181238174438477
scene14_traj2_2__000032,0.07533113658428192,0.11686380952596664,0.6018662452697754,0.527320146560669,0.8774067163467407,24.023841857910156,20.714855194091797,0.07533113658428192,0.11686380952596664,29.119163513183594,24.023841857910156,20.714855194091797
scene14_traj2_2__000033,0.07560941576957703,0.11684899777173996,0.6054774522781372,0.5356764793395996,0.8858978152275085,24.723960876464844,21.538537979125977,0.07560941576957703,0.11684899777173996,29.45128059387207,24.723960876464844,21.538537979125977
scene14_traj2_2__000034,0.07290152460336685,0.11367882788181305,0.6086564064025879,0.5345283150672913,0.8887602686882019,24.736217498779297,21.616607666015625,0.07290152460336685,0.11367882788181305,29.527536392211914,24.736217498779297,21.616607666015625
scene14_traj2_2__000035,0.07041708379983902,0.11103971302509308,0.6002588868141174,0.5303734540939331,0.8776462078094482,23.959774017333984,20.502809524536133,0.07041708379983902,0.11103971302509308,29.14267921447754,23.959774017333984,20.502809524536133
scene14_traj2_2__000036,0.07109931856393814,0.1117744967341423,0.603168249130249,0.5430782437324524,0.8894425630569458,24.670392990112305,21.306381225585938,0.07109931856393814,0.1117744967341423,29.619218826293945,24.670392990112305,21.306381225585938
scene14_traj2_2__000037,0.07033153623342514,0.1111464649438858,0.606265127658844,0.5359082818031311,0.887384295463562,24.651708602905273,21.47184181213379,0.07033153623342514,0.1111464649438858,29.50135040283203,24.651708602905273,21.47184181213379
scene14_traj2_2__000038,0.06948525458574295,0.11005310714244843,0.5975910425186157,0.5303749442100525,0.875074565410614,23.74517250061035,20.255380630493164,0.06948525458574295,0.11005310714244843,29.05821418762207,23.74517250061035,20.255380630493164
scene14_traj2_2__000039,0.07164439558982849,0.11275730282068253,0.604457676410675,0.535391092300415,0.8849332928657532,24.35573387145996,20.913419723510742,0.07164439558982849,0.11275730282068253,29.451580047607422,24.35573387145996,20.913419723510742
scene14_traj2_2__000040,0.07290169596672058,0.11478924006223679,0.6139052510261536,0.5335378050804138,0.8922224044799805,25.015859603881836,21.970611572265625,0.07290169596672058,0.11478924006223679,29.66594123840332,25.015859603881836,21.970611572265625
scene14_traj2_2__000041,0.07707041501998901,0.12015454471111298,0.5944918394088745,0.5192157626152039,0.8657723665237427,23.62759780883789,20.36609649658203,0.07707041501998901,0.12015454471111298,28.69390869140625,23.62759780883789,20.36609649658203
scene14_traj2_2__000042,0.07851622998714447,0.12177751958370209,0.5927709341049194,0.5241346955299377,0.8673233985900879,23.62353515625,20.256988525390625,0.07851622998714447,0.12177751958370209,28.780780792236328,23.62353515625,20.256988525390625
scene14_traj2_2__000043,0.08460259437561035,0.1296933889389038,0.606366753578186,0.5164965987205505,0.8754483461380005,24.322010040283203,21.422090530395508,0.08460259437561035,0.1296933889389038,28.997251510620117,24.322010040283203,21.422090530395508
scene14_traj2_2__000044,0.08776333183050156,0.134014293551445,0.6005269289016724,0.5051800012588501,0.8619694113731384,23.662521362304688,20.76226043701172,0.08776333183050156,0.134014293551445,28.49684715270996,23.662521362304688,20.76226043701172
scene14_traj2_2__000045,0.09514039754867554,0.14211401343345642,0.5970057845115662,0.4987524449825287,0.8545407652854919,23.522441864013672,20.76470947265625,0.09514039754867554,0.14211401343345642,28.163793563842773,23.522441864013672,20.76470947265625
scene14_traj2_2__000046,0.09721897542476654,0.14491212368011475,0.5957717299461365,0.485964298248291,0.8478928208351135,23.302045822143555,20.68014144897461,0.09721897542476654,0.14491212368011475,27.908039093017578,23.302045822143555,20.68014144897461
scene14_traj2_2__000047,0.09675229340791702,0.1444563865661621,0.5801666378974915,0.4827810823917389,0.8308799266815186,22.326955795288086,19.52776527404785,0.09675229340791702,0.1444563865661621,27.308006286621094,22.326955795288086,19.52776527404785
scene14_traj2_2__000048,0.09930726885795593,0.1473069190979004,0.6060148477554321,0.4889262616634369,0.8578649759292603,23.89028549194336,21.39531707763672,0.09930726885795593,0.1473069190979004,28.23541259765625,23.89028549194336,21.39531707763672
scene14_traj2_2__000049,0.09865107387304306,0.14698399603366852,0.5942933559417725,0.4840661585330963,0.844985842704773,22.967164993286133,20.413143157958984,0.09865107387304306,0.14698399603366852,27.792261123657227,22.967164993286133,20.413143157958984
scene14_traj2_2__000050,0.09942663460969925,0.1477016657590866,0.5993354320526123,0.48755428194999695,0.8513977527618408,23.108118057250977,20.534006118774414,0.09942663460969925,0.1477016657590866,27.996828079223633,23.108118057250977,20.534006118774414
scene14_traj2_2__000051,0.10019096732139587,0.1497102826833725,0.6145088076591492,0.49002525210380554,0.8657486438751221,23.97890281677246,21.78411293029785,0.10019096732139587,0.1497102826833725,28.491174697875977,23.97890281677246,21.78411293029785
scene14_traj2_2__000052,0.09871520847082138,0.14807066321372986,0.5950824022293091,0.4813573360443115,0.8427912592887878,22.544252395629883,20.02102279663086,0.09871520847082138,0.14807066321372986,27.685956954956055,22.544252395629883,20.02102279663086
scene14_traj2_2__000053,0.10204838961362839,0.1521197110414505,0.6250671744346619,0.48878544569015503,0.8744342923164368,24.3841495513916,22.329273223876953,0.10204838961362839,0.1521197110414505,28.77075958251953,24.3841495513916,22.329273223876953
scene14_traj2_2__000054,0.10175575315952301,0.1521560549736023,0.6103134751319885,0.47887754440307617,0.8542829751968384,23.284814834594727,21.103118896484375,0.10175575315952301,0.1521560549736023,28.058691024780273,23.284814834594727,21.103118896484375
scene14_traj2_2__000055,0.10237281024456024,0.1533556580543518,0.613277792930603,0.4775479733943939,0.8568430542945862,23.208507537841797,21.010276794433594,0.10237281024456024,0.1533556580543518,28.16290283203125,23.208507537841797,21.010276794433594
scene14_traj2_2__000056,0.1054500937461853,0.15740375220775604,0.6313575506210327,0.4842446744441986,0.8770046234130859,24.635433197021484,22.890058517456055,0.1054500937461853,0.15740375220775604,28.808170318603516,24.635433197021484,22.890058517456055
scene14_traj2_2__000057,0.10335502028465271,0.15503200888633728,0.6038337349891663,0.4744293689727783,0.8460293412208557,22.80925178527832,20.623449325561523,0.10335502028465271,0.15503200888633728,27.794763565063477,22.80925178527832,20.623449325561523
scene14_traj2_2__000058,0.10484293103218079,0.15640461444854736,0.5966988801956177,0.4737996459007263,0.8389648199081421,22.305994033813477,19.9406795501709,0.10484293103218079,0.15640461444854736,27.535919189453125,22.305994033813477,19.9406795501709
scene14_traj2_2__000059,0.10708796977996826,0.15874120593070984,0.6139651536941528,0.4748273491859436,0.8554250001907349,23.617042541503906,21.6795711517334,0.10708796977996826,0.15874120593070984,28.10995864868164,23.617042541503906,21.6795711517334
scene14_traj2_2__000060,0.10508839040994644,0.15674400329589844,0.5918570756912231,0.4675012528896332,0.8317911028862,22.061553955078125,19.74262237548828,0.10508839040994644,0.15674400329589844,27.284709930419922,22.061553955078125,19.74262237548828
scene14_traj2_2__000061,0.10639145225286484,0.15835866332054138,0.6249797940254211,0.4783102571964264,0.8683109879493713,24.090534210205078,22.138120651245117,0.10639145225286484,0.15835866332054138,28.518136978149414,24.090534210205078,22.138120651245117
scene14_traj2_2__000062,0.10598748177289963,0.1583036631345749,0.616969883441925,0.471294105052948,0.8561322689056396,23.472442626953125,21.53138542175293,0.10598748177289963,0.1583036631345749,28.090421676635742,23.472442626953125,21.53138542175293
scene14_traj2_2__000063,0.10538651049137115,0.15790031850337982,0.6032448410987854,0.4708831310272217,0.8441950678825378,22.610225677490234,20.329608917236328,0.10538651049137115,0.15790031850337982,27.737865447998047,22.610225677490234,20.329608917236328
scene14_traj2_2__000064,0.10421092808246613,0.1571890413761139,0.6159306168556213,0.47468262910842896,0.8569163084030151,23.254467010498047,21.155397415161133,0.10421092808246613,0.1571890413761139,28.156858444213867,23.254467010498047,21.155397415161133
scene14_traj2_2__000065,0.10277435183525085,0.15614934265613556,0.6157901883125305,0.4765162765979767,0.8577043414115906,23.277013778686523,21.17584991455078,0.10277435183525085,0.15614934265613556,28.169586181640625,23.277013778686523,21.17584991455078
scene14_traj2_2__000066,0.10391192138195038,0.15757037699222565,0.6344926953315735,0.4851328432559967,0.8796346783638,24.72791862487793,22.95464515686035,0.10391192138195038,0.15757037699222565,28.942447662353516,24.72791862487793,22.95464515686035
scene14_traj2_2__000067,0.10357192903757095,0.1579720824956894,0.6270390152931213,0.4777427911758423,0.8678083419799805,23.846250534057617,21.806438446044922,0.10357192903757095,0.1579720824956894,28.52083969116211,23.846250534057617,21.806438446044922
scene14_traj2_2__000068,0.10348857194185257,0.15718171000480652,0.6236943602561951,0.47735872864723206,0.8653439879417419,23.629268646240234,21.470081329345703,0.10348857194185257,0.15718171000480652,28.459453582763672,23.629268646240234,21.470081329345703
scene14_traj2_2__000069,0.10653576254844666,0.16079172492027283,0.6479291915893555,0.48356854915618896,0.891609787940979,25.46483612060547,23.80891990661621,0.10653576254844666,0.16079172492027283,29.338865280151367,25.46483612060547,23.80891990661621
scene14_traj2_2__000070,0.10681474208831787,0.16237778961658478,0.6380228996276855,0.48308685421943665,0.8858035802841187,25.115068435668945,23.13932228088379,0.10681474208831787,0.16237778961658478,29.207731246948242,25.115068435668945,23.13932228088379
scene14_traj2_2__000071,0.10692907124757767,0.16232848167419434,0.6386994123458862,0.49078473448753357,0.8912059664726257,25.32962989807129,23.305505752563477,0.10692907124757767,0.16232848167419434,29.389270782470703,25.32962989807129,23.305505752563477
scene14_traj2_2__000072,0.10924101620912552,0.16692803800106049,0.6506385803222656,0.49110525846481323,0.9025110006332397,26.030874252319336,24.211353302001953,0.10924101620912552,0.16692803800106049,29.787343978881836,26.030874252319336,24.211353302001953
scene14_traj2_2__000073,0.1082964837551117,0.16661955416202545,0.6337737441062927,0.48784464597702026,0.8850462436676025,24.95079231262207,22.73853302001953,0.1082964837551117,0.16661955416202545,29.22174072265625,24.95079231262207,22.73853302001953
scene14_traj2_2__000074,0.10977449268102646,0.1683596968650818,0.6400269865989685,0.4967111349105835,0.8960784077644348,25.552358627319336,23.51559066772461,0.10977449268102646,0.1683596968650818,29.534099578857422,25.552358627319336,23.51559066772461
scene14_traj2_2__000075,0.1092483177781105,0.16856777667999268,0.638326108455658,0.4877583980560303,0.8895389437675476,25.34090232849121,23.375852584838867,0.1092483177781105,0.16856777667999268,29.318147659301758,25.34090232849121,23.375852584838867
scene14_traj2_2__000076,0.10913944989442825,0.16784659028053284,0.6292645335197449,0.5002791881561279,0.8895436525344849,25.044483184814453,22.638675689697266,0.10913944989442825,0.16784659028053284,29.383869171142578,25.044483184814453,22.638675689697266
scene14_traj2_2__000077,0.10941626876592636,0.16863547265529633,0.6532031297683716,0.49632373452186584,0.9081481695175171,26.224159240722656,24.283218383789062,0.10941626876592636,0.16863547265529633,29.96649932861328,26.224159240722656,24.283218383789062
scene14_traj2_2__000078,0.1073082685470581,0.1658277064561844,0.6342950463294983,0.4974624216556549,0.8925201296806335,25.20964241027832,22.88365936279297,0.1073082685470581,0.1658277064561844,29.4792537689209,25.20964241027832,22.88365936279297
scene14_traj2_2__000079,0.10825596749782562,0.16754795610904694,0.652890145778656,0.5030544400215149,0.9124476909637451,26.42070198059082,24.456369400024414,0.10825596749782562,0.16754795610904694,30.127906799316406,26.42070198059082,24.456369400024414
scene14_traj2_2__000080,0.10679429769515991,0.16754823923110962,0.639397382736206,0.5038385987281799,0.9023445844650269,25.62306022644043,23.236282348632812,0.10679429769515991,0.16754823923110962,29.835552215576172,25.62306022644043,23.236282348632812
scene14_traj2_2__000081,0.10775218904018402,0.16799265146255493,0.642602801322937,0.5140043497085571,0.9109976291656494,26.17089080810547,23.811800003051758,0.10775218904018402,0.16799265146255493,30.14136505126953,26.17089080810547,23.811800003051758
scene14_traj2_2__000082,0.10808777064085007,0.16936582326889038,0.6424064636230469,0.5004436373710632,0.9015092253684998,25.670921325683594,23.50369644165039,0.10808777064085007,0.16936582326889038,29.756736755371094,25.670921325683594,23.50369644165039
scene14_traj2_2__000083,0.10672466456890106,0.16697591543197632,0.6191667914390564,0.5049834847450256,0.8817152976989746,24.17178726196289,21.34392547607422,0.10672466456890106,0.16697591543197632,29.162996292114258,24.17178726196289,21.34392547607422
scene14_traj2_2__000084,0.10659833997488022,0.1666892021894455,0.6385582089424133,0.5077330470085144,0.898069441318512,25.140148162841797,22.795204162597656,0.10659833997488022,0.1666892021894455,29.685518264770508,25.140148162841797,22.795204162597656
scene14_traj2_2__000085,0.10462260991334915,0.16459305584430695,0.6276057362556458,0.49944213032722473,0.8819827437400818,23.767559051513672,21.042558670043945,0.10462260991334915,0.16459305584430695,29.1433162689209,23.767559051513672,21.042558670043945
scene14_traj2_2__000086,0.10429798066616058,0.1634647697210312,0.6186017990112305,0.5057067275047302,0.8780185580253601,23.598066329956055,20.802371978759766,0.10429798066616058,0.1634647697210312,29.042104721069336,23.598066329956055,20.802371978759766
scene14_traj2_2__000087,0.10518445819616318,0.16577471792697906,0.6322754621505737,0.5064942836761475,0.8879566192626953,23.895877838134766,21.24699592590332,0.10518445819616318,0.16577471792697906,29.3432559967041,23.895877838134766,21.24699592590332
scene14_traj2_2__000088,0.10456732660531998,0.1651761829853058,0.6156876683235168,0.49969661235809326,0.8683030009269714,22.677316665649414,19.693714141845703,0.10456732660531998,0.1651761829853058,28.67919921875,22.677316665649414,19.693714141845703
scene14_traj2_2__000089,0.10609753429889679,0.16693250834941864,0.6295354962348938,0.5131145119667053,0.8893037438392639,24.067834854125977,21.40041732788086,0.10609753429889679,0.16693250834941864,29.426748275756836,24.067834854125977,21.40041732788086
scene14_traj2_2__000090,0.10587352514266968,0.16733160614967346,0.6310497522354126,0.5060784816741943,0.8860465288162231,23.78740692138672,21.099082946777344,0.10587352514266968,0.16733160614967346,29.308996200561523,23.78740692138672,21.099082946777344
scene14_traj2_2__000091,0.10579157620668411,0.16691924631595612,0.6201155185699463,0.5036227703094482,0.8749696612358093,23.125856399536133,20.28767204284668,0.10579157620668411,0.16691924631595612,28.94853401184082,23.125856399536133,20.28767204284668
scene14_traj2_2__000092,0.1080094650387764,0.16959163546562195,0.633790910243988,0.510370671749115,0.8917252421379089,24.367155075073242,21.9013729095459,0.1080094650387764,0.16959163546562195,29.476459503173828,24.367155075073242,21.9013729095459
scene14_traj2_2__000093,0.11118965595960617,0.17404280602931976,0.6193961501121521,0.49267879128456116,0.8693009614944458,23.152053833007812,20.57933807373047,0.11118965595960617,0.17404280602931976,28.665266036987305,23.152053833007812,20.57933807373047
scene14_traj2_2__000094,0.1128295361995697,0.17621396481990814,0.6131317019462585,0.4980708956718445,0.8673526048660278,23.035898208618164,20.184589385986328,0.1128295361995697,0.17621396481990814,28.68090057373047,23.035898208618164,20.184589385986328
scene14_traj2_2__000095,0.11408010125160217,0.17813211679458618,0.6216060519218445,0.4908708930015564,0.8677442073822021,23.288022994995117,20.88672637939453,0.11408010125160217,0.17813211679458618,28.590145111083984,23.288022994995117,20.88672637939453
scene14_traj2_2__000096,0.1129828542470932,0.1768435537815094,0.6136914491653442,0.4874303340911865,0.8598011136054993,22.688304901123047,20.01371955871582,0.1129828542470932,0.1768435537815094,28.36161231994629,22.688304901123047,20.01371955871582
scene14_traj2_2__000097,0.11361011117696762,0.178381085395813,0.632798433303833,0.5016341209411621,0.8847165107727051,24.080930709838867,21.82366943359375,0.11361011117696762,0.178381085395813,29.150651931762695,24.080930709838867,21.82366943359375
scene14_traj2_2__000098,0.11032039672136307,0.17541135847568512,0.6353564262390137,0.5054625272750854,0.8869093060493469,23.776920318603516,21.2783145904541,0.11032039672136307,0.17541135847568512,29.2847900390625,23.776920318603516,21.2783145904541
scene14_traj2_2__000099,0.10625211894512177,0.1705327033996582,0.6286280155181885,0.5123317837715149,0.8857544660568237,23.334924697875977,20.54283332824707,0.10625211894512177,0.1705327033996582,29.280858993530273,23.334924697875977,20.54283332824707
scene14_traj2_2__000100,0.10427694767713547,0.16864493489265442,0.6517378091812134,0.5200352668762207,0.9091751575469971,24.674619674682617,22.428558349609375,0.10427694767713547,0.16864493489265442,30.08026885986328,24.674619674682617,22.428558349609375
scene14_traj2_2__000101,0.10302849113941193,0.16691511869430542,0.6315463781356812,0.5110442638397217,0.8853868842124939,23.017044067382812,20.135833740234375,0.10302849113941193,0.16691511869430542,29.25425148010254,23.017044067382812,20.135833740234375
scene14_traj2_2__000102,0.10300345718860626,0.16672417521476746,0.644066572189331,0.5211355686187744,0.9026447534561157,24.560590744018555,22.168933868408203,0.10300345718860626,0.16672417521476746,29.90842056274414,24.560590744018555,22.168933868408203
scene14_traj2_2__000103,0.10284389555454254,0.16564862430095673,0.6285395622253418,0.5080301761627197,0.882003903388977,23.35703468322754,20.49662208557129,0.10284389555454254,0.16564862430095673,29.190290451049805,23.35703468322754,20.49662208557129
scene14_traj2_2__000104,0.10434988141059875,0.16590334475040436,0.6383299827575684,0.5135945081710815,0.897995114326477,24.993228912353516,22.593332290649414,0.10434988141059875,0.16590334475040436,29.810937881469727,24.993228912353516,22.593332290649414
scene14_traj2_2__000105,0.10663723200559616,0.1679297238588333,0.6440610289573669,0.5007546544075012,0.8960179090499878,25.029268264770508,22.841468811035156,0.10663723200559616,0.1679297238588333,29.644386291503906,25.029268264770508,22.841468811035156
scene14_traj2_2__000106,0.1057695597410202,0.16691024601459503,0.619698166847229,0.49554699659347534,0.8702613115310669,23.470462799072266,20.697385787963867,0.1057695597410202,0.16691024601459503,28.780982971191406,23.470462799072266,20.697385787963867
scene14_traj2_2__000107,0.11069782823324203,0.17342860996723175,0.6391758918762207,0.49986058473587036,0.8914366960525513,25.09149932861328,22.974693298339844,0.11069782823324203,0.17342860996723175,29.46028709411621,25.09149932861328,22.974693298339844
scene14_traj2_2__000108,0.11510667204856873,0.17807437479496002,0.6122274398803711,0.478543221950531,0.8559228777885437,23.180767059326172,20.69964027404785,0.11510667204856873,0.17807437479496002,28.200593948364258,23.180767059326172,20.69964027404785
scene14_traj2_2__000109,0.1171145811676979,0.18166081607341766,0.6167900562286377,0.48662135004997253,0.8644192218780518,23.5553035736084,21.079797744750977,0.1171145811676979,0.18166081607341766,28.48393440246582,23.5553035736084,21.079797744750977
scene14_traj2_2__000110,0.11807045340538025,0.18309339880943298,0.6413421034812927,0.48786062002182007,0.8875805735588074,25.175758361816406,23.26105499267578,0.11807045340538025,0.18309339880943298,29.26995277404785,25.175758361816406,23.26105499267578
scene14_traj2_2__000111,0.11593229323625565,0.18071489036083221,0.60982745885849,0.47898608446121216,0.8522041440010071,22.930131912231445,20.332185745239258,0.11593229323625565,0.18071489036083221,28.098369598388672,22.930131912231445,20.332185745239258
scene14_traj2_2__000112,0.11490932106971741,0.1792650818824768,0.6390904188156128,0.4975254237651825,0.8907493352890015,25.389205932617188,23.362024307250977,0.11490932106971741,0.1792650818824768,29.462865829467773,25.389205932617188,23.362024307250977
scene14_traj2_2__000113,0.10920002311468124,0.1729087233543396,0.6403722763061523,0.4950123727321625,0.8890014886856079,25.0682373046875,22.930252075195312,0.10920002311468124,0.1729087233543396,29.419878005981445,25.0682373046875,22.930252075195312
scene14_traj2_2__000114,0.10633877664804459,0.16954487562179565,0.6381298899650574,0.5020904541015625,0.8911270499229431,24.84140396118164,22.533798217773438,0.10633877664804459,0.16954487562179565,29.523296356201172,24.84140396118164,22.533798217773438
scene14_traj2_2__000115,0.10842398554086685,0.17271220684051514,0.6479718089103699,0.5076981782913208,0.9028893113136292,25.767547607421875,24.003381729125977,0.10842398554086685,0.17271220684051514,29.88735580444336,25.767547607421875,24.003381729125977
scene14_traj2_2__000116,0.10671168565750122,0.17085064947605133,0.6322911977767944,0.49819687008857727,0.8816220164299011,24.24477195739746,22.042652130126953,0.10671168565750122,0.17085064947605133,29.15880584716797,24.24477195739746,22.042652130126953
scene14_traj2_2__000117,0.11890298873186111,0.18624821305274963,0.6403228044509888,0.49023672938346863,0.8847991824150085,24.70241355895996,22.93135643005371,0.11890298873186111,0.18624821305274963,29.209686279296875,24.70241355895996,22.93135643005371
scene14_traj2_2__000118,0.12575580179691315,0.19378432631492615,0.6329955458641052,0.4768844544887543,0.871680498123169,23.981332778930664,21.97079849243164,0.12575580179691315,0.19378432631492615,28.717607498168945,23.981332778930664,21.97079849243164
scene14_traj2_2__000119,0.13098865747451782,0.19994494318962097,0.6445490717887878,0.4812401235103607,0.8862948417663574,25.173677444458008,23.616344451904297,0.13098865747451782,0.19994494318962097,29.116727828979492,25.173677444458008,23.616344451904297
scene14_traj2_2__000120,0.12888111174106598,0.1979420781135559,0.6160352230072021,0.4683935046195984,0.8511269092559814,22.96892738342285,20.747966766357422,0.12888111174106598,0.1979420781135559,27.977888107299805,22.96892738342285,20.747966766357422
scene14_traj2_2__000121,0.13108500838279724,0.19935272634029388,0.6201863884925842,0.4712938070297241,0.8601504564285278,23.49134063720703,21.34334945678711,0.13108500838279724,0.19935272634029388,28.240219116210938,23.49134063720703,21.34334945678711
scene14_traj2_2__000122,0.12851783633232117,0.19545991718769073,0.6322888731956482,0.4764978289604187,0.8756463527679443,24.687536239624023,22.686086654663086,0.12851783633232117,0.19545991718769073,28.783205032348633,24.687536239624023,22.686086654663086
scene14_traj2_2__000123,0.12282834202051163,0.18766090273857117,0.6214036345481873,0.4863608479499817,0.8738895654678345,24.180063247680664,21.721633911132812,0.12282834202051163,0.18766090273857117,28.801172256469727,24.180063247680664,21.721633911132812
scene14_traj2_2__000124,0.11538204550743103,0.1780480295419693,0.6303731203079224,0.493181437253952,0.8828083276748657,24.59676170349121,22.453153610229492,0.11538204550743103,0.1780480295419693,29.116819381713867,24.59676170349121,22.453153610229492
scene14_traj2_2__000125,0.11435054242610931,0.17719733715057373,0.6194552779197693,0.4855566918849945,0.8685141205787659,23.643579483032227,21.19033432006836,0.11435054242610931,0.17719733715057373,28.615877151489258,23.643579483032227,21.19033432006836
scene14_traj2_2__000126,0.10966911166906357,0.17058661580085754,0.6287893056869507,0.5032888054847717,0.8851174116134644,24.254627227783203,21.818603515625,0.10966911166906357,0.17058661580085754,29.225873947143555,24.254627227783203,21.818603515625
scene14_traj2_2__000127,0.10509981960058212,0.16481703519821167,0.6162132024765015,0.5013768076896667,0.870108425617218,22.70212745666504,19.84893226623535,0.10509981960058212,0.16481703519821167,28.70795249938965,22.70212745666504,19.84893226623535
scene14_traj2_2__000128,0.09996119886636734,0.15698157250881195,0.6106900572776794,0.5013883709907532,0.8641296625137329,22.0418701171875,18.939746856689453,0.09996119886636734,0.15698157250881195,28.49399757385254,22.0418701171875,18.939746856689453
scene14_traj2_2__000129,0.0979905053973198,0.15390653908252716,0.620581865310669,0.5106221437454224,0.8770300149917603,22.794506072998047,19.931882858276367,0.0979905053973198,0.15390653908252716,28.935850143432617,22.794506072998047,19.931882858276367
scene14_traj2_2__000130,0.09639991074800491,0.1519629806280136,0.614881694316864,0.5057341456413269,0.8687582015991211,22.0384578704834,18.97544288635254,0.09639991074800491,0.1519629806280136,28.66537857055664,22.0384578704834,18.97544288635254
scene14_traj2_2__000131,0.09302684664726257,0.14580190181732178,0.6151987314224243,0.5185137391090393,0.8789561986923218,22.727201461791992,19.477678298950195,0.09302684664726257,0.14580190181732178,29.057823181152344,22.727201461791992,19.477678298950195
scene14_traj2_2__000132,0.09038993716239929,0.14183785021305084,0.6296384930610657,0.5222688317298889,0.8931920528411865,23.332876205444336,20.288341522216797,0.09038993716239929,0.14183785021305084,29.531526565551758,23.332876205444336,20.288341522216797
scene14_traj2_2__000133,0.08687993139028549,0.1360711008310318,0.6343336701393127,0.5252065062522888,0.8991223573684692,23.481468200683594,20.299108505249023,0.08687993139028549,0.1360711008310318,29.753942489624023,23.481468200683594,20.299108505249023
scene14_traj2_2__000134,0.08447477966547012,0.13222689926624298,0.6319021582603455,0.5362827181816101,0.9044119119644165,24.098608016967773,21.079158782958984,0.08447477966547012,0.13222689926624298,29.99038314819336,24.098608016967773,21.079158782958984
scene14_traj2_2__000135,0.08479052782058716,0.1328045129776001,0.6370421051979065,0.5257021188735962,0.9006704092025757,23.66579818725586,20.660676956176758,0.08479052782058716,0.1328045129776001,29.770671844482422,23.66579818725586,20.660676956176758
scene14_traj2_2__000136,0.08149096369743347,0.12743854522705078,0.6317384243011475,0.5348002314567566,0.901715874671936,23.413175582885742,20.214675903320312,0.08149096369743347,0.12743854522705078,29.860305786132812,23.413175582885742,20.214675903320312
scene14_traj2_2__000137,0.08159267157316208,0.1272350549697876,0.6332039833068848,0.538381814956665,0.9046391844749451,23.842510223388672,20.897531509399414,0.08159267157316208,0.1272350549697876,29.958337783813477,23.842510223388672,20.897531509399414
scene14_traj2_2__000138,0.07844667136669159,0.12242358177900314,0.6290580034255981,0.5319668054580688,0.8963753581047058,23.064838409423828,20.077119827270508,0.07844667136669159,0.12242358177900314,29.635705947875977,23.064838409423828,20.077119827270508
scene14_traj2_2__000139,0.07721658051013947,0.12042837589979172,0.6017823815345764,0.5352753400802612,0.8746974468231201,21.599082946777344,17.737384796142578,0.07721658051013947,0.12042837589979172,28.970396041870117,21.599082946777344,17.737384796142578
scene14_traj2_2__000140,0.078922338783741,0.12312909960746765,0.6205250024795532,0.5341819524765015,0.889936089515686,22.61993408203125,19.281850814819336,0.078922338783741,0.12312909960746765,29.45883560180664,22.61993408203125,19.281850814819336
scene14_traj2_2__000141,0.08174306899309158,0.127890482544899,0.6148018836975098,0.5309468507766724,0.8833068013191223,22.245798110961914,18.82756996154785,0.08174306899309158,0.127890482544899,29.187280654907227,22.245798110961914,18.82756996154785
