name,dolp_mae,dolp_rmse,cos_mae,sin_mae,cos_sin_vector_error,weighted_aolp_error_deg,high_dolp_aolp_error_deg,dop_mae,dop_rmse,aop_mae_deg,weighted_aop_mae_deg,high_dop_aop_mae_deg
scene12_traj1_1__000000,0.03248639032244682,0.05758204683661461,0.6478258371353149,0.6248164772987366,0.9928478598594666,32.376304626464844,37.80503463745117,0.03248639032244682,0.05758204683661461,33.40311050415039,32.376304626464844,37.80503463745117
scene12_traj1_1__000001,0.03251532465219498,0.057588838040828705,0.6490417122840881,0.6241613626480103,0.9930843114852905,32.36175537109375,37.6871452331543,0.03251532465219498,0.057588838040828705,33.4213752746582,32.36175537109375,37.6871452331543
scene12_traj1_1__000002,0.03256532922387123,0.05800071731209755,0.6481106877326965,0.6261851191520691,0.9944837093353271,32.40837478637695,37.67374801635742,0.03256532922387123,0.05800071731209755,33.48285675048828,32.40837478637695,37.67374801635742
scene12_traj1_1__000003,0.032475538551807404,0.05784023553133011,0.6475337743759155,0.6226097345352173,0.9907093048095703,32.25813293457031,37.525936126708984,0.032475538551807404,0.05784023553133011,33.33113479614258,32.25813293457031,37.525936126708984
scene12_traj1_1__000004,0.03208208084106445,0.056392788887023926,0.6501550674438477,0.6260058283805847,0.9955654144287109,32.38888931274414,37.50724792480469,0.03208208084106445,0.056392788887023926,33.51808547973633,32.38888931274414,37.50724792480469
scene12_traj1_1__000005,0.032483164221048355,0.057351212948560715,0.6473755836486816,0.6253060698509216,0.9930433034896851,32.298946380615234,37.27768325805664,0.032483164221048355,0.057351212948560715,33.421775817871094,32.298946380615234,37.27768325805664
scene12_traj1_1__000006,0.032404255121946335,0.05740279704332352,0.6497336030006409,0.6263831853866577,0.9955487847328186,32.33979034423828,37.34718704223633,0.032404255121946335,0.05740279704332352,33.513519287109375,32.33979034423828,37.34718704223633
scene12_traj1_1__000007,0.0325525663793087,0.05755901709198952,0.6476871371269226,0.6235431432723999,0.9916598796844482,32.318504333496094,37.54535675048828,0.0325525663793087,0.05755901709198952,33.375221252441406,32.318504333496094,37.54535675048828
scene12_traj1_1__000008,0.03279990330338478,0.05806141719222069,0.6492021083831787,0.6264702081680298,0.9945278763771057,32.34541702270508,37.70832443237305,0.03279990330338478,0.05806141719222069,33.46908187866211,32.34541702270508,37.70832443237305
scene12_traj1_1__000009,0.032657429575920105,0.057793762534856796,0.6498669981956482,0.6262156367301941,0.9953852891921997,32.50284194946289,38.055301666259766,0.032657429575920105,0.057793762534856796,33.51811981201172,32.50284194946289,38.055301666259766
scene12_traj1_1__000010,0.032609231770038605,0.05720898136496544,0.6504926681518555,0.6252134442329407,0.994779646396637,32.47235870361328,37.85250473022461,0.032609231770038605,0.05720898136496544,33.48849105834961,32.47235870361328,37.85250473022461
scene12_traj1_1__000011,0.032693393528461456,0.057599786669015884,0.6501530408859253,0.6260287761688232,0.9952266216278076,32.44466781616211,37.72754669189453,0.032693393528461456,0.057599786669015884,33.49303436279297,32.44466781616211,37.72754669189453
scene12_traj1_1__000012,0.03252481296658516,0.05717102438211441,0.6518284678459167,0.6284018754959106,0.9982375502586365,32.61671829223633,37.914302825927734,0.03252481296658516,0.05717102438211441,33.64928436279297,32.61671829223633,37.914302825927734
scene12_traj1_1__000013,0.032662633806467056,0.057621974498033524,0.6509190797805786,0.6280158758163452,0.9970716834068298,32.58028030395508,38.157161712646484,0.032662633806467056,0.057621974498033524,33.59304428100586,32.58028030395508,38.157161712646484
scene12_traj1_1__000014,0.032583996653556824,0.05744348466396332,0.6514374017715454,0.6255511045455933,0.9960683584213257,32.5400390625,38.1842041015625,0.032583996653556824,0.05744348466396332,33.546504974365234,32.5400390625,38.1842041015625
scene12_traj1_1__000015,0.03253147006034851,0.05752024054527283,0.6507576704025269,0.6277490258216858,0.9969123601913452,32.58450698852539,38.13197708129883,0.03253147006034851,0.05752024054527283,33.58510971069336,32.58450698852539,38.13197708129883
scene12_traj1_1__000016,0.0326368510723114,0.057588979601860046,0.6484322547912598,0.6279638409614563,0.9953843951225281,32.467288970947266,37.89521408081055,0.0326368510723114,0.057588979601860046,33.52984619140625,32.467288970947266,37.89521408081055
scene12_traj1_1__000017,0.03277960792183876,0.057981062680482864,0.6527383923530579,0.6281853318214417,0.9990761876106262,32.70604705810547,38.518028259277344,0.03277960792183876,0.057981062680482864,33.67116928100586,32.70604705810547,38.518028259277344
scene12_traj1_1__000018,0.03251265361905098,0.05708203837275505,0.6521291732788086,0.6291905045509338,0.9996286630630493,32.70184326171875,38.26312255859375,0.03251265361905098,0.05708203837275505,33.691436767578125,32.70184326171875,38.26312255859375
scene12_traj1_1__000019,0.032604753971099854,0.05736611410975456,0.6502466797828674,0.6285712718963623,0.9975172877311707,32.54443359375,37.951595306396484,0.032604753971099854,0.05736611410975456,33.60967254638672,32.54443359375,37.951595306396484
scene12_traj1_1__000020,0.032817400991916656,0.05786607041954994,0.6522625684738159,0.6297449469566345,0.9997845888137817,32.61429214477539,37.925106048583984,0.032817400991916656,0.05786607041954994,33.68839645385742,32.61429214477539,37.925106048583984
scene12_traj1_1__000021,0.03249838203191757,0.05687309056520462,0.6537400484085083,0.6287673115730286,1.0004522800445557,32.68513107299805,38.127323150634766,0.03249838203191757,0.05687309056520462,33.7175407409668,32.68513107299805,38.127323150634766
scene12_traj1_1__000022,0.032781511545181274,0.057797934859991074,0.6531440615653992,0.6299675107002258,1.0008827447891235,32.72452163696289,38.00507736206055,0.032781511545181274,0.057797934859991074,33.713802337646484,32.72452163696289,38.00507736206055
scene12_traj1_1__000023,0.03275580331683159,0.0579879991710186,0.6478403210639954,0.6297544836997986,0.9967181086540222,32.362815856933594,37.4881706237793,0.03275580331683159,0.0579879991710186,33.5745849609375,32.362815856933594,37.4881706237793
scene12_traj1_1__000024,0.03277307748794556,0.05800633877515793,0.6487132906913757,0.6295947432518005,0.9972321391105652,32.38809585571289,37.3161735534668,0.03277307748794556,0.05800633877515793,33.58213806152344,32.38809585571289,37.3161735534668
scene12_traj1_1__000025,0.03267842158675194,0.05733032152056694,0.6489275693893433,0.6295037865638733,0.9977259039878845,32.395179748535156,37.20317459106445,0.03267842158675194,0.05733032152056694,33.60826873779297,32.395179748535156,37.20317459106445
scene12_traj1_1__000026,0.03268269822001457,0.057558536529541016,0.6493707299232483,0.6283888220787048,0.9967737197875977,32.28725814819336,37.01485824584961,0.03268269822001457,0.057558536529541016,33.56641387939453,32.28725814819336,37.01485824584961
scene12_traj1_1__000027,0.032618943601846695,0.057270120829343796,0.6488154530525208,0.631915271282196,0.9991929531097412,32.453033447265625,37.46049499511719,0.032618943601846695,0.057270120829343796,33.673377990722656,32.453033447265625,37.46049499511719
scene12_traj1_1__000028,0.032821327447891235,0.05789390578866005,0.6465651392936707,0.6289737224578857,0.9946823716163635,32.33636474609375,37.39839172363281,0.032821327447891235,0.05789390578866005,33.48057174682617,32.33636474609375,37.39839172363281
scene12_traj1_1__000029,0.03261181339621544,0.057155873626470566,0.649492621421814,0.6336117386817932,1.0007774829864502,32.508670806884766,37.412418365478516,0.03261181339621544,0.057155873626470566,33.72396469116211,32.508670806884766,37.412418365478516
scene12_traj1_1__000030,0.032913688570261,0.05792028084397316,0.6487448811531067,0.6304609179496765,0.9976539015769958,32.36119079589844,37.15581512451172,0.032913688570261,0.05792028084397316,33.60216522216797,32.36119079589844,37.15581512451172
scene12_traj1_1__000031,0.03292976692318916,0.05795310065150261,0.6514610648155212,0.63025963306427,0.9999009966850281,32.49715042114258,37.35868453979492,0.03292976692318916,0.05795310065150261,33.67778396606445,32.49715042114258,37.35868453979492
scene12_traj1_1__000032,0.03294786810874939,0.05799858272075653,0.6469343900680542,0.629737377166748,0.9962033033370972,32.28349685668945,37.09501266479492,0.03294786810874939,0.05799858272075653,33.5460205078125,32.28349685668945,37.09501266479492
scene12_traj1_1__000033,0.03279350697994232,0.057701852172613144,0.6451855301856995,0.63259357213974,0.9966008067131042,32.19975662231445,36.57698059082031,0.03279350697994232,0.057701852172613144,33.55186462402344,32.19975662231445,36.57698059082031
scene12_traj1_1__000034,0.03283291682600975,0.057344950735569,0.6470425724983215,0.631182849407196,0.9974681735038757,32.42915725708008,37.466373443603516,0.03283291682600975,0.057344950735569,33.59597396850586,32.42915725708008,37.466373443603516
scene12_traj1_1__000035,0.032846979796886444,0.05748673155903816,0.6446828842163086,0.6297518610954285,0.9947817921638489,32.23932647705078,36.883811950683594,0.032846979796886444,0.05748673155903816,33.49873733520508,32.23932647705078,36.883811950683594
scene12_traj1_1__000036,0.03289395198225975,0.057658955454826355,0.6457690000534058,0.6319016218185425,0.9965509176254272,32.2099494934082,36.61896896362305,0.03289395198225975,0.057658955454826355,33.5609130859375,32.2099494934082,36.61896896362305
scene12_traj1_1__000037,0.032923374325037,0.05789372697472572,0.64657062292099,0.6338270306587219,0.9989373683929443,32.47891616821289,37.367469787597656,0.032923374325037,0.05789372697472572,33.66267776489258,32.47891616821289,37.367469787597656
scene12_traj1_1__000038,0.032944198697805405,0.05763450637459755,0.6469892263412476,0.6322841644287109,0.9974644184112549,32.311344146728516,37.00905990600586,0.032944198697805405,0.05763450637459755,33.59565734863281,32.311344146728516,37.00905990600586
scene12_traj1_1__000039,0.03308701887726784,0.05775999277830124,0.6444845199584961,0.6299470067024231,0.9940377473831177,32.136234283447266,36.957759857177734,0.03308701887726784,0.05775999277830124,33.465301513671875,32.136234283447266,36.957759857177734
scene12_traj1_1__000040,0.032985128462314606,0.05766750127077103,0.6456301808357239,0.6317562460899353,0.9958828687667847,32.36085891723633,37.219329833984375,0.032985128462314606,0.05766750127077103,33.542510986328125,32.36085891723633,37.219329833984375
scene12_traj1_1__000041,0.03300502151250839,0.05782279372215271,0.6462743878364563,0.6300750970840454,0.9956782460212708,32.3327522277832,37.19432830810547,0.03300502151250839,0.05782279372215271,33.53197479248047,32.3327522277832,37.19432830810547
scene12_traj1_1__000042,0.03303827717900276,0.057923849672079086,0.6450439095497131,0.6329824328422546,0.997033417224884,32.391963958740234,37.10468673706055,0.03303827717900276,0.057923849672079086,33.5922966003418,32.391963958740234,37.10468673706055
scene12_traj1_1__000043,0.033026743680238724,0.05795036256313324,0.6468356251716614,0.634784460067749,0.9993895292282104,32.483001708984375,37.41424560546875,0.033026743680238724,0.05795036256313324,33.67854690551758,32.483001708984375,37.41424560546875
scene12_traj1_1__000044,0.032827407121658325,0.05780456215143204,0.6460609436035156,0.630617082118988,0.995408296585083,32.34084701538086,37.06953811645508,0.032827407121658325,0.05780456215143204,33.50242614746094,32.34084701538086,37.06953811645508
scene12_traj1_1__000045,0.03285420686006546,0.057950183749198914,0.6459176540374756,0.6296400427818298,0.9943554401397705,32.23411178588867,36.74228286743164,0.03285420686006546,0.057950183749198914,33.461517333984375,32.23411178588867,36.74228286743164
scene12_traj1_1__000046,0.03306335210800171,0.05821573734283447,0.6454376578330994,0.6322404146194458,0.9960734248161316,32.25725555419922,36.527915954589844,0.03306335210800171,0.05821573734283447,33.52434539794922,32.25725555419922,36.527915954589844
scene12_traj1_1__000047,0.03319842368364334,0.058892134577035904,0.6469698548316956,0.6294198036193848,0.9950857162475586,32.345664978027344,37.00179672241211,0.03319842368364334,0.058892134577035904,33.49461364746094,32.345664978027344,37.00179672241211
scene12_traj1_1__000048,0.03306423872709274,0.05822427570819855,0.6472455859184265,0.6277579069137573,0.9941065311431885,32.22074508666992,36.7827033996582,0.03306423872709274,0.05822427570819855,33.464508056640625,32.22074508666992,36.7827033996582
scene12_traj1_1__000049,0.033312879502773285,0.059303492307662964,0.6465367674827576,0.6335240006446838,0.9984195828437805,32.527339935302734,37.21074676513672,0.033312879502773285,0.059303492307662964,33.631343841552734,32.527339935302734,37.21074676513672
scene12_traj1_1__000050,0.033333808183670044,0.059451401233673096,0.6429888010025024,0.6291600465774536,0.9920403957366943,32.27254104614258,36.86974334716797,0.033333808183670044,0.059451401233673096,33.38414764404297,32.27254104614258,36.86974334716797
scene12_traj1_1__000051,0.03345682471990585,0.05924384295940399,0.6472330689430237,0.6275210976600647,0.9940053820610046,32.45740509033203,37.273685455322266,0.03345682471990585,0.05924384295940399,33.44487380981445,32.45740509033203,37.273685455322266
scene12_traj1_1__000052,0.03343147039413452,0.05927984416484833,0.6494641900062561,0.6298151612281799,0.9980612397193909,32.514739990234375,36.81427764892578,0.03343147039413452,0.05927984416484833,33.61885452270508,32.514739990234375,36.81427764892578
scene12_traj1_1__000053,0.03334874287247658,0.059253301471471786,0.6465759873390198,0.6284971833229065,0.9951620697975159,32.587158203125,37.48750305175781,0.03334874287247658,0.059253301471471786,33.50661849975586,32.587158203125,37.48750305175781
scene12_traj1_1__000054,0.03351417928934097,0.05951129272580147,0.6490743160247803,0.6324249505996704,0.999323308467865,32.69960403442383,37.53007507324219,0.03351417928934097,0.05951129272580147,33.67462921142578,32.69960403442383,37.53007507324219
scene12_traj1_1__000055,0.033570416271686554,0.059801362454891205,0.6462802290916443,0.6299107670783997,0.9957531690597534,32.58064651489258,37.45436096191406,0.033570416271686554,0.059801362454891205,33.53037643432617,32.58064651489258,37.45436096191406
scene12_traj1_1__000056,0.03346739709377289,0.059230729937553406,0.6468766927719116,0.6330519914627075,0.9982246160507202,32.665077209472656,37.53693389892578,0.03346739709377289,0.059230729937553406,33.61918640136719,32.665077209472656,37.53693389892578
scene12_traj1_1__000057,0.033566758036613464,0.059456486254930496,0.6447170972824097,0.6302676200866699,0.9945991039276123,32.45164489746094,37.2828369140625,0.033566758036613464,0.059456486254930496,33.50043487548828,32.45164489746094,37.2828369140625
scene12_traj1_1__000058,0.033687472343444824,0.05969146639108658,0.6451294422149658,0.6311426758766174,0.9952903985977173,32.493507385253906,37.29971694946289,0.033687472343444824,0.05969146639108658,33.508785247802734,32.493507385253906,37.29971694946289
scene12_traj1_1__000059,0.03344062343239784,0.05912775546312332,0.6444039344787598,0.6306403875350952,0.9947484135627747,32.483516693115234,37.416297912597656,0.03344062343239784,0.05912775546312332,33.5002326965332,32.483516693115234,37.416297912597656
scene12_traj1_1__000060,0.03357847407460213,0.0592665895819664,0.6430811882019043,0.6330220699310303,0.9947906136512756,32.3704719543457,37.00090026855469,0.03357847407460213,0.0592665895819664,33.49652862548828,32.3704719543457,37.00090026855469
scene12_traj1_1__000061,0.033515091985464096,0.05915471911430359,0.6443748474121094,0.6330637335777283,0.9965175986289978,32.41999435424805,36.96291732788086,0.033515091985464096,0.05915471911430359,33.570072174072266,32.41999435424805,36.96291732788086
scene12_traj1_1__000062,0.033491913229227066,0.059134792536497116,0.644675076007843,0.6300665140151978,0.9941906929016113,32.33924865722656,36.8228874206543,0.033491913229227066,0.059134792536497116,33.460121154785156,32.33924865722656,36.8228874206543
scene12_traj1_1__000063,0.03345886617898941,0.05913021042943001,0.6450510025024414,0.6317328810691833,0.9963005781173706,32.56748580932617,37.429847717285156,0.03345886617898941,0.05913021042943001,33.5455207824707,32.56748580932617,37.429847717285156
scene12_traj1_1__000064,0.03363380953669548,0.05972499027848244,0.6465179324150085,0.6330370306968689,0.998249888420105,32.48075485229492,36.845542907714844,0.03363380953669548,0.05972499027848244,33.62944030761719,32.48075485229492,36.845542907714844
scene12_traj1_1__000065,0.03362002223730087,0.05959236994385719,0.6429175734519958,0.6307194828987122,0.9934250712394714,32.16284942626953,36.30521774291992,0.03362002223730087,0.05959236994385719,33.44298553466797,32.16284942626953,36.30521774291992
scene12_traj1_1__000066,0.03357673063874245,0.05941087007522583,0.6431617736816406,0.6330345869064331,0.9957594275474548,32.4134521484375,36.717830657958984,0.03357673063874245,0.05941087007522583,33.52763366699219,32.4134521484375,36.717830657958984
scene12_traj1_1__000067,0.03338823840022087,0.05875232443213463,0.6452432870864868,0.6341081261634827,0.9973985552787781,32.48826599121094,37.087684631347656,0.03338823840022087,0.05875232443213463,33.584617614746094,32.48826599121094,37.087684631347656
scene12_traj1_1__000068,0.03342186659574509,0.05896773934364319,0.6445959210395813,0.6349390745162964,0.9977710247039795,32.4764518737793,36.71953582763672,0.03342186659574509,0.05896773934364319,33.62879943847656,32.4764518737793,36.71953582763672
scene12_traj1_1__000069,0.033437926322221756,0.05875379964709282,0.6459028720855713,0.6362724900245667,0.9994634985923767,32.53117370605469,36.81122970581055,0.033437926322221756,0.05875379964709282,33.66553497314453,32.53117370605469,36.81122970581055
scene12_traj1_1__000070,0.03353920206427574,0.05918560177087784,0.6436901092529297,0.633188009262085,0.9955007433891296,32.32869338989258,36.658504486083984,0.03353920206427574,0.05918560177087784,33.51948165893555,32.32869338989258,36.658504486083984
scene12_traj1_1__000071,0.03370646387338638,0.059438347816467285,0.6457915902137756,0.6360164880752563,0.9994814991950989,32.589847564697266,36.737911224365234,0.03370646387338638,0.059438347816467285,33.6767578125,32.589847564697266,36.737911224365234
scene12_traj1_1__000072,0.03371032699942589,0.059496618807315826,0.6430996656417847,0.6335973143577576,0.9956250786781311,32.352718353271484,36.59779739379883,0.03371032699942589,0.059496618807315826,33.5400390625,32.352718353271484,36.59779739379883
scene12_traj1_1__000073,0.033674195408821106,0.05904710292816162,0.6426582932472229,0.638412356376648,0.9985476136207581,32.48438262939453,36.87686538696289,0.033674195408821106,0.05904710292816162,33.64164733886719,32.48438262939453,36.87686538696289
scene12_traj1_1__000074,0.033711113035678864,0.05918519198894501,0.6442654728889465,0.6335482597351074,0.9970658421516418,32.52675247192383,37.068538665771484,0.033711113035678864,0.05918519198894501,33.58422088623047,32.52675247192383,37.068538665771484
scene12_traj1_1__000075,0.033577676862478256,0.05886969342827797,0.6441885828971863,0.6366584897041321,0.999148964881897,32.50593948364258,36.88006591796875,0.033577676862478256,0.05886969342827797,33.673912048339844,32.50593948364258,36.88006591796875
scene12_traj1_1__000076,0.03357419744133949,0.05891851708292961,0.6433460116386414,0.6363014578819275,0.9978664517402649,32.405853271484375,36.712120056152344,0.03357419744133949,0.05891851708292961,33.613189697265625,32.405853271484375,36.712120056152344
scene12_traj1_1__000077,0.0337076373398304,0.05935684219002724,0.6415018439292908,0.6362125277519226,0.9963670969009399,32.44448471069336,36.772621154785156,0.0337076373398304,0.05935684219002724,33.552085876464844,32.44448471069336,36.772621154785156
scene12_traj1_1__000078,0.033734582364559174,0.059638794511556625,0.6427469253540039,0.6352387070655823,0.9966679811477661,32.39753341674805,36.760704040527344,0.033734582364559174,0.059638794511556625,33.5550537109375,32.39753341674805,36.760704040527344
scene12_traj1_1__000079,0.03362410143017769,0.05911814048886299,0.6436876058578491,0.6343146562576294,0.9971113801002502,32.33763885498047,36.583404541015625,0.03362410143017769,0.05911814048886299,33.584224700927734,32.33763885498047,36.583404541015625
scene12_traj1_1__000080,0.033272821456193924,0.05804453045129776,0.6430174708366394,0.6397188901901245,1.0002291202545166,32.55820083618164,37.00400161743164,0.033272821456193924,0.05804453045129776,33.70048141479492,32.55820083618164,37.00400161743164
scene12_traj1_1__000081,0.03352668508887291,0.0588715560734272,0.6448906064033508,0.6368027329444885,0.9993520975112915,32.531253814697266,36.84033203125,0.03352668508887291,0.0588715560734272,33.684268951416016,32.531253814697266,36.84033203125
scene12_traj1_1__000082,0.033658888190984726,0.05877570062875748,0.645541250705719,0.636264979839325,0.9999570250511169,32.54647445678711,36.895545959472656,0.033658888190984726,0.05877570062875748,33.681156158447266,32.54647445678711,36.895545959472656
scene12_traj1_1__000083,0.0336822010576725,0.05898766964673996,0.6452323794364929,0.6399056911468506,1.0027625560760498,32.65447998046875,37.010292053222656,0.0336822010576725,0.05898766964673996,33.803932189941406,32.65447998046875,37.010292053222656
scene12_traj1_1__000084,0.033540550619363785,0.05852591618895531,0.6457558870315552,0.6400120854377747,1.0028349161148071,32.64522171020508,36.97564697265625,0.033540550619363785,0.05852591618895531,33.80900573730469,32.64522171020508,36.97564697265625
scene12_traj1_1__000085,0.03349504992365837,0.05814570561051369,0.6442283987998962,0.6373772025108337,0.9997302889823914,32.48552703857422,36.72356414794922,0.03349504992365837,0.05814570561051369,33.684959411621094,32.48552703857422,36.72356414794922
scene12_traj1_1__000086,0.033557914197444916,0.05831099674105644,0.6442202925682068,0.6419722437858582,1.0027600526809692,32.58296203613281,36.70884323120117,0.033557914197444916,0.05831099674105644,33.818119049072266,32.58296203613281,36.70884323120117
scene12_traj1_1__000087,0.03346630185842514,0.058145105838775635,0.6423378586769104,0.6416673064231873,1.0007539987564087,32.520145416259766,36.76145935058594,0.03346630185842514,0.058145105838775635,33.72655487060547,32.520145416259766,36.76145935058594
scene12_traj1_1__000088,0.03343036398291588,0.05780632421374321,0.64718097448349,0.6435237526893616,1.0058189630508423,32.78704833984375,37.006492614746094,0.03343036398291588,0.05780632421374321,33.925193786621094,32.78704833984375,37.006492614746094
scene12_traj1_1__000089,0.033439863473176956,0.057727959007024765,0.646838903427124,0.6424160003662109,1.0046942234039307,32.684913635253906,36.65865707397461,0.033439863473176956,0.057727959007024765,33.88057327270508,32.684913635253906,36.65865707397461
scene12_traj1_1__000090,0.03352160379290581,0.05802657827734947,0.6482484340667725,0.643853485584259,1.007086992263794,32.80610275268555,37.02783966064453,0.03352160379290581,0.05802657827734947,33.983089447021484,32.80610275268555,37.02783966064453
scene12_traj1_1__000091,0.03370143100619316,0.058469414710998535,0.6436432003974915,0.6398581862449646,1.000341773033142,32.53508377075195,36.70194625854492,0.03370143100619316,0.058469414710998535,33.730953216552734,32.53508377075195,36.70194625854492
scene12_traj1_1__000092,0.03375498577952385,0.05858474224805832,0.643191397190094,0.6441503167152405,1.0035086870193481,32.62332534790039,36.77640914916992,0.03375498577952385,0.05858474224805832,33.8376350402832,32.62332534790039,36.77640914916992
scene12_traj1_1__000093,0.03370315209031105,0.05871786177158356,0.6433205604553223,0.6473258137702942,1.0060231685638428,32.76091003417969,37.10059356689453,0.03370315209031105,0.05871786177158356,33.95231628417969,32.76091003417969,37.10059356689453
scene12_traj1_1__000094,0.03385556489229202,0.05890253558754921,0.6450244188308716,0.6472888588905334,1.0074542760849,32.867103576660156,36.869773864746094,0.03385556489229202,0.05890253558754921,34.01433563232422,32.867103576660156,36.869773864746094
scene12_traj1_1__000095,0.033752404153347015,0.05846846103668213,0.6440159678459167,0.6416062712669373,1.001861810684204,32.56852722167969,36.543006896972656,0.033752404153347015,0.05846846103668213,33.78140640258789,32.56852722167969,36.543006896972656
scene12_traj1_1__000096,0.03390202298760414,0.05904100090265274,0.6457279324531555,0.6434317231178284,1.005021333694458,32.84178924560547,36.92412185668945,0.03390202298760414,0.05904100090265274,33.9074592590332,32.84178924560547,36.92412185668945
scene12_traj1_1__000097,0.03394930064678192,0.05901764705777168,0.6442462205886841,0.642294704914093,1.0024670362472534,32.74919891357422,36.99405288696289,0.03394930064678192,0.05901764705777168,33.7987060546875,32.74919891357422,36.99405288696289
scene12_traj1_1__000098,0.034069955348968506,0.05932876095175743,0.6448355317115784,0.6420043706893921,1.003479242324829,32.78000259399414,37.018428802490234,0.034069955348968506,0.05932876095175743,33.84729766845703,32.78000259399414,37.018428802490234
scene12_traj1_1__000099,0.03414401784539223,0.05949881300330162,0.6451064348220825,0.643187940120697,1.0044889450073242,32.77625274658203,36.92689514160156,0.03414401784539223,0.05949881300330162,33.890892028808594,32.77625274658203,36.92689514160156
scene12_traj1_1__000100,0.034171927720308304,0.05973156914114952,0.6455146074295044,0.6430334448814392,1.0049606561660767,32.916996002197266,37.19978332519531,0.034171927720308304,0.05973156914114952,33.89646911621094,32.916996002197266,37.19978332519531
scene12_traj1_1__000101,0.0344419926404953,0.060235489159822464,0.6468458771705627,0.6416498422622681,1.0049831867218018,32.92778778076172,37.19883346557617,0.0344419926404953,0.060235489159822464,33.91632843017578,32.92778778076172,37.19883346557617
scene12_traj1_1__000102,0.03437613695859909,0.06021507456898689,0.6489549279212952,0.6394643783569336,1.0047897100448608,32.85786437988281,36.889434814453125,0.03437613695859909,0.06021507456898689,33.870304107666016,32.85786437988281,36.889434814453125
scene12_traj1_1__000103,0.034414444118738174,0.05995430052280426,0.6474036574363708,0.6391626596450806,1.0036187171936035,32.79039764404297,36.688690185546875,0.034414444118738174,0.05995430052280426,33.833351135253906,32.79039764404297,36.688690185546875
scene12_traj1_1__000104,0.03460371866822243,0.060382578521966934,0.6493534445762634,0.6438422799110413,1.0083011388778687,33.07744216918945,37.223262786865234,0.03460371866822243,0.060382578521966934,34.046607971191406,33.07744216918945,37.223262786865234
scene12_traj1_1__000105,0.03474223613739014,0.06076216325163841,0.6487360596656799,0.6460434794425964,1.0095248222351074,33.1627311706543,37.22508239746094,0.03474223613739014,0.06076216325163841,34.065650939941406,33.1627311706543,37.22508239746094
scene12_traj1_1__000106,0.03476117551326752,0.06074248626828194,0.6471157670021057,0.644607663154602,1.007606863975525,33.03131103515625,37.03193664550781,0.03476117551326752,0.06074248626828194,33.99287414550781,33.03131103515625,37.03193664550781
scene12_traj1_1__000107,0.03479855880141258,0.06087889149785042,0.6493611931800842,0.6450199484825134,1.0108298063278198,33.29079055786133,37.308509826660156,0.03479855880141258,0.06087889149785042,34.1482048034668,33.29079055786133,37.308509826660156
scene12_traj1_1__000108,0.03488878160715103,0.06114809215068817,0.646908700466156,0.6436445116996765,1.0076385736465454,33.08280563354492,37.03030014038086,0.03488878160715103,0.06114809215068817,34.007816314697266,33.08280563354492,37.03030014038086
scene12_traj1_1__000109,0.03493376076221466,0.06120360642671585,0.6487739682197571,0.6466382741928101,1.0110371112823486,33.40401077270508,37.63600540161133,0.03493376076221466,0.06120360642671585,34.1363525390625,33.40401077270508,37.63600540161133
scene12_traj1_1__000110,0.034983668476343155,0.061777353286743164,0.6465892791748047,0.6415918469429016,1.0055451393127441,33.058570861816406,37.0225830078125,0.034983668476343155,0.061777353286743164,33.92107009887695,33.058570861816406,37.0225830078125
scene12_traj1_1__000111,0.03504421189427376,0.06151607632637024,0.6455493569374084,0.6413571238517761,1.0056904554367065,33.1124153137207,37.33681106567383,0.03504421189427376,0.06151607632637024,33.93265151977539,33.1124153137207,37.33681106567383
scene12_traj1_1__000112,0.03521626070141792,0.06167764216661453,0.646243691444397,0.6410840153694153,1.0051794052124023,32.8981819152832,36.70843505859375,0.03521626070141792,0.06167764216661453,33.887901306152344,32.8981819152832,36.70843505859375
scene12_traj1_1__000113,0.035204675048589706,0.06177125871181488,0.6453817486763,0.6394022107124329,1.0035419464111328,32.95893859863281,36.943885803222656,0.035204675048589706,0.06177125871181488,33.84602737426758,32.95893859863281,36.943885803222656
scene12_traj1_1__000114,0.03528591990470886,0.06174030527472496,0.6488116383552551,0.6414167881011963,1.0076152086257935,33.17472839355469,37.24474334716797,0.03528591990470886,0.06174030527472496,33.99534225463867,33.17472839355469,37.24474334716797
scene12_traj1_1__000115,0.03524530678987503,0.06181913986802101,0.6464017033576965,0.6422619223594666,1.0071256160736084,33.18697738647461,37.35454177856445,0.03524530678987503,0.06181913986802101,33.99254608154297,33.18697738647461,37.35454177856445
scene12_traj1_1__000116,0.03528476879000664,0.06167362257838249,0.647559642791748,0.6412279009819031,1.0067110061645508,33.097679138183594,37.110435485839844,0.03528476879000664,0.06167362257838249,33.95307540893555,33.097679138183594,37.110435485839844
scene12_traj1_1__000117,0.035152219235897064,0.06149173527956009,0.6484876275062561,0.638222873210907,1.0052458047866821,33.2041130065918,37.496795654296875,0.035152219235897064,0.06149173527956009,33.88689422607422,33.2041130065918,37.496795654296875
scene12_traj1_1__000118,0.035341717302799225,0.06176929920911789,0.6453812718391418,0.6398330330848694,1.0044773817062378,33.08522033691406,37.36838912963867,0.035341717302799225,0.06176929920911789,33.88966369628906,33.08522033691406,37.36838912963867
scene12_traj1_1__000119,0.03533864766359329,0.061902087181806564,0.6454781293869019,0.6432265043258667,1.0073587894439697,33.292110443115234,37.72945785522461,0.03533864766359329,0.061902087181806564,34.00098419189453,33.292110443115234,37.72945785522461
scene12_traj1_1__000120,0.035360097885131836,0.06193624436855316,0.643887460231781,0.6393239498138428,1.002715826034546,33.077178955078125,37.52274703979492,0.035360097885131836,0.06193624436855316,33.81406784057617,33.077178955078125,37.52274703979492
scene12_traj1_1__000121,0.0356171652674675,0.0626390278339386,0.6411502361297607,0.6426138281822205,1.003208041191101,33.0735969543457,37.44513702392578,0.0356171652674675,0.0626390278339386,33.8448600769043,33.0735969543457,37.44513702392578
scene12_traj1_1__000122,0.03553559631109238,0.06211233139038086,0.6409193277359009,0.6394246220588684,1.0009585618972778,33.0293083190918,37.55574035644531,0.03553559631109238,0.06211233139038086,33.74557113647461,33.0293083190918,37.55574035644531
scene12_traj1_1__000123,0.03553424030542374,0.06200307980179787,0.6423766613006592,0.646519660949707,1.0073521137237549,33.26906967163086,37.768123626708984,0.03553424030542374,0.06200307980179787,33.994686126708984,33.26906967163086,37.768123626708984
scene12_traj1_1__000124,0.03552292659878731,0.061853956431150436,0.6425291299819946,0.6453571319580078,1.0064644813537598,33.247703552246094,37.725990295410156,0.03552292659878731,0.061853956431150436,33.95625305175781,33.247703552246094,37.725990295410156
scene12_traj1_1__000125,0.03565164655447006,0.062133047729730606,0.6451298594474792,0.6467306017875671,1.0094141960144043,33.351322174072266,37.380428314208984,0.03565164655447006,0.062133047729730606,34.08928680419922,33.351322174072266,37.380428314208984
scene12_traj1_1__000126,0.03561965748667717,0.06186412274837494,0.6424862146377563,0.6452844738960266,1.0061545372009277,33.264949798583984,37.63602828979492,0.03561965748667717,0.06186412274837494,33.96562957763672,33.264949798583984,37.63602828979492
scene12_traj1_1__000127,0.03579659387469292,0.0623697005212307,0.6438713669776917,0.6470773220062256,1.0088493824005127,33.333900451660156,37.42811965942383,0.03579659387469292,0.0623697005212307,34.0550422668457,33.333900451660156,37.42811965942383
scene12_traj1_1__000128,0.03574186936020851,0.06208827719092369,0.64642733335495,0.6450327038764954,1.0095396041870117,33.48505783081055,37.739131927490234,0.03574186936020851,0.06208827719092369,34.09408187866211,33.48505783081055,37.739131927490234
scene12_traj1_1__000129,0.035727791488170624,0.06207248941063881,0.6441532969474792,0.6456390619277954,1.008103609085083,33.47309875488281,37.96704864501953,0.035727791488170624,0.06207248941063881,34.03422546386719,33.47309875488281,37.96704864501953
scene12_traj1_1__000130,0.03583743795752525,0.06226212903857231,0.6446874737739563,0.6462017893791199,1.0088931322097778,33.54403305053711,38.06045913696289,0.03583743795752525,0.06226212903857231,34.055419921875,33.54403305053711,38.06045913696289
scene12_traj1_1__000131,0.03606870025396347,0.06285329908132553,0.6477804780006409,0.648125946521759,1.0126152038574219,33.739219665527344,38.01311492919922,0.03606870025396347,0.06285329908132553,34.21530532836914,33.739219665527344,38.01311492919922
scene12_traj1_1__000132,0.036053627729415894,0.06276088953018188,0.6472659707069397,0.6483321785926819,1.0125735998153687,33.732479095458984,38.09906768798828,0.036053627729415894,0.06276088953018188,34.210243225097656,33.732479095458984,38.09906768798828
scene12_traj1_1__000133,0.03613397479057312,0.06282209604978561,0.6481614708900452,0.6502488851547241,1.0142238140106201,33.80405807495117,38.219329833984375,0.03613397479057312,0.06282209604978561,34.28079605102539,33.80405807495117,38.219329833984375
scene12_traj1_1__000134,0.03606673702597618,0.06276584416627884,0.6508823037147522,0.6502119898796082,1.0167479515075684,33.949249267578125,38.40269088745117,0.03606673702597618,0.06276584416627884,34.370582580566406,33.949249267578125,38.40269088745117
scene12_traj1_1__000135,0.03616052120923996,0.06317353993654251,0.6461952924728394,0.6474400758743286,1.0111135244369507,33.69023513793945,38.26736831665039,0.03616052120923996,0.06317353993654251,34.15683364868164,33.69023513793945,38.26736831665039
scene12_traj1_1__000136,0.0361625961959362,0.06316235661506653,0.6471768021583557,0.6485346555709839,1.0130618810653687,33.69759750366211,38.15004348754883,0.0361625961959362,0.06316235661506653,34.226985931396484,33.69759750366211,38.15004348754883
scene12_traj1_1__000137,0.03642471879720688,0.06409061700105667,0.6448206901550293,0.63942551612854,1.0049999952316284,33.28893280029297,37.36628341674805,0.03642471879720688,0.06409061700105667,33.915199279785156,33.28893280029297,37.36628341674805
scene12_traj1_1__000138,0.03637510910630226,0.06410136818885803,0.6433264017105103,0.6364488005638123,1.001012921333313,33.11199951171875,37.50859069824219,0.03637510910630226,0.06410136818885803,33.7624626159668,33.11199951171875,37.50859069824219
scene12_traj1_1__000139,0.03617316856980324,0.06334196776151657,0.6423301100730896,0.636327862739563,0.9995271563529968,33.038761138916016,37.538291931152344,0.03617316856980324,0.06334196776151657,33.69687271118164,33.038761138916016,37.538291931152344
scene12_traj1_1__000140,0.03642367571592331,0.06433162838220596,0.6445444822311401,0.6387553215026855,1.0029187202453613,33.178436279296875,37.520503997802734,0.03642367571592331,0.06433162838220596,33.84117889404297,33.178436279296875,37.520503997802734
scene12_traj1_1__000141,0.036291997879743576,0.06415015459060669,0.645054817199707,0.6368399858474731,1.001236081123352,33.164920806884766,37.615882873535156,0.036291997879743576,0.06415015459060669,33.7582893371582,33.164920806884766,37.615882873535156
scene12_traj1_1__000142,0.03635675087571144,0.06405872106552124,0.6422863602638245,0.6370986104011536,1.0000652074813843,33.0660514831543,37.39883804321289,0.03635675087571144,0.06405872106552124,33.71866989135742,33.0660514831543,37.39883804321289
scene12_traj1_1__000143,0.03653213381767273,0.06495583802461624,0.6453288793563843,0.6383395791053772,1.0030877590179443,33.2904167175293,37.70997619628906,0.03653213381767273,0.06495583802461624,33.83338165283203,33.2904167175293,37.70997619628906
scene12_traj1_1__000144,0.03639638051390648,0.06473685801029205,0.6447010040283203,0.6376966834068298,1.0016449689865112,33.12882995605469,37.43692398071289,0.03639638051390648,0.06473685801029205,33.778804779052734,33.12882995605469,37.43692398071289
scene12_traj1_1__000145,0.03632595017552376,0.06454414129257202,0.645312488079071,0.6393914818763733,1.0027433633804321,33.31891632080078,37.69820785522461,0.03632595017552376,0.06454414129257202,33.838565826416016,33.31891632080078,37.69820785522461
scene12_traj1_1__000146,0.036161575466394424,0.06455375999212265,0.6465078592300415,0.6377984881401062,1.0022270679473877,33.26422882080078,37.49075698852539,0.036161575466394424,0.06455375999212265,33.79387283325195,33.26422882080078,37.49075698852539
scene12_traj1_1__000147,0.03621182590723038,0.06462270766496658,0.6488847136497498,0.6342995166778564,1.0016413927078247,33.362552642822266,38.009254455566406,0.03621182590723038,0.06462270766496658,33.78129577636719,33.362552642822266,38.009254455566406
scene12_traj1_1__000148,0.036222901195287704,0.06465516239404678,0.645434558391571,0.6363219618797302,1.0013633966445923,33.18821334838867,37.44479751586914,0.036222901195287704,0.06465516239404678,33.770164489746094,33.18821334838867,37.44479751586914
scene12_traj1_1__000149,0.03617994487285614,0.0644935816526413,0.6445579528808594,0.633776068687439,0.9988054037094116,33.10907745361328,37.346954345703125,0.03617994487285614,0.0644935816526413,33.66087341308594,33.10907745361328,37.346954345703125
scene12_traj1_1__000150,0.03596857190132141,0.06407582014799118,0.6424921751022339,0.6353615522384644,0.9984614253044128,33.0897216796875,37.68428421020508,0.03596857190132141,0.06407582014799118,33.65072250366211,33.0897216796875,37.68428421020508
scene12_traj1_1__000151,0.035881511867046356,0.06388024985790253,0.6440545916557312,0.6348496079444885,0.9984412789344788,33.13780212402344,37.73796844482422,0.035881511867046356,0.06388024985790253,33.647518157958984,33.13780212402344,37.73796844482422
scene12_traj1_1__000152,0.03589456155896187,0.0638885423541069,0.6420260071754456,0.6349179148674011,0.996747612953186,33.09572219848633,38.0110969543457,0.03589456155896187,0.0638885423541069,33.589927673339844,33.09572219848633,38.0110969543457
scene12_traj1_1__000153,0.035857316106557846,0.063852958381176,0.6414633393287659,0.6372723579406738,0.9982165694236755,33.05714416503906,37.643489837646484,0.035857316106557846,0.063852958381176,33.63530731201172,33.05714416503906,37.643489837646484
scene12_traj1_1__000154,0.03576498478651047,0.06352370977401733,0.645898163318634,0.6350773572921753,1.001202940940857,33.207000732421875,37.86311340332031,0.03576498478651047,0.06352370977401733,33.7662239074707,33.207000732421875,37.86311340332031
scene12_traj1_1__000155,0.03567712754011154,0.06388702243566513,0.6408740282058716,0.6310367584228516,0.9940480589866638,32.86629867553711,37.78984832763672,0.03567712754011154,0.06388702243566513,33.46873092651367,32.86629867553711,37.78984832763672
scene12_traj1_1__000156,0.03571672737598419,0.06373455375432968,0.6398201584815979,0.6278865337371826,0.9910920858383179,32.80990219116211,37.76921463012695,0.03571672737598419,0.06373455375432968,33.364749908447266,32.80990219116211,37.76921463012695
scene12_traj1_1__000157,0.035497669130563736,0.0634743943810463,0.6443285346031189,0.6309211254119873,0.9976934194564819,32.9398078918457,37.524295806884766,0.035497669130563736,0.0634743943810463,33.61518859863281,32.9398078918457,37.524295806884766
scene12_traj1_1__000158,0.03529398515820503,0.06296480447053909,0.641901433467865,0.6289735436439514,0.9937902688980103,32.88067626953125,38.12152099609375,0.03529398515820503,0.06296480447053909,33.45846176147461,32.88067626953125,38.12152099609375
scene12_traj1_1__000159,0.035186100751161575,0.06248678267002106,0.6411487460136414,0.6268518567085266,0.9920456409454346,32.77615737915039,37.675567626953125,0.035186100751161575,0.06248678267002106,33.39420700073242,32.77615737915039,37.675567626953125
scene12_traj1_1__000160,0.03525896370410919,0.06309172511100769,0.6352800726890564,0.6234597563743591,0.9842360019683838,32.24271774291992,36.98810958862305,0.03525896370410919,0.06309172511100769,33.09638977050781,32.24271774291992,36.98810958862305
scene12_traj1_1__000161,0.03532324731349945,0.06351252645254135,0.6392660737037659,0.6231658458709717,0.9871756434440613,32.64800262451172,38.0632438659668,0.03532324731349945,0.06351252645254135,33.2109260559082,32.64800262451172,38.0632438659668
scene12_traj1_1__000162,0.03529077023267746,0.06357433646917343,0.6375914216041565,0.61977219581604,0.9837244153022766,32.317588806152344,37.39181900024414,0.03529077023267746,0.06357433646917343,33.08571243286133,32.317588806152344,37.39181900024414
scene12_traj1_1__000163,0.03529705852270126,0.06373846530914307,0.6390358805656433,0.6192330121994019,0.9842996001243591,32.42831039428711,37.581905364990234,0.03529705852270126,0.06373846530914307,33.08973693847656,32.42831039428711,37.581905364990234
scene12_traj1_1__000164,0.03507448360323906,0.06382960081100464,0.64143967628479,0.6198151707649231,0.9864141345024109,32.355072021484375,37.314453125,0.03507448360323906,0.06382960081100464,33.17654800415039,32.355072021484375,37.314453125
scene12_traj1_1__000165,0.035085566341876984,0.06376007199287415,0.6415999531745911,0.6157792210578918,0.9837887287139893,32.28498077392578,37.2523078918457,0.035085566341876984,0.06376007199287415,33.06059646606445,32.28498077392578,37.2523078918457
scene12_traj1_1__000166,0.03499322757124901,0.06381816416978836,0.6416143178939819,0.6156157851219177,0.9832388162612915,32.3001708984375,37.37600326538086,0.03499322757124901,0.06381816416978836,33.05412673950195,32.3001708984375,37.37600326538086
scene12_traj1_1__000167,0.03491281345486641,0.06422660499811172,0.640876829624176,0.6130619049072266,0.9807038903236389,32.15736770629883,37.56343078613281,0.03491281345486641,0.06422660499811172,32.93862533569336,32.15736770629883,37.56343078613281
scene12_traj1_1__000168,0.0347551554441452,0.06365224719047546,0.6421010494232178,0.6153100728988647,0.9827794432640076,32.381446838378906,38.027366638183594,0.0347551554441452,0.06365224719047546,33.023780822753906,32.381446838378906,38.027366638183594
scene12_traj1_1__000169,0.03466936945915222,0.06341847032308578,0.6426926851272583,0.6157194375991821,0.9836779236793518,32.471435546875,38.2696647644043,0.03466936945915222,0.06341847032308578,33.06632995605469,32.471435546875,38.2696647644043
scene12_traj1_1__000170,0.03465442731976509,0.06341391801834106,0.6407045125961304,0.6137606501579285,0.9804128408432007,32.2338752746582,37.825862884521484,0.03465442731976509,0.06341391801834106,32.942874908447266,32.2338752746582,37.825862884521484
scene12_traj1_1__000171,0.03470200300216675,0.06438801437616348,0.6445294618606567,0.6134424209594727,0.9832690954208374,32.29850769042969,37.739017486572266,0.03470200300216675,0.06438801437616348,33.04747009277344,32.29850769042969,37.739017486572266
scene12_traj1_1__000172,0.03449258953332901,0.06340950727462769,0.6451305150985718,0.612190306186676,0.9828165173530579,32.42652130126953,38.14716339111328,0.03449258953332901,0.06340950727462769,33.02109146118164,32.42652130126953,38.14716339111328
scene12_traj1_1__000173,0.03446916863322258,0.06343300640583038,0.6436479687690735,0.6117421388626099,0.9818437099456787,32.25372314453125,37.909915924072266,0.03446916863322258,0.06343300640583038,32.99757385253906,32.25372314453125,37.909915924072266
scene12_traj1_1__000174,0.03409505635499954,0.06230607256293297,0.647274374961853,0.6140223741531372,0.9856463670730591,32.17863464355469,37.43670654296875,0.03409505635499954,0.06230607256293297,33.129676818847656,32.17863464355469,37.43670654296875
scene12_traj1_1__000175,0.033859435468912125,0.06159250810742378,0.6489589214324951,0.61395263671875,0.9863391518592834,32.329158782958984,37.9650993347168,0.033859435468912125,0.06159250810742378,33.164432525634766,32.329158782958984,37.9650993347168
scene12_traj1_1__000176,0.03396112471818924,0.061548590660095215,0.6488760709762573,0.6172058582305908,0.9887502193450928,32.224185943603516,37.41220474243164,0.03396112471818924,0.061548590660095215,33.26313018798828,32.224185943603516,37.41220474243164
scene12_traj1_1__000177,0.033860113471746445,0.06173985078930855,0.648858368396759,0.6154382228851318,0.9876505732536316,32.16672897338867,37.441673278808594,0.033860113471746445,0.06173985078930855,33.181095123291016,32.16672897338867,37.441673278808594
scene12_traj1_1__000178,0.033917367458343506,0.06180492043495178,0.649703860282898,0.6145868897438049,0.9880362749099731,32.45157241821289,38.31585693359375,0.033917367458343506,0.06180492043495178,33.21971893310547,32.45157241821289,38.31585693359375
scene12_traj1_1__000179,0.03365117684006691,0.06117658689618111,0.6500475406646729,0.6138357520103455,0.9873040914535522,32.280242919921875,38.03227615356445,0.03365117684006691,0.06117658689618111,33.182594299316406,32.280242919921875,38.03227615356445
scene12_traj1_1__000180,0.03376685082912445,0.06171382963657379,0.6507144570350647,0.6106048226356506,0.9862076640129089,32.315391540527344,38.006813049316406,0.03376685082912445,0.06171382963657379,33.13652801513672,32.315391540527344,38.006813049316406
scene12_traj1_1__000181,0.03372678533196449,0.06189772114157677,0.6540840268135071,0.6130776405334473,0.9902776479721069,32.640663146972656,38.59029006958008,0.03372678533196449,0.06189772114157677,33.30794906616211,32.640663146972656,38.59029006958008
scene12_traj1_1__000182,0.03367769345641136,0.061712443828582764,0.654321014881134,0.6114580035209656,0.9892492294311523,32.55924606323242,38.21321105957031,0.03367769345641136,0.061712443828582764,33.251190185546875,32.55924606323242,38.21321105957031
scene12_traj1_1__000183,0.03377525508403778,0.06209317222237587,0.6535229682922363,0.6074599623680115,0.9860041737556458,32.455299377441406,38.560909271240234,0.03377525508403778,0.06209317222237587,33.13663101196289,32.455299377441406,38.560909271240234
scene12_traj1_1__000184,0.03380325436592102,0.06208399310708046,0.6572434306144714,0.6098584532737732,0.9905822277069092,32.76670837402344,38.606143951416016,0.03380325436592102,0.06208399310708046,33.312522888183594,32.76670837402344,38.606143951416016
scene12_traj1_1__000185,0.03398941457271576,0.0623934268951416,0.6557241678237915,0.6101034879684448,0.9895681738853455,32.563987731933594,38.236228942871094,0.03398941457271576,0.0623934268951416,33.26462936401367,32.563987731933594,38.236228942871094
scene12_traj1_1__000186,0.0341351181268692,0.06292768567800522,0.652887761592865,0.611427903175354,0.9876256585121155,32.4852409362793,38.44014358520508,0.0341351181268692,0.06292768567800522,33.191287994384766,32.4852409362793,38.44014358520508
scene12_traj1_1__000187,0.034340642392635345,0.06386058777570724,0.651794970035553,0.610435426235199,0.9863364100456238,32.532318115234375,38.3962516784668,0.034340642392635345,0.06386058777570724,33.14738464355469,32.532318115234375,38.3962516784668
scene12_traj1_1__000188,0.03438038378953934,0.06370113790035248,0.6591876745223999,0.6076287031173706,0.9903323650360107,33.02421188354492,39.45842742919922,0.03438038378953934,0.06370113790035248,33.30287170410156,33.02421188354492,39.45842742919922
scene12_traj1_1__000189,0.03449323773384094,0.06402384489774704,0.6614012718200684,0.6120736002922058,0.9953915476799011,33.26638412475586,39.86213684082031,0.03449323773384094,0.06402384489774704,33.48915481567383,33.26638412475586,39.86213684082031
scene12_traj1_1__000190,0.03462167829275131,0.06446164101362228,0.6601869463920593,0.6077252626419067,0.9913701415061951,33.19745635986328,40.027523040771484,0.03462167829275131,0.06446164101362228,33.32978057861328,33.19745635986328,40.027523040771484
scene12_traj1_1__000191,0.03469786420464516,0.06457165628671646,0.6622591614723206,0.608668863773346,0.9936095476150513,33.24793243408203,40.122406005859375,0.03469786420464516,0.06457165628671646,33.417724609375,33.24793243408203,40.122406005859375
scene12_traj1_1__000192,0.03440765291452408,0.06365478783845901,0.6607879996299744,0.6077117323875427,0.9914765357971191,33.18069076538086,39.86957550048828,0.03440765291452408,0.06365478783845901,33.332340240478516,33.18069076538086,39.86957550048828
scene12_traj1_1__000193,0.03441993147134781,0.06365854293107986,0.6708573698997498,0.6050837635993958,0.9978859424591064,33.32851791381836,39.48158645629883,0.03441993147134781,0.06365854293107986,33.562355041503906,33.32851791381836,39.48158645629883
scene12_traj1_1__000194,0.03440716862678528,0.06416439265012741,0.6642376184463501,0.6062503457069397,0.993535041809082,33.17502212524414,39.81977844238281,0.03440716862678528,0.06416439265012741,33.406368255615234,33.17502212524414,39.81977844238281
scene12_traj1_1__000195,0.03383892774581909,0.0624576173722744,0.6585156321525574,0.6110607981681824,0.9923064708709717,32.80784606933594,39.295345306396484,0.03383892774581909,0.0624576173722744,33.364532470703125,32.80784606933594,39.295345306396484
scene12_traj1_1__000196,0.03371410444378853,0.062135323882102966,0.6597446799278259,0.613083004951477,0.9944946765899658,32.96485137939453,39.557167053222656,0.03371410444378853,0.062135323882102966,33.4666862487793,32.96485137939453,39.557167053222656
scene12_traj1_1__000197,0.03345096483826637,0.06136810779571533,0.6581332683563232,0.6175298690795898,0.9960338473320007,32.81529998779297,39.286800384521484,0.03345096483826637,0.06136810779571533,33.51162338256836,32.81529998779297,39.286800384521484
scene12_traj1_1__000198,0.033198438584804535,0.06073962152004242,0.6570860743522644,0.617454469203949,0.9959051012992859,32.784156799316406,39.1218376159668,0.033198438584804535,0.06073962152004242,33.527320861816406,32.784156799316406,39.1218376159668
scene12_traj1_1__000199,0.03309645131230354,0.06028233468532562,0.6613147854804993,0.6146215200424194,0.9966526031494141,32.766571044921875,39.09208679199219,0.03309645131230354,0.06028233468532562,33.547691345214844,32.766571044921875,39.09208679199219
scene12_traj1_1__000200,0.0332377627491951,0.06051165238022804,0.661037027835846,0.6153115034103394,0.9965063333511353,32.88555908203125,39.359107971191406,0.0332377627491951,0.06051165238022804,33.525291442871094,32.88555908203125,39.359107971191406
scene12_traj1_1__000201,0.03328099474310875,0.06092115864157677,0.6567782163619995,0.6167210340499878,0.9948250651359558,32.60117721557617,38.75102233886719,0.03328099474310875,0.06092115864157677,33.47550964355469,32.60117721557617,38.75102233886719
scene12_traj1_1__000202,0.0332476906478405,0.06080883368849754,0.659484326839447,0.615517258644104,0.9951171875,32.65564727783203,39.028411865234375,0.0332476906478405,0.06080883368849754,33.46158981323242,32.65564727783203,39.028411865234375
scene12_traj1_1__000203,0.033492814749479294,0.06140005216002464,0.6578173637390137,0.6136496067047119,0.9937974810600281,32.67795944213867,39.23612976074219,0.033492814749479294,0.06140005216002464,33.432064056396484,32.67795944213867,39.23612976074219
scene12_traj1_1__000204,0.0333334356546402,0.06090004742145538,0.6539064049720764,0.6121995449066162,0.9904650449752808,32.406829833984375,38.3852653503418,0.0333334356546402,0.06090004742145538,33.301753997802734,32.406829833984375,38.3852653503418
scene12_traj1_1__000205,0.03347288817167282,0.06113940104842186,0.6581591963768005,0.6164383292198181,0.9960895776748657,32.83003616333008,39.055091857910156,0.03347288817167282,0.06113940104842186,33.5154914855957,32.83003616333008,39.055091857910156
scene12_traj1_1__000206,0.03366345167160034,0.06157466396689415,0.6587952971458435,0.617173969745636,0.9980564713478088,32.90876388549805,39.09719467163086,0.03366345167160034,0.06157466396689415,33.591651916503906,32.90876388549805,39.09719467163086
scene12_traj1_1__000207,0.03373781591653824,0.0616578571498394,0.6519248485565186,0.6198135018348694,0.9936701059341431,32.57889175415039,38.709754943847656,0.03373781591653824,0.0616578571498394,33.41372299194336,32.57889175415039,38.709754943847656
scene12_traj1_1__000208,0.03379085659980774,0.061220936477184296,0.651156485080719,0.6231350302696228,0.9953001737594604,32.73489761352539,39.10425567626953,0.03379085659980774,0.061220936477184296,33.48368453979492,32.73489761352539,39.10425567626953
scene12_traj1_1__000209,0.03393577039241791,0.061696119606494904,0.6511417031288147,0.6213395595550537,0.9946550130844116,32.71632385253906,38.99704360961914,0.03393577039241791,0.061696119606494904,33.456871032714844,32.71632385253906,38.99704360961914
scene12_traj1_1__000210,0.034154362976551056,0.0624852292239666,0.6544436812400818,0.6208685040473938,0.9968006014823914,32.78836441040039,38.87940979003906,0.034154362976551056,0.0624852292239666,33.5435905456543,32.78836441040039,38.87940979003906
scene12_traj1_1__000211,0.03421065956354141,0.06199685484170914,0.6545506119728088,0.6247813105583191,0.9994262456893921,32.939334869384766,38.83732223510742,0.03421065956354141,0.06199685484170914,33.65208435058594,32.939334869384766,38.83732223510742
scene12_traj1_1__000212,0.03429599106311798,0.06205389276146889,0.6578673124313354,0.6269025802612305,1.0033831596374512,33.11154556274414,39.1255989074707,0.03429599106311798,0.06205389276146889,33.78853988647461,33.11154556274414,39.1255989074707
scene12_traj1_1__000213,0.034279461950063705,0.061817023903131485,0.6589356660842896,0.6266127824783325,1.0036221742630005,33.08168029785156,39.00079345703125,0.034279461950063705,0.061817023903131485,33.79586410522461,33.08168029785156,39.00079345703125
scene12_traj1_1__000214,0.0342835895717144,0.06160254776477814,0.6580357551574707,0.6258056163787842,1.0032938718795776,33.16087341308594,39.52341079711914,0.0342835895717144,0.06160254776477814,33.790252685546875,33.16087341308594,39.52341079711914
scene12_traj1_1__000215,0.03467235341668129,0.06232403963804245,0.6615591645240784,0.6289262771606445,1.0094608068466187,33.32295608520508,39.093631744384766,0.03467235341668129,0.06232403963804245,34.014976501464844,33.32295608520508,39.093631744384766
scene12_traj1_1__000216,0.03464379161596298,0.0624672956764698,0.6582943201065063,0.6278154850006104,1.0058516263961792,33.14255142211914,39.016754150390625,0.03464379161596298,0.0624672956764698,33.882076263427734,33.14255142211914,39.016754150390625
scene12_traj1_1__000217,0.034918639808893204,0.06281495839357376,0.6638112664222717,0.6364555358886719,1.0161418914794922,33.566986083984375,39.23994064331055,0.034918639808893204,0.06281495839357376,34.27818298339844,33.566986083984375,39.23994064331055
scene12_traj1_1__000218,0.03511976823210716,0.06277438253164291,0.6645334362983704,0.6366111636161804,1.0165534019470215,33.5089225769043,39.33323669433594,0.03511976823210716,0.06277438253164291,34.28721618652344,33.5089225769043,39.33323669433594
scene12_traj1_1__000219,0.03515263646841049,0.06322414427995682,0.6650781631469727,0.6373569369316101,1.0178439617156982,33.530967712402344,39.095123291015625,0.03515263646841049,0.06322414427995682,34.3398323059082,33.530967712402344,39.095123291015625
scene12_traj1_1__000220,0.035191092640161514,0.06295184791088104,0.6645722389221191,0.6353207230567932,1.0152181386947632,33.29312515258789,38.69221496582031,0.035191092640161514,0.06295184791088104,34.228633880615234,33.29312515258789,38.69221496582031
scene12_traj1_1__000221,0.03555808961391449,0.06341257691383362,0.665256917476654,0.6379786729812622,1.0188732147216797,33.64531707763672,39.31501770019531,0.03555808961391449,0.06341257691383362,34.38080596923828,33.64531707763672,39.31501770019531
scene12_traj1_1__000222,0.03549141809344292,0.06328487396240234,0.6682516932487488,0.6400557160377502,1.0228211879730225,33.68528366088867,38.98255157470703,0.03549141809344292,0.06328487396240234,34.52801513671875,33.68528366088867,38.98255157470703
scene12_traj1_1__000223,0.035802386701107025,0.06399840116500854,0.6655576825141907,0.6359284520149231,1.0179939270019531,33.43282699584961,38.31193923950195,0.035802386701107025,0.06399840116500854,34.34028244018555,33.43282699584961,38.31193923950195
scene12_traj1_1__000224,0.036267466843128204,0.06480011343955994,0.6642277240753174,0.6397466659545898,1.0197597742080688,33.81941604614258,39.33579635620117,0.036267466843128204,0.06480011343955994,34.41624450683594,33.81941604614258,39.33579635620117
scene12_traj1_1__000225,0.03619398921728134,0.0644010528922081,0.6671929955482483,0.6406276822090149,1.0228266716003418,33.95124053955078,38.99889373779297,0.03619398921728134,0.0644010528922081,34.532100677490234,33.95124053955078,38.99889373779297
scene12_traj1_1__000226,0.03628828004002571,0.06446269899606705,0.669639527797699,0.6403690576553345,1.0246282815933228,33.976722717285156,38.85735321044922,0.03628828004002571,0.06446269899606705,34.60173416137695,33.976722717285156,38.85735321044922
scene12_traj1_1__000227,0.036328043788671494,0.06454069912433624,0.6662649512290955,0.64198899269104,1.0233824253082275,33.895503997802734,38.826358795166016,0.036328043788671494,0.06454069912433624,34.55086898803711,33.895503997802734,38.826358795166016
scene12_traj1_1__000228,0.03644002601504326,0.06475809961557388,0.6682984828948975,0.6440060138702393,1.025695562362671,34.14912414550781,39.5848274230957,0.03644002601504326,0.06475809961557388,34.65822982788086,34.14912414550781,39.5848274230957
scene12_traj1_1__000229,0.03633181378245354,0.06454513221979141,0.6643245220184326,0.6434918642044067,1.022998332977295,34.02998733520508,39.345855712890625,0.03633181378245354,0.06454513221979141,34.53657150268555,34.02998733520508,39.345855712890625
scene12_traj1_1__000230,0.036291204392910004,0.0645337775349617,0.6677154898643494,0.6446723937988281,1.0255037546157837,34.11981201171875,39.555747985839844,0.036291204392910004,0.0645337775349617,34.62656021118164,34.11981201171875,39.555747985839844
scene12_traj1_1__000231,0.036108944565057755,0.06384822726249695,0.6668888330459595,0.6491721868515015,1.0284630060195923,34.15035629272461,39.2516975402832,0.036108944565057755,0.06384822726249695,34.742427825927734,34.15035629272461,39.2516975402832
scene12_traj1_1__000232,0.03628179430961609,0.06410946696996689,0.6689249873161316,0.6514406800270081,1.0317825078964233,34.283966064453125,39.432403564453125,0.03628179430961609,0.06410946696996689,34.87222671508789,34.283966064453125,39.432403564453125
scene12_traj1_1__000233,0.03636430948972702,0.06461767107248306,0.6660876870155334,0.6526878476142883,1.0300084352493286,34.14292526245117,39.72346115112305,0.03636430948972702,0.06461767107248306,34.81873321533203,34.14292526245117,39.72346115112305
scene12_traj1_1__000234,0.036165639758110046,0.06374463438987732,0.6721579432487488,0.6487404704093933,1.0330476760864258,34.05419158935547,39.289276123046875,0.036165639758110046,0.06374463438987732,34.90573501586914,34.05419158935547,39.289276123046875
scene12_traj1_1__000235,0.036060988903045654,0.06329873949289322,0.6777149438858032,0.6525905728340149,1.040668249130249,34.373863220214844,39.460018157958984,0.036060988903045654,0.06329873949289322,35.213802337646484,34.373863220214844,39.460018157958984
scene12_traj1_1__000236,0.036036744713783264,0.06303078681230545,0.6830223798751831,0.6519238948822021,1.0445500612258911,34.52090835571289,39.39344787597656,0.036036744713783264,0.06303078681230545,35.35309982299805,34.52090835571289,39.39344787597656
scene12_traj1_1__000237,0.03631370887160301,0.06376106292009354,0.6799595952033997,0.6515673995018005,1.0419247150421143,34.30898666381836,39.07169723510742,0.03631370887160301,0.06376106292009354,35.2406005859375,34.30898666381836,39.07169723510742
scene12_traj1_1__000238,0.03636908903717995,0.06374140828847885,0.6788378357887268,0.6543894410133362,1.04344642162323,34.26194381713867,38.94745635986328,0.03636908903717995,0.06374140828847885,35.31491470336914,34.26194381713867,38.94745635986328
scene12_traj1_1__000239,0.03642597422003746,0.06380926072597504,0.6842737197875977,0.651540219783783,1.0463820695877075,34.49064254760742,39.05714797973633,0.03642597422003746,0.06380926072597504,35.39936828613281,34.49064254760742,39.05714797973633
scene12_traj1_1__000240,0.03676893189549446,0.06445232778787613,0.6795294284820557,0.651648998260498,1.0426480770111084,34.2066535949707,38.49119186401367,0.03676893189549446,0.06445232778787613,35.269561767578125,34.2066535949707,38.49119186401367
scene12_traj1_1__000241,0.036951784044504166,0.06460484117269516,0.6776725649833679,0.6505686640739441,1.0406877994537354,34.31208038330078,38.8369140625,0.036951784044504166,0.06460484117269516,35.2154541015625,34.31208038330078,38.8369140625
scene12_traj1_1__000242,0.03694762662053108,0.06467583775520325,0.6771286725997925,0.648979902267456,1.038630485534668,34.22737121582031,38.62974166870117,0.03694762662053108,0.06467583775520325,35.126834869384766,34.22737121582031,38.62974166870117
scene12_traj1_1__000243,0.037308938801288605,0.06508433818817139,0.6763598322868347,0.6553123593330383,1.0426830053329468,34.26727294921875,38.3317756652832,0.037308938801288605,0.06508433818817139,35.28273010253906,34.26727294921875,38.3317756652832
scene12_traj1_1__000244,0.037349119782447815,0.06506428122520447,0.6728104948997498,0.6564916372299194,1.0401017665863037,34.24697494506836,38.45002746582031,0.037349119782447815,0.06506428122520447,35.20042419433594,34.24697494506836,38.45002746582031
scene12_traj1_1__000245,0.0374157689511776,0.064838707447052,0.6740320324897766,0.6568905115127563,1.0420352220535278,34.47468948364258,38.83933639526367,0.0374157689511776,0.064838707447052,35.2802619934082,34.47468948364258,38.83933639526367
scene12_traj1_1__000246,0.037378206849098206,0.06460962444543839,0.6743285059928894,0.6512409448623657,1.0367214679718018,34.20507049560547,38.37664031982422,0.037378206849098206,0.06460962444543839,35.062477111816406,34.20507049560547,38.37664031982422
scene12_traj1_1__000247,0.037689462304115295,0.0653480812907219,0.6749848127365112,0.6571696996688843,1.0414820909500122,34.460662841796875,38.63884353637695,0.037689462304115295,0.0653480812907219,35.27146530151367,34.460662841796875,38.63884353637695
scene12_traj1_1__000248,0.03791063651442528,0.06575872749090195,0.6745368242263794,0.6574548482894897,1.0413151979446411,34.47740173339844,38.61696243286133,0.03791063651442528,0.06575872749090195,35.26377868652344,34.47740173339844,38.61696243286133
scene12_traj1_1__000249,0.03779818117618561,0.06528603285551071,0.6778932213783264,0.6589986085891724,1.044860601425171,34.70271301269531,38.995418548583984,0.03779818117618561,0.06528603285551071,35.40134811401367,34.70271301269531,38.995418548583984
scene12_traj1_1__000250,0.03801167756319046,0.06558603048324585,0.6704367399215698,0.6591787338256836,1.0400370359420776,34.3006706237793,37.986900329589844,0.03801167756319046,0.06558603048324585,35.228004455566406,34.3006706237793,37.986900329589844
scene12_traj1_1__000251,0.03814070671796799,0.06586645543575287,0.6669140458106995,0.6611607670783997,1.0384291410446167,34.534149169921875,38.7014045715332,0.03814070671796799,0.06586645543575287,35.17198944091797,34.534149169921875,38.7014045715332
scene12_traj1_1__000252,0.03803131356835365,0.06570407748222351,0.6692469120025635,0.6648169755935669,1.042898416519165,34.629150390625,38.74696731567383,0.03803131356835365,0.06570407748222351,35.34666061401367,34.629150390625,38.74696731567383
scene12_traj1_1__000253,0.03814765438437462,0.06578642874956131,0.6671948432922363,0.6644309759140015,1.0414462089538574,34.5206413269043,38.539485931396484,0.03814765438437462,0.06578642874956131,35.28972625732422,34.5206413269043,38.539485931396484
scene12_traj1_1__000254,0.037865690886974335,0.06490778177976608,0.6637495160102844,0.6639689207077026,1.0374000072479248,34.2786750793457,38.21861267089844,0.037865690886974335,0.06490778177976608,35.111000061035156,34.2786750793457,38.21861267089844
scene12_traj1_1__000255,0.03791581839323044,0.06544788181781769,0.6637604832649231,0.6683609485626221,1.0407323837280273,34.50492858886719,38.621246337890625,0.03791581839323044,0.06544788181781769,35.26772689819336,34.50492858886719,38.621246337890625
scene12_traj1_1__000256,0.037947602570056915,0.06518535315990448,0.6616695523262024,0.6641319394111633,1.0353249311447144,34.20793151855469,38.24379348754883,0.037947602570056915,0.06518535315990448,35.06162643432617,34.20793151855469,38.24379348754883
scene12_traj1_1__000257,0.03789167106151581,0.06505545228719711,0.660883367061615,0.6646701097488403,1.034710168838501,34.26077651977539,38.551734924316406,0.03789167106151581,0.06505545228719711,35.06512451171875,34.26077651977539,38.551734924316406
scene12_traj1_1__000258,0.03772357478737831,0.0646822601556778,0.6600685715675354,0.6659730076789856,1.0355949401855469,34.372596740722656,38.43815994262695,0.03772357478737831,0.0646822601556778,35.10575485229492,34.372596740722656,38.43815994262695
scene12_traj1_1__000259,0.037871476262807846,0.06510806828737259,0.6635053753852844,0.666092038154602,1.0387179851531982,34.4980354309082,38.584251403808594,0.037871476262807846,0.06510806828737259,35.22113800048828,34.4980354309082,38.584251403808594
scene12_traj1_1__000260,0.03776492178440094,0.06493061035871506,0.6575226783752441,0.6634188890457153,1.0315488576889038,34.22901153564453,38.250972747802734,0.03776492178440094,0.06493061035871506,34.93947982788086,34.22901153564453,38.250972747802734
scene12_traj1_1__000261,0.03768906369805336,0.06488689035177231,0.6582779884338379,0.66648268699646,1.0337194204330444,34.487030029296875,38.81606674194336,0.03768906369805336,0.06488689035177231,35.04998016357422,34.487030029296875,38.81606674194336
scene12_traj1_1__000262,0.03752373531460762,0.06402698904275894,0.6564884185791016,0.6639404296875,1.0308574438095093,34.402889251708984,38.65003967285156,0.03752373531460762,0.06402698904275894,34.92109680175781,34.402889251708984,38.65003967285156
scene12_traj1_1__000263,0.037674810737371445,0.06446714699268341,0.6594787240028381,0.666302502155304,1.0345547199249268,34.517311096191406,38.81013107299805,0.037674810737371445,0.06446714699268341,35.08359909057617,34.517311096191406,38.81013107299805
scene12_traj1_1__000264,0.037793271243572235,0.06457177549600601,0.659536600112915,0.6644356846809387,1.033460259437561,34.426239013671875,38.55099868774414,0.037793271243572235,0.06457177549600601,35.05004119873047,34.426239013671875,38.55099868774414
scene12_traj1_1__000265,0.03787507489323616,0.06436829268932343,0.6615045070648193,0.6680036783218384,1.0382578372955322,34.63707733154297,38.68026351928711,0.03787507489323616,0.06436829268932343,35.21678161621094,34.63707733154297,38.68026351928711
scene12_traj1_1__000266,0.037792887538671494,0.06404069811105728,0.6588676571846008,0.666243314743042,1.0349220037460327,34.495391845703125,38.84064483642578,0.037792887538671494,0.06404069811105728,35.092281341552734,34.495391845703125,38.84064483642578
scene12_traj1_1__000267,0.03820040449500084,0.0651228129863739,0.6632455587387085,0.6673327088356018,1.0385384559631348,34.68815994262695,38.62066650390625,0.03820040449500084,0.0651228129863739,35.249080657958984,34.68815994262695,38.62066650390625
scene12_traj1_1__000268,0.03794128820300102,0.06402743607759476,0.6643210053443909,0.6649895310401917,1.0373098850250244,34.843421936035156,39.203857421875,0.03794128820300102,0.06402743607759476,35.20524597167969,34.843421936035156,39.203857421875
scene12_traj1_1__000269,0.03812955692410469,0.0644565001130104,0.6622866988182068,0.6646375060081482,1.0356568098068237,34.74950408935547,39.171424865722656,0.03812955692410469,0.0644565001130104,35.12017822265625,34.74950408935547,39.171424865722656
scene12_traj1_1__000270,0.03812861070036888,0.06447304785251617,0.6582749485969543,0.6678484678268433,1.034936547279358,34.56293487548828,38.699951171875,0.03812861070036888,0.06447304785251617,35.10914993286133,34.56293487548828,38.699951171875
scene12_traj1_1__000271,0.03812524676322937,0.06421918421983719,0.6579839587211609,0.6696711182594299,1.0364717245101929,34.76377487182617,39.1278076171875,0.03812524676322937,0.06421918421983719,35.171348571777344,34.76377487182617,39.1278076171875
scene12_traj1_1__000272,0.03808053210377693,0.06459429115056992,0.6597626209259033,0.6682736277580261,1.0367658138275146,34.66241455078125,38.83770751953125,0.03808053210377693,0.06459429115056992,35.17557144165039,34.66241455078125,38.83770751953125
scene12_traj1_1__000273,0.03801410645246506,0.06455019861459732,0.6598666906356812,0.6673726439476013,1.035574197769165,34.65851974487305,38.89689254760742,0.03801410645246506,0.06455019861459732,35.132286071777344,34.65851974487305,38.89689254760742
scene12_traj1_1__000274,0.037917546927928925,0.06407511979341507,0.6616376638412476,0.6662984490394592,1.0367295742034912,34.71113204956055,39.029415130615234,0.037917546927928925,0.06407511979341507,35.175262451171875,34.71113204956055,39.029415130615234
scene12_traj1_1__000275,0.03785070776939392,0.06371323764324188,0.6607106924057007,0.6628814935684204,1.0331569910049438,34.43834686279297,38.875144958496094,0.03785070776939392,0.06371323764324188,35.030670166015625,34.43834686279297,38.875144958496094
scene12_traj1_1__000276,0.03783538565039635,0.06359865516424179,0.6601414680480957,0.6650018692016602,1.0346537828445435,34.50754165649414,38.71171951293945,0.03783538565039635,0.06359865516424179,35.10054397583008,34.50754165649414,38.71171951293945
scene12_traj1_1__000277,0.03787587583065033,0.06388406455516815,0.6609894633293152,0.6659658551216125,1.0360502004623413,34.557498931884766,38.85776138305664,0.03787587583065033,0.06388406455516815,35.1514892578125,34.557498931884766,38.85776138305664
scene12_traj1_1__000278,0.03797316923737526,0.06408131867647171,0.6623424887657166,0.6680096387863159,1.0386180877685547,34.73303985595703,39.0504035949707,0.03797316923737526,0.06408131867647171,35.2544059753418,34.73303985595703,39.0504035949707
scene12_traj1_1__000279,0.03800776228308678,0.06415864080190659,0.6646747589111328,0.6683995723724365,1.0410573482513428,34.73971939086914,39.03966522216797,0.03800776228308678,0.06415864080190659,35.34333419799805,34.73971939086914,39.03966522216797
scene12_traj1_1__000280,0.038300856947898865,0.06466253101825714,0.6655128002166748,0.6685792207717896,1.0417041778564453,34.773983001708984,38.78359603881836,0.038300856947898865,0.06466253101825714,35.37268829345703,34.773983001708984,38.78359603881836
scene12_traj1_1__000281,0.03857460990548134,0.06528466194868088,0.6637477278709412,0.6670236587524414,1.0391157865524292,34.684112548828125,38.750701904296875,0.03857460990548134,0.06528466194868088,35.255489349365234,34.684112548828125,38.750701904296875
scene12_traj1_1__000282,0.038470957428216934,0.06512732803821564,0.6642921566963196,0.6646236181259155,1.0376404523849487,34.79740905761719,38.90690994262695,0.038470957428216934,0.06512732803821564,35.21284103393555,34.79740905761719,38.90690994262695
scene12_traj1_1__000283,0.038697898387908936,0.06538429856300354,0.6635417938232422,0.6680189967155457,1.039324164390564,34.621925354003906,38.5467414855957,0.038697898387908936,0.06538429856300354,35.28346252441406,34.621925354003906,38.5467414855957
scene12_traj1_1__000284,0.03889014571905136,0.06612356752157211,0.6629725098609924,0.6655457019805908,1.0367779731750488,34.728946685791016,38.8520622253418,0.03889014571905136,0.06612356752157211,35.180912017822266,34.728946685791016,38.8520622253418
scene12_traj1_1__000285,0.03891526162624359,0.06577716767787933,0.6662362813949585,0.6694533824920654,1.0429645776748657,35.044830322265625,39.40430450439453,0.03891526162624359,0.06577716767787933,35.42249298095703,35.044830322265625,39.40430450439453
scene12_traj1_1__000286,0.03890146315097809,0.06558999419212341,0.6681706309318542,0.6707803606987,1.0453424453735352,35.08818435668945,39.25448989868164,0.03890146315097809,0.06558999419212341,35.5109977722168,35.08818435668945,39.25448989868164
scene12_traj1_1__000287,0.039058007299900055,0.06606676429510117,0.6705697178840637,0.6686932444572449,1.0458223819732666,35.222145080566406,39.762916564941406,0.039058007299900055,0.06606676429510117,35.53304672241211,35.222145080566406,39.762916564941406
scene12_traj1_1__000288,0.03923163190484047,0.06643427908420563,0.6710500121116638,0.6707056760787964,1.0466619729995728,35.27385711669922,39.728973388671875,0.03923163190484047,0.06643427908420563,35.566802978515625,35.27385711669922,39.728973388671875
scene12_traj1_1__000289,0.039189621806144714,0.06612219661474228,0.671582818031311,0.6690396070480347,1.0463132858276367,35.26586151123047,39.84379959106445,0.039189621806144714,0.06612219661474228,35.57541275024414,35.26586151123047,39.84379959106445
scene12_traj1_1__000290,0.039132822304964066,0.06621304154396057,0.6692971587181091,0.6707597374916077,1.0457509756088257,35.258697509765625,39.743255615234375,0.039132822304964066,0.06621304154396057,35.54436111450195,35.258697509765625,39.743255615234375
scene12_traj1_1__000291,0.03929845988750458,0.06639902293682098,0.666799783706665,0.6696313619613647,1.0426193475723267,35.05168533325195,39.444828033447266,0.03929845988750458,0.06639902293682098,35.41834259033203,35.05168533325195,39.444828033447266
scene12_traj1_1__000292,0.03923368081450462,0.06636958569288254,0.6663168668746948,0.6735108494758606,1.0453308820724487,35.23115158081055,39.77875518798828,0.03923368081450462,0.06636958569288254,35.52180099487305,35.23115158081055,39.77875518798828
scene12_traj1_1__000293,0.039322108030319214,0.06631768494844437,0.6689803600311279,0.6722948551177979,1.0469683408737183,35.25576400756836,39.4854736328125,0.039322108030319214,0.06631768494844437,35.5710563659668,35.25576400756836,39.4854736328125
scene12_traj1_1__000294,0.039450790733098984,0.06656501442193985,0.6674772500991821,0.6724547743797302,1.0464431047439575,35.26244354248047,39.45897674560547,0.039450790733098984,0.06656501442193985,35.56890869140625,35.26244354248047,39.45897674560547
scene12_traj1_1__000295,0.039797134697437286,0.06766173988580704,0.6685195565223694,0.6710275411605835,1.0460944175720215,35.142608642578125,39.171661376953125,0.039797134697437286,0.06766173988580704,35.52821350097656,35.142608642578125,39.171661376953125
scene12_traj1_1__000296,0.039835281670093536,0.06762783974409103,0.6701622009277344,0.6719420552253723,1.0486375093460083,35.346500396728516,39.626922607421875,0.039835281670093536,0.06762783974409103,35.637874603271484,35.346500396728516,39.626922607421875
scene12_traj1_1__000297,0.03981064260005951,0.06793084740638733,0.6652105450630188,0.6671630144119263,1.0406596660614014,35.139183044433594,39.69601821899414,0.03981064260005951,0.06793084740638733,35.3363037109375,35.139183044433594,39.69601821899414
scene12_traj1_1__000298,0.03957931697368622,0.0676366537809372,0.6647666096687317,0.6703725457191467,1.0417171716690063,35.30790328979492,40.25558853149414,0.03957931697368622,0.0676366537809372,35.37229537963867,35.30790328979492,40.25558853149414
scene12_traj1_1__000299,0.039414335042238235,0.06758441776037216,0.6656355261802673,0.6721426248550415,1.0438029766082764,35.514034271240234,40.47565460205078,0.039414335042238235,0.06758441776037216,35.471519470214844,35.514034271240234,40.47565460205078
scene12_traj1_1__000300,0.03923729434609413,0.06772234290838242,0.6641755104064941,0.6669050455093384,1.0376535654067993,35.35446548461914,40.85116195678711,0.03923729434609413,0.06772234290838242,35.212371826171875,35.35446548461914,40.85116195678711
scene12_traj1_1__000301,0.03891102224588394,0.06742607802152634,0.6573358774185181,0.6678073406219482,1.0326625108718872,35.13816452026367,40.7011833190918,0.03891102224588394,0.06742607802152634,35.012489318847656,35.13816452026367,40.7011833190918
scene12_traj1_1__000302,0.038888007402420044,0.0675356313586235,0.6588419079780579,0.6658766269683838,1.0330805778503418,35.26084518432617,40.95417022705078,0.038888007402420044,0.0675356313586235,35.05535125732422,35.26084518432617,40.95417022705078
scene12_traj1_1__000303,0.039098627865314484,0.06836953014135361,0.655860960483551,0.6694852113723755,1.0332188606262207,35.24200439453125,40.69080352783203,0.039098627865314484,0.06836953014135361,35.04696273803711,35.24200439453125,40.69080352783203
scene12_traj1_1__000304,0.03930547833442688,0.06837452948093414,0.6550898551940918,0.6712952256202698,1.0337854623794556,35.1253547668457,40.47926330566406,0.03930547833442688,0.06837452948093414,35.07636642456055,35.1253547668457,40.47926330566406
scene12_traj1_1__000305,0.039595119655132294,0.06874917447566986,0.655785083770752,0.6720503568649292,1.0352534055709839,35.62224578857422,41.83856201171875,0.039595119655132294,0.06874917447566986,35.13515853881836,35.62224578857422,41.83856201171875
scene12_traj1_1__000306,0.03940477594733238,0.068290576338768,0.6573142409324646,0.6780149936676025,1.0411864519119263,35.79994201660156,41.867881774902344,0.03940477594733238,0.068290576338768,35.35089874267578,35.79994201660156,41.867881774902344
scene12_traj1_1__000307,0.03992857411503792,0.06976090371608734,0.654809832572937,0.6786047220230103,1.0402822494506836,35.838863372802734,42.02544403076172,0.03992857411503792,0.06976090371608734,35.291473388671875,35.838863372802734,42.02544403076172
scene12_traj1_1__000308,0.039715107530355453,0.06920509040355682,0.6538569927215576,0.6763764023780823,1.0377931594848633,35.79545974731445,42.11766052246094,0.039715107530355453,0.06920509040355682,35.20399475097656,35.79545974731445,42.11766052246094
scene12_traj1_1__000309,0.039828430861234665,0.0695548728108406,0.6567472815513611,0.676368772983551,1.0401277542114258,35.87540817260742,42.20995330810547,0.039828430861234665,0.0695548728108406,35.29759216308594,35.87540817260742,42.20995330810547
scene12_traj1_1__000310,0.039633311331272125,0.06965235620737076,0.6551089286804199,0.678056538105011,1.0405598878860474,36.10799789428711,42.86225128173828,0.039633311331272125,0.06965235620737076,35.3232536315918,36.10799789428711,42.86225128173828
scene12_traj1_1__000311,0.039508458226919174,0.06918678432703018,0.6536895036697388,0.678000271320343,1.0397917032241821,35.98259735107422,42.35597610473633,0.039508458226919174,0.06918678432703018,35.28044128417969,35.98259735107422,42.35597610473633
scene12_traj1_1__000312,0.03957948088645935,0.0693935826420784,0.6533619165420532,0.6770682334899902,1.0383960008621216,36.008270263671875,42.69325256347656,0.03957948088645935,0.0693935826420784,35.23519515991211,36.008270263671875,42.69325256347656
scene12_traj1_1__000313,0.03954317420721054,0.06968466937541962,0.651736319065094,0.6766455173492432,1.0375040769577026,35.82741928100586,42.30431365966797,0.03954317420721054,0.06968466937541962,35.178443908691406,35.82741928100586,42.30431365966797
scene12_traj1_1__000314,0.03957265987992287,0.06905759125947952,0.6533374190330505,0.6785627007484436,1.0392253398895264,36.136356353759766,42.94391632080078,0.03957265987992287,0.06905759125947952,35.275325775146484,36.136356353759766,42.94391632080078
scene12_traj1_1__000315,0.03936977684497833,0.06837858259677887,0.6593313813209534,0.6784191131591797,1.0436809062957764,36.09260940551758,42.45355987548828,0.03936977684497833,0.06837858259677887,35.4422721862793,36.09260940551758,42.45355987548828
scene12_traj1_1__000316,0.03906920924782753,0.06744943559169769,0.6558510065078735,0.6764703392982483,1.0397391319274902,35.682701110839844,41.81814956665039,0.03906920924782753,0.06744943559169769,35.300048828125,35.682701110839844,41.81814956665039
scene12_traj1_1__000317,0.038795746862888336,0.0666971504688263,0.6543021202087402,0.6778843998908997,1.0399229526519775,35.750633239746094,41.91748046875,0.038795746862888336,0.0666971504688263,35.30128479003906,35.750633239746094,41.91748046875
scene12_traj1_1__000318,0.03882347047328949,0.06652814894914627,0.6574620604515076,0.6678192019462585,1.0340138673782349,35.292842864990234,41.190673828125,0.03882347047328949,0.06652814894914627,35.077327728271484,35.292842864990234,41.190673828125
scene12_traj2_1__000000,0.04972623661160469,0.09172021597623825,0.7163790464401245,0.6297608017921448,1.0560812950134277,36.05158233642578,39.333839416503906,0.04972623661160469,0.09172021597623825,35.717506408691406,36.05158233642578,39.333839416503906
scene12_traj2_1__000001,0.04985281080007553,0.09177093952894211,0.7154572010040283,0.6295995116233826,1.0554436445236206,36.071834564208984,39.32781982421875,0.04985281080007553,0.09177093952894211,35.67874526977539,36.071834564208984,39.32781982421875
scene12_traj2_1__000002,0.05003506690263748,0.0919981598854065,0.719691812992096,0.6285966038703918,1.0574042797088623,36.260009765625,39.707244873046875,0.05003506690263748,0.0919981598854065,35.762821197509766,36.260009765625,39.707244873046875
scene12_traj2_1__000003,0.04979341849684715,0.0915185958147049,0.713442862033844,0.6309207081794739,1.0546618700027466,36.099090576171875,39.68556213378906,0.04979341849684715,0.0915185958147049,35.677947998046875,36.099090576171875,39.68556213378906
scene12_traj2_1__000004,0.05043722316622734,0.09272641688585281,0.7102053761482239,0.6278388500213623,1.0496379137039185,35.8251838684082,39.310855865478516,0.05043722316622734,0.09272641688585281,35.48847961425781,35.8251838684082,39.310855865478516
scene12_traj2_1__000005,0.05026713386178017,0.09236656874418259,0.7141892313957214,0.6298452615737915,1.0539953708648682,36.065433502197266,39.44293212890625,0.05026713386178017,0.09236656874418259,35.64960479736328,36.065433502197266,39.44293212890625
scene12_traj2_1__000006,0.050212323665618896,0.09237734228372574,0.7095632553100586,0.6283770799636841,1.0487972497940063,35.84620666503906,39.2159309387207,0.050212323665618896,0.09237734228372574,35.460147857666016,35.84620666503906,39.2159309387207
scene12_traj2_1__000007,0.05036964640021324,0.09271872788667679,0.7112218141555786,0.6317282915115356,1.053344964981079,35.9729118347168,39.193687438964844,0.05036964640021324,0.09271872788667679,35.62852096557617,35.9729118347168,39.193687438964844
scene12_traj2_1__000008,0.050575774163007736,0.0932326391339302,0.7120455503463745,0.6319049000740051,1.0544317960739136,36.15763473510742,39.768043518066406,0.050575774163007736,0.0932326391339302,35.66432571411133,36.15763473510742,39.768043518066406
scene12_traj2_1__000009,0.050405312329530716,0.09271658957004547,0.7153493165969849,0.631553590297699,1.056358814239502,36.16598129272461,39.57595443725586,0.050405312329530716,0.09271658957004547,35.73655319213867,36.16598129272461,39.57595443725586
scene12_traj2_1__000010,0.050352904945611954,0.09250299632549286,0.7172168493270874,0.6311033368110657,1.0575015544891357,36.21965026855469,39.68096923828125,0.050352904945611954,0.09250299632549286,35.78960418701172,36.21965026855469,39.68096923828125
scene12_traj2_1__000011,0.05061611905694008,0.09300577640533447,0.7109476923942566,0.633865237236023,1.0548959970474243,36.08622360229492,39.54604721069336,0.05061611905694008,0.09300577640533447,35.683773040771484,36.08622360229492,39.54604721069336
scene12_traj2_1__000012,0.05065278336405754,0.09312476217746735,0.7128338813781738,0.6277145743370056,1.0516520738601685,35.8929328918457,39.16899871826172,0.05065278336405754,0.09312476217746735,35.56064987182617,35.8929328918457,39.16899871826172
scene12_traj2_1__000013,0.05057471618056297,0.09243988245725632,0.7154043316841125,0.6273636221885681,1.0537993907928467,36.056243896484375,39.40492630004883,0.05057471618056297,0.09243988245725632,35.626338958740234,36.056243896484375,39.40492630004883
scene12_traj2_1__000014,0.05085393041372299,0.09353705495595932,0.7116946578025818,0.6311356425285339,1.0535364151000977,35.87806701660156,38.872032165527344,0.05085393041372299,0.09353705495595932,35.640052795410156,35.87806701660156,38.872032165527344
scene12_traj2_1__000015,0.05107947438955307,0.0936785489320755,0.7123767733573914,0.6298063397407532,1.0531426668167114,35.89394760131836,39.08939743041992,0.05107947438955307,0.0936785489320755,35.599815368652344,35.89394760131836,39.08939743041992
scene12_traj2_1__000016,0.05112907662987709,0.09393380582332611,0.7132605910301208,0.6302971243858337,1.0540502071380615,35.91952896118164,38.9337158203125,0.05112907662987709,0.09393380582332611,35.63971710205078,35.91952896118164,38.9337158203125
scene12_traj2_1__000017,0.05102206766605377,0.09353999048471451,0.7127470374107361,0.6308925151824951,1.0537387132644653,35.99848175048828,39.24220657348633,0.05102206766605377,0.09353999048471451,35.651824951171875,35.99848175048828,39.24220657348633
scene12_traj2_1__000018,0.05157648026943207,0.09476876258850098,0.7138720750808716,0.631228506565094,1.0552736520767212,36.18315124511719,39.537452697753906,0.05157648026943207,0.09476876258850098,35.717281341552734,36.18315124511719,39.537452697753906
scene12_traj2_1__000019,0.05145129933953285,0.09427281469106674,0.7095280885696411,0.6319754719734192,1.0517619848251343,35.92103576660156,39.266685485839844,0.05145129933953285,0.09427281469106674,35.58975601196289,35.92103576660156,39.266685485839844
scene12_traj2_1__000020,0.05134401097893715,0.09417634457349777,0.7148312330245972,0.6334601640701294,1.0572625398635864,36.183250427246094,39.324195861816406,0.05134401097893715,0.09417634457349777,35.7867317199707,36.183250427246094,39.324195861816406
scene12_traj2_1__000021,0.05148584023118019,0.09410687536001205,0.7142110466957092,0.632742166519165,1.0565221309661865,36.09272003173828,39.119728088378906,0.05148584023118019,0.09410687536001205,35.762298583984375,36.09272003173828,39.119728088378906
scene12_traj2_1__000022,0.051463671028614044,0.09443613141775131,0.7161382436752319,0.6324970126152039,1.057590126991272,36.27646255493164,39.445526123046875,0.051463671028614044,0.09443613141775131,35.79365921020508,36.27646255493164,39.445526123046875
scene12_traj2_1__000023,0.05142912268638611,0.09430372714996338,0.7196258902549744,0.635381281375885,1.0626392364501953,36.471771240234375,39.70723342895508,0.05142912268638611,0.09430372714996338,35.99589920043945,36.471771240234375,39.70723342895508
scene12_traj2_1__000024,0.05135677009820938,0.09378164261579514,0.7156463861465454,0.6315292716026306,1.0563565492630005,36.28266906738281,39.63922119140625,0.05135677009820938,0.09378164261579514,35.76011657714844,36.28266906738281,39.63922119140625
scene12_traj2_1__000025,0.05124438926577568,0.09397660940885544,0.7150940895080566,0.6320197582244873,1.0570266246795654,36.209293365478516,39.48112487792969,0.05124438926577568,0.09397660940885544,35.77554702758789,36.209293365478516,39.48112487792969
scene12_traj2_1__000026,0.05128883942961693,0.0940147340297699,0.712158739566803,0.6367478370666504,1.058019995689392,36.341983795166016,39.63847351074219,0.05128883942961693,0.0940147340297699,35.81294250488281,36.341983795166016,39.63847351074219
scene12_traj2_1__000027,0.05094524845480919,0.09317721426486969,0.7108525633811951,0.631552517414093,1.0531187057495117,36.14891052246094,39.64204025268555,0.05094524845480919,0.09317721426486969,35.62217712402344,36.14891052246094,39.64204025268555
scene12_traj2_1__000028,0.050915177911520004,0.09313268214464188,0.7095896601676941,0.6319171190261841,1.0522197484970093,35.915252685546875,39.07643127441406,0.050915177911520004,0.09313268214464188,35.589195251464844,35.915252685546875,39.07643127441406
scene12_traj2_1__000029,0.05089857801795006,0.09288420528173447,0.7132748365402222,0.6307134628295898,1.0540413856506348,36.0860710144043,39.38817596435547,0.05089857801795006,0.09288420528173447,35.66080856323242,36.0860710144043,39.38817596435547
scene12_traj2_1__000030,0.05060242861509323,0.09251591563224792,0.710914671421051,0.6325469613075256,1.0534788370132446,35.99787139892578,39.33363342285156,0.05060242861509323,0.09251591563224792,35.632572174072266,35.99787139892578,39.33363342285156
scene12_traj2_1__000031,0.0509386882185936,0.09327766299247742,0.7129333019256592,0.6317985653877258,1.0552680492401123,36.12334442138672,39.3568000793457,0.0509386882185936,0.09327766299247742,35.71805953979492,36.12334442138672,39.3568000793457
scene12_traj2_1__000032,0.050988856703042984,0.09332877397537231,0.7075574994087219,0.6355359554290771,1.0528892278671265,35.94169616699219,39.18550109863281,0.050988856703042984,0.09332877397537231,35.62897872924805,35.94169616699219,39.18550109863281
scene12_traj2_1__000033,0.05105247721076012,0.09311560541391373,0.7094541788101196,0.6325908899307251,1.0521336793899536,35.96440505981445,39.185333251953125,0.05105247721076012,0.09311560541391373,35.57596206665039,35.96440505981445,39.185333251953125
scene12_traj2_1__000034,0.05096609517931938,0.09327828139066696,0.7093433141708374,0.6346068978309631,1.0534416437149048,35.9949836730957,39.14987564086914,0.05096609517931938,0.09327828139066696,35.6463508605957,35.9949836730957,39.14987564086914
scene12_traj2_1__000035,0.051360756158828735,0.09378082305192947,0.7097587585449219,0.6308985948562622,1.0509347915649414,35.91117858886719,39.06951904296875,0.051360756158828735,0.09378082305192947,35.52809524536133,35.91117858886719,39.06951904296875
scene12_traj2_1__000036,0.051139749586582184,0.09325933456420898,0.709157407283783,0.6325269937515259,1.0516470670700073,35.93515396118164,39.1135368347168,0.051139749586582184,0.09325933456420898,35.5815544128418,35.93515396118164,39.1135368347168
scene12_traj2_1__000037,0.0513644702732563,0.0939340889453888,0.7078930139541626,0.633304238319397,1.0518455505371094,35.9992561340332,39.27373504638672,0.0513644702732563,0.0939340889453888,35.591064453125,35.9992561340332,39.27373504638672
scene12_traj2_1__000038,0.052469056099653244,0.09628533571958542,0.712969183921814,0.6325026154518127,1.0546472072601318,36.11098098754883,39.253536224365234,0.052469056099653244,0.09628533571958542,35.70466232299805,36.11098098754883,39.253536224365234
scene12_traj2_1__000039,0.052417825907468796,0.09590701758861542,0.7144854664802551,0.6375284790992737,1.05961275100708,36.32414245605469,39.42454528808594,0.052417825907468796,0.09590701758861542,35.90507125854492,36.32414245605469,39.42454528808594
scene12_traj2_1__000040,0.05259581655263901,0.09614738821983337,0.706525981426239,0.6411541104316711,1.0554308891296387,36.16159439086914,39.29071044921875,0.05259581655263901,0.09614738821983337,35.74861145019531,36.16159439086914,39.29071044921875
scene12_traj2_1__000041,0.05286799743771553,0.09708323329687119,0.7076995372772217,0.6365338563919067,1.0531762838363647,36.00929260253906,39.012569427490234,0.05286799743771553,0.09708323329687119,35.6478157043457,36.00929260253906,39.012569427490234
scene12_traj2_1__000042,0.05333932489156723,0.09800916165113449,0.703230082988739,0.6418827772140503,1.0541701316833496,36.024356842041016,38.917694091796875,0.05333932489156723,0.09800916165113449,35.68690872192383,36.024356842041016,38.917694091796875
scene12_traj2_1__000043,0.053034503012895584,0.09717155992984772,0.7086530923843384,0.6402631998062134,1.0574342012405396,36.160430908203125,38.79135513305664,0.053034503012895584,0.09717155992984772,35.792057037353516,36.160430908203125,38.79135513305664
scene12_traj2_1__000044,0.05347318947315216,0.09789799153804779,0.7042229175567627,0.6364749073982239,1.050795078277588,35.9481201171875,38.92058563232422,0.05347318947315216,0.09789799153804779,35.557674407958984,35.9481201171875,38.92058563232422
scene12_traj2_1__000045,0.05389903858304024,0.09903824329376221,0.7027764916419983,0.6391406655311584,1.0521175861358643,36.02607727050781,38.916690826416016,0.05389903858304024,0.09903824329376221,35.616416931152344,36.02607727050781,38.916690826416016
scene12_traj2_1__000046,0.05368988588452339,0.09843548387289047,0.7029039859771729,0.6402038335800171,1.0526870489120483,35.971920013427734,38.92252731323242,0.05368988588452339,0.09843548387289047,35.62049865722656,35.971920013427734,38.92252731323242
scene12_traj2_1__000047,0.05417872592806816,0.09926390647888184,0.6977594494819641,0.6381327509880066,1.0462357997894287,35.722049713134766,38.788124084472656,0.05417872592806816,0.09926390647888184,35.38511657714844,35.722049713134766,38.788124084472656
scene12_traj2_1__000048,0.0543040856719017,0.09989607334136963,0.7042459845542908,0.6409784555435181,1.0538054704666138,36.017677307128906,38.96724319458008,0.0543040856719017,0.09989607334136963,35.67461395263672,36.017677307128906,38.96724319458008
scene12_traj2_1__000049,0.05427742004394531,0.09998531639575958,0.6984082460403442,0.6409083604812622,1.0495412349700928,35.82939529418945,38.756683349609375,0.05427742004394531,0.09998531639575958,35.538482666015625,35.82939529418945,38.756683349609375
scene12_traj2_1__000050,0.0542902797460556,0.09970280528068542,0.7017612457275391,0.6394448280334473,1.0507582426071167,35.98086929321289,38.93003845214844,0.0542902797460556,0.09970280528068542,35.58795166015625,35.98086929321289,38.93003845214844
scene12_traj2_1__000051,0.05412587895989418,0.09904523938894272,0.6999543905258179,0.6418444514274597,1.0512900352478027,35.961483001708984,38.79706954956055,0.05412587895989418,0.09904523938894272,35.57573699951172,35.961483001708984,38.79706954956055
scene12_traj2_1__000052,0.0542161762714386,0.09946463257074356,0.6996943950653076,0.6427513360977173,1.0523582696914673,36.02831268310547,38.92121505737305,0.0542161762714386,0.09946463257074356,35.62860107421875,36.02831268310547,38.92121505737305
scene12_traj2_1__000053,0.05449064448475838,0.10023766756057739,0.6989337801933289,0.6408399343490601,1.049448013305664,35.9305419921875,38.89691925048828,0.05449064448475838,0.10023766756057739,35.524383544921875,35.9305419921875,38.89691925048828
scene12_traj2_1__000054,0.05462409183382988,0.10045141726732254,0.702695906162262,0.6398535966873169,1.0515944957733154,35.99553680419922,38.938873291015625,0.05462409183382988,0.10045141726732254,35.617767333984375,35.99553680419922,38.938873291015625
scene12_traj2_1__000055,0.05446161329746246,0.09993933886289597,0.7005953788757324,0.6443872451782227,1.0538702011108398,36.18525314331055,39.07695770263672,0.05446161329746246,0.09993933886289597,35.690452575683594,36.18525314331055,39.07695770263672
scene12_traj2_1__000056,0.05465873330831528,0.10040141642093658,0.699564516544342,0.6404842734336853,1.0499241352081299,35.93589782714844,38.77355194091797,0.05465873330831528,0.10040141642093658,35.5349235534668,35.93589782714844,38.77355194091797
scene12_traj2_1__000057,0.054855771362781525,0.10087753087282181,0.6979297399520874,0.6378014087677002,1.0462591648101807,35.81647491455078,38.659767150878906,0.054855771362781525,0.10087753087282181,35.39828109741211,35.81647491455078,38.659767150878906
scene12_traj2_1__000058,0.054598115384578705,0.10037115216255188,0.7021924257278442,0.6401991248130798,1.051608681678772,35.99046325683594,38.74071502685547,0.054598115384578705,0.10037115216255188,35.5955924987793,35.99046325683594,38.74071502685547
scene12_traj2_1__000059,0.05502278357744217,0.101046122610569,0.6943711042404175,0.6433728337287903,1.0478593111038208,35.91425323486328,38.8303108215332,0.05502278357744217,0.101046122610569,35.44982147216797,35.91425323486328,38.8303108215332
scene12_traj2_1__000060,0.05477660149335861,0.10060084611177444,0.6979239583015442,0.6427478790283203,1.050701379776001,36.02241897583008,38.85409164428711,0.05477660149335861,0.10060084611177444,35.568565368652344,36.02241897583008,38.85409164428711
scene12_traj2_1__000061,0.054697129875421524,0.10029786080121994,0.6960119605064392,0.646524965763092,1.052120327949524,36.07286834716797,38.803558349609375,0.054697129875421524,0.10029786080121994,35.6182975769043,36.07286834716797,38.803558349609375
scene12_traj2_1__000062,0.05468209460377693,0.10060340166091919,0.6941985487937927,0.640950620174408,1.046380877494812,35.85869598388672,38.73569107055664,0.05468209460377693,0.10060340166091919,35.38972091674805,35.85869598388672,38.73569107055664
scene12_traj2_1__000063,0.05435803905129433,0.09958028048276901,0.6918578147888184,0.6402968764305115,1.043533205986023,35.61861801147461,38.42066955566406,0.05435803905129433,0.09958028048276901,35.28036880493164,35.61861801147461,38.42066955566406
scene12_traj2_1__000064,0.053350623697042465,0.09752596914768219,0.6951203346252441,0.6399568319320679,1.0460373163223267,35.79601287841797,38.71916580200195,0.053350623697042465,0.09752596914768219,35.37650680541992,35.79601287841797,38.71916580200195
scene12_traj2_1__000065,0.05259474739432335,0.09606960415840149,0.6957208514213562,0.6408818960189819,1.047437310218811,35.9970703125,39.18453598022461,0.05259474739432335,0.09606960415840149,35.45175552368164,35.9970703125,39.18453598022461
scene12_traj2_1__000066,0.05257599428296089,0.0961349606513977,0.6921492218971252,0.641967236995697,1.045475959777832,35.9383430480957,39.285377502441406,0.05257599428296089,0.0961349606513977,35.35917282104492,35.9383430480957,39.285377502441406
scene12_traj2_1__000067,0.0526304729282856,0.09606428444385529,0.6935813426971436,0.6411581635475159,1.0456724166870117,35.93009948730469,39.16706848144531,0.0526304729282856,0.09606428444385529,35.37186813354492,35.93009948730469,39.16706848144531
scene12_traj2_1__000068,0.05283235013484955,0.09643599390983582,0.6937350630760193,0.6407614350318909,1.0456421375274658,35.869197845458984,39.11798858642578,0.05283235013484955,0.09643599390983582,35.34492111206055,35.869197845458984,39.11798858642578
scene12_traj2_1__000069,0.0525512732565403,0.09605836123228073,0.6946067214012146,0.6428036093711853,1.0475703477859497,35.92061996459961,39.117618560791016,0.0525512732565403,0.09605836123228073,35.43952560424805,35.92061996459961,39.117618560791016
scene12_traj2_1__000070,0.05228976905345917,0.09549587219953537,0.6937220096588135,0.6412072777748108,1.04586660861969,35.882041931152344,39.03828811645508,0.05228976905345917,0.09549587219953537,35.37187576293945,35.882041931152344,39.03828811645508
scene12_traj2_1__000071,0.05238262936472893,0.09591954201459885,0.6949893832206726,0.6403904557228088,1.0451405048370361,35.8691520690918,39.19325637817383,0.05238262936472893,0.09591954201459885,35.331199645996094,35.8691520690918,39.19325637817383
scene12_traj2_1__000072,0.0524425245821476,0.09601333737373352,0.6932617425918579,0.6416922807693481,1.0453516244888306,35.8318977355957,39.15342712402344,0.0524425245821476,0.09601333737373352,35.34309387207031,35.8318977355957,39.15342712402344
scene12_traj2_1__000073,0.051315464079380035,0.09353432059288025,0.6979657411575317,0.6387012600898743,1.047522783279419,36.15200424194336,39.86881637573242,0.051315464079380035,0.09353432059288025,35.439002990722656,36.15200424194336,39.86881637573242
scene12_traj2_1__000074,0.05128555744886398,0.09370675683021545,0.696455180644989,0.6384118795394897,1.0456119775772095,36.00967025756836,39.57255554199219,0.05128555744886398,0.09370675683021545,35.373043060302734,36.00967025756836,39.57255554199219
scene12_traj2_1__000075,0.050839200615882874,0.09280163049697876,0.6991183757781982,0.6364806294441223,1.0464107990264893,36.106719970703125,39.68681335449219,0.050839200615882874,0.09280163049697876,35.405609130859375,36.106719970703125,39.68681335449219
scene12_traj2_1__000076,0.0512467622756958,0.0936819389462471,0.6999334692955017,0.6359419226646423,1.046830177307129,36.15681076049805,39.77248764038086,0.0512467622756958,0.0936819389462471,35.401275634765625,36.15681076049805,39.77248764038086
scene12_traj2_1__000077,0.05077258497476578,0.09278244525194168,0.6992147564888,0.6335229873657227,1.0449753999710083,36.00697708129883,39.56806182861328,0.05077258497476578,0.09278244525194168,35.33013916015625,36.00697708129883,39.56806182861328
scene12_traj2_1__000078,0.05100201815366745,0.09361376613378525,0.7015636563301086,0.636352002620697,1.04884672164917,36.206520080566406,39.89599609375,0.05100201815366745,0.09361376613378525,35.494163513183594,36.206520080566406,39.89599609375
scene12_traj2_1__000079,0.05069732293486595,0.09291299432516098,0.6939517855644226,0.6359729170799255,1.04246985912323,35.895198822021484,39.52680587768555,0.05069732293486595,0.09291299432516098,35.25218963623047,35.895198822021484,39.52680587768555
scene12_traj2_1__000080,0.04971810430288315,0.09129764139652252,0.6952895522117615,0.6360049843788147,1.043229103088379,35.75326919555664,39.46640396118164,0.04971810430288315,0.09129764139652252,35.27496337890625,35.75326919555664,39.46640396118164
scene12_traj2_1__000081,0.04981594905257225,0.09182266891002655,0.6939829587936401,0.6340330243110657,1.040710687637329,35.655311584472656,39.2819938659668,0.04981594905257225,0.09182266891002655,35.159175872802734,35.655311584472656,39.2819938659668
scene12_traj2_1__000082,0.04926580190658569,0.09072922170162201,0.6938707828521729,0.634029746055603,1.0399274826049805,35.70027160644531,39.58490753173828,0.04926580190658569,0.09072922170162201,35.1467170715332,35.70027160644531,39.58490753173828
scene12_traj2_1__000083,0.04914235696196556,0.09077247977256775,0.701196014881134,0.632095217704773,1.0457531213760376,35.80607223510742,39.32290267944336,0.04914235696196556,0.09077247977256775,35.323524475097656,35.80607223510742,39.32290267944336
scene12_traj2_1__000084,0.04898697882890701,0.09041329473257065,0.6987305879592896,0.6330105066299438,1.0445983409881592,35.622745513916016,39.090118408203125,0.04898697882890701,0.09041329473257065,35.297157287597656,35.622745513916016,39.090118408203125
scene12_traj2_1__000085,0.049207769334316254,0.09094788879156113,0.6987606883049011,0.6283034682273865,1.0410385131835938,35.466854095458984,39.01449203491211,0.049207769334316254,0.09094788879156113,35.1434326171875,35.466854095458984,39.01449203491211
scene12_traj2_1__000086,0.04934484139084816,0.09156134724617004,0.7004163861274719,0.6271564364433289,1.0413661003112793,35.610694885253906,39.19554901123047,0.04934484139084816,0.09156134724617004,35.16779708862305,35.610694885253906,39.19554901123047
scene12_traj2_1__000087,0.0490376241505146,0.09118542075157166,0.7034551501274109,0.627516508102417,1.0443205833435059,35.70054244995117,39.351322174072266,0.0490376241505146,0.09118542075157166,35.262577056884766,35.70054244995117,39.351322174072266
scene12_traj2_1__000088,0.04905375838279724,0.09140165150165558,0.7012155055999756,0.6269273161888123,1.0415914058685303,35.578697204589844,39.31128692626953,0.04905375838279724,0.09140165150165558,35.17066955566406,35.578697204589844,39.31128692626953
scene12_traj2_1__000089,0.04884209483861923,0.09106419235467911,0.6978244781494141,0.6258494257926941,1.0376639366149902,35.29243469238281,38.795257568359375,0.04884209483861923,0.09106419235467911,35.0106201171875,35.29243469238281,38.795257568359375
scene12_traj2_1__000090,0.04876228794455528,0.09074871987104416,0.701511800289154,0.6282049417495728,1.0434361696243286,35.65692901611328,39.24250030517578,0.04876228794455528,0.09074871987104416,35.250160217285156,35.65692901611328,39.24250030517578
scene12_traj2_1__000091,0.04888201132416725,0.0911153256893158,0.7000579237937927,0.6293526887893677,1.0428861379623413,35.67477798461914,39.38197708129883,0.04888201132416725,0.0911153256893158,35.22896957397461,35.67477798461914,39.38197708129883
scene12_traj2_1__000092,0.04906997084617615,0.09129113703966141,0.6982802152633667,0.6291326880455017,1.0408053398132324,35.569461822509766,39.326175689697266,0.04906997084617615,0.09129113703966141,35.153564453125,35.569461822509766,39.326175689697266
scene12_traj2_1__000093,0.05026603117585182,0.09335055947303772,0.6960877776145935,0.6303646564483643,1.0394552946090698,35.62075424194336,39.327056884765625,0.05026603117585182,0.09335055947303772,35.11910629272461,35.62075424194336,39.327056884765625
scene12_traj2_1__000094,0.05150214582681656,0.09528331458568573,0.6941253542900085,0.6351757049560547,1.041428565979004,35.46333312988281,38.64592742919922,0.05150214582681656,0.09528331458568573,35.19814682006836,35.46333312988281,38.64592742919922
scene12_traj2_2__000000,0.046821657568216324,0.08649169653654099,0.7034292221069336,0.6258798837661743,1.04225492477417,35.83372497558594,39.638832092285156,0.046821657568216324,0.08649169653654099,35.20741653442383,35.83372497558594,39.638832092285156
scene12_traj2_2__000001,0.04709644615650177,0.0869465321302414,0.7065017223358154,0.625504732131958,1.0450860261917114,35.96870040893555,39.99458694458008,0.04709644615650177,0.0869465321302414,35.28520202636719,35.96870040893555,39.99458694458008
scene12_traj2_2__000002,0.0465443916618824,0.0857597216963768,0.7062989473342896,0.6233700513839722,1.0426000356674194,35.85794448852539,39.799137115478516,0.0465443916618824,0.0857597216963768,35.21577072143555,35.85794448852539,39.799137115478516
scene12_traj2_2__000003,0.04686395823955536,0.08653495460748672,0.7068369388580322,0.6241828203201294,1.0440393686294556,35.834049224853516,39.77031326293945,0.04686395823955536,0.08653495460748672,35.27312088012695,35.834049224853516,39.77031326293945
scene12_traj2_2__000004,0.04702423885464668,0.08724131435155869,0.7063446640968323,0.6239974498748779,1.042959213256836,35.86858367919922,40.0034065246582,0.04702423885464668,0.08724131435155869,35.22710037231445,35.86858367919922,40.0034065246582
scene12_traj2_2__000005,0.04704281687736511,0.08697662502527237,0.7007922530174255,0.6226255893707275,1.038303256034851,35.39869689941406,39.203433990478516,0.04704281687736511,0.08697662502527237,35.02922058105469,35.39869689941406,39.203433990478516
scene12_traj2_2__000006,0.04705226793885231,0.0872318372130394,0.7035510540008545,0.6253028512001038,1.042274832725525,35.677547454833984,39.5933837890625,0.04705226793885231,0.0872318372130394,35.19255828857422,35.677547454833984,39.5933837890625
scene12_traj2_2__000007,0.04721647500991821,0.08756768703460693,0.7044728398323059,0.623334527015686,1.040937900543213,35.53146743774414,39.211524963378906,0.04721647500991821,0.08756768703460693,35.13737869262695,35.53146743774414,39.211524963378906
scene12_traj2_2__000008,0.04683780297636986,0.08665680885314941,0.7063606977462769,0.6247252821922302,1.044142723083496,35.68614196777344,39.51177215576172,0.04683780297636986,0.08665680885314941,35.24433898925781,35.68614196777344,39.51177215576172
scene12_traj2_2__000009,0.046887870877981186,0.0867183730006218,0.7068443894386292,0.623774528503418,1.044167160987854,35.70277404785156,39.70579528808594,0.046887870877981186,0.0867183730006218,35.26176452636719,35.70277404785156,39.70579528808594
scene12_traj2_2__000010,0.047100238502025604,0.08738815784454346,0.7117692232131958,0.6190452575683594,1.0446158647537231,35.695465087890625,39.5056266784668,0.047100238502025604,0.08738815784454346,35.25703430175781,35.695465087890625,39.5056266784668
scene12_traj2_2__000011,0.04699840024113655,0.08702171593904495,0.704748272895813,0.6216496229171753,1.0410877466201782,35.57971954345703,39.5380973815918,0.04699840024113655,0.08702171593904495,35.125633239746094,35.57971954345703,39.5380973815918
scene12_traj2_2__000012,0.04708707705140114,0.08717360347509384,0.7109671831130981,0.6203041672706604,1.0445358753204346,35.68560791015625,39.57807540893555,0.04708707705140114,0.08717360347509384,35.27435302734375,35.68560791015625,39.57807540893555
scene12_traj2_2__000013,0.047059524804353714,0.08712701499462128,0.7135780453681946,0.6206547617912292,1.0477324724197388,35.832984924316406,39.639373779296875,0.047059524804353714,0.08712701499462128,35.38134002685547,35.832984924316406,39.639373779296875
scene12_traj2_2__000014,0.04698741436004639,0.08723320066928864,0.7160147428512573,0.6206251978874207,1.0492557287216187,35.6685791015625,39.12813186645508,0.04698741436004639,0.08723320066928864,35.4130859375,35.6685791015625,39.12813186645508
scene12_traj2_2__000015,0.04704684764146805,0.08760779350996017,0.7212707996368408,0.6186099648475647,1.0520968437194824,35.93145751953125,39.64319610595703,0.04704684764146805,0.08760779350996017,35.52559280395508,35.93145751953125,39.64319610595703
scene12_traj2_2__000016,0.04671549052000046,0.08671589195728302,0.7209977507591248,0.6203070878982544,1.0539593696594238,36.05356216430664,39.719764709472656,0.04671549052000046,0.08671589195728302,35.588008880615234,36.05356216430664,39.719764709472656
scene12_traj2_2__000017,0.046729668974876404,0.08692922443151474,0.7247202396392822,0.6192843914031982,1.0560705661773682,36.170494079589844,39.688392639160156,0.046729668974876404,0.08692922443151474,35.676605224609375,36.170494079589844,39.688392639160156
scene12_traj2_2__000018,0.04656334966421127,0.08689651638269424,0.718936026096344,0.6225373148918152,1.0534950494766235,35.8847770690918,39.51603698730469,0.04656334966421127,0.08689651638269424,35.57524108886719,35.8847770690918,39.51603698730469
scene12_traj2_2__000019,0.04647674039006233,0.08687245100736618,0.7184616923332214,0.6199913620948792,1.051068663597107,35.94887924194336,39.734092712402344,0.04647674039006233,0.08687245100736618,35.511634826660156,35.94887924194336,39.734092712402344
scene12_traj2_2__000020,0.04614359140396118,0.08612996339797974,0.7147425413131714,0.6164341568946838,1.0457063913345337,35.695716857910156,39.63669204711914,0.04614359140396118,0.08612996339797974,35.29585266113281,35.695716857910156,39.63669204711914
scene12_traj2_2__000021,0.04588901251554489,0.08577492833137512,0.7177361249923706,0.6167406439781189,1.0488483905792236,35.754638671875,39.59823989868164,0.04588901251554489,0.08577492833137512,35.39991760253906,35.754638671875,39.59823989868164
scene12_traj2_2__000022,0.045114319771528244,0.08505241572856903,0.721804678440094,0.6150025129318237,1.0502527952194214,35.78263473510742,39.81099319458008,0.045114319771528244,0.08505241572856903,35.42631530761719,35.78263473510742,39.81099319458008
scene12_traj2_2__000023,0.04447675123810768,0.08421215415000916,0.719192624092102,0.6147845983505249,1.0484524965286255,35.493865966796875,39.64738845825195,0.04447675123810768,0.08421215415000916,35.34663391113281,35.493865966796875,39.64738845825195
scene12_traj2_2__000024,0.044443339109420776,0.08442753553390503,0.7184836864471436,0.6119819283485413,1.0455775260925293,35.45131301879883,39.512996673583984,0.044443339109420776,0.08442753553390503,35.226924896240234,35.45131301879883,39.512996673583984
scene12_traj2_2__000025,0.04431569203734398,0.08415486663579941,0.7263442277908325,0.6139066815376282,1.0533415079116821,35.62944412231445,39.17057418823242,0.04431569203734398,0.08415486663579941,35.525901794433594,35.62944412231445,39.17057418823242
scene12_traj2_2__000026,0.0443756990134716,0.08439367264509201,0.723930835723877,0.6134400367736816,1.0510259866714478,35.501564025878906,38.98041915893555,0.0443756990134716,0.08439367264509201,35.42319107055664,35.501564025878906,38.98041915893555
scene12_traj2_2__000027,0.0444660522043705,0.08421509712934494,0.7211976647377014,0.6146233081817627,1.0495465993881226,35.44969940185547,39.12516784667969,0.0444660522043705,0.08421509712934494,35.38329315185547,35.44969940185547,39.12516784667969
scene12_traj2_2__000028,0.044253576546907425,0.08436600863933563,0.7225652933120728,0.6163277626037598,1.0518543720245361,35.451717376708984,39.35028839111328,0.044253576546907425,0.08436600863933563,35.4756965637207,35.451717376708984,39.35028839111328
scene12_traj2_2__000029,0.04434526711702347,0.08483105897903442,0.7129247188568115,0.6120100021362305,1.0410692691802979,35.12464904785156,39.235660552978516,0.04434526711702347,0.08483105897903442,35.074180603027344,35.12464904785156,39.235660552978516
scene12_traj2_2__000030,0.044340550899505615,0.08493311703205109,0.7199034094810486,0.615146279335022,1.0487293004989624,35.262691497802734,38.95941925048828,0.044340550899505615,0.08493311703205109,35.366004943847656,35.262691497802734,38.95941925048828
scene12_traj2_2__000031,0.0442366823554039,0.08440761268138885,0.7179759740829468,0.6150931119918823,1.0471917390823364,35.233856201171875,38.91875076293945,0.0442366823554039,0.08440761268138885,35.289024353027344,35.233856201171875,38.91875076293945
scene12_traj2_2__000032,0.04416396841406822,0.08375310152769089,0.7191609740257263,0.6141592860221863,1.0471502542495728,35.22222900390625,39.026649475097656,0.04416396841406822,0.08375310152769089,35.292388916015625,35.22222900390625,39.026649475097656
scene12_traj2_2__000033,0.04450555518269539,0.08439023792743683,0.721493661403656,0.6136721968650818,1.0491169691085815,35.27117919921875,38.812767028808594,0.04450555518269539,0.08439023792743683,35.368133544921875,35.27117919921875,38.812767028808594
scene12_traj2_2__000034,0.04461945220828056,0.08495429158210754,0.7177581787109375,0.6154118180274963,1.0477222204208374,35.23692321777344,39.031639099121094,0.04461945220828056,0.08495429158210754,35.339595794677734,35.23692321777344,39.031639099121094
scene12_traj2_2__000035,0.044742293655872345,0.0848197489976883,0.7210662961006165,0.6151860356330872,1.0506880283355713,35.51937484741211,39.29881286621094,0.044742293655872345,0.0848197489976883,35.43088150024414,35.51937484741211,39.29881286621094
scene12_traj2_2__000036,0.044835351407527924,0.08494019508361816,0.7196353673934937,0.6159922480583191,1.0501447916030884,35.56194305419922,39.415889739990234,0.044835351407527924,0.08494019508361816,35.44498062133789,35.56194305419922,39.415889739990234
scene12_traj2_2__000037,0.04507990926504135,0.08561453223228455,0.7218651175498962,0.6198642253875732,1.054504632949829,35.58830642700195,39.23802947998047,0.04507990926504135,0.08561453223228455,35.600547790527344,35.58830642700195,39.23802947998047
scene12_traj2_2__000038,0.0458000972867012,0.08654480427503586,0.7241842746734619,0.6172558665275574,1.0538676977157593,35.62771224975586,39.15414810180664,0.0458000972867012,0.08654480427503586,35.591976165771484,35.62771224975586,39.15414810180664
scene12_traj2_2__000039,0.04655083641409874,0.08754600584506989,0.7200614213943481,0.6162151098251343,1.0505702495574951,35.61849594116211,39.38454818725586,0.04655083641409874,0.08754600584506989,35.4703369140625,35.61849594116211,39.38454818725586
scene12_traj2_2__000040,0.04708311706781387,0.08842648565769196,0.7129943370819092,0.6183483004570007,1.0455849170684814,35.50493240356445,39.71365737915039,0.04708311706781387,0.08842648565769196,35.30512619018555,35.50493240356445,39.71365737915039
scene12_traj2_2__000041,0.047038957476615906,0.08803854882717133,0.7171887755393982,0.6144492030143738,1.0466309785842896,35.59931945800781,39.644195556640625,0.047038957476615906,0.08803854882717133,35.33745574951172,35.59931945800781,39.644195556640625
scene12_traj2_2__000042,0.04776768758893013,0.08918268978595734,0.7153708338737488,0.6221351027488708,1.0503939390182495,35.51955032348633,39.0351676940918,0.04776768758893013,0.08918268978595734,35.48280715942383,35.51955032348633,39.0351676940918
scene12_traj2_2__000043,0.048667069524526596,0.09130656719207764,0.716023862361908,0.6207126379013062,1.0504357814788818,35.67127990722656,39.202083587646484,0.048667069524526596,0.09130656719207764,35.488040924072266,35.67127990722656,39.202083587646484
scene12_traj2_2__000044,0.048483435064554214,0.09060180932283401,0.719314694404602,0.6219030022621155,1.0542192459106445,35.824867248535156,39.376258850097656,0.048483435064554214,0.09060180932283401,35.61845016479492,35.824867248535156,39.376258850097656
scene12_traj2_2__000045,0.04891565442085266,0.09172534197568893,0.718281626701355,0.6222019195556641,1.05401611328125,35.93449401855469,39.723018646240234,0.04891565442085266,0.09172534197568893,35.62302780151367,35.93449401855469,39.723018646240234
scene12_traj2_2__000046,0.04992637783288956,0.09319012612104416,0.7180236577987671,0.6282938718795776,1.0575366020202637,36.00978088378906,39.358001708984375,0.04992637783288956,0.09319012612104416,35.769588470458984,36.00978088378906,39.358001708984375
scene12_traj2_2__000047,0.04982861131429672,0.09315231442451477,0.7207431197166443,0.6285396218299866,1.0603315830230713,36.06562423706055,39.315223693847656,0.04982861131429672,0.09315231442451477,35.87165451049805,36.06562423706055,39.315223693847656
scene12_traj2_2__000048,0.050181228667497635,0.09408610314130783,0.7117428183555603,0.6278073191642761,1.0529861450195312,35.72526168823242,38.83588409423828,0.050181228667497635,0.09408610314130783,35.606201171875,35.72526168823242,38.83588409423828
scene12_traj2_2__000049,0.05090158060193062,0.09590733796358109,0.7178702354431152,0.6329076886177063,1.0615286827087402,36.20195770263672,39.268123626708984,0.05090158060193062,0.09590733796358109,35.91862106323242,36.20195770263672,39.268123626708984
scene12_traj2_2__000050,0.05168852582573891,0.09665853530168533,0.7113755941390991,0.6333190202713013,1.056986927986145,36.09969711303711,39.23556900024414,0.05168852582573891,0.09665853530168533,35.773738861083984,36.09969711303711,39.23556900024414
scene12_traj2_2__000051,0.051595982164144516,0.09641433507204056,0.7112014293670654,0.6378023028373718,1.0595343112945557,36.203330993652344,39.2714958190918,0.051595982164144516,0.09641433507204056,35.851768493652344,36.203330993652344,39.2714958190918
scene12_traj2_2__000052,0.05288724601268768,0.0983055904507637,0.708540141582489,0.6346142292022705,1.0550928115844727,35.92729568481445,38.655155181884766,0.05288724601268768,0.0983055904507637,35.70547866821289,35.92729568481445,38.655155181884766
scene12_traj2_2__000053,0.05401647835969925,0.10084444284439087,0.7016042470932007,0.6355745196342468,1.0505893230438232,35.811161041259766,38.830238342285156,0.05401647835969925,0.10084444284439087,35.54557800292969,35.811161041259766,38.830238342285156
scene13_traj1_1__000000,0.0555027611553669,0.08379969745874405,0.48301276564598083,0.43306872248649597,0.7119905352592468,17.07818031311035,12.904814720153809,0.0555027611553669,0.08379969745874405,23.309480667114258,17.07818031311035,12.904814720153809
scene13_traj1_1__000001,0.05554467812180519,0.08397069573402405,0.4839710295200348,0.43104952573776245,0.7113016843795776,17.156570434570312,12.951688766479492,0.05554467812180519,0.08397069573402405,23.28969383239746,17.156570434570312,12.951688766479492
scene13_traj1_1__000002,0.05570129305124283,0.08421006798744202,0.4843198359012604,0.43179500102996826,0.712409257888794,17.220184326171875,13.04570484161377,0.05570129305124283,0.08421006798744202,23.339439392089844,17.220184326171875,13.04570484161377
scene13_traj1_1__000003,0.05583285540342331,0.08433505892753601,0.4848957657814026,0.4331453740596771,0.7133145332336426,17.3580322265625,13.150720596313477,0.05583285540342331,0.08433505892753601,23.367630004882812,17.3580322265625,13.150720596313477
scene13_traj1_1__000004,0.055421654134988785,0.08356457948684692,0.48727190494537354,0.4335886538028717,0.7154117226600647,17.440208435058594,13.16500186920166,0.055421654134988785,0.08356457948684692,23.4543399810791,17.440208435058594,13.16500186920166
scene13_traj1_1__000005,0.055716268718242645,0.08386632800102234,0.4851543605327606,0.4335661232471466,0.7140098214149475,17.40667724609375,13.153728485107422,0.055716268718242645,0.08386632800102234,23.389616012573242,17.40667724609375,13.153728485107422
scene13_traj1_1__000006,0.05564573034644127,0.08383841812610626,0.48497989773750305,0.4334690272808075,0.713556706905365,17.419204711914062,13.181750297546387,0.05564573034644127,0.08383841812610626,23.392545700073242,17.419204711914062,13.181750297546387
scene13_traj1_1__000007,0.05547669529914856,0.08349566906690598,0.48424437642097473,0.43313083052635193,0.7128767967224121,17.35373306274414,13.120210647583008,0.05547669529914856,0.08349566906690598,23.358299255371094,17.35373306274414,13.120210647583008
scene13_traj1_1__000008,0.0559040829539299,0.08406722545623779,0.488498330116272,0.43585196137428284,0.718720018863678,17.593963623046875,13.386211395263672,0.0559040829539299,0.08406722545623779,23.58056640625,17.593963623046875,13.386211395263672
scene13_traj1_1__000009,0.05648238584399223,0.08480770140886307,0.4890093505382538,0.43854400515556335,0.7212458848953247,17.851289749145508,13.673931121826172,0.05648238584399223,0.08480770140886307,23.67088508605957,17.851289749145508,13.673931121826172
scene13_traj1_1__000010,0.056232891976833344,0.08461767435073853,0.48925456404685974,0.43552958965301514,0.7192893028259277,17.750869750976562,13.58371353149414,0.056232891976833344,0.08461767435073853,23.58338165283203,17.750869750976562,13.58371353149414
scene13_traj1_1__000011,0.056658606976270676,0.08525346219539642,0.4872961938381195,0.4348268508911133,0.7173004150390625,17.67575454711914,13.424091339111328,0.056658606976270676,0.08525346219539642,23.530048370361328,17.67575454711914,13.424091339111328
scene13_traj1_1__000012,0.056571900844573975,0.08492421358823776,0.48981818556785583,0.43661659955978394,0.7204563617706299,17.799394607543945,13.614644050598145,0.056571900844573975,0.08492421358823776,23.639371871948242,17.799394607543945,13.614644050598145
scene13_traj1_1__000013,0.05620116740465164,0.08434375375509262,0.48896360397338867,0.436847984790802,0.7196860909461975,17.683177947998047,13.480744361877441,0.05620116740465164,0.08434375375509262,23.608177185058594,17.683177947998047,13.480744361877441
scene13_traj1_1__000014,0.05650459975004196,0.08495546132326126,0.48902949690818787,0.4353659152984619,0.7190073728561401,17.677204132080078,13.438308715820312,0.05650459975004196,0.08495546132326126,23.581764221191406,17.677204132080078,13.438308715820312
scene13_traj1_1__000015,0.0564335435628891,0.08464561402797699,0.489038348197937,0.4365421533584595,0.7201197743415833,17.81536102294922,13.538722038269043,0.0564335435628891,0.08464561402797699,23.62265396118164,17.81536102294922,13.538722038269043
scene13_traj1_1__000016,0.05596277862787247,0.08391774445772171,0.4897436797618866,0.4392186999320984,0.7219304442405701,17.7855224609375,13.481363296508789,0.05596277862787247,0.08391774445772171,23.705551147460938,17.7855224609375,13.481363296508789
scene13_traj1_1__000017,0.05597872659564018,0.08417478203773499,0.48967137932777405,0.43663156032562256,0.720211386680603,17.807531356811523,13.535852432250977,0.05597872659564018,0.08417478203773499,23.631784439086914,17.807531356811523,13.535852432250977
scene13_traj1_1__000018,0.05575942620635033,0.0836917832493782,0.487258642911911,0.43819108605384827,0.719494104385376,17.773338317871094,13.477109909057617,0.05575942620635033,0.0836917832493782,23.618427276611328,17.773338317871094,13.477109909057617
scene13_traj1_1__000019,0.05558045953512192,0.08357731997966766,0.4895155131816864,0.4376756250858307,0.7210016250610352,17.80097007751465,13.459440231323242,0.05558045953512192,0.08357731997966766,23.65984344482422,17.80097007751465,13.459440231323242
scene13_traj1_1__000020,0.055772144347429276,0.08367899805307388,0.4889467656612396,0.43501394987106323,0.7182212471961975,17.68486785888672,13.358948707580566,0.055772144347429276,0.08367899805307388,23.576492309570312,17.68486785888672,13.358948707580566
scene13_traj1_1__000021,0.05627933517098427,0.08452339470386505,0.4883977770805359,0.43455782532691956,0.7176061868667603,17.69230079650879,13.415617942810059,0.05627933517098427,0.08452339470386505,23.54188346862793,17.69230079650879,13.415617942810059
scene13_traj1_1__000022,0.05581924691796303,0.08382365107536316,0.48955971002578735,0.43272462487220764,0.7171860337257385,17.670522689819336,13.403084754943848,0.05581924691796303,0.08382365107536316,23.515703201293945,17.670522689819336,13.403084754943848
scene13_traj1_1__000023,0.055768076330423355,0.08388884365558624,0.48967522382736206,0.4351175129413605,0.7189282178878784,17.718591690063477,13.337950706481934,0.055768076330423355,0.08388884365558624,23.588436126708984,17.718591690063477,13.337950706481934
scene13_traj1_1__000024,0.05585629120469093,0.08408743143081665,0.48982807993888855,0.436784565448761,0.7209367156028748,17.830177307128906,13.481292724609375,0.05585629120469093,0.08408743143081665,23.659626007080078,17.830177307128906,13.481292724609375
scene13_traj1_1__000025,0.05580369755625725,0.084043487906456,0.4911952018737793,0.4365779161453247,0.7212404012680054,17.862464904785156,13.503596305847168,0.05580369755625725,0.084043487906456,23.669950485229492,17.862464904785156,13.503596305847168
scene13_traj1_1__000026,0.0555514357984066,0.08354008942842484,0.49115613102912903,0.4366898238658905,0.7211031913757324,17.82761001586914,13.47253704071045,0.0555514357984066,0.08354008942842484,23.650697708129883,17.82761001586914,13.47253704071045
scene13_traj1_1__000027,0.055385664105415344,0.08338609337806702,0.49450016021728516,0.43988385796546936,0.7262222766876221,18.020282745361328,13.63390827178955,0.055385664105415344,0.08338609337806702,23.843502044677734,18.020282745361328,13.63390827178955
scene13_traj1_1__000028,0.05510425940155983,0.08275552839040756,0.494106650352478,0.44195854663848877,0.7272931337356567,18.09258460998535,13.670635223388672,0.05510425940155983,0.08275552839040756,23.899105072021484,18.09258460998535,13.670635223388672
scene13_traj1_1__000029,0.055113766342401505,0.08285277336835861,0.4948104918003082,0.4436209797859192,0.7291008234024048,18.2276554107666,13.775250434875488,0.055113766342401505,0.08285277336835861,23.969627380371094,18.2276554107666,13.775250434875488
scene13_traj1_1__000030,0.05520237982273102,0.08302527666091919,0.4949164092540741,0.4435674846172333,0.7287270426750183,18.090200424194336,13.710726737976074,0.05520237982273102,0.08302527666091919,23.94799041748047,18.090200424194336,13.710726737976074
scene13_traj1_1__000031,0.05494249239563942,0.08267958462238312,0.49452781677246094,0.4441035985946655,0.7292706966400146,18.093687057495117,13.572471618652344,0.05494249239563942,0.08267958462238312,23.966676712036133,18.093687057495117,13.572471618652344
scene13_traj1_1__000032,0.05469169467687607,0.0823758915066719,0.4955347776412964,0.4459247589111328,0.7314626574516296,18.117000579833984,13.692914962768555,0.05469169467687607,0.0823758915066719,24.03182029724121,18.117000579833984,13.692914962768555
scene13_traj1_1__000033,0.05482075363397598,0.08227717131376266,0.49422141909599304,0.4473269283771515,0.7312098741531372,18.129653930664062,13.68454647064209,0.05482075363397598,0.08227717131376266,24.037485122680664,18.129653930664062,13.68454647064209
scene13_traj1_1__000034,0.0540701225399971,0.0819607600569725,0.49819818139076233,0.45025670528411865,0.7370444536209106,18.321815490722656,13.745927810668945,0.0540701225399971,0.0819607600569725,24.235607147216797,18.321815490722656,13.745927810668945
scene13_traj1_1__000035,0.05393955856561661,0.08186009526252747,0.4984365403652191,0.45376235246658325,0.7391039729118347,18.318828582763672,13.656112670898438,0.05393955856561661,0.08186009526252747,24.295581817626953,18.318828582763672,13.656112670898438
scene13_traj1_1__000036,0.05313543975353241,0.08072254061698914,0.49751976132392883,0.4570161700248718,0.7416775226593018,18.42056655883789,13.800028800964355,0.05313543975353241,0.08072254061698914,24.390098571777344,18.42056655883789,13.800028800964355
scene13_traj1_1__000037,0.05288960039615631,0.08041936159133911,0.4958460330963135,0.4569789171218872,0.7398898005485535,18.298215866088867,13.591650009155273,0.05288960039615631,0.08041936159133911,24.313989639282227,18.298215866088867,13.591650009155273
scene13_traj1_1__000038,0.050975292921066284,0.07738092541694641,0.49693772196769714,0.46144282817840576,0.7437894940376282,18.401559829711914,13.60251235961914,0.050975292921066284,0.07738092541694641,24.449506759643555,18.401559829711914,13.60251235961914
scene13_traj1_1__000039,0.051214296370744705,0.07780787348747253,0.4989415109157562,0.46320533752441406,0.7467395067214966,18.53327178955078,13.738161087036133,0.051214296370744705,0.07780787348747253,24.545934677124023,18.53327178955078,13.738161087036133
scene13_traj1_1__000040,0.05072474479675293,0.07707634568214417,0.49879127740859985,0.46562331914901733,0.7485837340354919,18.572446823120117,13.726219177246094,0.05072474479675293,0.07707634568214417,24.621816635131836,18.572446823120117,13.726219177246094
scene13_traj1_1__000041,0.05073631554841995,0.07713989913463593,0.4996059238910675,0.465975284576416,0.74932861328125,18.61202049255371,13.761795997619629,0.05073631554841995,0.07713989913463593,24.650068283081055,18.61202049255371,13.761795997619629
scene13_traj1_1__000042,0.05079665407538414,0.07715973258018494,0.5011523365974426,0.46782922744750977,0.7520722150802612,18.769807815551758,13.906746864318848,0.05079665407538414,0.07715973258018494,24.7501277923584,18.769807815551758,13.906746864318848
scene13_traj1_1__000043,0.05105709657073021,0.07735525816679001,0.4993429183959961,0.4675630033016205,0.7506346702575684,18.765653610229492,14.009469032287598,0.05105709657073021,0.07735525816679001,24.69405746459961,18.765653610229492,14.009469032287598
scene13_traj1_1__000044,0.050972551107406616,0.07737722992897034,0.4995300769805908,0.46983644366264343,0.7525078058242798,18.80695915222168,13.930952072143555,0.050972551107406616,0.07737722992897034,24.770261764526367,18.80695915222168,13.930952072143555
scene13_traj1_1__000045,0.0504605732858181,0.07648540288209915,0.5018760561943054,0.4702218472957611,0.7542639970779419,18.95863151550293,14.029029846191406,0.0504605732858181,0.07648540288209915,24.815685272216797,18.95863151550293,14.029029846191406
scene13_traj1_1__000046,0.050620727241039276,0.0769180878996849,0.5009468197822571,0.4704624116420746,0.7542706727981567,18.815643310546875,13.96470832824707,0.050620727241039276,0.0769180878996849,24.806407928466797,18.815643310546875,13.96470832824707
scene13_traj1_1__000047,0.05033446475863457,0.07636242359876633,0.5013166666030884,0.47124263644218445,0.7551129460334778,18.86365509033203,13.899434089660645,0.05033446475863457,0.07636242359876633,24.8569278717041,18.86365509033203,13.899434089660645
scene13_traj1_1__000048,0.05024731159210205,0.07610396295785904,0.5005233287811279,0.4693840444087982,0.7534469962120056,18.813091278076172,13.924556732177734,0.05024731159210205,0.07610396295785904,24.794004440307617,18.813091278076172,13.924556732177734
scene13_traj1_1__000049,0.05022371560335159,0.07629882544279099,0.5006221532821655,0.4698397219181061,0.7534736394882202,18.731245040893555,13.841682434082031,0.05022371560335159,0.07629882544279099,24.775876998901367,18.731245040893555,13.841682434082031
scene13_traj1_1__000050,0.05008064582943916,0.07605167478322983,0.5016620755195618,0.47335124015808105,0.7571053504943848,18.97791862487793,14.072569847106934,0.05008064582943916,0.07605167478322983,24.93060874938965,18.97791862487793,14.072569847106934
scene13_traj1_1__000051,0.050397682934999466,0.07649330794811249,0.5000977516174316,0.472139447927475,0.7551072239875793,18.895418167114258,13.991963386535645,0.050397682934999466,0.07649330794811249,24.856101989746094,18.895418167114258,13.991963386535645
scene13_traj1_1__000052,0.05021585524082184,0.0763588473200798,0.4996684193611145,0.47059792280197144,0.7537577152252197,18.80400276184082,13.865399360656738,0.05021585524082184,0.0763588473200798,24.791614532470703,18.80400276184082,13.865399360656738
scene13_traj1_1__000053,0.04946523159742355,0.0750262588262558,0.5001124143600464,0.46760791540145874,0.751484751701355,18.64024543762207,13.65988826751709,0.04946523159742355,0.0750262588262558,24.72103500366211,18.64024543762207,13.65988826751709
scene13_traj1_1__000054,0.04985358566045761,0.07562611252069473,0.5033958554267883,0.46949806809425354,0.7561383247375488,18.867889404296875,13.967751502990723,0.04985358566045761,0.07562611252069473,24.874597549438477,18.867889404296875,13.967751502990723
scene13_traj1_1__000055,0.04950125887989998,0.07523081451654434,0.5039402842521667,0.46811503171920776,0.7552280426025391,18.847524642944336,13.962491035461426,0.04950125887989998,0.07523081451654434,24.82901954650879,18.847524642944336,13.962491035461426
scene13_traj1_1__000056,0.04972514137625694,0.07555902004241943,0.5022978782653809,0.467459499835968,0.7535274624824524,18.7374267578125,13.872029304504395,0.04972514137625694,0.07555902004241943,24.76084327697754,18.7374267578125,13.872029304504395
scene13_traj1_1__000057,0.0494949147105217,0.07524760067462921,0.5035256743431091,0.4679025113582611,0.7548918128013611,18.865604400634766,13.948967933654785,0.0494949147105217,0.07524760067462921,24.81254768371582,18.865604400634766,13.948967933654785
scene13_traj1_1__000058,0.049700889736413956,0.07566968351602554,0.5040762424468994,0.47050741314888,0.7573369741439819,18.925994873046875,14.010207176208496,0.049700889736413956,0.07566968351602554,24.90494155883789,18.925994873046875,14.010207176208496
scene13_traj1_1__000059,0.04974190518260002,0.0755089670419693,0.5026386380195618,0.47024908661842346,0.756036102771759,18.896806716918945,13.978160858154297,0.04974190518260002,0.0755089670419693,24.84142303466797,18.896806716918945,13.978160858154297
scene13_traj1_1__000060,0.049669843167066574,0.07556066662073135,0.5024637579917908,0.46917814016342163,0.7550719976425171,18.948551177978516,14.0573148727417,0.049669843167066574,0.07556066662073135,24.820018768310547,18.948551177978516,14.0573148727417
scene13_traj1_1__000061,0.049742117524147034,0.0755264088511467,0.5047529339790344,0.4676029682159424,0.7555115818977356,18.942615509033203,14.002906799316406,0.049742117524147034,0.0755264088511467,24.844444274902344,18.942615509033203,14.002906799316406
scene13_traj1_1__000062,0.04990479350090027,0.07576512545347214,0.5027834177017212,0.46760594844818115,0.7538161873817444,18.877155303955078,13.982131958007812,0.04990479350090027,0.07576512545347214,24.772214889526367,18.877155303955078,13.982131958007812
scene13_traj1_1__000063,0.05036264285445213,0.07654204219579697,0.5049194693565369,0.4704993665218353,0.7578085064888,19.002580642700195,14.140867233276367,0.05036264285445213,0.07654204219579697,24.93316650390625,19.002580642700195,14.140867233276367
scene13_traj1_1__000064,0.050917547196149826,0.07739996165037155,0.5058332681655884,0.4668821692466736,0.7556062340736389,18.973854064941406,14.096251487731934,0.050917547196149826,0.07739996165037155,24.842653274536133,18.973854064941406,14.096251487731934
scene13_traj1_1__000065,0.05116157978773117,0.07780911773443222,0.5038813948631287,0.4649856984615326,0.752866804599762,19.015649795532227,14.159226417541504,0.05116157978773117,0.07780911773443222,24.757375717163086,19.015649795532227,14.159226417541504
scene13_traj1_1__000066,0.05108140408992767,0.07765356451272964,0.5016154050827026,0.4646323323249817,0.7504522800445557,18.870010375976562,14.104217529296875,0.05108140408992767,0.07765356451272964,24.685361862182617,18.870010375976562,14.104217529296875
scene13_traj1_1__000067,0.05141992121934891,0.07833331823348999,0.5074123740196228,0.467200368642807,0.7569417953491211,19.102863311767578,14.251699447631836,0.05141992121934891,0.07833331823348999,24.910432815551758,19.102863311767578,14.251699447631836
scene13_traj1_1__000068,0.05125826969742775,0.07774721831083298,0.504857063293457,0.4665292203426361,0.7544544339179993,19.05929183959961,14.191271781921387,0.05125826969742775,0.07774721831083298,24.82086944580078,19.05929183959961,14.191271781921387
scene13_traj1_1__000069,0.051400188356637955,0.07807643711566925,0.505024254322052,0.4659280776977539,0.7542358040809631,19.00611686706543,14.12227725982666,0.051400188356637955,0.07807643711566925,24.819507598876953,19.00611686706543,14.12227725982666
scene13_traj1_1__000070,0.051188867539167404,0.07760574668645859,0.5038892030715942,0.46418753266334534,0.7518628239631653,18.987037658691406,14.148550987243652,0.051188867539167404,0.07760574668645859,24.73345947265625,18.987037658691406,14.148550987243652
scene13_traj1_1__000071,0.051114387810230255,0.07739999145269394,0.5009896755218506,0.46615323424339294,0.7508770823478699,18.95265769958496,14.090558052062988,0.051114387810230255,0.07739999145269394,24.69442367553711,18.95265769958496,14.090558052062988
scene13_traj1_1__000072,0.05142655596137047,0.07792068272829056,0.5013583302497864,0.4666329026222229,0.7523192763328552,19.054462432861328,14.213724136352539,0.05142655596137047,0.07792068272829056,24.744600296020508,19.054462432861328,14.213724136352539
scene13_traj1_1__000073,0.05121787264943123,0.07767029851675034,0.5022552013397217,0.46652236580848694,0.752553403377533,19.05550765991211,14.153409957885742,0.05121787264943123,0.07767029851675034,24.752124786376953,19.05550765991211,14.153409957885742
scene13_traj1_1__000074,0.05062093958258629,0.07662809640169144,0.5032322406768799,0.46568405628204346,0.7528748512268066,19.003765106201172,14.087472915649414,0.05062093958258629,0.07662809640169144,24.772933959960938,19.003765106201172,14.087472915649414
scene13_traj1_1__000075,0.050751250237226486,0.07701776176691055,0.5031532049179077,0.4663366973400116,0.7527680993080139,18.996976852416992,14.095015525817871,0.050751250237226486,0.07701776176691055,24.759109497070312,18.996976852416992,14.095015525817871
scene13_traj1_1__000076,0.05070475488901138,0.0766388401389122,0.49933290481567383,0.4663918614387512,0.7502864003181458,18.96377182006836,14.121374130249023,0.05070475488901138,0.0766388401389122,24.679241180419922,18.96377182006836,14.121374130249023
scene13_traj1_1__000077,0.05067380145192146,0.07664508372545242,0.5004177689552307,0.4660298824310303,0.7502909302711487,18.971338272094727,14.166059494018555,0.05067380145192146,0.07664508372545242,24.671459197998047,18.971338272094727,14.166059494018555
scene13_traj1_1__000078,0.05040038749575615,0.07602842897176743,0.49996140599250793,0.4668746888637543,0.7511611580848694,18.955223083496094,14.161672592163086,0.05040038749575615,0.07602842897176743,24.69706153869629,18.955223083496094,14.161672592163086
scene13_traj1_1__000079,0.05056385695934296,0.07621388882398605,0.5011549592018127,0.46811652183532715,0.7533241510391235,19.11962890625,14.323698997497559,0.05056385695934296,0.07621388882398605,24.780216217041016,19.11962890625,14.323698997497559
scene13_traj1_1__000080,0.05052512511610985,0.07623086869716644,0.5021684765815735,0.47030729055404663,0.7550939917564392,19.258760452270508,14.450787544250488,0.05052512511610985,0.07623086869716644,24.84625816345215,19.258760452270508,14.450787544250488
scene13_traj1_1__000081,0.050204962491989136,0.07576250284910202,0.5019389986991882,0.466896653175354,0.7524120807647705,19.223148345947266,14.411382675170898,0.050204962491989136,0.07576250284910202,24.75798988342285,19.223148345947266,14.411382675170898
scene13_traj1_1__000082,0.050473567098379135,0.07610971480607986,0.5010201930999756,0.46710920333862305,0.7519919276237488,19.16684341430664,14.361705780029297,0.050473567098379135,0.07610971480607986,24.737104415893555,19.16684341430664,14.361705780029297
scene13_traj1_1__000083,0.05036495253443718,0.07606077194213867,0.5016275644302368,0.4672849476337433,0.7529442310333252,19.235660552978516,14.4172945022583,0.05036495253443718,0.07606077194213867,24.76798439025879,19.235660552978516,14.4172945022583
scene13_traj1_1__000084,0.05007004737854004,0.07551304996013641,0.5029221773147583,0.4702723026275635,0.7557471990585327,19.32021141052246,14.408675193786621,0.05007004737854004,0.07551304996013641,24.871562957763672,19.32021141052246,14.408675193786621
scene13_traj1_1__000085,0.0499749481678009,0.07524815201759338,0.504050076007843,0.47770917415618896,0.762468159198761,19.62656593322754,14.712723731994629,0.0499749481678009,0.07524815201759338,25.137466430664062,19.62656593322754,14.712723731994629
scene13_traj1_1__000086,0.04978691786527634,0.07493700087070465,0.5066952705383301,0.4786187708377838,0.7653190493583679,19.903057098388672,14.972996711730957,0.04978691786527634,0.07493700087070465,25.26309585571289,19.903057098388672,14.972996711730957
scene13_traj1_1__000087,0.0500170961022377,0.07543463259935379,0.5067453384399414,0.4751981794834137,0.7627302408218384,19.70938491821289,14.807004928588867,0.0500170961022377,0.07543463259935379,25.132631301879883,19.70938491821289,14.807004928588867
scene13_traj1_1__000088,0.04983942210674286,0.07497866451740265,0.5059056878089905,0.47916024923324585,0.7656222581863403,19.889015197753906,14.985365867614746,0.04983942210674286,0.07497866451740265,25.261253356933594,19.889015197753906,14.985365867614746
scene13_traj1_1__000089,0.049763068556785583,0.0749800056219101,0.5042406916618347,0.47747692465782166,0.76285719871521,19.602848052978516,14.76210880279541,0.049763068556785583,0.0749800056219101,25.124221801757812,19.602848052978516,14.76210880279541
scene13_traj1_1__000090,0.05000961571931839,0.07528229057788849,0.50313800573349,0.47382986545562744,0.7589929103851318,19.5679988861084,14.765376091003418,0.05000961571931839,0.07528229057788849,24.970474243164062,19.5679988861084,14.765376091003418
scene13_traj1_1__000091,0.049842238426208496,0.07500319182872772,0.5051592588424683,0.475734144449234,0.7617812752723694,19.644990921020508,14.842719078063965,0.049842238426208496,0.07500319182872772,25.074670791625977,19.644990921020508,14.842719078063965
scene13_traj1_1__000092,0.049335844814777374,0.07415087521076202,0.5016061663627625,0.47765567898750305,0.7603904008865356,19.550561904907227,14.756959915161133,0.049335844814777374,0.07415087521076202,25.024953842163086,19.550561904907227,14.756959915161133
scene13_traj1_1__000093,0.049386944621801376,0.07425356656312943,0.5047439932823181,0.48326581716537476,0.7673737406730652,19.93557357788086,15.197407722473145,0.049386944621801376,0.07425356656312943,25.26715087890625,19.93557357788086,15.197407722473145
scene13_traj1_1__000094,0.04995112493634224,0.07519169896841049,0.5012646317481995,0.4780319035053253,0.7614747285842896,19.691621780395508,15.023835182189941,0.04995112493634224,0.07519169896841049,25.037635803222656,19.691621780395508,15.023835182189941
scene13_traj1_1__000095,0.04964332655072212,0.07456550002098083,0.5023772120475769,0.48217013478279114,0.7650700211524963,19.853561401367188,15.136022567749023,0.04964332655072212,0.07456550002098083,25.178932189941406,19.853561401367188,15.136022567749023
scene13_traj1_1__000096,0.049599539488554,0.07443857938051224,0.5030142068862915,0.4792417585849762,0.7634215354919434,19.85528564453125,15.251484870910645,0.049599539488554,0.07443857938051224,25.108863830566406,19.85528564453125,15.251484870910645
scene13_traj1_1__000097,0.04933665692806244,0.07406282424926758,0.5017735958099365,0.48289188742637634,0.764997661113739,19.933473587036133,15.292162895202637,0.04933665692806244,0.07406282424926758,25.182170867919922,19.933473587036133,15.292162895202637
scene13_traj1_1__000098,0.04923824965953827,0.07404264062643051,0.5007922649383545,0.4816421866416931,0.7630563974380493,19.922075271606445,15.293960571289062,0.04923824965953827,0.07404264062643051,25.111164093017578,19.922075271606445,15.293960571289062
scene13_traj1_1__000099,0.049286291003227234,0.07423318922519684,0.5000873804092407,0.48005741834640503,0.7609940767288208,19.710187911987305,15.074573516845703,0.049286291003227234,0.07423318922519684,25.044950485229492,19.710187911987305,15.074573516845703
scene13_traj1_1__000100,0.049087218940258026,0.07396584004163742,0.4999500811100006,0.48194608092308044,0.7626193761825562,19.74454116821289,14.970894813537598,0.049087218940258026,0.07396584004163742,25.091222763061523,19.74454116821289,14.970894813537598
scene13_traj1_1__000101,0.049226243048906326,0.07410969585180283,0.4999188482761383,0.4810774028301239,0.7620163559913635,19.776121139526367,15.113996505737305,0.049226243048906326,0.07410969585180283,25.08268165588379,19.776121139526367,15.113996505737305
scene13_traj1_1__000102,0.049223851412534714,0.07426095753908157,0.4994668662548065,0.47945356369018555,0.760562002658844,19.743717193603516,15.078144073486328,0.049223851412534714,0.07426095753908157,25.01421546936035,19.743717193603516,15.078144073486328
scene13_traj1_1__000103,0.04936537891626358,0.07426653057336807,0.4987958073616028,0.47864773869514465,0.7594483494758606,19.54256820678711,14.811948776245117,0.04936537891626358,0.07426653057336807,24.96406364440918,19.54256820678711,14.811948776245117
scene13_traj1_1__000104,0.04944221302866936,0.07458031922578812,0.5002623796463013,0.4775368571281433,0.760093092918396,19.577728271484375,14.865968704223633,0.04944221302866936,0.07458031922578812,24.987781524658203,19.577728271484375,14.865968704223633
scene13_traj1_1__000105,0.049366921186447144,0.07434868067502975,0.5002045035362244,0.4792225658893585,0.76125168800354,19.667499542236328,15.101386070251465,0.049366921186447144,0.07434868067502975,25.040922164916992,19.667499542236328,15.101386070251465
scene13_traj1_1__000106,0.0493004135787487,0.07432596385478973,0.5008364319801331,0.4799130856990814,0.7619704604148865,19.753089904785156,15.07055377960205,0.0493004135787487,0.07432596385478973,25.072534561157227,19.753089904785156,15.07055377960205
scene13_traj1_1__000107,0.04898267611861229,0.07365646958351135,0.5040081143379211,0.479213148355484,0.7644336223602295,19.866708755493164,15.227262496948242,0.04898267611861229,0.07365646958351135,25.167232513427734,19.866708755493164,15.227262496948242
scene13_traj1_1__000108,0.04920816048979759,0.07413572072982788,0.502294659614563,0.4765663743019104,0.7606455683708191,19.67354965209961,15.106146812438965,0.04920816048979759,0.07413572072982788,25.007404327392578,19.67354965209961,15.106146812438965
scene13_traj1_1__000109,0.04917404428124428,0.07416827976703644,0.5029523372650146,0.47946596145629883,0.7635862827301025,19.843542098999023,15.355106353759766,0.04917404428124428,0.07416827976703644,25.109006881713867,19.843542098999023,15.355106353759766
scene13_traj1_1__000110,0.04925305023789406,0.07441151887178421,0.5059813857078552,0.48381611704826355,0.7691817879676819,20.1700382232666,15.704590797424316,0.04925305023789406,0.07441151887178421,25.31924057006836,20.1700382232666,15.704590797424316
scene13_traj1_1__000111,0.04902976006269455,0.0738934651017189,0.5057973265647888,0.4828706979751587,0.7680591344833374,20.159725189208984,15.75125503540039,0.04902976006269455,0.0738934651017189,25.271236419677734,20.159725189208984,15.75125503540039
scene13_traj1_1__000112,0.04904754087328911,0.07388415932655334,0.5028183460235596,0.47650671005249023,0.7608552575111389,19.658103942871094,15.2080659866333,0.04904754087328911,0.07388415932655334,25.00347328186035,19.658103942871094,15.2080659866333
scene13_traj1_1__000113,0.04913076385855675,0.07377465069293976,0.503957986831665,0.4782871603965759,0.7633830904960632,19.893205642700195,15.52749252319336,0.04913076385855675,0.07377465069293976,25.08905029296875,19.893205642700195,15.52749252319336
scene13_traj1_1__000114,0.048826511949300766,0.07333027571439743,0.502414882183075,0.4794381856918335,0.7632833123207092,19.750587463378906,15.304664611816406,0.048826511949300766,0.07333027571439743,25.10774803161621,19.750587463378906,15.304664611816406
scene13_traj1_1__000115,0.04892495274543762,0.0735287144780159,0.5037128329277039,0.4809587299823761,0.7658589482307434,19.938127517700195,15.55513858795166,0.04892495274543762,0.0735287144780159,25.181272506713867,19.938127517700195,15.55513858795166
scene13_traj1_1__000116,0.04918377473950386,0.07404671609401703,0.5059559345245361,0.4839726686477661,0.7694280743598938,20.358407974243164,16.11007308959961,0.04918377473950386,0.07404671609401703,25.334558486938477,20.358407974243164,16.11007308959961
scene13_traj1_1__000117,0.049480825662612915,0.07454188168048859,0.5068467259407043,0.4845810830593109,0.770463764667511,20.445669174194336,16.273269653320312,0.049480825662612915,0.07454188168048859,25.386133193969727,20.445669174194336,16.273269653320312
scene13_traj1_1__000118,0.04933474212884903,0.074129119515419,0.5051159858703613,0.4798756539821625,0.7656024098396301,20.173246383666992,15.992326736450195,0.04933474212884903,0.074129119515419,25.197181701660156,20.173246383666992,15.992326736450195
scene13_traj1_1__000119,0.04924889653921127,0.07400309294462204,0.5061694979667664,0.4798804223537445,0.7664868831634521,20.22658920288086,16.00107765197754,0.04924889653921127,0.07400309294462204,25.22783088684082,20.22658920288086,16.00107765197754
scene13_traj1_1__000120,0.049563996493816376,0.0745130330324173,0.5082255005836487,0.48236513137817383,0.7700974941253662,20.416261672973633,16.23459243774414,0.049563996493816376,0.0745130330324173,25.38518714904785,20.416261672973633,16.23459243774414
scene13_traj1_1__000121,0.04957900941371918,0.07450412213802338,0.5089832544326782,0.4803004264831543,0.7693088054656982,20.32040023803711,16.05776596069336,0.04957900941371918,0.07450412213802338,25.340375900268555,20.32040023803711,16.05776596069336
scene13_traj1_1__000122,0.050138816237449646,0.07519524544477463,0.5050503015518188,0.4763374626636505,0.7631360292434692,20.129749298095703,15.920880317687988,0.050138816237449646,0.07519524544477463,25.13155746459961,20.129749298095703,15.920880317687988
scene13_traj1_1__000123,0.050423137843608856,0.07565261423587799,0.5053530931472778,0.47572875022888184,0.7633384466171265,20.09681510925293,15.861607551574707,0.050423137843608856,0.07565261423587799,25.145870208740234,20.09681510925293,15.861607551574707
scene13_traj1_1__000124,0.050492141395807266,0.07551047950983047,0.5048516988754272,0.47967374324798584,0.7658869028091431,20.381778717041016,16.26606559753418,0.050492141395807266,0.07551047950983047,25.22989845275879,20.381778717041016,16.26606559753418
scene13_traj1_1__000125,0.05129504203796387,0.07682041823863983,0.5000698566436768,0.47715479135513306,0.7601024508476257,20.270896911621094,16.163406372070312,0.05129504203796387,0.07682041823863983,25.036746978759766,20.270896911621094,16.163406372070312
scene13_traj1_1__000126,0.05156664177775383,0.0770067647099495,0.5019288659095764,0.4799039959907532,0.763378918170929,20.423925399780273,16.381166458129883,0.05156664177775383,0.0770067647099495,25.166418075561523,20.423925399780273,16.381166458129883
scene13_traj1_1__000127,0.051672521978616714,0.07717064023017883,0.5045562386512756,0.4794195592403412,0.7652013897895813,20.568286895751953,16.511138916015625,0.051672521978616714,0.07717064023017883,25.241456985473633,20.568286895751953,16.511138916015625
scene13_traj1_1__000128,0.05202086269855499,0.07795222103595734,0.5056456923484802,0.48139649629592896,0.7674465775489807,20.572486877441406,16.520553588867188,0.05202086269855499,0.07795222103595734,25.314537048339844,20.572486877441406,16.520553588867188
scene13_traj1_1__000129,0.051297374069690704,0.07669626921415329,0.5030075907707214,0.4820164144039154,0.7661892771720886,20.65203094482422,16.739219665527344,0.051297374069690704,0.07669626921415329,25.252077102661133,20.65203094482422,16.739219665527344
scene13_traj1_1__000130,0.05124116688966751,0.07630547136068344,0.5068402886390686,0.4852959215641022,0.7711842656135559,20.83037757873535,16.912109375,0.05124116688966751,0.07630547136068344,25.424911499023438,20.83037757873535,16.912109375
scene13_traj1_1__000131,0.05253879725933075,0.07830236107110977,0.5016677379608154,0.48591992259025574,0.7682288885116577,20.752277374267578,16.81768798828125,0.05253879725933075,0.07830236107110977,25.31611442565918,20.752277374267578,16.81768798828125
scene13_traj1_1__000132,0.05217579007148743,0.07758578658103943,0.5034804940223694,0.4898102283477783,0.7723200917243958,21.138628005981445,17.31787109375,0.05217579007148743,0.07758578658103943,25.453380584716797,21.138628005981445,17.31787109375
scene13_traj1_1__000133,0.0523652508854866,0.07795260846614838,0.5067722201347351,0.491680771112442,0.7754596471786499,21.329734802246094,17.56656265258789,0.0523652508854866,0.07795260846614838,25.59801483154297,21.329734802246094,17.56656265258789
scene13_traj1_1__000134,0.05263568088412285,0.07828322052955627,0.506966233253479,0.48852089047431946,0.7739923596382141,21.23653793334961,17.439664840698242,0.05263568088412285,0.07828322052955627,25.533733367919922,21.23653793334961,17.439664840698242
scene13_traj1_1__000135,0.052224572747945786,0.0778496190905571,0.5116618871688843,0.492080420255661,0.7809268832206726,21.53856658935547,17.814634323120117,0.052224572747945786,0.0778496190905571,25.782270431518555,21.53856658935547,17.814634323120117
scene13_traj1_1__000136,0.05170591548085213,0.0771462544798851,0.5103013515472412,0.494678258895874,0.7814502120018005,21.469736099243164,17.588706970214844,0.05170591548085213,0.0771462544798851,25.78951072692871,21.469736099243164,17.588706970214844
scene13_traj1_1__000137,0.051706522703170776,0.07717927545309067,0.5137951970100403,0.49095413088798523,0.7815145254135132,21.594907760620117,17.833194732666016,0.051706522703170776,0.07717927545309067,25.81771469116211,21.594907760620117,17.833194732666016
scene13_traj1_1__000138,0.05177319794893265,0.07733267545700073,0.5139488577842712,0.4942169189453125,0.7840065360069275,21.628660202026367,17.864038467407227,0.05177319794893265,0.07733267545700073,25.90205955505371,21.628660202026367,17.864038467407227
scene13_traj1_1__000139,0.05157356709241867,0.07687187939882278,0.5101926922798157,0.48856908082962036,0.7771744728088379,21.366186141967773,17.541839599609375,0.05157356709241867,0.07687187939882278,25.63689422607422,21.366186141967773,17.541839599609375
scene13_traj1_1__000140,0.051358550786972046,0.07682701200246811,0.5105860233306885,0.4869895279407501,0.776045560836792,21.28832244873047,17.48944091796875,0.051358550786972046,0.07682701200246811,25.6069278717041,21.28832244873047,17.48944091796875
scene13_traj1_1__000141,0.05142391845583916,0.07681427896022797,0.5095095634460449,0.48576197028160095,0.774284303188324,21.095138549804688,17.299251556396484,0.05142391845583916,0.07681427896022797,25.529659271240234,21.095138549804688,17.299251556396484
scene13_traj1_1__000142,0.051385845988988876,0.07696212828159332,0.5082013010978699,0.48363471031188965,0.7717369794845581,21.041078567504883,17.350296020507812,0.051385845988988876,0.07696212828159332,25.436172485351562,21.041078567504883,17.350296020507812
scene13_traj1_1__000143,0.051118358969688416,0.07642078399658203,0.510068416595459,0.4878324866294861,0.7765281796455383,21.369876861572266,17.738723754882812,0.051118358969688416,0.07642078399658203,25.62174415588379,21.369876861572266,17.738723754882812
scene13_traj1_1__000144,0.05134173482656479,0.07704267650842667,0.513671875,0.4844461977481842,0.7768100500106812,21.397289276123047,17.833114624023438,0.05134173482656479,0.07704267650842667,25.653942108154297,21.397289276123047,17.833114624023438
scene13_traj1_1__000145,0.051413144916296005,0.07701901346445084,0.5145130157470703,0.4881904423236847,0.7802441716194153,21.665122985839844,18.16196632385254,0.051413144916296005,0.07701901346445084,25.791982650756836,21.665122985839844,18.16196632385254
scene13_traj1_1__000146,0.05196401849389076,0.07807411998510361,0.5083197951316833,0.4802725613117218,0.7700673341751099,20.85139274597168,17.035518646240234,0.05196401849389076,0.07807411998510361,25.372455596923828,20.85139274597168,17.035518646240234
scene13_traj1_1__000147,0.05127231404185295,0.07727662473917007,0.5131479501724243,0.48483628034591675,0.7775243520736694,21.285926818847656,17.541751861572266,0.05127231404185295,0.07727662473917007,25.682968139648438,21.285926818847656,17.541751861572266
scene13_traj1_1__000148,0.050940267741680145,0.0766213983297348,0.5149949789047241,0.48408564925193787,0.7775960564613342,21.448183059692383,17.798664093017578,0.050940267741680145,0.0766213983297348,25.706850051879883,21.448183059692383,17.798664093017578
scene13_traj1_1__000149,0.050676144659519196,0.07664261758327484,0.5127047300338745,0.48108118772506714,0.7736120223999023,21.198863983154297,17.573020935058594,0.050676144659519196,0.07664261758327484,25.532787322998047,21.198863983154297,17.573020935058594
scene13_traj1_1__000150,0.050706394016742706,0.07662319391965866,0.5103643536567688,0.48145759105682373,0.7725106477737427,21.07137680053711,17.425926208496094,0.050706394016742706,0.07662319391965866,25.492883682250977,21.07137680053711,17.425926208496094
scene13_traj1_1__000151,0.050578147172927856,0.0763058066368103,0.5193156003952026,0.48478400707244873,0.7803998589515686,21.68954086303711,18.317607879638672,0.050578147172927856,0.0763058066368103,25.8580379486084,21.68954086303711,18.317607879638672
scene13_traj1_1__000152,0.050618287175893784,0.07658273726701736,0.5193706750869751,0.48993512988090515,0.7841877937316895,21.88217544555664,18.519681930541992,0.050618287175893784,0.07658273726701736,26.000455856323242,21.88217544555664,18.519681930541992
scene13_traj1_1__000153,0.05042869225144386,0.07637802511453629,0.5268686413764954,0.4919879734516144,0.7917799949645996,22.196197509765625,18.692663192749023,0.05042869225144386,0.07637802511453629,26.2901611328125,22.196197509765625,18.692663192749023
scene13_traj1_1__000154,0.05058285593986511,0.0768323689699173,0.522876501083374,0.4874216914176941,0.7846734523773193,21.87034034729004,18.403207778930664,0.05058285593986511,0.0768323689699173,26.025768280029297,21.87034034729004,18.403207778930664
scene13_traj1_1__000155,0.05042028799653053,0.07657532393932343,0.5242981910705566,0.4888371229171753,0.7872776389122009,21.94436264038086,18.373451232910156,0.05042028799653053,0.07657532393932343,26.103849411010742,21.94436264038086,18.373451232910156
scene13_traj1_1__000156,0.04719211533665657,0.07166893035173416,0.5346046686172485,0.49966585636138916,0.802774965763092,23.022768020629883,19.888916015625,0.04719211533665657,0.07166893035173416,26.677875518798828,23.022768020629883,19.888916015625
scene13_traj1_1__000157,0.0468837134540081,0.07130561769008636,0.5341050028800964,0.501787543296814,0.8040881752967834,23.05585289001465,19.920015335083008,0.0468837134540081,0.07130561769008636,26.73517417907715,23.05585289001465,19.920015335083008
scene13_traj1_1__000158,0.04598292335867882,0.07009079307317734,0.5398969650268555,0.5080509781837463,0.8128964304924011,23.76778793334961,21.149818420410156,0.04598292335867882,0.07009079307317734,27.07990264892578,23.76778793334961,21.149818420410156
scene13_traj1_1__000159,0.046224188059568405,0.07041563838720322,0.539983868598938,0.5082500576972961,0.8124101161956787,24.016719818115234,21.687105178833008,0.046224188059568405,0.07041563838720322,27.08991813659668,24.016719818115234,21.687105178833008
scene13_traj1_1__000160,0.04694005846977234,0.07114516198635101,0.5438714623451233,0.5123569369316101,0.8195779323577881,24.47353744506836,22.346084594726562,0.04694005846977234,0.07114516198635101,27.331350326538086,24.47353744506836,22.346084594726562
scene13_traj1_1__000161,0.046519000083208084,0.0700576975941658,0.545910656452179,0.5160529613494873,0.8232859373092651,25.11850357055664,23.54706573486328,0.046519000083208084,0.0700576975941658,27.514162063598633,25.11850357055664,23.54706573486328
scene13_traj1_1__000162,0.04695172235369682,0.0708097368478775,0.5454016923904419,0.5163664817810059,0.8232021331787109,25.174007415771484,23.68696403503418,0.04695172235369682,0.0708097368478775,27.499300003051758,25.174007415771484,23.68696403503418
scene13_traj1_1__000163,0.04777158424258232,0.07178685069084167,0.5558947920799255,0.5239682793617249,0.8364614248275757,26.147024154663086,24.977367401123047,0.04777158424258232,0.07178685069084167,28.044010162353516,26.147024154663086,24.977367401123047
scene13_traj1_1__000164,0.04771268740296364,0.07167837768793106,0.5590967535972595,0.5258446335792542,0.8398267030715942,26.239782333374023,25.193679809570312,0.04771268740296364,0.07167837768793106,28.159530639648438,26.239782333374023,25.193679809570312
scene13_traj1_1__000165,0.04651537165045738,0.06977193802595139,0.5667693018913269,0.5390980839729309,0.8552567958831787,27.492923736572266,26.98387336730957,0.04651537165045738,0.06977193802595139,28.804092407226562,27.492923736572266,26.98387336730957
scene13_traj1_1__000166,0.04573690891265869,0.06850843876600266,0.5657919049263,0.5450466871261597,0.8586826920509338,27.76513671875,27.383663177490234,0.04573690891265869,0.06850843876600266,28.93413543701172,27.76513671875,27.383663177490234
scene13_traj1_1__000167,0.04560741409659386,0.06832575798034668,0.5634557604789734,0.5461521148681641,0.8588724136352539,27.62432098388672,27.13327980041504,0.04560741409659386,0.06832575798034668,28.886438369750977,27.62432098388672,27.13327980041504
scene13_traj1_1__000168,0.045914605259895325,0.06904464215040207,0.549625813961029,0.540748119354248,0.8455875515937805,26.385183334350586,25.246719360351562,0.045914605259895325,0.06904464215040207,28.23015785217285,26.385183334350586,25.246719360351562
scene13_traj1_1__000169,0.04613813757896423,0.07004537433385849,0.5478558540344238,0.5458711385726929,0.8505948185920715,26.491943359375,25.067852020263672,0.04613813757896423,0.07004537433385849,28.370941162109375,26.491943359375,25.067852020263672
scene13_traj1_1__000170,0.04682040214538574,0.07103133946657181,0.5439220070838928,0.5460953116416931,0.8477383852005005,26.0433349609375,24.157169342041016,0.04682040214538574,0.07103133946657181,28.216541290283203,26.0433349609375,24.157169342041016
scene13_traj1_1__000171,0.046757932752370834,0.07057065516710281,0.5351611375808716,0.5352847576141357,0.8322270512580872,24.81902503967285,22.111547470092773,0.046757932752370834,0.07057065516710281,27.59354019165039,24.81902503967285,22.111547470092773
scene13_traj1_1__000172,0.046813610941171646,0.07061447948217392,0.5339155793190002,0.5401230454444885,0.835701048374176,25.045963287353516,22.47524070739746,0.046813610941171646,0.07061447948217392,27.732572555541992,25.045963287353516,22.47524070739746
scene13_traj1_1__000173,0.046604182571172714,0.07022067904472351,0.5290868282318115,0.5226054191589355,0.8174895644187927,23.531015396118164,20.112966537475586,0.046604182571172714,0.07022067904472351,27.003618240356445,23.531015396118164,20.112966537475586
scene13_traj1_1__000174,0.04597106948494911,0.06972316652536392,0.5279226899147034,0.5136049389839172,0.8084705471992493,22.71802520751953,18.779376983642578,0.04597106948494911,0.06972316652536392,26.658369064331055,22.71802520751953,18.779376983642578
scene13_traj1_1__000175,0.04575677588582039,0.0695653185248375,0.5267342925071716,0.5076305866241455,0.8040369749069214,22.267086029052734,17.934532165527344,0.04575677588582039,0.0695653185248375,26.505788803100586,22.267086029052734,17.934532165527344
scene13_traj1_1__000176,0.04676291346549988,0.07092514634132385,0.5232558846473694,0.4937634766101837,0.7892494201660156,21.533428192138672,17.153133392333984,0.04676291346549988,0.07092514634132385,25.997793197631836,21.533428192138672,17.153133392333984
scene13_traj1_1__000177,0.04769924283027649,0.07247287780046463,0.5163322687149048,0.48469430208206177,0.7774203419685364,20.73085594177246,16.11177635192871,0.04769924283027649,0.07247287780046463,25.55241584777832,20.73085594177246,16.11177635192871
scene13_traj1_1__000178,0.050144270062446594,0.07632319629192352,0.5115538835525513,0.47478795051574707,0.7662308812141418,20.080543518066406,15.411866188049316,0.050144270062446594,0.07632319629192352,25.198144912719727,20.080543518066406,15.411866188049316
scene13_traj1_1__000179,0.050426971167325974,0.07653748989105225,0.5099164247512817,0.4684675335884094,0.760131299495697,19.95254898071289,15.356210708618164,0.050426971167325974,0.07653748989105225,25.0084228515625,19.95254898071289,15.356210708618164
scene13_traj1_1__000180,0.05080506205558777,0.07681424170732498,0.5065231323242188,0.4620632231235504,0.7527865767478943,19.566041946411133,15.013407707214355,0.05080506205558777,0.07681424170732498,24.69941520690918,19.566041946411133,15.013407707214355
scene13_traj1_1__000181,0.05138833075761795,0.07726619392633438,0.5071307420730591,0.45839589834213257,0.7508490085601807,19.588329315185547,15.083943367004395,0.05138833075761795,0.07726619392633438,24.650360107421875,19.588329315185547,15.083943367004395
scene13_traj1_1__000182,0.051304303109645844,0.07715967297554016,0.5046719908714294,0.45583802461624146,0.7473669052124023,19.37364959716797,14.795945167541504,0.051304303109645844,0.07715967297554016,24.520090103149414,19.37364959716797,14.795945167541504
scene13_traj1_1__000183,0.051556944847106934,0.07777827978134155,0.5048777461051941,0.4562128186225891,0.7478968501091003,19.579740524291992,15.12149715423584,0.051556944847106934,0.07777827978134155,24.565135955810547,19.579740524291992,15.12149715423584
scene13_traj1_1__000184,0.05192425101995468,0.0784800574183464,0.500436544418335,0.4495769441127777,0.7404772043228149,18.916584014892578,14.448100090026855,0.05192425101995468,0.0784800574183464,24.23982048034668,18.916584014892578,14.448100090026855
scene13_traj1_1__000185,0.05284402146935463,0.0800827145576477,0.4940014183521271,0.44534796476364136,0.7317529320716858,18.51099967956543,14.054019927978516,0.05284402146935463,0.0800827145576477,23.9108943939209,18.51099967956543,14.054019927978516
scene13_traj1_1__000186,0.053990669548511505,0.08173666894435883,0.5021762251853943,0.44887253642082214,0.7412945032119751,18.98838996887207,14.569700241088867,0.053990669548511505,0.08173666894435883,24.26102066040039,18.98838996887207,14.569700241088867
scene13_traj1_1__000187,0.0535975806415081,0.08109839260578156,0.5024069547653198,0.45163267850875854,0.7439053654670715,19.03761863708496,14.537273406982422,0.0535975806415081,0.08109839260578156,24.37367820739746,19.03761863708496,14.537273406982422
scene13_traj1_1__000188,0.05307971313595772,0.08034854382276535,0.5000952482223511,0.4488488435745239,0.7393988966941833,19.01192283630371,14.760128021240234,0.05307971313595772,0.08034854382276535,24.2143497467041,19.01192283630371,14.760128021240234
scene13_traj1_1__000189,0.052922893315553665,0.08002655953168869,0.504115879535675,0.45274490118026733,0.745286226272583,19.148786544799805,14.756497383117676,0.052922893315553665,0.08002655953168869,24.416563034057617,19.148786544799805,14.756497383117676
scene13_traj1_1__000190,0.052853647619485855,0.07995881140232086,0.5064371824264526,0.4585612714290619,0.7520369291305542,19.529516220092773,15.146347999572754,0.052853647619485855,0.07995881140232086,24.693058013916016,19.529516220092773,15.146347999572754
scene13_traj1_1__000191,0.05318230390548706,0.08073880523443222,0.5085296630859375,0.4610131084918976,0.755355715751648,19.600561141967773,15.172781944274902,0.05318230390548706,0.08073880523443222,24.79486656188965,19.600561141967773,15.172781944274902
scene13_traj1_1__000192,0.052970968186855316,0.08024665713310242,0.5075735449790955,0.4576154053211212,0.7527675628662109,19.443103790283203,14.916720390319824,0.052970968186855316,0.08024665713310242,24.705785751342773,19.443103790283203,14.916720390319824
scene13_traj1_1__000193,0.05209815874695778,0.07939759641885757,0.5111802220344543,0.45487913489341736,0.7534970641136169,19.39244842529297,14.904766082763672,0.05209815874695778,0.07939759641885757,24.735658645629883,19.39244842529297,14.904766082763672
scene13_traj1_1__000194,0.05140804126858711,0.07849530130624771,0.5116994380950928,0.46333077549934387,0.7587449550628662,19.509798049926758,14.88299560546875,0.05140804126858711,0.07849530130624771,24.949316024780273,19.509798049926758,14.88299560546875
scene13_traj1_1__000195,0.04901061952114105,0.07534085214138031,0.5147441625595093,0.46532294154167175,0.7622901201248169,19.446537017822266,14.78406047821045,0.04901061952114105,0.07534085214138031,25.05756187438965,19.446537017822266,14.78406047821045
scene13_traj1_1__000196,0.04765181615948677,0.0733678862452507,0.5105662941932678,0.4714817702770233,0.7631365060806274,19.26624298095703,14.61683464050293,0.04765181615948677,0.0733678862452507,25.105031967163086,19.26624298095703,14.61683464050293
scene13_traj1_1__000197,0.047712571918964386,0.07346230000257492,0.5098142623901367,0.469823956489563,0.7609683871269226,19.298423767089844,14.718035697937012,0.047712571918964386,0.07346230000257492,24.995466232299805,19.298423767089844,14.718035697937012
scene13_traj1_1__000198,0.04619801789522171,0.07129045575857162,0.5142517685890198,0.4710274636745453,0.7656297087669373,19.229663848876953,14.510039329528809,0.04619801789522171,0.07129045575857162,25.15584373474121,19.229663848876953,14.510039329528809
scene13_traj1_1__000199,0.04576871171593666,0.07078774273395538,0.5147978067398071,0.47310566902160645,0.7680204510688782,19.327350616455078,14.720428466796875,0.04576871171593666,0.07078774273395538,25.253524780273438,19.327350616455078,14.720428466796875
scene13_traj1_1__000200,0.0442248210310936,0.06876491755247116,0.514502227306366,0.47713562846183777,0.770830512046814,19.381174087524414,14.901874542236328,0.0442248210310936,0.06876491755247116,25.34095001220703,19.381174087524414,14.901874542236328
scene13_traj1_1__000201,0.04388603940606117,0.06861084699630737,0.5198602676391602,0.4860647916793823,0.7813991904258728,20.115848541259766,15.829856872558594,0.04388603940606117,0.06861084699630737,25.76137924194336,20.115848541259766,15.829856872558594
scene13_traj1_1__000202,0.04407044127583504,0.0688449889421463,0.5206418037414551,0.4840044677257538,0.780472993850708,20.160253524780273,15.99046516418457,0.04407044127583504,0.0688449889421463,25.716238021850586,20.160253524780273,15.99046516418457
scene13_traj1_1__000203,0.0445379875600338,0.07013759016990662,0.5262193083763123,0.4947861135005951,0.7931410670280457,20.780675888061523,16.782123565673828,0.0445379875600338,0.07013759016990662,26.179500579833984,20.780675888061523,16.782123565673828
scene13_traj1_1__000204,0.044995471835136414,0.071077361702919,0.5247123837471008,0.4980410039424896,0.7944959998130798,20.983823776245117,17.198360443115234,0.044995471835136414,0.071077361702919,26.19162940979004,20.983823776245117,17.198360443115234
scene13_traj1_1__000205,0.044609639793634415,0.07072889059782028,0.5265894532203674,0.5039034485816956,0.8015655279159546,21.068920135498047,17.03726577758789,0.044609639793634415,0.07072889059782028,26.397357940673828,21.068920135498047,17.03726577758789
scene13_traj1_1__000206,0.0433555543422699,0.06856116652488708,0.5247421860694885,0.506068229675293,0.8023501038551331,20.92310905456543,16.79445457458496,0.0433555543422699,0.06856116652488708,26.430835723876953,20.92310905456543,16.79445457458496
scene13_traj1_1__000207,0.043453674763441086,0.06881312280893326,0.5235581994056702,0.5038767457008362,0.7999641299247742,20.92662239074707,16.89825439453125,0.043453674763441086,0.06881312280893326,26.348020553588867,20.92662239074707,16.89825439453125
scene13_traj1_1__000208,0.04432568699121475,0.07020612806081772,0.5213071703910828,0.5018469095230103,0.7957834005355835,20.70899200439453,16.577857971191406,0.04432568699121475,0.07020612806081772,26.198986053466797,20.70899200439453,16.577857971191406
scene13_traj1_1__000209,0.044244129210710526,0.07028234004974365,0.5219365358352661,0.49667954444885254,0.793535590171814,20.416460037231445,16.026647567749023,0.044244129210710526,0.07028234004974365,26.098915100097656,20.416460037231445,16.026647567749023
scene13_traj1_1__000210,0.044689059257507324,0.07107898592948914,0.5268942713737488,0.5010879039764404,0.7996421456336975,20.765472412109375,16.209190368652344,0.044689059257507324,0.07107898592948914,26.34790802001953,20.765472412109375,16.209190368652344
scene13_traj1_1__000211,0.04486716911196709,0.07109171152114868,0.5182251334190369,0.49028438329696655,0.7844702005386353,19.973926544189453,15.390158653259277,0.04486716911196709,0.07109171152114868,25.830955505371094,19.973926544189453,15.390158653259277
scene13_traj1_1__000212,0.04490702971816063,0.0712447538971901,0.5173329710960388,0.4908515512943268,0.783970832824707,19.95505142211914,15.272233963012695,0.04490702971816063,0.0712447538971901,25.81215476989746,19.95505142211914,15.272233963012695
scene13_traj1_1__000213,0.04478840529918671,0.07111413776874542,0.5180158019065857,0.48562535643577576,0.7811076045036316,19.446521759033203,14.560216903686523,0.04478840529918671,0.07111413776874542,25.685264587402344,19.446521759033203,14.560216903686523
scene13_traj1_1__000214,0.04453744366765022,0.07110781222581863,0.5175352692604065,0.4876529574394226,0.7819864153862,19.463611602783203,14.531580924987793,0.04453744366765022,0.07110781222581863,25.713123321533203,19.463611602783203,14.531580924987793
scene13_traj1_1__000215,0.04356689751148224,0.06923431158065796,0.5235133171081543,0.49471837282180786,0.7912202477455139,19.889995574951172,14.701702117919922,0.04356689751148224,0.06923431158065796,26.09652328491211,19.889995574951172,14.701702117919922
scene13_traj1_1__000216,0.043229565024375916,0.06855445355176926,0.5217567682266235,0.4933195412158966,0.7882366180419922,19.810787200927734,14.6193208694458,0.043229565024375916,0.06855445355176926,25.987445831298828,19.810787200927734,14.6193208694458
scene13_traj1_1__000217,0.04321681335568428,0.06842626631259918,0.5190138816833496,0.49316710233688354,0.7858922481536865,19.555086135864258,14.349953651428223,0.04321681335568428,0.06842626631259918,25.89266586303711,19.555086135864258,14.349953651428223
scene13_traj1_1__000218,0.04345757141709328,0.06892523169517517,0.5229942202568054,0.49379560351371765,0.7887090444564819,19.74236488342285,14.403119087219238,0.04345757141709328,0.06892523169517517,26.00916862487793,19.74236488342285,14.403119087219238
scene13_traj1_1__000219,0.04343850165605545,0.06921099126338959,0.5266979932785034,0.4949561655521393,0.7929275035858154,20.056167602539062,14.85110855102539,0.04343850165605545,0.06921099126338959,26.141368865966797,20.056167602539062,14.85110855102539
scene13_traj1_1__000220,0.0430755615234375,0.06859704107046127,0.5224431753158569,0.4937710762023926,0.7890209555625916,19.67729949951172,14.357659339904785,0.0430755615234375,0.06859704107046127,25.988903045654297,19.67729949951172,14.357659339904785
scene13_traj1_1__000221,0.04329351708292961,0.06880998611450195,0.5264217257499695,0.49739018082618713,0.7946835160255432,19.91960334777832,14.491278648376465,0.04329351708292961,0.06880998611450195,26.196626663208008,19.91960334777832,14.491278648376465
scene13_traj1_1__000222,0.043216999620199203,0.06874336302280426,0.5250425934791565,0.49831658601760864,0.794623851776123,19.911008834838867,14.467351913452148,0.043216999620199203,0.06874336302280426,26.195449829101562,19.911008834838867,14.467351913452148
scene13_traj1_1__000223,0.04330475255846977,0.06884332001209259,0.5230289697647095,0.4936259686946869,0.7898593544960022,19.62973976135254,14.176322937011719,0.04330475255846977,0.06884332001209259,26.006244659423828,19.62973976135254,14.176322937011719
scene13_traj1_1__000224,0.04327046498656273,0.06862442195415497,0.5224921107292175,0.4934965670108795,0.7886693477630615,19.476839065551758,14.026398658752441,0.04327046498656273,0.06862442195415497,25.974754333496094,19.476839065551758,14.026398658752441
scene13_traj1_1__000225,0.04408673197031021,0.06968293339014053,0.5184509754180908,0.4893384873867035,0.7820137739181519,19.224529266357422,13.773287773132324,0.04408673197031021,0.06968293339014053,25.738426208496094,19.224529266357422,13.773287773132324
scene13_traj1_1__000226,0.044381920248270035,0.07057026773691177,0.5204922556877136,0.48907965421676636,0.7838037014007568,19.412214279174805,14.0023775100708,0.044381920248270035,0.07057026773691177,25.807594299316406,19.412214279174805,14.0023775100708
scene13_traj1_1__000227,0.04452391713857651,0.07054542005062103,0.5211097002029419,0.48967409133911133,0.7848890423774719,19.468414306640625,14.110404968261719,0.04452391713857651,0.07054542005062103,25.84539031982422,19.468414306640625,14.110404968261719
scene13_traj1_1__000228,0.044524118304252625,0.06994333863258362,0.5172863602638245,0.48973360657691956,0.7817196249961853,19.361852645874023,13.992430686950684,0.044524118304252625,0.06994333863258362,25.726879119873047,19.361852645874023,13.992430686950684
scene13_traj1_1__000229,0.04500037804245949,0.07043496519327164,0.5128330588340759,0.4846983253955841,0.773794412612915,19.037931442260742,13.673941612243652,0.04500037804245949,0.07043496519327164,25.43039321899414,19.037931442260742,13.673941612243652
scene13_traj1_1__000230,0.0461711622774601,0.07195878773927689,0.5134129524230957,0.4821885824203491,0.7717382311820984,19.02675437927246,13.699284553527832,0.0461711622774601,0.07195878773927689,25.372024536132812,19.02675437927246,13.699284553527832
scene13_traj1_1__000231,0.04802447929978371,0.07446955144405365,0.5089437365531921,0.4799920916557312,0.7672181129455566,19.012941360473633,13.838266372680664,0.04802447929978371,0.07446955144405365,25.248872756958008,19.012941360473633,13.838266372680664
scene13_traj1_1__000232,0.04761621728539467,0.07391849905252457,0.5075860023498535,0.4733877182006836,0.7611140608787537,18.766157150268555,13.520156860351562,0.04761621728539467,0.07391849905252457,25.025333404541016,18.766157150268555,13.520156860351562
scene13_traj1_1__000233,0.050351087003946304,0.07744432985782623,0.5027166604995728,0.46519342064857483,0.7507315278053284,18.653635025024414,13.734475135803223,0.050351087003946304,0.07744432985782623,24.658092498779297,18.653635025024414,13.734475135803223
scene13_traj1_1__000234,0.05257944017648697,0.08077718317508698,0.49182915687561035,0.45333725214004517,0.734295666217804,17.997018814086914,13.302658081054688,0.05257944017648697,0.08077718317508698,24.08356475830078,17.997018814086914,13.302658081054688
scene13_traj1_1__000235,0.055139221251010895,0.0840243548154831,0.5054261088371277,0.43581703305244446,0.7328285574913025,18.05491828918457,13.622021675109863,0.055139221251010895,0.0840243548154831,24.007495880126953,18.05491828918457,13.622021675109863
scene13_traj1_1__000236,0.05600021779537201,0.08550713956356049,0.5045971274375916,0.42696520686149597,0.7263607382774353,17.86517333984375,13.73212718963623,0.05600021779537201,0.08550713956356049,23.718425750732422,17.86517333984375,13.73212718963623
scene13_traj1_1__000237,0.056012172251939774,0.08576258271932602,0.5052433609962463,0.428311824798584,0.7278674244880676,17.97869873046875,13.818170547485352,0.056012172251939774,0.08576258271932602,23.77618980407715,17.97869873046875,13.818170547485352
scene13_traj1_1__000238,0.05696405470371246,0.08754439651966095,0.5081244111061096,0.4263869524002075,0.7294366955757141,18.05022430419922,14.058126449584961,0.05696405470371246,0.08754439651966095,23.822410583496094,18.05022430419922,14.058126449584961
scene13_traj1_1__000239,0.05724027380347252,0.0881730392575264,0.4997209906578064,0.41986340284347534,0.7173475027084351,17.51139259338379,13.816309928894043,0.05724027380347252,0.0881730392575264,23.374235153198242,17.51139259338379,13.816309928894043
scene13_traj1_1__000240,0.057681988924741745,0.08901381492614746,0.499789297580719,0.4175606966018677,0.7160949110984802,17.351072311401367,13.681219100952148,0.057681988924741745,0.08901381492614746,23.342605590820312,17.351072311401367,13.681219100952148
scene13_traj1_1__000241,0.058521877974271774,0.09033968299627304,0.49427440762519836,0.4129406809806824,0.7082998752593994,16.97031021118164,13.478591918945312,0.058521877974271774,0.09033968299627304,23.00860595703125,16.97031021118164,13.478591918945312
scene13_traj1_1__000242,0.0590437687933445,0.09108758717775345,0.4946732819080353,0.4123053252696991,0.7086775898933411,16.9820556640625,13.533172607421875,0.0590437687933445,0.09108758717775345,23.028472900390625,16.9820556640625,13.533172607421875
scene13_traj1_1__000243,0.05982336401939392,0.09258246421813965,0.4965266287326813,0.40512505173683167,0.7046844959259033,16.850299835205078,13.564571380615234,0.05982336401939392,0.09258246421813965,22.871875762939453,16.850299835205078,13.564571380615234
scene13_traj1_1__000244,0.06053652614355087,0.09340762346982956,0.49856889247894287,0.40327805280685425,0.7048630118370056,17.0710391998291,13.805068969726562,0.06053652614355087,0.09340762346982956,22.881168365478516,17.0710391998291,13.805068969726562
scene13_traj1_1__000245,0.05959460139274597,0.09163691103458405,0.49384087324142456,0.4010094702243805,0.6988860368728638,16.803409576416016,13.591024398803711,0.05959460139274597,0.09163691103458405,22.681175231933594,16.803409576416016,13.591024398803711
scene13_traj1_1__000246,0.058923911303281784,0.09087732434272766,0.48612815141677856,0.39907097816467285,0.6910753846168518,16.45330238342285,13.214497566223145,0.058923911303281784,0.09087732434272766,22.40552520751953,16.45330238342285,13.214497566223145
scene13_traj1_1__000247,0.059330131858587265,0.091563381254673,0.48106929659843445,0.40047115087509155,0.6875998377799988,16.3576602935791,13.085025787353516,0.059330131858587265,0.091563381254673,22.290481567382812,16.3576602935791,13.085025787353516
scene13_traj1_1__000248,0.057904891669750214,0.09047242999076843,0.4795844852924347,0.40978866815567017,0.6923162341117859,15.814647674560547,12.26182746887207,0.057904891669750214,0.09047242999076843,22.466875076293945,15.814647674560547,12.26182746887207
scene13_traj1_1__000249,0.053894974291324615,0.08537063002586365,0.4793750047683716,0.41705816984176636,0.6975155472755432,15.156140327453613,11.160811424255371,0.053894974291324615,0.08537063002586365,22.679386138916016,15.156140327453613,11.160811424255371
scene13_traj1_1__000250,0.05307900533080101,0.08446306735277176,0.47604283690452576,0.41673603653907776,0.6940030455589294,14.886392593383789,10.80223560333252,0.05307900533080101,0.08446306735277176,22.562320709228516,14.886392593383789,10.80223560333252
scene13_traj1_1__000251,0.052551694214344025,0.08364884555339813,0.4719562530517578,0.41717565059661865,0.6914081573486328,14.651933670043945,10.504785537719727,0.052551694214344025,0.08364884555339813,22.500017166137695,14.651933670043945,10.504785537719727
scene13_traj1_1__000252,0.05284271761775017,0.08437271416187286,0.4712740480899811,0.4169794023036957,0.6906476020812988,14.647418975830078,10.482254028320312,0.05284271761775017,0.08437271416187286,22.46479606628418,14.647418975830078,10.482254028320312
scene13_traj1_1__000253,0.0527166947722435,0.08424226939678192,0.4747035503387451,0.41798463463783264,0.6940616369247437,14.80602741241455,10.665206909179688,0.0527166947722435,0.08424226939678192,22.610185623168945,14.80602741241455,10.665206909179688
scene13_traj1_1__000254,0.05227643623948097,0.0838501900434494,0.47234976291656494,0.41655081510543823,0.6906254887580872,14.487751960754395,10.307738304138184,0.05227643623948097,0.0838501900434494,22.476308822631836,14.487751960754395,10.307738304138184
scene13_traj1_1__000255,0.05137389153242111,0.08266390115022659,0.4712807536125183,0.4200604557991028,0.6924146413803101,14.547711372375488,10.15520191192627,0.05137389153242111,0.08266390115022659,22.595558166503906,14.547711372375488,10.15520191192627
scene13_traj1_1__000256,0.050103265792131424,0.08070259541273117,0.47405073046684265,0.4266653060913086,0.698628306388855,14.575751304626465,10.077513694763184,0.050103265792131424,0.08070259541273117,22.828933715820312,14.575751304626465,10.077513694763184
scene13_traj1_1__000257,0.049511395394802094,0.08009203523397446,0.47644028067588806,0.43501386046409607,0.7067740559577942,14.809369087219238,10.114474296569824,0.049511395394802094,0.08009203523397446,23.123828887939453,14.809369087219238,10.114474296569824
scene13_traj1_1__000258,0.04679875075817108,0.07705160975456238,0.49248170852661133,0.4558924436569214,0.7354996800422668,15.77314567565918,10.49974536895752,0.04679875075817108,0.07705160975456238,24.17376708984375,15.77314567565918,10.49974536895752
scene13_traj1_1__000259,0.04385573789477348,0.07279099524021149,0.5007494688034058,0.466557115316391,0.7505610585212708,16.059213638305664,10.501808166503906,0.04385573789477348,0.07279099524021149,24.685766220092773,16.059213638305664,10.501808166503906
scene13_traj1_1__000260,0.042462583631277084,0.0705578550696373,0.5096774101257324,0.4766455888748169,0.7652316689491272,16.71875762939453,10.917262077331543,0.042462583631277084,0.0705578550696373,25.213886260986328,16.71875762939453,10.917262077331543
scene13_traj1_1__000261,0.04131229966878891,0.06787804514169693,0.5082024931907654,0.47950345277786255,0.7665053606033325,16.678068161010742,10.916682243347168,0.04131229966878891,0.06787804514169693,25.2405948638916,16.678068161010742,10.916682243347168
scene13_traj1_1__000262,0.04142073541879654,0.06811507046222687,0.5092114210128784,0.48170381784439087,0.7687626481056213,16.73104476928711,10.873879432678223,0.04142073541879654,0.06811507046222687,25.323646545410156,16.73104476928711,10.873879432678223
scene13_traj1_1__000263,0.04197816178202629,0.06867820024490356,0.5059968829154968,0.4724712669849396,0.7593196034431458,16.60358238220215,11.004435539245605,0.04197816178202629,0.06867820024490356,24.989479064941406,16.60358238220215,11.004435539245605
scene13_traj2_1__000000,0.04366329684853554,0.06655798852443695,0.46569380164146423,0.45262837409973145,0.7133038640022278,14.511384963989258,9.318623542785645,0.04366329684853554,0.06655798852443695,23.273515701293945,14.511384963989258,9.318623542785645
scene13_traj2_1__000001,0.0440465584397316,0.06740641593933105,0.4686010777950287,0.455382376909256,0.717582106590271,14.538884162902832,9.313309669494629,0.0440465584397316,0.06740641593933105,23.436080932617188,14.538884162902832,9.313309669494629
scene13_traj2_1__000002,0.04391573742032051,0.06703311949968338,0.46871888637542725,0.4534265398979187,0.7160682082176208,14.540460586547852,9.3007173538208,0.04391573742032051,0.06703311949968338,23.36733627319336,14.540460586547852,9.3007173538208
scene13_traj2_1__000003,0.043675169348716736,0.06660008430480957,0.46905410289764404,0.45288243889808655,0.7152717113494873,14.43034553527832,9.243374824523926,0.043675169348716736,0.06660008430480957,23.35381317138672,14.43034553527832,9.243374824523926
scene13_traj2_1__000004,0.0436844602227211,0.06670040637254715,0.4705442190170288,0.45475244522094727,0.7182766199111938,14.489410400390625,9.254514694213867,0.0436844602227211,0.06670040637254715,23.46435546875,14.489410400390625,9.254514694213867
scene13_traj2_1__000005,0.044098861515522,0.06739180535078049,0.4697873890399933,0.4545569121837616,0.7175816893577576,14.50197982788086,9.252087593078613,0.044098861515522,0.06739180535078049,23.44353675842285,14.50197982788086,9.252087593078613
scene13_traj2_1__000006,0.04431523010134697,0.06782220304012299,0.4698607921600342,0.4545820355415344,0.7177353501319885,14.504049301147461,9.28598690032959,0.04431523010134697,0.06782220304012299,23.4469051361084,14.504049301147461,9.28598690032959
scene13_traj2_1__000007,0.044650983065366745,0.06856540590524673,0.47099965810775757,0.45262470841407776,0.7176759243011475,14.484148979187012,9.255362510681152,0.044650983065366745,0.06856540590524673,23.43008804321289,14.484148979187012,9.255362510681152
scene13_traj2_1__000008,0.044237975031137466,0.06786303222179413,0.4714621305465698,0.45478925108909607,0.7191202044487,14.517350196838379,9.228755950927734,0.044237975031137466,0.06786303222179413,23.49653434753418,14.517350196838379,9.228755950927734
scene13_traj2_1__000009,0.04406793788075447,0.06755901128053665,0.47195136547088623,0.45323482155799866,0.7186018824577332,14.59202766418457,9.395313262939453,0.04406793788075447,0.06755901128053665,23.470321655273438,14.59202766418457,9.395313262939453
scene13_traj2_1__000010,0.04451240599155426,0.0683072879910469,0.47243914008140564,0.4538270831108093,0.7193939685821533,14.538949012756348,9.326316833496094,0.04451240599155426,0.0683072879910469,23.498727798461914,14.538949012756348,9.326316833496094
scene13_traj2_1__000011,0.04442887753248215,0.06803403794765472,0.47205352783203125,0.4539613127708435,0.7190655469894409,14.575590133666992,9.37236499786377,0.04442887753248215,0.06803403794765472,23.482925415039062,14.575590133666992,9.37236499786377
scene13_traj2_1__000012,0.044284988194704056,0.06773915141820908,0.47114285826683044,0.4544159173965454,0.7188684940338135,14.458894729614258,9.246663093566895,0.044284988194704056,0.06773915141820908,23.495065689086914,14.458894729614258,9.246663093566895
scene13_traj2_1__000013,0.04458536207675934,0.06844796985387802,0.4724529981613159,0.4557689428329468,0.7211757302284241,14.560638427734375,9.315166473388672,0.04458536207675934,0.06844796985387802,23.58034324645996,14.560638427734375,9.315166473388672
scene13_traj2_1__000014,0.04407520592212677,0.06781863421201706,0.47367429733276367,0.4529358446598053,0.7194249629974365,14.533782005310059,9.353504180908203,0.04407520592212677,0.06781863421201706,23.508136749267578,14.533782005310059,9.353504180908203
scene13_traj2_1__000015,0.044313620775938034,0.06819011270999908,0.474114328622818,0.45539966225624084,0.7219647765159607,14.536194801330566,9.299805641174316,0.044313620775938034,0.06819011270999908,23.60588836669922,14.536194801330566,9.299805641174316
scene13_traj2_1__000016,0.0446976013481617,0.06880027800798416,0.47576406598091125,0.45738422870635986,0.7243123650550842,14.6270112991333,9.371681213378906,0.0446976013481617,0.06880027800798416,23.693878173828125,14.6270112991333,9.371681213378906
scene13_traj2_1__000017,0.044416945427656174,0.06833592802286148,0.4754650890827179,0.4561612904071808,0.7235631942749023,14.58641242980957,9.336403846740723,0.044416945427656174,0.06833592802286148,23.677318572998047,14.58641242980957,9.336403846740723
scene13_traj2_1__000018,0.04486720636487007,0.06903916597366333,0.4764443635940552,0.4568658471107483,0.7246951460838318,14.640788078308105,9.322364807128906,0.04486720636487007,0.06903916597366333,23.706430435180664,14.640788078308105,9.322364807128906
scene13_traj2_1__000019,0.04514078423380852,0.06959284842014313,0.476157009601593,0.4559241533279419,0.7238085269927979,14.621066093444824,9.341837882995605,0.04514078423380852,0.06959284842014313,23.676620483398438,14.621066093444824,9.341837882995605
scene13_traj2_1__000020,0.04530841484665871,0.06976451724767685,0.4766782522201538,0.45540478825569153,0.7234705686569214,14.57249641418457,9.348712921142578,0.04530841484665871,0.06976451724767685,23.658702850341797,14.57249641418457,9.348712921142578
scene13_traj2_1__000021,0.04523295909166336,0.06984739750623703,0.47509607672691345,0.45366960763931274,0.7208696007728577,14.458270072937012,9.228837013244629,0.04523295909166336,0.06984739750623703,23.559062957763672,14.458270072937012,9.228837013244629
scene13_traj2_1__000022,0.0454912893474102,0.07031949609518051,0.47696638107299805,0.45318812131881714,0.7221881747245789,14.50522518157959,9.264199256896973,0.0454912893474102,0.07031949609518051,23.61251449584961,14.50522518157959,9.264199256896973
scene13_traj2_1__000023,0.04604997858405113,0.07106468081474304,0.47814318537712097,0.4552966356277466,0.7245892882347107,14.529291152954102,9.228896141052246,0.04604997858405113,0.07106468081474304,23.70159339904785,14.529291152954102,9.228896141052246
scene13_traj2_1__000024,0.04581527039408684,0.07093309611082077,0.4779748022556305,0.45580774545669556,0.725158154964447,14.60269546508789,9.263318061828613,0.04581527039408684,0.07093309611082077,23.721343994140625,14.60269546508789,9.263318061828613
scene13_traj2_1__000025,0.04567832127213478,0.07077831029891968,0.477766215801239,0.4554067850112915,0.7245751023292542,14.61795425415039,9.319408416748047,0.04567832127213478,0.07077831029891968,23.706819534301758,14.61795425415039,9.319408416748047
scene13_traj2_1__000026,0.04629698023200035,0.07146993279457092,0.47952917218208313,0.4559136927127838,0.7263767719268799,14.677369117736816,9.390893936157227,0.04629698023200035,0.07146993279457092,23.773324966430664,14.677369117736816,9.390893936157227
scene13_traj2_1__000027,0.04620544612407684,0.07136431336402893,0.4786166250705719,0.4550144076347351,0.7249271869659424,14.622725486755371,9.25698184967041,0.04620544612407684,0.07136431336402893,23.71065902709961,14.622725486755371,9.25698184967041
scene13_traj2_1__000028,0.04632594436407089,0.07120941579341888,0.4768500030040741,0.4533925950527191,0.7226572036743164,14.552411079406738,9.28427505493164,0.04632594436407089,0.07120941579341888,23.6353759765625,14.552411079406738,9.28427505493164
scene13_traj2_1__000029,0.04640889912843704,0.07150419801473618,0.4781736135482788,0.4550802409648895,0.7250157594680786,14.583900451660156,9.358652114868164,0.04640889912843704,0.07150419801473618,23.718416213989258,14.583900451660156,9.358652114868164
scene13_traj2_1__000030,0.04640401527285576,0.0719853937625885,0.4808824956417084,0.45893263816833496,0.7294568419456482,14.740082740783691,9.400155067443848,0.04640401527285576,0.0719853937625885,23.88397979736328,14.740082740783691,9.400155067443848
scene13_traj2_1__000031,0.04718158766627312,0.07309897989034653,0.48094475269317627,0.45618966221809387,0.7276946902275085,14.702079772949219,9.34579849243164,0.04718158766627312,0.07309897989034653,23.81606101989746,14.702079772949219,9.34579849243164
scene13_traj2_1__000032,0.04780251905322075,0.07428782433271408,0.4802556335926056,0.4544293284416199,0.7257649898529053,14.751936912536621,9.483511924743652,0.04780251905322075,0.07428782433271408,23.738800048828125,14.751936912536621,9.483511924743652
scene13_traj2_1__000033,0.048932235687971115,0.07622814923524857,0.4815291464328766,0.45648789405822754,0.7283867597579956,14.761246681213379,9.44234848022461,0.048932235687971115,0.07622814923524857,23.836688995361328,14.761246681213379,9.44234848022461
scene13_traj2_1__000034,0.048375487327575684,0.0752159133553505,0.4807850420475006,0.4557938277721405,0.7273480892181396,14.764698028564453,9.471709251403809,0.048375487327575684,0.0752159133553505,23.80272102355957,14.764698028564453,9.471709251403809
scene13_traj2_1__000035,0.04837130755186081,0.0754336416721344,0.4806421995162964,0.4552525281906128,0.7266955375671387,14.751760482788086,9.420461654663086,0.04837130755186081,0.0754336416721344,23.770565032958984,14.751760482788086,9.420461654663086
scene13_traj2_1__000036,0.04906177893280983,0.07639217376708984,0.4805073142051697,0.45540231466293335,0.7271386981010437,14.778905868530273,9.459086418151855,0.04906177893280983,0.07639217376708984,23.788787841796875,14.778905868530273,9.459086418151855
scene13_traj2_1__000037,0.04909983649849892,0.07642921060323715,0.48106226325035095,0.4571874737739563,0.7283403873443604,14.88654613494873,9.574014663696289,0.04909983649849892,0.07642921060323715,23.826101303100586,14.88654613494873,9.574014663696289
scene13_traj2_1__000038,0.04872974380850792,0.07627559453248978,0.48161160945892334,0.4545667767524719,0.7276701927185059,14.870365142822266,9.607048988342285,0.04872974380850792,0.07627559453248978,23.80636978149414,14.870365142822266,9.607048988342285
scene13_traj2_1__000039,0.048753127455711365,0.07618462294340134,0.48485761880874634,0.4571187496185303,0.7325301170349121,14.963302612304688,9.64017105102539,0.048753127455711365,0.07618462294340134,23.9705867767334,14.963302612304688,9.64017105102539
scene13_traj2_1__000040,0.04904763028025627,0.0769372209906578,0.4843205213546753,0.45830196142196655,0.7324358224868774,15.028005599975586,9.752181053161621,0.04904763028025627,0.0769372209906578,23.975563049316406,15.028005599975586,9.752181053161621
scene13_traj2_1__000041,0.049012016505002975,0.07687035948038101,0.48757851123809814,0.4586610794067383,0.7354135513305664,15.195932388305664,9.799156188964844,0.049012016505002975,0.07687035948038101,24.08591079711914,15.195932388305664,9.799156188964844
scene13_traj2_1__000042,0.0488598495721817,0.07694513350725174,0.487331748008728,0.45807552337646484,0.7347587943077087,15.234406471252441,9.835013389587402,0.0488598495721817,0.07694513350725174,24.069183349609375,15.234406471252441,9.835013389587402
scene13_traj2_1__000043,0.04811982437968254,0.07546835392713547,0.4888266324996948,0.4608338177204132,0.7383888363838196,15.314970970153809,9.85610294342041,0.04811982437968254,0.07546835392713547,24.18937110900879,15.314970970153809,9.85610294342041
scene13_traj2_1__000044,0.04898299276828766,0.07698962837457657,0.4889495372772217,0.45883700251579285,0.7366628646850586,15.204449653625488,9.80174446105957,0.04898299276828766,0.07698962837457657,24.12600326538086,15.204449653625488,9.80174446105957
scene13_traj2_1__000045,0.04833073168992996,0.0761464461684227,0.4916662275791168,0.4622545838356018,0.74135422706604,15.349761009216309,9.87423038482666,0.04833073168992996,0.0761464461684227,24.29922103881836,15.349761009216309,9.87423038482666
scene13_traj2_1__000046,0.04868980869650841,0.0772818922996521,0.492885559797287,0.45983436703681946,0.7409762740135193,15.467819213867188,10.0018310546875,0.04868980869650841,0.0772818922996521,24.25613021850586,15.467819213867188,10.0018310546875
scene13_traj2_1__000047,0.04880133643746376,0.07746525853872299,0.49114206433296204,0.46029332280158997,0.739878237247467,15.446261405944824,10.029614448547363,0.04880133643746376,0.07746525853872299,24.231517791748047,15.446261405944824,10.029614448547363
scene13_traj2_1__000048,0.048897549510002136,0.07744249701499939,0.4919581413269043,0.4633099436759949,0.7426791191101074,15.498833656311035,10.053656578063965,0.048897549510002136,0.07744249701499939,24.351171493530273,15.498833656311035,10.053656578063965
scene13_traj2_1__000049,0.04916645586490631,0.07811303436756134,0.4916682243347168,0.46520501375198364,0.7441420555114746,15.505274772644043,10.031473159790039,0.04916645586490631,0.07811303436756134,24.40477180480957,15.505274772644043,10.031473159790039
scene13_traj2_1__000050,0.04977972432971001,0.07925160974264145,0.49305516481399536,0.46540066599845886,0.7453888058662415,15.651618957519531,10.133655548095703,0.04977972432971001,0.07925160974264145,24.448028564453125,15.651618957519531,10.133655548095703
scene13_traj2_1__000051,0.04919999837875366,0.07837538421154022,0.4963682293891907,0.46588242053985596,0.7485095262527466,15.803268432617188,10.344359397888184,0.04919999837875366,0.07837538421154022,24.538843154907227,15.803268432617188,10.344359397888184
scene13_traj2_1__000052,0.04924547299742699,0.07828293740749359,0.49644556641578674,0.4671318829059601,0.7497173547744751,15.830212593078613,10.33210277557373,0.04924547299742699,0.07828293740749359,24.59080696105957,15.830212593078613,10.33210277557373
scene13_traj2_1__000053,0.050127945840358734,0.07995781302452087,0.49655744433403015,0.4667149782180786,0.7493900656700134,15.894573211669922,10.431975364685059,0.050127945840358734,0.07995781302452087,24.58138084411621,15.894573211669922,10.431975364685059
scene13_traj2_1__000054,0.049668002873659134,0.07892309874296188,0.49827349185943604,0.4672531187534332,0.7516222596168518,15.92081069946289,10.410571098327637,0.049668002873659134,0.07892309874296188,24.661270141601562,15.92081069946289,10.410571098327637
scene13_traj2_1__000055,0.049680400639772415,0.07907548546791077,0.4996292293071747,0.46987825632095337,0.753624439239502,16.020435333251953,10.444270133972168,0.049680400639772415,0.07907548546791077,24.719938278198242,16.020435333251953,10.444270133972168
scene13_traj2_1__000056,0.050152525305747986,0.0801893100142479,0.5004050135612488,0.4710705876350403,0.755110502243042,16.129695892333984,10.649558067321777,0.050152525305747986,0.0801893100142479,24.77901840209961,16.129695892333984,10.649558067321777
scene13_traj2_1__000057,0.04988037049770355,0.07994841039180756,0.502692461013794,0.47124728560447693,0.7576808929443359,16.277379989624023,10.761885643005371,0.04988037049770355,0.07994841039180756,24.874807357788086,16.277379989624023,10.761885643005371
scene13_traj2_1__000058,0.04943699389696121,0.07912424206733704,0.5028301477432251,0.4747872054576874,0.7601929903030396,16.343975067138672,10.780055046081543,0.04943699389696121,0.07912424206733704,24.960195541381836,16.343975067138672,10.780055046081543
scene13_traj2_1__000059,0.04949198663234711,0.07953725755214691,0.5003138184547424,0.4727437496185303,0.756591796875,16.228012084960938,10.682352066040039,0.04949198663234711,0.07953725755214691,24.833986282348633,16.228012084960938,10.682352066040039
scene13_traj2_1__000060,0.04851076379418373,0.07801078259944916,0.5031221508979797,0.471962571144104,0.7583144307136536,16.300636291503906,10.78620433807373,0.04851076379418373,0.07801078259944916,24.876949310302734,16.300636291503906,10.78620433807373
scene13_traj2_1__000061,0.04869586601853371,0.0782974436879158,0.5005604028701782,0.47507908940315247,0.7587060928344727,16.284744262695312,10.760825157165527,0.04869586601853371,0.0782974436879158,24.901309967041016,16.284744262695312,10.760825157165527
scene13_traj2_1__000062,0.04962993040680885,0.08022229373455048,0.5065274834632874,0.47763821482658386,0.7650179862976074,16.7103271484375,11.15628433227539,0.04962993040680885,0.08022229373455048,25.128095626831055,16.7103271484375,11.15628433227539
scene13_traj2_1__000063,0.049513209611177444,0.07969341427087784,0.5112356543540955,0.48049789667129517,0.7715237140655518,17.021081924438477,11.43566608428955,0.049513209611177444,0.07969341427087784,25.364469528198242,17.021081924438477,11.43566608428955
scene13_traj2_1__000064,0.049849193543195724,0.08045114576816559,0.5099717378616333,0.4780849814414978,0.7692120671272278,17.016197204589844,11.513044357299805,0.049849193543195724,0.08045114576816559,25.271472930908203,17.016197204589844,11.513044357299805
scene13_traj2_1__000065,0.05000690370798111,0.08099909126758575,0.5098342895507812,0.47955480217933655,0.7693759799003601,17.058734893798828,11.525407791137695,0.05000690370798111,0.08099909126758575,25.280305862426758,17.058734893798828,11.525407791137695
scene13_traj2_1__000066,0.050799280405044556,0.0828712210059166,0.5123072266578674,0.481430321931839,0.7728947997093201,17.392396926879883,11.906562805175781,0.050799280405044556,0.0828712210059166,25.398670196533203,17.392396926879883,11.906562805175781
scene13_traj2_2__000000,0.05480463430285454,0.08877868205308914,0.5469780564308167,0.5125260949134827,0.8219883441925049,21.359682083129883,16.0405330657959,0.05480463430285454,0.08877868205308914,27.247459411621094,21.359682083129883,16.0405330657959
scene13_traj2_2__000001,0.05580664053559303,0.09031486511230469,0.5429655909538269,0.513057291507721,0.8194600343704224,21.195486068725586,15.878525733947754,0.05580664053559303,0.09031486511230469,27.1729793548584,21.195486068725586,15.878525733947754
scene13_traj2_2__000002,0.056400116533041,0.09122609347105026,0.5464657545089722,0.5141264796257019,0.8229190707206726,21.386573791503906,16.06189727783203,0.056400116533041,0.09122609347105026,27.302227020263672,21.386573791503906,16.06189727783203
scene13_traj2_2__000003,0.055609285831451416,0.09033525735139847,0.5459924340248108,0.5130497813224792,0.8217818140983582,21.33163070678711,15.976624488830566,0.055609285831451416,0.09033525735139847,27.260295867919922,21.33163070678711,15.976624488830566
scene13_traj2_2__000004,0.055652786046266556,0.09077665209770203,0.5439886450767517,0.5170353055000305,0.8231563568115234,21.403242111206055,16.20297622680664,0.055652786046266556,0.09077665209770203,27.30906867980957,21.403242111206055,16.20297622680664
scene13_traj2_2__000005,0.055043864995241165,0.0901634469628334,0.5440444946289062,0.5163391828536987,0.8228712677955627,21.36525535583496,16.20802879333496,0.055043864995241165,0.0901634469628334,27.274883270263672,21.36525535583496,16.20802879333496
scene13_traj2_2__000006,0.055593010038137436,0.09137479215860367,0.5445384979248047,0.5163043141365051,0.8227337002754211,21.377944946289062,16.337566375732422,0.055593010038137436,0.09137479215860367,27.248260498046875,21.377944946289062,16.337566375732422
scene13_traj2_2__000007,0.05587069317698479,0.09191190451383591,0.5456823110580444,0.5169389247894287,0.8241382837295532,21.506391525268555,16.49235725402832,0.05587069317698479,0.09191190451383591,27.298303604125977,21.506391525268555,16.49235725402832
scene13_traj2_2__000008,0.05574639514088631,0.09207332879304886,0.5436978340148926,0.5139673352241516,0.8203309774398804,21.24361801147461,16.20050621032715,0.05574639514088631,0.09207332879304886,27.15314483642578,21.24361801147461,16.20050621032715
scene13_traj2_2__000009,0.05569318309426308,0.09183159470558167,0.5415709018707275,0.5140147805213928,0.8185884356498718,21.132028579711914,16.031354904174805,0.05569318309426308,0.09183159470558167,27.098539352416992,21.132028579711914,16.031354904174805
scene13_traj2_2__000010,0.055670060217380524,0.09156665205955505,0.5444007515907288,0.5180045962333679,0.8235226273536682,21.453725814819336,16.34491729736328,0.055670060217380524,0.09156665205955505,27.296039581298828,21.453725814819336,16.34491729736328
scene13_traj2_2__000011,0.05555321276187897,0.0915016308426857,0.5473160147666931,0.5189274549484253,0.8261770009994507,21.613943099975586,16.4973201751709,0.05555321276187897,0.0915016308426857,27.39098358154297,21.613943099975586,16.4973201751709
scene13_traj2_2__000012,0.05546649172902107,0.09130052477121353,0.5494313836097717,0.5179422497749329,0.8275800943374634,21.729930877685547,16.59558868408203,0.05546649172902107,0.09130052477121353,27.435014724731445,21.729930877685547,16.59558868408203
scene13_traj2_2__000013,0.05576114356517792,0.09168003499507904,0.5524613261222839,0.5206915140151978,0.8320828080177307,22.05999183654785,17.028806686401367,0.05576114356517792,0.09168003499507904,27.61358642578125,22.05999183654785,17.028806686401367
scene13_traj2_2__000014,0.056587379425764084,0.09301155060529709,0.5511676669120789,0.5207321047782898,0.8311652541160583,21.988431930541992,17.005556106567383,0.056587379425764084,0.09301155060529709,27.565698623657227,21.988431930541992,17.005556106567383
scene13_traj2_2__000015,0.05681310594081879,0.09363016486167908,0.5549553632736206,0.5194339752197266,0.8330893516540527,22.217796325683594,17.18750762939453,0.05681310594081879,0.09363016486167908,27.641435623168945,22.217796325683594,17.18750762939453
scene13_traj2_2__000016,0.05608612671494484,0.0926356390118599,0.5526707768440247,0.5216941833496094,0.8330866694450378,22.127464294433594,16.889625549316406,0.05608612671494484,0.0926356390118599,27.677104949951172,22.127464294433594,16.889625549316406
scene13_traj2_2__000017,0.05638352036476135,0.092973992228508,0.553322434425354,0.5229083895683289,0.8341118097305298,22.201826095581055,17.029319763183594,0.05638352036476135,0.092973992228508,27.705867767333984,22.201826095581055,17.029319763183594
scene13_traj2_2__000018,0.05680544674396515,0.09358495473861694,0.5576770901679993,0.5228378772735596,0.837738573551178,22.536762237548828,17.45281410217285,0.05680544674396515,0.09358495473861694,27.84259033203125,22.536762237548828,17.45281410217285
scene13_traj2_2__000019,0.057038966566324234,0.09391353279352188,0.5618005990982056,0.5309736728668213,0.8470417261123657,22.89971160888672,17.793392181396484,0.057038966566324234,0.09391353279352188,28.184711456298828,22.89971160888672,17.793392181396484
scene13_traj2_2__000020,0.05685635283589363,0.09357009083032608,0.557628333568573,0.5257612466812134,0.8399792909622192,22.70240020751953,17.529253005981445,0.05685635283589363,0.09357009083032608,27.945720672607422,22.70240020751953,17.529253005981445
scene13_traj2_2__000021,0.05723991617560387,0.09463809430599213,0.5579339861869812,0.5236188769340515,0.8385645747184753,22.568025588989258,17.445159912109375,0.05723991617560387,0.09463809430599213,27.881380081176758,22.568025588989258,17.445159912109375
scene13_traj2_2__000022,0.05679229274392128,0.09403815120458603,0.5559192895889282,0.5224910378456116,0.836144208908081,22.40552520751953,17.208139419555664,0.05679229274392128,0.09403815120458603,27.786680221557617,22.40552520751953,17.208139419555664
scene13_traj2_2__000023,0.05674188584089279,0.09402425587177277,0.5525524616241455,0.5219285488128662,0.8331202864646912,22.237024307250977,17.072355270385742,0.05674188584089279,0.09402425587177277,27.66413116455078,22.237024307250977,17.072355270385742
scene13_traj2_2__000024,0.057088132947683334,0.0945681482553482,0.553367555141449,0.5214128494262695,0.8333436250686646,22.265554428100586,17.233966827392578,0.057088132947683334,0.0945681482553482,27.659690856933594,22.265554428100586,17.233966827392578
scene13_traj2_2__000025,0.057173702865839005,0.09509556740522385,0.551304280757904,0.519554078578949,0.830666720867157,22.10066032409668,17.282670974731445,0.057173702865839005,0.09509556740522385,27.534509658813477,22.10066032409668,17.282670974731445
scene13_traj2_2__000026,0.05725641921162605,0.09584314376115799,0.5467126965522766,0.5149585604667664,0.8235263228416443,21.632875442504883,16.710939407348633,0.05725641921162605,0.09584314376115799,27.259868621826172,21.632875442504883,16.710939407348633
scene13_traj2_2__000027,0.05751108378171921,0.09672199934720993,0.5429801344871521,0.5110787153244019,0.8180651664733887,21.36847686767578,16.425247192382812,0.05751108378171921,0.09672199934720993,27.061750411987305,21.36847686767578,16.425247192382812
scene13_traj2_2__000028,0.057114508002996445,0.09660683572292328,0.5440699458122253,0.510062038898468,0.8177193999290466,21.15438461303711,16.15685272216797,0.057114508002996445,0.09660683572292328,27.024456024169922,21.15438461303711,16.15685272216797
scene13_traj2_2__000029,0.057071931660175323,0.09667637944221497,0.542773425579071,0.5103964805603027,0.8168326616287231,21.155515670776367,16.196943283081055,0.057071931660175323,0.09667637944221497,26.99958610534668,21.155515670776367,16.196943283081055
scene13_traj2_2__000030,0.0552697591483593,0.09364266693592072,0.5447865128517151,0.5146399140357971,0.8213414549827576,21.336082458496094,16.229549407958984,0.0552697591483593,0.09364266693592072,27.19009780883789,21.336082458496094,16.229549407958984
scene13_traj2_2__000031,0.055852729827165604,0.09534178674221039,0.5486743450164795,0.5183353424072266,0.827194333076477,21.632905960083008,16.5135498046875,0.055852729827165604,0.09534178674221039,27.38735580444336,21.632905960083008,16.5135498046875
scene13_traj2_2__000032,0.056169889867305756,0.09559586644172668,0.5476577281951904,0.5176222324371338,0.8259710073471069,21.601713180541992,16.5814266204834,0.056169889867305756,0.09559586644172668,27.329208374023438,21.601713180541992,16.5814266204834
scene13_traj2_2__000033,0.056049756705760956,0.09554087370634079,0.5489522218704224,0.5144097805023193,0.8251123428344727,21.58669090270996,16.572988510131836,0.056049756705760956,0.09554087370634079,27.29421615600586,21.58669090270996,16.572988510131836
scene13_traj2_2__000034,0.05599213391542435,0.09561534970998764,0.5382837653160095,0.510219395160675,0.8129920363426208,20.763425827026367,15.636343002319336,0.05599213391542435,0.09561534970998764,26.882266998291016,20.763425827026367,15.636343002319336
scene13_traj2_2__000035,0.05627354234457016,0.09690053015947342,0.5403212904930115,0.5108034014701843,0.8140155076980591,20.68467903137207,15.663890838623047,0.05627354234457016,0.09690053015947342,26.88776969909668,20.68467903137207,15.663890838623047
scene13_traj2_2__000036,0.05643368512392044,0.09690263867378235,0.5390126705169678,0.5098405480384827,0.8129022717475891,20.536670684814453,15.462859153747559,0.05643368512392044,0.09690263867378235,26.868562698364258,20.536670684814453,15.462859153747559
scene13_traj2_2__000037,0.05649084225296974,0.0971548780798912,0.5393949747085571,0.507973313331604,0.8117133975028992,20.48761749267578,15.444836616516113,0.05649084225296974,0.0971548780798912,26.80332374572754,20.48761749267578,15.444836616516113
scene13_traj2_2__000038,0.05644623935222626,0.09709616005420685,0.5364350080490112,0.5094159245491028,0.8100789785385132,20.303796768188477,15.205775260925293,0.05644623935222626,0.09709616005420685,26.753190994262695,20.303796768188477,15.205775260925293
scene13_traj2_2__000039,0.05618396773934364,0.09731503576040268,0.5364298820495605,0.5040654540061951,0.8069323301315308,20.185073852539062,15.195405006408691,0.05618396773934364,0.09731503576040268,26.595657348632812,20.185073852539062,15.195405006408691
scene13_traj2_2__000040,0.05570075660943985,0.09641671180725098,0.5434673428535461,0.5065218806266785,0.8143846988677979,20.593414306640625,15.655129432678223,0.05570075660943985,0.09641671180725098,26.855571746826172,20.593414306640625,15.655129432678223
scene13_traj2_2__000041,0.05571259185671806,0.09495610743761063,0.53322434425354,0.5022917985916138,0.8032049536705017,20.218486785888672,15.24813461303711,0.05571259185671806,0.09495610743761063,26.46234703063965,20.218486785888672,15.24813461303711
scene13_traj2_2__000042,0.05578095465898514,0.09476450085639954,0.534525454044342,0.5017002820968628,0.8033504486083984,20.249820709228516,15.387432098388672,0.05578095465898514,0.09476450085639954,26.470121383666992,20.249820709228516,15.387432098388672
scene13_traj2_2__000043,0.05627751350402832,0.0945693701505661,0.5319037437438965,0.49788862466812134,0.7980508804321289,20.209644317626953,15.327256202697754,0.05627751350402832,0.0945693701505661,26.313779830932617,20.209644317626953,15.327256202697754
scene13_traj2_2__000044,0.057661816477775574,0.09630925208330154,0.5276204347610474,0.4947650730609894,0.7928087115287781,19.94930076599121,15.160104751586914,0.057661816477775574,0.09630925208330154,26.116270065307617,19.94930076599121,15.160104751586914
scene13_traj2_2__000045,0.058763936161994934,0.09636849910020828,0.5240131616592407,0.4921838343143463,0.787519633769989,19.703582763671875,14.695906639099121,0.058763936161994934,0.09636849910020828,25.97078514099121,19.703582763671875,14.695906639099121
scene13_traj2_2__000046,0.05864225700497627,0.09528367221355438,0.5164976119995117,0.486926406621933,0.7774544358253479,19.206581115722656,14.1334867477417,0.05864225700497627,0.09528367221355438,25.63041114807129,19.206581115722656,14.1334867477417
scene13_traj2_2__000047,0.05880630761384964,0.09540554136037827,0.5157415270805359,0.4864177703857422,0.7764475345611572,19.1572322845459,14.00386905670166,0.05880630761384964,0.09540554136037827,25.60198211669922,19.1572322845459,14.00386905670166
scene13_traj2_2__000048,0.05866336449980736,0.09525267779827118,0.5154129862785339,0.48553305864334106,0.775359570980072,19.098913192749023,13.893176078796387,0.05866336449980736,0.09525267779827118,25.5712890625,19.098913192749023,13.893176078796387
scene13_traj2_2__000049,0.05779937654733658,0.09304071217775345,0.510283887386322,0.48247334361076355,0.7696311473846436,18.769948959350586,13.592575073242188,0.05779937654733658,0.09304071217775345,25.349803924560547,18.769948959350586,13.592575073242188
scene13_traj2_2__000050,0.05622998997569084,0.09011384099721909,0.5046547651290894,0.47651568055152893,0.7603793740272522,18.291845321655273,13.244091987609863,0.05622998997569084,0.09011384099721909,24.996824264526367,18.291845321655273,13.244091987609863
scene13_traj2_2__000051,0.05608651414513588,0.08996699750423431,0.5003407597541809,0.47227856516838074,0.7541658282279968,17.777999877929688,12.785337448120117,0.05608651414513588,0.08996699750423431,24.756235122680664,17.777999877929688,12.785337448120117
scene13_traj2_2__000052,0.055633045732975006,0.08922354131937027,0.5011287331581116,0.47142595052719116,0.7541369795799255,17.792158126831055,12.823385238647461,0.055633045732975006,0.08922354131937027,24.745729446411133,17.792158126831055,12.823385238647461
scene13_traj2_2__000053,0.05615201219916344,0.0897173210978508,0.5010625123977661,0.4700072705745697,0.7530912756919861,17.62888526916504,12.554596900939941,0.05615201219916344,0.0897173210978508,24.73455047607422,17.62888526916504,12.554596900939941
scene13_traj2_2__000054,0.05462723597884178,0.08727584034204483,0.4978492558002472,0.4673425555229187,0.7484311461448669,17.316791534423828,12.28416633605957,0.05462723597884178,0.08727584034204483,24.564525604248047,17.316791534423828,12.28416633605957
scene13_traj2_2__000055,0.05575351417064667,0.08912429958581924,0.4915093183517456,0.4624306559562683,0.7397210597991943,16.827970504760742,11.819422721862793,0.05575351417064667,0.08912429958581924,24.236831665039062,16.827970504760742,11.819422721862793
scene13_traj2_2__000056,0.054487381130456924,0.08641867339611053,0.49002084136009216,0.4574413299560547,0.735287606716156,16.753755569458008,11.742593765258789,0.054487381130456924,0.08641867339611053,24.08185577392578,16.753755569458008,11.742593765258789
scene13_traj2_2__000057,0.055092427879571915,0.08737999945878983,0.4900211691856384,0.4574131965637207,0.7352346777915955,16.74989128112793,11.866484642028809,0.055092427879571915,0.08737999945878983,24.065420150756836,16.74989128112793,11.866484642028809
scene13_traj2_2__000058,0.054522804915905,0.08585982024669647,0.4894222617149353,0.45818865299224854,0.7351089119911194,16.74053382873535,11.697525978088379,0.054522804915905,0.08585982024669647,24.097867965698242,16.74053382873535,11.697525978088379
scene13_traj2_2__000059,0.05409637838602066,0.08453851193189621,0.4891093373298645,0.458822637796402,0.7354077100753784,16.78525733947754,11.791471481323242,0.05409637838602066,0.08453851193189621,24.1098690032959,16.78525733947754,11.791471481323242
scene13_traj2_2__000060,0.05326492339372635,0.08333656936883926,0.4869949221611023,0.457903653383255,0.7335332036018372,16.65388298034668,11.633687019348145,0.05326492339372635,0.08333656936883926,24.027132034301758,16.65388298034668,11.633687019348145
scene13_traj2_2__000061,0.05287119373679161,0.0825553759932518,0.4824778437614441,0.45388010144233704,0.7266029119491577,16.30609130859375,11.42907428741455,0.05287119373679161,0.0825553759932518,23.784626007080078,16.30609130859375,11.42907428741455
scene13_traj2_2__000062,0.05270324647426605,0.08230703324079514,0.4825483560562134,0.4542391300201416,0.7271773815155029,16.34880828857422,11.412298202514648,0.05270324647426605,0.08230703324079514,23.815053939819336,16.34880828857422,11.412298202514648
scene13_traj2_2__000063,0.05196690931916237,0.08108015358448029,0.48114684224128723,0.4518072009086609,0.7243237495422363,16.07589340209961,11.144001960754395,0.05196690931916237,0.08108015358448029,23.70179557800293,16.07589340209961,11.144001960754395
scene13_traj2_2__000064,0.05154554918408394,0.08023746311664581,0.4805319607257843,0.45114392042160034,0.7225799560546875,15.719805717468262,10.790053367614746,0.05154554918408394,0.08023746311664581,23.639423370361328,15.719805717468262,10.790053367614746
scene13_traj2_2__000065,0.05116309970617294,0.07955598831176758,0.4784938097000122,0.4501815736293793,0.7208464741706848,15.449518203735352,10.510273933410645,0.05116309970617294,0.07955598831176758,23.59402084350586,15.449518203735352,10.510273933410645
scene13_traj2_2__000066,0.05137579143047333,0.07978413999080658,0.4811856150627136,0.4500630497932434,0.7223443984985352,15.510318756103516,10.598523139953613,0.05137579143047333,0.07978413999080658,23.64398765563965,15.510318756103516,10.598523139953613
scene13_traj2_2__000067,0.05064329132437706,0.07832317799329758,0.4756300151348114,0.444281667470932,0.7138298749923706,15.121532440185547,10.254780769348145,0.05064329132437706,0.07832317799329758,23.345211029052734,15.121532440185547,10.254780769348145
scene13_traj2_2__000068,0.050299882888793945,0.07736457884311676,0.4763024151325226,0.4478728473186493,0.7170066833496094,15.160761833190918,10.190807342529297,0.050299882888793945,0.07736457884311676,23.4724063873291,15.160761833190918,10.190807342529297
scene13_traj2_2__000069,0.05109824985265732,0.07794426381587982,0.47295933961868286,0.44902846217155457,0.7152147889137268,15.314844131469727,10.486257553100586,0.05109824985265732,0.07794426381587982,23.37982940673828,15.314844131469727,10.486257553100586
scene13_traj2_2__000070,0.050675421953201294,0.0770859569311142,0.47711262106895447,0.45797017216682434,0.7243439555168152,15.833907127380371,11.021749496459961,0.050675421953201294,0.0770859569311142,23.698427200317383,15.833907127380371,11.021749496459961
scene13_traj2_2__000071,0.05114588141441345,0.07774066925048828,0.4780714213848114,0.4567452669143677,0.7240512371063232,15.839723587036133,10.928915023803711,0.05114588141441345,0.07774066925048828,23.68954849243164,15.839723587036133,10.928915023803711
scene13_traj2_2__000072,0.051263317465782166,0.07795297354459763,0.4742075502872467,0.46061384677886963,0.7237670421600342,15.639134407043457,10.675378799438477,0.051263317465782166,0.07795297354459763,23.72563362121582,15.639134407043457,10.675378799438477
scene13_traj2_2__000073,0.05136913061141968,0.07840651273727417,0.47281792759895325,0.45954638719558716,0.7213802337646484,15.53467845916748,10.654752731323242,0.05136913061141968,0.07840651273727417,23.617538452148438,15.53467845916748,10.654752731323242
scene13_traj2_2__000074,0.0508330762386322,0.07745690643787384,0.47174307703971863,0.4595486521720886,0.7207196950912476,15.483477592468262,10.575667381286621,0.0508330762386322,0.07745690643787384,23.6168212890625,15.483477592468262,10.575667381286621
scene13_traj2_2__000075,0.05080219730734825,0.07747915387153625,0.47313541173934937,0.4594532251358032,0.7217909097671509,15.540709495544434,10.69449234008789,0.05080219730734825,0.07747915387153625,23.642702102661133,15.540709495544434,10.69449234008789
scene13_traj2_2__000076,0.05044698342680931,0.07680535316467285,0.4735298454761505,0.4599694311618805,0.7223738431930542,15.530058860778809,10.574019432067871,0.05044698342680931,0.07680535316467285,23.655912399291992,15.530058860778809,10.574019432067871
scene13_traj2_2__000077,0.050585612654685974,0.07680536806583405,0.47157225012779236,0.4607360363006592,0.7221085429191589,15.532333374023438,10.72535514831543,0.050585612654685974,0.07680536806583405,23.65439796447754,15.532333374023438,10.72535514831543
scene13_traj2_2__000078,0.05074869841337204,0.07721506804227829,0.47419026494026184,0.46304580569267273,0.7255492210388184,15.609170913696289,10.795979499816895,0.05074869841337204,0.07721506804227829,23.746929168701172,15.609170913696289,10.795979499816895
scene13_traj2_2__000079,0.05087766423821449,0.07761399447917938,0.4763473570346832,0.4664190709590912,0.7299079895019531,15.82397174835205,10.919017791748047,0.05087766423821449,0.07761399447917938,23.923099517822266,15.82397174835205,10.919017791748047
scene13_traj2_2__000080,0.04960267245769501,0.07598404586315155,0.47946029901504517,0.47151634097099304,0.7364491820335388,15.903587341308594,10.880313873291016,0.04960267245769501,0.07598404586315155,24.16482162475586,15.903587341308594,10.880313873291016
scene13_traj2_2__000081,0.05024806410074234,0.07689996063709259,0.47920945286750793,0.47222238779067993,0.7366237640380859,15.961936950683594,10.920621871948242,0.05024806410074234,0.07689996063709259,24.174623489379883,15.961936950683594,10.920621871948242
scene13_traj2_2__000082,0.05016700178384781,0.07675550878047943,0.47320258617401123,0.4671548008918762,0.7284764051437378,15.516345024108887,10.503497123718262,0.05016700178384781,0.07675550878047943,23.885095596313477,15.516345024108887,10.503497123718262
scene13_traj2_2__000083,0.049890246242284775,0.07669451087713242,0.46468138694763184,0.4563482403755188,0.7136099338531494,14.897238731384277,10.129768371582031,0.049890246242284775,0.07669451087713242,23.33875846862793,14.897238731384277,10.129768371582031
scene13_traj2_2__000084,0.049230609089136124,0.0755065456032753,0.46803387999534607,0.4539991319179535,0.713437020778656,14.829050064086914,9.978096008300781,0.049230609089136124,0.0755065456032753,23.35610008239746,14.829050064086914,9.978096008300781
scene13_traj2_2__000085,0.04900389164686203,0.07556050270795822,0.4647941291332245,0.44938379526138306,0.7081922292709351,14.464049339294434,9.69732666015625,0.04900389164686203,0.07556050270795822,23.160419464111328,14.464049339294434,9.69732666015625
scene13_traj2_2__000086,0.04843681678175926,0.07453490048646927,0.46296268701553345,0.4485396444797516,0.7063283920288086,14.421631813049316,9.661460876464844,0.04843681678175926,0.07453490048646927,23.091508865356445,14.421631813049316,9.661460876464844
scene13_traj2_2__000087,0.04969342425465584,0.0767991691827774,0.46111345291137695,0.4434904456138611,0.7010110020637512,14.085433006286621,9.398069381713867,0.04969342425465584,0.0767991691827774,22.904447555541992,14.085433006286621,9.398069381713867
scene13_traj2_2__000088,0.04915153980255127,0.07603305578231812,0.4597862958908081,0.44205498695373535,0.6988086700439453,14.038711547851562,9.38789176940918,0.04915153980255127,0.07603305578231812,22.81534194946289,14.038711547851562,9.38789176940918
scene13_traj2_2__000089,0.04934782162308693,0.07649455964565277,0.4636531174182892,0.44421762228012085,0.7029989361763,14.071161270141602,9.323152542114258,0.04934782162308693,0.07649455964565277,22.9920597076416,14.071161270141602,9.323152542114258
scene13_traj2_2__000090,0.05016617849469185,0.07800202071666718,0.46304377913475037,0.44464975595474243,0.7032089829444885,14.029153823852539,9.255005836486816,0.05016617849469185,0.07800202071666718,23.012880325317383,14.029153823852539,9.255005836486816
scene13_traj2_2__000091,0.05023874342441559,0.07817958295345306,0.46263986825942993,0.4446864426136017,0.7027374505996704,14.074505805969238,9.306866645812988,0.05023874342441559,0.07817958295345306,22.996736526489258,14.074505805969238,9.306866645812988
scene13_traj2_2__000092,0.05030335485935211,0.07774307578802109,0.4630717635154724,0.4430623948574066,0.7015697956085205,13.981095314025879,9.229790687561035,0.05030335485935211,0.07774307578802109,22.944183349609375,13.981095314025879,9.229790687561035
scene13_traj2_2__000093,0.04968786612153053,0.07674087584018707,0.4549133777618408,0.43943721055984497,0.6928592920303345,13.76245403289795,9.14743423461914,0.04968786612153053,0.07674087584018707,22.636117935180664,13.76245403289795,9.14743423461914
scene13_traj2_2__000094,0.05139261856675148,0.07955283671617508,0.4575423300266266,0.43891671299934387,0.6943585872650146,13.829520225524902,9.268695831298828,0.05139261856675148,0.07955283671617508,22.68895149230957,13.829520225524902,9.268695831298828
scene13_traj2_2__000095,0.05157652497291565,0.07981065660715103,0.45560669898986816,0.43473851680755615,0.6898708343505859,13.695792198181152,9.156027793884277,0.05157652497291565,0.07981065660715103,22.52973747253418,13.695792198181152,9.156027793884277
scene13_traj2_2__000096,0.05112705007195473,0.07916801422834396,0.4551692306995392,0.4340692162513733,0.6889356970787048,13.645867347717285,9.12671184539795,0.05112705007195473,0.07916801422834396,22.47859001159668,13.645867347717285,9.12671184539795
scene13_traj2_2__000097,0.05165836215019226,0.08052966743707657,0.4562952518463135,0.4356936514377594,0.690998911857605,13.55807876586914,8.96277141571045,0.05165836215019226,0.08052966743707657,22.568069458007812,13.55807876586914,8.96277141571045
scene13_traj2_2__000098,0.053382813930511475,0.08468520641326904,0.45770707726478577,0.4361931085586548,0.6927593946456909,13.601341247558594,9.02401351928711,0.053382813930511475,0.08468520641326904,22.605859756469727,13.601341247558594,9.02401351928711
scene13_traj2_2__000099,0.05377785861492157,0.08655665814876556,0.4636280834674835,0.44505172967910767,0.7038251161575317,13.689770698547363,8.91545581817627,0.05377785861492157,0.08655665814876556,23.0123233795166,13.689770698547363,8.91545581817627
scene13_traj2_2__000100,0.05389808118343353,0.08737105131149292,0.46886348724365234,0.4460428059101105,0.7090759873390198,13.974261283874512,9.229842185974121,0.05389808118343353,0.08737105131149292,23.184375762939453,13.974261283874512,9.229842185974121
scene13_traj2_2__000101,0.05399537459015846,0.08768906444311142,0.46763575077056885,0.4451967775821686,0.7076389789581299,13.942258834838867,9.158024787902832,0.05399537459015846,0.08768906444311142,23.136037826538086,13.942258834838867,9.158024787902832
scene13_traj2_2__000102,0.0537533313035965,0.08815345913171768,0.469522088766098,0.4446118474006653,0.7086407542228699,13.997446060180664,9.235074996948242,0.0537533313035965,0.08815345913171768,23.16552734375,13.997446060180664,9.235074996948242
scene13_traj2_2__000103,0.05425666272640228,0.08769521117210388,0.4694503843784332,0.44679775834083557,0.7099575400352478,14.048624992370605,9.241616249084473,0.05425666272640228,0.08769521117210388,23.227556228637695,14.048624992370605,9.241616249084473
scene13_traj2_2__000104,0.05449771136045456,0.08741451799869537,0.46906590461730957,0.44501978158950806,0.7085629105567932,14.196819305419922,9.408677101135254,0.05449771136045456,0.08741451799869537,23.169694900512695,14.196819305419922,9.408677101135254
scene13_traj2_2__000105,0.054323259741067886,0.08568111062049866,0.46528640389442444,0.4412996172904968,0.7021029591560364,14.280323028564453,9.63422966003418,0.054323259741067886,0.08568111062049866,22.918214797973633,14.280323028564453,9.63422966003418
scene13_traj2_2__000106,0.05446755886077881,0.08586008846759796,0.46759265661239624,0.44630447030067444,0.7076771855354309,14.419532775878906,9.72203254699707,0.05446755886077881,0.08586008846759796,23.136241912841797,14.419532775878906,9.72203254699707
scene13_traj2_2__000107,0.05492136999964714,0.08654175698757172,0.46489447355270386,0.4434219300746918,0.7034983038902283,14.22097396850586,9.507987022399902,0.05492136999964714,0.08654175698757172,23.00383758544922,14.22097396850586,9.507987022399902
scene13_traj2_2__000108,0.05519280582666397,0.0853610411286354,0.45746463537216187,0.4405116140842438,0.6954174041748047,14.109627723693848,9.551675796508789,0.05519280582666397,0.0853610411286354,22.722640991210938,14.109627723693848,9.551675796508789
scene13_traj2_2__000109,0.054895129054784775,0.08505433797836304,0.45529434084892273,0.44066885113716125,0.6939164400100708,14.040136337280273,9.509050369262695,0.054895129054784775,0.08505433797836304,22.683088302612305,14.040136337280273,9.509050369262695
scene13_traj2_2__000110,0.05558139830827713,0.08658528327941895,0.45712125301361084,0.4403190314769745,0.6951994299888611,14.074552536010742,9.476486206054688,0.05558139830827713,0.08658528327941895,22.71685218811035,14.074552536010742,9.476486206054688
scene13_traj2_2__000111,0.05614014342427254,0.08790403604507446,0.45766890048980713,0.43978720903396606,0.6950497627258301,14.046631813049316,9.443425178527832,0.05614014342427254,0.08790403604507446,22.71335220336914,14.046631813049316,9.443425178527832
scene13_traj2_2__000112,0.0562625415623188,0.0884387195110321,0.463219553232193,0.44354671239852905,0.7022022008895874,14.265503883361816,9.611725807189941,0.0562625415623188,0.0884387195110321,22.96274757385254,14.265503883361816,9.611725807189941
scene13_traj2_2__000113,0.056610025465488434,0.09107576310634613,0.46835416555404663,0.4463163912296295,0.7087645530700684,14.43126392364502,9.73742961883545,0.056610025465488434,0.09107576310634613,23.1943359375,14.43126392364502,9.73742961883545
scene13_traj2_2__000114,0.058575063943862915,0.09641659259796143,0.47633928060531616,0.45089760422706604,0.7182369828224182,14.85624885559082,10.279670715332031,0.058575063943862915,0.09641659259796143,23.511091232299805,14.85624885559082,10.279670715332031
scene13_traj2_2__000115,0.06021653115749359,0.10210677981376648,0.47783374786376953,0.45099836587905884,0.7200778722763062,14.973400115966797,10.400821685791016,0.06021653115749359,0.10210677981376648,23.561925888061523,14.973400115966797,10.400821685791016
scene13_traj2_2__000116,0.059916410595178604,0.1017916277050972,0.4796389043331146,0.4527018964290619,0.7230145931243896,15.072173118591309,10.50637149810791,0.059916410595178604,0.1017916277050972,23.673784255981445,15.072173118591309,10.50637149810791
scene13_traj2_2__000117,0.05932823196053505,0.09837789088487625,0.46808141469955444,0.44105902314186096,0.7045551538467407,14.514118194580078,10.05156135559082,0.05932823196053505,0.09837789088487625,23.044506072998047,14.514118194580078,10.05156135559082
scene13_traj2_2__000118,0.059586141258478165,0.09632320702075958,0.4655267298221588,0.4351542890071869,0.6972429752349854,14.385345458984375,9.987223625183105,0.059586141258478165,0.09632320702075958,22.795520782470703,14.385345458984375,9.987223625183105
scene13_traj2_2__000119,0.05516573414206505,0.08764040470123291,0.456502228975296,0.43229255080223083,0.6880218386650085,13.904720306396484,9.39826488494873,0.05516573414206505,0.08764040470123291,22.490652084350586,13.904720306396484,9.39826488494873
scene13_traj2_2__000120,0.05521758273243904,0.08766427636146545,0.4535936713218689,0.43050774931907654,0.6844969391822815,13.786712646484375,9.34155559539795,0.05521758273243904,0.08766427636146545,22.352140426635742,13.786712646484375,9.34155559539795
scene13_traj2_2__000121,0.05443195998668671,0.08530884236097336,0.4562654197216034,0.4298660457134247,0.6851692199707031,13.909920692443848,9.347755432128906,0.05443195998668671,0.08530884236097336,22.431991577148438,13.909920692443848,9.347755432128906
scene13_traj2_2__000122,0.05516509339213371,0.08498597145080566,0.4551674723625183,0.4392724931240082,0.6911848187446594,14.218862533569336,9.511433601379395,0.05516509339213371,0.08498597145080566,22.636127471923828,14.218862533569336,9.511433601379395
scene13_traj2_2__000123,0.05418577790260315,0.0831553190946579,0.4547320306301117,0.4488804340362549,0.6983382701873779,14.337872505187988,9.567566871643066,0.05418577790260315,0.0831553190946579,22.861690521240234,14.337872505187988,9.567566871643066
scene13_traj2_2__000124,0.05185086652636528,0.0796022042632103,0.4578476846218109,0.4464203715324402,0.7000212669372559,14.101609230041504,9.384696960449219,0.05185086652636528,0.0796022042632103,22.895854949951172,14.101609230041504,9.384696960449219
scene13_traj2_2__000125,0.0517515204846859,0.07929336279630661,0.4591967761516571,0.44145113229751587,0.6979780197143555,14.176114082336426,9.491828918457031,0.0517515204846859,0.07929336279630661,22.82182502746582,14.176114082336426,9.491828918457031
scene13_traj2_2__000126,0.050628602504730225,0.07803785800933838,0.46136924624443054,0.446243554353714,0.7038792371749878,14.139731407165527,9.348678588867188,0.050628602504730225,0.07803785800933838,23.020383834838867,14.139731407165527,9.348678588867188
scene13_traj2_2__000127,0.049194611608982086,0.07581184059381485,0.46016445755958557,0.4443066716194153,0.7013417482376099,14.018265724182129,9.224980354309082,0.049194611608982086,0.07581184059381485,22.90827751159668,14.018265724182129,9.224980354309082
scene13_traj2_2__000128,0.04823675751686096,0.07436934113502502,0.462725430727005,0.4472634494304657,0.7057086825370789,14.205747604370117,9.431214332580566,0.04823675751686096,0.07436934113502502,23.05575942993164,14.205747604370117,9.431214332580566
scene13_traj2_2__000129,0.048041388392448425,0.07388065755367279,0.46584099531173706,0.4510563015937805,0.7107100486755371,14.269288063049316,9.463130950927734,0.048041388392448425,0.07388065755367279,23.240053176879883,14.269288063049316,9.463130950927734
scene13_traj2_2__000130,0.04745623096823692,0.07281990349292755,0.4679111838340759,0.4496399164199829,0.711223840713501,14.393339157104492,9.596579551696777,0.04745623096823692,0.07281990349292755,23.269485473632812,14.393339157104492,9.596579551696777
scene13_traj2_2__000131,0.04606075584888458,0.0700642317533493,0.4708772599697113,0.4545166492462158,0.7172380089759827,14.659586906433105,9.722576141357422,0.04606075584888458,0.0700642317533493,23.461532592773438,14.659586906433105,9.722576141357422
scene13_traj2_2__000132,0.046836450695991516,0.07141348719596863,0.4765169024467468,0.45891761779785156,0.7254316806793213,15.031035423278809,9.99657917022705,0.046836450695991516,0.07141348719596863,23.756101608276367,15.031035423278809,9.99657917022705
scene13_traj2_2__000133,0.0461973138153553,0.07047023624181747,0.4857920706272125,0.4663393795490265,0.7384557127952576,15.631490707397461,10.385702133178711,0.0461973138153553,0.07047023624181747,24.214427947998047,15.631490707397461,10.385702133178711
scene13_traj2_2__000134,0.045485969632864,0.06898224353790283,0.4849027693271637,0.4657966196537018,0.7380184531211853,15.601375579833984,10.345595359802246,0.045485969632864,0.06898224353790283,24.184593200683594,15.601375579833984,10.345595359802246
scene13_traj2_2__000135,0.045674584805965424,0.06916207820177078,0.4854598343372345,0.46700677275657654,0.7389209270477295,15.578960418701172,10.315834999084473,0.045674584805965424,0.06916207820177078,24.21297264099121,15.578960418701172,10.315834999084473
scene13_traj2_2__000136,0.04386115446686745,0.06626585870981216,0.49041831493377686,0.46894603967666626,0.7450199723243713,15.843445777893066,10.46811294555664,0.04386115446686745,0.06626585870981216,24.456735610961914,15.843445777893066,10.46811294555664
scene13_traj2_2__000137,0.04278715327382088,0.06477213650941849,0.4882717430591583,0.46735578775405884,0.7419890761375427,15.666348457336426,10.336127281188965,0.04278715327382088,0.06477213650941849,24.33851432800293,15.666348457336426,10.336127281188965
scene13_traj2_2__000138,0.0419546440243721,0.06362226605415344,0.49025633931159973,0.4684268832206726,0.7447778582572937,15.776521682739258,10.368748664855957,0.0419546440243721,0.06362226605415344,24.434406280517578,15.776521682739258,10.368748664855957
scene13_traj2_2__000139,0.04231357201933861,0.06412092596292496,0.4876687824726105,0.4661707878112793,0.7407602071762085,15.583039283752441,10.200495719909668,0.04231357201933861,0.06412092596292496,24.28911590576172,15.583039283752441,10.200495719909668
scene13_traj2_2__000140,0.04258165881037712,0.0644654780626297,0.4881027936935425,0.46583643555641174,0.7405928373336792,15.541725158691406,10.18669319152832,0.04258165881037712,0.0644654780626297,24.279333114624023,15.541725158691406,10.18669319152832
scene13_traj2_2__000141,0.044005997478961945,0.06649421900510788,0.4853394031524658,0.4639430046081543,0.7371022701263428,15.466683387756348,10.201767921447754,0.044005997478961945,0.06649421900510788,24.161388397216797,15.466683387756348,10.201767921447754
scene14_traj1_1__000000,0.10233274102210999,0.1573193073272705,0.5279620885848999,0.4457358121871948,0.7568151354789734,18.757125854492188,15.158140182495117,0.10233274102210999,0.1573193073272705,24.982173919677734,18.757125854492188,15.158140182495117
scene14_traj1_1__000001,0.10124647617340088,0.15455901622772217,0.5193936824798584,0.45209693908691406,0.7536007165908813,18.600513458251953,14.810117721557617,0.10124647617340088,0.15455901622772217,24.943233489990234,18.600513458251953,14.810117721557617
scene14_traj1_1__000002,0.10168249160051346,0.15610626339912415,0.5205182433128357,0.4484279751777649,0.7515989542007446,18.549671173095703,14.864712715148926,0.10168249160051346,0.15610626339912415,24.85581398010254,18.549671173095703,14.864712715148926
scene14_traj1_1__000003,0.10307428240776062,0.15832139551639557,0.5301743149757385,0.4448034167289734,0.7580288052558899,18.942792892456055,15.45780086517334,0.10307428240776062,0.15832139551639557,25.026451110839844,18.942792892456055,15.45780086517334
scene14_traj1_1__000004,0.10296234488487244,0.15766966342926025,0.5262082815170288,0.44932976365089417,0.7576574087142944,18.81503677368164,15.213088035583496,0.10296234488487244,0.15766966342926025,25.032384872436523,18.81503677368164,15.213088035583496
scene14_traj1_1__000005,0.10283954441547394,0.1560525894165039,0.5206888318061829,0.4520174562931061,0.7542566061019897,18.720691680908203,14.933096885681152,0.10283954441547394,0.1560525894165039,24.981853485107422,18.720691680908203,14.933096885681152
scene14_traj1_1__000006,0.10230381041765213,0.15639355778694153,0.521857738494873,0.44596314430236816,0.7510148286819458,18.608055114746094,14.952679634094238,0.10230381041765213,0.15639355778694153,24.808774948120117,18.608055114746094,14.952679634094238
scene14_traj1_1__000007,0.10239655524492264,0.15664401650428772,0.5183982849121094,0.44080084562301636,0.745040774345398,18.396133422851562,14.794782638549805,0.10239655524492264,0.15664401650428772,24.59389877319336,18.396133422851562,14.794782638549805
scene14_traj1_1__000008,0.1023564264178276,0.15616050362586975,0.5192734599113464,0.44461458921432495,0.7476748824119568,18.478721618652344,14.786206245422363,0.1023564264178276,0.15616050362586975,24.71161651611328,18.478721618652344,14.786206245422363
scene14_traj1_1__000009,0.1026681512594223,0.15586766600608826,0.5204738974571228,0.45155125856399536,0.7534013986587524,18.838476181030273,15.113679885864258,0.1026681512594223,0.15586766600608826,24.937015533447266,18.838476181030273,15.113679885864258
scene14_traj1_1__000010,0.10253360122442245,0.15648390352725983,0.5242478847503662,0.4452981650829315,0.7526825666427612,18.722896575927734,15.107378959655762,0.10253360122442245,0.15648390352725983,24.871294021606445,18.722896575927734,15.107378959655762
scene14_traj1_1__000011,0.10212510824203491,0.15589861571788788,0.5201188325881958,0.4400966465473175,0.7456502318382263,18.467870712280273,14.858434677124023,0.10212510824203491,0.15589861571788788,24.629613876342773,18.467870712280273,14.858434677124023
scene14_traj1_1__000012,0.1014540046453476,0.15380829572677612,0.5188673734664917,0.44586554169654846,0.7480227947235107,18.628145217895508,14.894283294677734,0.1014540046453476,0.15380829572677612,24.747547149658203,18.628145217895508,14.894283294677734
scene14_traj1_1__000013,0.10249271988868713,0.1553591936826706,0.5209929943084717,0.4505743384361267,0.7533590197563171,18.798553466796875,15.016462326049805,0.10249271988868713,0.1553591936826706,24.958370208740234,18.798553466796875,15.016462326049805
scene14_traj1_1__000014,0.10207831114530563,0.15553100407123566,0.5215265154838562,0.4412676692008972,0.7476202249526978,18.670272827148438,15.08175277709961,0.10207831114530563,0.15553100407123566,24.67827796936035,18.670272827148438,15.08175277709961
scene14_traj1_1__000015,0.10142075270414352,0.15447741746902466,0.5217828750610352,0.4431796669960022,0.7487599849700928,18.698474884033203,15.113037109375,0.10142075270414352,0.15447741746902466,24.732192993164062,18.698474884033203,15.113037109375
scene14_traj1_1__000016,0.10128708183765411,0.15270565450191498,0.5186812281608582,0.4500980079174042,0.7507659196853638,18.713653564453125,14.914205551147461,0.10128708183765411,0.15270565450191498,24.878883361816406,18.713653564453125,14.914205551147461
scene14_traj1_1__000017,0.10167846083641052,0.1543513387441635,0.5215891599655151,0.4497711658477783,0.7531423568725586,18.886653900146484,15.193351745605469,0.10167846083641052,0.1543513387441635,24.93990135192871,18.886653900146484,15.193351745605469
scene14_traj1_1__000018,0.10095638036727905,0.1539318710565567,0.5248181819915771,0.44476476311683655,0.7524266839027405,18.861915588378906,15.264527320861816,0.10095638036727905,0.1539318710565567,24.88683319091797,18.861915588378906,15.264527320861816
scene14_traj1_1__000019,0.10050557553768158,0.15262839198112488,0.5196747779846191,0.44662898778915405,0.7492597103118896,18.719579696655273,15.057243347167969,0.10050557553768158,0.15262839198112488,24.79629135131836,18.719579696655273,15.057243347167969
scene14_traj1_1__000020,0.10017531365156174,0.151280477643013,0.516584038734436,0.45203644037246704,0.7506093978881836,18.802400588989258,14.945594787597656,0.10017531365156174,0.151280477643013,24.895549774169922,18.802400588989258,14.945594787597656
scene14_traj1_1__000021,0.10047338157892227,0.1523124724626541,0.5158870816230774,0.4462878406047821,0.7459850907325745,18.543554306030273,14.829577445983887,0.10047338157892227,0.1523124724626541,24.69499969482422,18.543554306030273,14.829577445983887
scene14_traj1_1__000022,0.09962529689073563,0.1519974172115326,0.5241889953613281,0.4480639696121216,0.7548481225967407,18.93783950805664,15.345996856689453,0.09962529689073563,0.1519974172115326,24.968595504760742,18.93783950805664,15.345996856689453
scene14_traj1_1__000023,0.09965121001005173,0.15166199207305908,0.5230944752693176,0.4463053345680237,0.7526070475578308,18.808469772338867,15.184572219848633,0.09965121001005173,0.15166199207305908,24.872743606567383,18.808469772338867,15.184572219848633
scene14_traj1_1__000024,0.09851483255624771,0.14901509881019592,0.5143570303916931,0.4508078694343567,0.7483806610107422,18.601566314697266,14.720184326171875,0.09851483255624771,0.14901509881019592,24.8015079498291,18.601566314697266,14.720184326171875
scene14_traj1_1__000025,0.09918922930955887,0.15025749802589417,0.5186861753463745,0.455544114112854,0.7548743486404419,18.796611785888672,14.957425117492676,0.09918922930955887,0.15025749802589417,25.041362762451172,18.796611785888672,14.957425117492676
scene14_traj1_1__000026,0.09883509576320648,0.1507691890001297,0.5287533402442932,0.4516577422618866,0.7606744766235352,19.10466766357422,15.424544334411621,0.09883509576320648,0.1507691890001297,25.190921783447266,19.10466766357422,15.424544334411621
scene14_traj1_1__000027,0.09825846552848816,0.15015053749084473,0.5280233025550842,0.4498288631439209,0.758942186832428,19.111797332763672,15.43923282623291,0.09825846552848816,0.15015053749084473,25.10535430908203,19.111797332763672,15.43923282623291
scene14_traj1_1__000028,0.09733445197343826,0.1477002501487732,0.5221754908561707,0.45462295413017273,0.7574537396430969,19.010494232177734,15.244453430175781,0.09733445197343826,0.1477002501487732,25.102218627929688,19.010494232177734,15.244453430175781
scene14_traj1_1__000029,0.09765195846557617,0.14788010716438293,0.522459089756012,0.45967167615890503,0.7611634135246277,19.11970329284668,15.204408645629883,0.09765195846557617,0.14788010716438293,25.24916648864746,19.11970329284668,15.204408645629883
scene14_traj1_1__000030,0.09704840183258057,0.14779745042324066,0.5246211886405945,0.45595765113830566,0.7600858807563782,19.122957229614258,15.356356620788574,0.09704840183258057,0.14779745042324066,25.206506729125977,19.122957229614258,15.356356620788574
scene14_traj1_1__000031,0.09705749899148941,0.14856597781181335,0.5229052901268005,0.452608197927475,0.7562605142593384,18.90874671936035,15.169816970825195,0.09705749899148941,0.14856597781181335,25.037199020385742,18.90874671936035,15.169816970825195
scene14_traj1_1__000032,0.09661303460597992,0.14777801930904388,0.5244286060333252,0.4515407383441925,0.7572816610336304,18.994598388671875,15.275413513183594,0.09661303460597992,0.14777801930904388,25.065404891967773,18.994598388671875,15.275413513183594
scene14_traj1_1__000033,0.09704862534999847,0.1475135087966919,0.5190718770027161,0.45807698369026184,0.757212221622467,18.885303497314453,15.033108711242676,0.09704862534999847,0.1475135087966919,25.097610473632812,18.885303497314453,15.033108711242676
scene14_traj1_1__000034,0.09858765453100204,0.15012136101722717,0.5207980275154114,0.4664228558540344,0.7653394937515259,19.10199546813965,15.112380981445312,0.09858765453100204,0.15012136101722717,25.392061233520508,19.10199546813965,15.112380981445312
scene14_traj1_1__000035,0.09866289794445038,0.151199609041214,0.5252222418785095,0.4605398178100586,0.7649248838424683,19.1048583984375,15.203750610351562,0.09866289794445038,0.151199609041214,25.339372634887695,19.1048583984375,15.203750610351562
scene14_traj1_1__000036,0.09847528487443924,0.15170744061470032,0.5286774039268494,0.45941489934921265,0.7676565647125244,19.258241653442383,15.436084747314453,0.09847528487443924,0.15170744061470032,25.405010223388672,19.258241653442383,15.436084747314453
scene14_traj1_1__000037,0.09899160265922546,0.15177945792675018,0.5269683599472046,0.46005377173423767,0.766278088092804,19.194738388061523,15.329291343688965,0.09899160265922546,0.15177945792675018,25.359691619873047,19.194738388061523,15.329291343688965
scene14_traj1_1__000038,0.09953445941209793,0.15249906480312347,0.527228832244873,0.47701412439346313,0.7784400582313538,19.719684600830078,15.60574722290039,0.09953445941209793,0.15249906480312347,25.843759536743164,19.719684600830078,15.60574722290039
scene14_traj1_1__000039,0.0988202840089798,0.15264195203781128,0.5291021466255188,0.4706965386867523,0.7756757736206055,19.56801986694336,15.561339378356934,0.0988202840089798,0.15264195203781128,25.704774856567383,19.56801986694336,15.561339378356934
scene14_traj1_1__000040,0.09808629006147385,0.15223978459835052,0.5336290001869202,0.46731388568878174,0.7784302830696106,19.745832443237305,15.964409828186035,0.09808629006147385,0.15223978459835052,25.756404876708984,19.745832443237305,15.964409828186035
scene14_traj1_1__000041,0.09732974320650101,0.15020295977592468,0.5280406475067139,0.4683479070663452,0.7735313177108765,19.38956642150879,15.41310977935791,0.09732974320650101,0.15020295977592468,25.614086151123047,19.38956642150879,15.41310977935791
scene14_traj1_1__000042,0.09766941517591476,0.15016931295394897,0.5279926061630249,0.4758606553077698,0.7786742448806763,19.636474609375,15.524995803833008,0.09766941517591476,0.15016931295394897,25.854536056518555,19.636474609375,15.524995803833008
scene14_traj1_1__000043,0.09590743482112885,0.14811137318611145,0.525578498840332,0.4677864909172058,0.7710025310516357,19.27873420715332,15.287775039672852,0.09590743482112885,0.14811137318611145,25.519685745239258,19.27873420715332,15.287775039672852
scene14_traj1_1__000044,0.0959562212228775,0.1483059674501419,0.5302259922027588,0.4678093492984772,0.7750352025032043,19.568233489990234,15.656269073486328,0.0959562212228775,0.1483059674501419,25.64800262451172,19.568233489990234,15.656269073486328
scene14_traj1_1__000045,0.09477817267179489,0.145138680934906,0.5240539908409119,0.47884082794189453,0.777977466583252,19.51653289794922,15.193479537963867,0.09477817267179489,0.145138680934906,25.884807586669922,19.51653289794922,15.193479537963867
scene14_traj1_1__000046,0.09550455957651138,0.1472022831439972,0.5289760828018188,0.47473523020744324,0.7794729471206665,19.60940933227539,15.499903678894043,0.09550455957651138,0.1472022831439972,25.884241104125977,19.60940933227539,15.499903678894043
scene14_traj1_1__000047,0.09497115761041641,0.1471162587404251,0.5331665277481079,0.47041046619415283,0.779973566532135,19.73592185974121,15.704493522644043,0.09497115761041641,0.1471162587404251,25.833471298217773,19.73592185974121,15.704493522644043
scene14_traj1_1__000048,0.09426572918891907,0.14466729760169983,0.5247982144355774,0.4792162775993347,0.7788406014442444,19.667522430419922,15.504780769348145,0.09426572918891907,0.14466729760169983,25.884784698486328,19.667522430419922,15.504780769348145
scene14_traj1_1__000049,0.09440570324659348,0.14520184695720673,0.5268741250038147,0.4780306816101074,0.7795246243476868,19.55617332458496,15.308076858520508,0.09440570324659348,0.14520184695720673,25.91625213623047,19.55617332458496,15.308076858520508
scene14_traj1_1__000050,0.09364400804042816,0.1448134034872055,0.5306893587112427,0.4726271331310272,0.7785561680793762,19.651918411254883,15.532085418701172,0.09364400804042816,0.1448134034872055,25.827373504638672,19.651918411254883,15.532085418701172
scene14_traj1_1__000051,0.0935308039188385,0.14393453299999237,0.5274511575698853,0.47642937302589417,0.7788861989974976,19.737951278686523,15.602783203125,0.0935308039188385,0.14393453299999237,25.876585006713867,19.737951278686523,15.602783203125
scene14_traj1_1__000052,0.0931510329246521,0.14246027171611786,0.5307737588882446,0.4822988510131836,0.785956621170044,19.99366569519043,15.735838890075684,0.0931510329246521,0.14246027171611786,26.16583251953125,19.99366569519043,15.735838890075684
scene14_traj1_1__000053,0.09339523315429688,0.14372673630714417,0.5323899388313293,0.4784117043018341,0.7846033573150635,19.981040954589844,15.906240463256836,0.09339523315429688,0.14372673630714417,26.0411376953125,19.981040954589844,15.906240463256836
scene14_traj1_1__000054,0.09356307983398438,0.14443381130695343,0.5382097959518433,0.4754459857940674,0.7876873016357422,20.08715057373047,16.036657333374023,0.09356307983398438,0.14443381130695343,26.117229461669922,20.08715057373047,16.036657333374023
scene14_traj1_1__000055,0.09313715994358063,0.14310646057128906,0.5349120497703552,0.48233386874198914,0.789824903011322,20.18573570251465,16.062232971191406,0.09313715994358063,0.14310646057128906,26.241710662841797,20.18573570251465,16.062232971191406
scene14_traj1_1__000056,0.09345563501119614,0.14307263493537903,0.5314832329750061,0.4837559163570404,0.7878055572509766,20.073265075683594,15.894128799438477,0.09345563501119614,0.14307263493537903,26.1929988861084,20.073265075683594,15.894128799438477
scene14_traj1_1__000057,0.09318432956933975,0.14324049651622772,0.5368806719779968,0.4775965213775635,0.7881626486778259,20.12836456298828,16.046297073364258,0.09318432956933975,0.14324049651622772,26.16628074645996,20.12836456298828,16.046297073364258
scene14_traj1_1__000058,0.09257718920707703,0.14202724397182465,0.5351987481117249,0.47845202684402466,0.7875539064407349,20.11720085144043,16.058530807495117,0.09257718920707703,0.14202724397182465,26.15369987487793,20.11720085144043,16.058530807495117
scene14_traj1_1__000059,0.09257617592811584,0.14098449051380157,0.5322434306144714,0.48516666889190674,0.7895105481147766,20.131444931030273,15.83935832977295,0.09257617592811584,0.14098449051380157,26.266666412353516,20.131444931030273,15.83935832977295
scene14_traj1_1__000060,0.09310422837734222,0.1427585482597351,0.5500713586807251,0.4799615740776062,0.80227130651474,20.872373580932617,17.056800842285156,0.09310422837734222,0.1427585482597351,26.609210968017578,20.872373580932617,17.056800842285156
scene14_traj1_1__000061,0.09329412877559662,0.1422518938779831,0.5482547283172607,0.48661863803863525,0.8046340346336365,21.05061149597168,17.081079483032227,0.09329412877559662,0.1422518938779831,26.74716567993164,21.05061149597168,17.081079483032227
scene14_traj1_1__000062,0.09353447705507278,0.14276914298534393,0.5535090565681458,0.48435360193252563,0.8073599934577942,21.143999099731445,17.165691375732422,0.09353447705507278,0.14276914298534393,26.800390243530273,21.143999099731445,17.165691375732422
scene14_traj1_1__000063,0.09231912344694138,0.14144814014434814,0.5531699061393738,0.4768640995025635,0.8022162914276123,21.01589584350586,17.231611251831055,0.09231912344694138,0.14144814014434814,26.604774475097656,21.01589584350586,17.231611251831055
scene14_traj1_1__000064,0.0909423902630806,0.13875411450862885,0.5483803153038025,0.4823400676250458,0.8016090989112854,20.827529907226562,16.84079933166504,0.0909423902630806,0.13875411450862885,26.634065628051758,20.827529907226562,16.84079933166504
scene14_traj1_1__000065,0.09136556088924408,0.13896338641643524,0.5477087497711182,0.48483437299728394,0.8026376366615295,20.944103240966797,16.970367431640625,0.09136556088924408,0.13896338641643524,26.676437377929688,20.944103240966797,16.970367431640625
scene14_traj1_1__000066,0.09125068783760071,0.13989226520061493,0.5574510097503662,0.48030662536621094,0.808305561542511,21.267589569091797,17.566434860229492,0.09125068783760071,0.13989226520061493,26.82294464111328,21.267589569091797,17.566434860229492
scene14_traj1_1__000067,0.09097682684659958,0.13895922899246216,0.5507354140281677,0.47950178384780884,0.8016025424003601,20.903486251831055,17.04347801208496,0.09097682684659958,0.13895922899246216,26.603517532348633,20.903486251831055,17.04347801208496
scene14_traj1_1__000068,0.090633325278759,0.13772934675216675,0.5469050407409668,0.4843379557132721,0.8015633821487427,20.958728790283203,16.981523513793945,0.090633325278759,0.13772934675216675,26.64565658569336,20.958728790283203,16.981523513793945
scene14_traj1_1__000069,0.09083881974220276,0.13866621255874634,0.5520843863487244,0.4804643392562866,0.8033741116523743,21.00273323059082,17.10466194152832,0.09083881974220276,0.13866621255874634,26.669851303100586,21.00273323059082,17.10466194152832
scene14_traj1_1__000070,0.08932612836360931,0.13673833012580872,0.5594419836997986,0.4754961431026459,0.8064239621162415,21.274003982543945,17.55933380126953,0.08932612836360931,0.13673833012580872,26.719615936279297,21.274003982543945,17.55933380126953
scene14_traj1_1__000071,0.08777818828821182,0.13354383409023285,0.55958092212677,0.47943204641342163,0.8096619844436646,21.406585693359375,17.520450592041016,0.08777818828821182,0.13354383409023285,26.875137329101562,21.406585693359375,17.520450592041016
scene14_traj1_1__000072,0.08781001716852188,0.1330775022506714,0.5581920742988586,0.4855150580406189,0.8122540712356567,21.465787887573242,17.502511978149414,0.08781001716852188,0.1330775022506714,26.991823196411133,21.465787887573242,17.502511978149414
scene14_traj1_1__000073,0.08687702566385269,0.13234557211399078,0.5603109002113342,0.4781923294067383,0.8093819618225098,21.315914154052734,17.45809555053711,0.08687702566385269,0.13234557211399078,26.844919204711914,21.315914154052734,17.45809555053711
scene14_traj1_1__000074,0.08586965501308441,0.13111211359500885,0.5673816800117493,0.48133155703544617,0.8177613019943237,21.7989559173584,18.01099395751953,0.08586965501308441,0.13111211359500885,27.153181076049805,21.7989559173584,18.01099395751953
scene14_traj1_1__000075,0.08447272330522537,0.1280200332403183,0.5571175813674927,0.48585566878318787,0.8118696212768555,21.4300594329834,17.354894638061523,0.08447272330522537,0.1280200332403183,27.00658416748047,21.4300594329834,17.354894638061523
scene14_traj1_1__000076,0.08505260944366455,0.12906521558761597,0.5649114847183228,0.48599866032600403,0.8185322880744934,21.824840545654297,17.94060516357422,0.08505260944366455,0.12906521558761597,27.2078800201416,21.824840545654297,17.94060516357422
scene14_traj1_1__000077,0.08472965657711029,0.1291217803955078,0.5738521814346313,0.4812551438808441,0.823738157749176,22.15597152709961,18.481006622314453,0.08472965657711029,0.1291217803955078,27.348796844482422,22.15597152709961,18.481006622314453
scene14_traj1_1__000078,0.08403493463993073,0.12703998386859894,0.5633806586265564,0.4827715754508972,0.814992368221283,21.68480110168457,17.72252082824707,0.08403493463993073,0.12703998386859894,27.08140754699707,21.68480110168457,17.72252082824707
scene14_traj1_1__000079,0.08347555994987488,0.12601351737976074,0.5752044320106506,0.4940289855003357,0.833677351474762,22.606216430664062,18.699859619140625,0.08347555994987488,0.12601351737976074,27.783185958862305,22.606216430664062,18.699859619140625
scene14_traj1_1__000080,0.08352714776992798,0.12674029171466827,0.5831298232078552,0.48703619837760925,0.8358250856399536,22.775075912475586,18.932363510131836,0.08352714776992798,0.12674029171466827,27.78966522216797,22.775075912475586,18.932363510131836
scene14_traj1_1__000081,0.0824795663356781,0.12521208822727203,0.5854972004890442,0.4855954647064209,0.8366079330444336,22.857982635498047,19.13905143737793,0.0824795663356781,0.12521208822727203,27.805376052856445,22.857982635498047,19.13905143737793
scene14_traj1_1__000082,0.0821567177772522,0.12428944557905197,0.5760907530784607,0.492686003446579,0.8336082100868225,22.661405563354492,18.730974197387695,0.0821567177772522,0.12428944557905197,27.767107009887695,22.661405563354492,18.730974197387695
scene14_traj1_1__000083,0.08241825550794601,0.12440260499715805,0.5799121260643005,0.49464941024780273,0.8375144004821777,22.861202239990234,19.034934997558594,0.08241825550794601,0.12440260499715805,27.903236389160156,22.861202239990234,19.034934997558594
scene14_traj1_1__000084,0.08081735670566559,0.122444748878479,0.5836337208747864,0.4914371371269226,0.8394595384597778,23.037158966064453,19.28838539123535,0.08081735670566559,0.122444748878479,27.937973022460938,23.037158966064453,19.28838539123535
scene14_traj1_1__000085,0.07970516383647919,0.12121303379535675,0.5938029289245605,0.4895315170288086,0.847488284111023,23.393627166748047,19.73972511291504,0.07970516383647919,0.12121303379535675,28.180906295776367,23.393627166748047,19.73972511291504
scene14_traj1_1__000086,0.07871867716312408,0.11893564462661743,0.5860325694084167,0.4928281605243683,0.842211127281189,23.24237823486328,19.51144790649414,0.07871867716312408,0.11893564462661743,28.04637336730957,23.24237823486328,19.51144790649414
scene14_traj1_1__000087,0.07815922051668167,0.11787085235118866,0.5773844718933105,0.49810168147087097,0.837915301322937,22.8795166015625,18.859968185424805,0.07815922051668167,0.11787085235118866,27.957447052001953,22.8795166015625,18.859968185424805
scene14_traj1_1__000088,0.07802800834178925,0.1180122122168541,0.5858367681503296,0.493538498878479,0.8428306579589844,23.16676902770996,19.399065017700195,0.07802800834178925,0.1180122122168541,28.073833465576172,23.16676902770996,19.399065017700195
scene14_traj1_1__000089,0.07667949050664902,0.1163407489657402,0.5859614014625549,0.4929868280887604,0.8419663906097412,23.133920669555664,19.377424240112305,0.07667949050664902,0.1163407489657402,28.006694793701172,23.133920669555664,19.377424240112305
scene14_traj1_1__000090,0.0759439542889595,0.11525143682956696,0.5874640941619873,0.4940939247608185,0.8447017669677734,23.327463150024414,19.602745056152344,0.0759439542889595,0.11525143682956696,28.12967872619629,23.327463150024414,19.602745056152344
scene14_traj1_1__000091,0.07609880715608597,0.11485376954078674,0.57996666431427,0.5038635730743408,0.8451843857765198,23.187055587768555,19.187469482421875,0.07609880715608597,0.11485376954078674,28.21316909790039,23.187055587768555,19.187469482421875
scene14_traj1_1__000092,0.07564131915569305,0.11406756192445755,0.588893473148346,0.49921783804893494,0.8495252728462219,23.466609954833984,19.648113250732422,0.07564131915569305,0.11406756192445755,28.321775436401367,23.466609954833984,19.648113250732422
scene14_traj1_1__000093,0.07378756999969482,0.1116916611790657,0.5885967016220093,0.49551454186439514,0.8466604948043823,23.49544906616211,19.738262176513672,0.07378756999969482,0.1116916611790657,28.20339584350586,23.49544906616211,19.738262176513672
scene14_traj1_1__000094,0.07240753620862961,0.1091461330652237,0.5913166999816895,0.5016368627548218,0.8535835146903992,23.812870025634766,20.008241653442383,0.07240753620862961,0.1091461330652237,28.480297088623047,23.812870025634766,20.008241653442383
scene14_traj1_1__000095,0.07247880846261978,0.10918781906366348,0.5943443775177002,0.5077199935913086,0.8606014251708984,24.025634765625,20.214122772216797,0.07247880846261978,0.10918781906366348,28.76767349243164,24.025634765625,20.214122772216797
scene14_traj1_1__000096,0.07159074395895004,0.10828292369842529,0.5952829122543335,0.5009343028068542,0.8566141724586487,24.0849552154541,20.47152328491211,0.07159074395895004,0.10828292369842529,28.574413299560547,24.0849552154541,20.47152328491211
scene14_traj1_1__000097,0.07156626135110855,0.10826940834522247,0.5974229574203491,0.5006383061408997,0.8582268357276917,24.120168685913086,20.529754638671875,0.07156626135110855,0.10826940834522247,28.613143920898438,24.120168685913086,20.529754638671875
scene14_traj1_1__000098,0.07265925407409668,0.10970568656921387,0.5929826498031616,0.5076421499252319,0.8591284155845642,24.106430053710938,20.368942260742188,0.07265925407409668,0.10970568656921387,28.68480682373047,24.106430053710938,20.368942260742188
scene14_traj1_1__000099,0.0726565271615982,0.11030751466751099,0.5916640758514404,0.5066287517547607,0.8567610383033752,23.910367965698242,20.17605209350586,0.0726565271615982,0.11030751466751099,28.604814529418945,23.910367965698242,20.17605209350586
scene14_traj1_1__000100,0.0721038430929184,0.10948465764522552,0.5916157960891724,0.5006435513496399,0.8527415990829468,23.76408576965332,20.01438331604004,0.0721038430929184,0.10948465764522552,28.43050765991211,23.76408576965332,20.01438331604004
scene14_traj1_1__000101,0.07225985825061798,0.10895618051290512,0.5810425877571106,0.5078539252281189,0.848365068435669,23.47473907470703,19.418323516845703,0.07225985825061798,0.10895618051290512,28.373777389526367,23.47473907470703,19.418323516845703
scene14_traj1_1__000102,0.072541743516922,0.10987888276576996,0.5926026105880737,0.5056606531143188,0.8576467037200928,23.907867431640625,20.053085327148438,0.072541743516922,0.10987888276576996,28.66237449645996,23.907867431640625,20.053085327148438
scene14_traj1_1__000103,0.07258482277393341,0.11010552197694778,0.6009801626205444,0.5005231499671936,0.8618490099906921,24.247671127319336,20.61631965637207,0.07258482277393341,0.11010552197694778,28.74140739440918,24.247671127319336,20.61631965637207
scene14_traj1_1__000104,0.07313407212495804,0.11119149625301361,0.5990161895751953,0.5015402436256409,0.8611433506011963,24.241931915283203,20.752809524536133,0.07313407212495804,0.11119149625301361,28.703845977783203,24.241931915283203,20.752809524536133
scene14_traj1_1__000105,0.07373451441526413,0.11173507571220398,0.5992905497550964,0.5114529728889465,0.8678145408630371,24.433658599853516,20.769187927246094,0.07373451441526413,0.11173507571220398,29.000125885009766,24.433658599853516,20.769187927246094
scene14_traj1_1__000106,0.07334823906421661,0.11155203729867935,0.6081735491752625,0.5030078291893005,0.8704882264137268,24.703859329223633,21.292686462402344,0.07334823906421661,0.11155203729867935,29.006546020507812,24.703859329223633,21.292686462402344
scene14_traj1_1__000107,0.07280923426151276,0.1109590157866478,0.6086769104003906,0.49815407395362854,0.8679711818695068,24.665769577026367,21.385805130004883,0.07280923426151276,0.1109590157866478,28.895973205566406,24.665769577026367,21.385805130004883
scene14_traj1_1__000108,0.07271459698677063,0.11034396290779114,0.6031470894813538,0.5072532296180725,0.8686631321907043,24.550180435180664,21.046157836914062,0.07271459698677063,0.11034396290779114,28.9769344329834,24.550180435180664,21.046157836914062
scene14_traj1_1__000109,0.07300905883312225,0.11106354743242264,0.6061903238296509,0.5046310424804688,0.8699541091918945,24.772607803344727,21.436119079589844,0.07300905883312225,0.11106354743242264,28.97444725036621,24.772607803344727,21.436119079589844
scene14_traj1_1__000110,0.07059125602245331,0.10765554010868073,0.6047197580337524,0.5003730058670044,0.8653565645217896,24.54815673828125,21.060239791870117,0.07059125602245331,0.10765554010868073,28.829500198364258,24.54815673828125,21.060239791870117
scene14_traj1_1__000111,0.0702078714966774,0.10653416067361832,0.5973418951034546,0.509448766708374,0.8650404810905457,24.49514389038086,20.971250534057617,0.0702078714966774,0.10653416067361832,28.8859920501709,24.49514389038086,20.971250534057617
scene14_traj1_1__000112,0.0691659152507782,0.10496220737695694,0.6098654270172119,0.5127725601196289,0.8785730004310608,25.079835891723633,21.59998321533203,0.0691659152507782,0.10496220737695694,29.337541580200195,25.079835891723633,21.59998321533203
scene14_traj1_1__000113,0.06830275803804398,0.10379862040281296,0.6051345467567444,0.5040503740310669,0.8682944178581238,24.699445724487305,21.257083892822266,0.06830275803804398,0.10379862040281296,28.9510555267334,24.699445724487305,21.257083892822266
scene14_traj1_1__000114,0.06741677224636078,0.10238005220890045,0.6090651154518127,0.5068753957748413,0.8736228942871094,25.013540267944336,21.60851287841797,0.06741677224636078,0.10238005220890045,29.15553855895996,25.013540267944336,21.60851287841797
scene14_traj1_1__000115,0.06760301440954208,0.10234009474515915,0.6083959341049194,0.5135061144828796,0.8769216537475586,25.12449073791504,21.76172637939453,0.06760301440954208,0.10234009474515915,29.30875015258789,25.12449073791504,21.76172637939453
scene14_traj1_1__000116,0.06650102138519287,0.10058044642210007,0.6066522598266602,0.5103403329849243,0.8735771179199219,25.06900405883789,21.75269317626953,0.06650102138519287,0.10058044642210007,29.16307258605957,25.06900405883789,21.75269317626953
scene14_traj1_1__000117,0.06545138359069824,0.09930642694234848,0.607306957244873,0.5045959949493408,0.8700034022331238,24.937171936035156,21.725820541381836,0.06545138359069824,0.09930642694234848,29.02254867553711,24.937171936035156,21.725820541381836
scene14_traj1_1__000118,0.06538338214159012,0.09921777993440628,0.6114456653594971,0.5062363147735596,0.874757707118988,25.145967483520508,21.93697738647461,0.06538338214159012,0.09921777993440628,29.183412551879883,25.145967483520508,21.93697738647461
scene14_traj1_1__000119,0.0655485987663269,0.09922311455011368,0.6020553112030029,0.5164260864257812,0.8736725449562073,25.007102966308594,21.60150909423828,0.0655485987663269,0.09922311455011368,29.207794189453125,25.007102966308594,21.60150909423828
scene14_traj1_1__000120,0.06493443250656128,0.0981430783867836,0.6080101132392883,0.5124829411506653,0.8770301342010498,25.21487045288086,21.943313598632812,0.06493443250656128,0.0981430783867836,29.285343170166016,25.21487045288086,21.943313598632812
scene14_traj1_1__000121,0.06337157636880875,0.09584259241819382,0.6078282594680786,0.5021861791610718,0.8702219724655151,25.01295280456543,21.809682846069336,0.06337157636880875,0.09584259241819382,28.982629776000977,25.01295280456543,21.809682846069336
scene14_traj1_1__000122,0.06304747611284256,0.09541502594947815,0.6039892435073853,0.5056957006454468,0.8683376908302307,25.00870132446289,21.936874389648438,0.06304747611284256,0.09541502594947815,28.946359634399414,25.00870132446289,21.936874389648438
scene14_traj1_1__000123,0.06414934992790222,0.09658950567245483,0.6020904779434204,0.5138982534408569,0.8724186420440674,25.13039779663086,22.004220962524414,0.06414934992790222,0.09658950567245483,29.114295959472656,25.13039779663086,22.004220962524414
scene14_traj1_1__000124,0.06360748410224915,0.0960078239440918,0.6196759343147278,0.5052674412727356,0.8826647996902466,25.763263702392578,22.772628784179688,0.06360748410224915,0.0960078239440918,29.451740264892578,25.763263702392578,22.772628784179688
scene14_traj1_1__000125,0.06310203671455383,0.09512560814619064,0.6174435615539551,0.5006057024002075,0.8770555257797241,25.514184951782227,22.573633193969727,0.06310203671455383,0.09512560814619064,29.22103500366211,25.514184951782227,22.573633193969727
scene14_traj1_1__000126,0.063896544277668,0.09612670540809631,0.6048231720924377,0.5081262588500977,0.8705971240997314,25.200042724609375,22.21339225769043,0.063896544277668,0.09612670540809631,29.036142349243164,25.200042724609375,22.21339225769043
scene14_traj1_1__000127,0.0646977350115776,0.09715591371059418,0.6209378242492676,0.5068203210830688,0.8842481374740601,25.73668098449707,22.707544326782227,0.0646977350115776,0.09715591371059418,29.506471633911133,25.73668098449707,22.707544326782227
scene14_traj1_1__000128,0.06389467418193817,0.09602226316928864,0.6142439246177673,0.499971479177475,0.8739107847213745,25.3084774017334,22.284997940063477,0.06389467418193817,0.09602226316928864,29.134428024291992,25.3084774017334,22.284997940063477
scene14_traj1_1__000129,0.0649525597691536,0.0977528765797615,0.6210283041000366,0.5062841176986694,0.8827255964279175,25.70374870300293,22.637014389038086,0.0649525597691536,0.0977528765797615,29.491365432739258,25.70374870300293,22.637014389038086
scene14_traj1_1__000130,0.06692016124725342,0.1001313328742981,0.6231631636619568,0.5151572227478027,0.8919252157211304,26.059724807739258,22.896377563476562,0.06692016124725342,0.1001313328742981,29.857961654663086,26.059724807739258,22.896377563476562
scene14_traj1_1__000131,0.06614457815885544,0.09895104169845581,0.6294172406196594,0.5079248547554016,0.8925839066505432,26.27337646484375,23.23636245727539,0.06614457815885544,0.09895104169845581,29.848031997680664,26.27337646484375,23.23636245727539
scene14_traj1_1__000132,0.06548537313938141,0.09806755930185318,0.6254107356071472,0.5039418935775757,0.8868212103843689,26.098800659179688,23.21268653869629,0.06548537313938141,0.09806755930185318,29.615360260009766,26.098800659179688,23.21268653869629
scene14_traj1_1__000133,0.06604837626218796,0.09879613667726517,0.6213297247886658,0.5077456831932068,0.8850092887878418,25.99039649963379,23.01551055908203,0.06604837626218796,0.09879613667726517,29.583049774169922,25.99039649963379,23.01551055908203
scene14_traj1_1__000134,0.0673898383975029,0.10074560344219208,0.6350255608558655,0.510790228843689,0.8995224833488464,26.732460021972656,23.89301872253418,0.0673898383975029,0.10074560344219208,30.106325149536133,26.732460021972656,23.89301872253418
scene14_traj1_1__000135,0.0672362744808197,0.10068260133266449,0.642964780330658,0.5065245628356934,0.9038435220718384,26.880733489990234,23.936553955078125,0.0672362744808197,0.10068260133266449,30.25170135498047,26.880733489990234,23.936553955078125
scene14_traj1_1__000136,0.0666799321770668,0.10027685761451721,0.6386225819587708,0.5017997026443481,0.8974902033805847,26.627222061157227,23.73667335510254,0.0666799321770668,0.10027685761451721,29.999774932861328,26.627222061157227,23.73667335510254
scene14_traj1_1__000137,0.06650378555059433,0.09966500103473663,0.6289576888084412,0.5145382285118103,0.896030604839325,26.495460510253906,23.49599266052246,0.06650378555059433,0.09966500103473663,30.019289016723633,26.495460510253906,23.49599266052246
scene14_traj1_1__000138,0.06582915037870407,0.09871064126491547,0.6365503072738647,0.5062388181686401,0.8983120322227478,26.677425384521484,23.79180335998535,0.06582915037870407,0.09871064126491547,30.093246459960938,26.677425384521484,23.79180335998535
scene14_traj1_1__000139,0.06465060263872147,0.09729854762554169,0.63883376121521,0.5016499757766724,0.8966667056083679,26.633325576782227,23.712507247924805,0.06465060263872147,0.09729854762554169,30.020000457763672,26.633325576782227,23.712507247924805
scene14_traj1_1__000140,0.06426437199115753,0.09619492292404175,0.6307599544525146,0.5109721422195435,0.8954946994781494,26.46335792541504,23.435558319091797,0.06426437199115753,0.09619492292404175,29.986026763916016,26.46335792541504,23.435558319091797
scene14_traj1_1__000141,0.06411702930927277,0.09625089913606644,0.6329621076583862,0.5149092078208923,0.9017860293388367,26.711042404174805,23.83171844482422,0.06411702930927277,0.09625089913606644,30.20598793029785,26.711042404174805,23.83171844482422
scene14_traj1_1__000142,0.06272085756063461,0.09454880654811859,0.6315296292304993,0.5061691999435425,0.8942736387252808,26.50501251220703,23.60009765625,0.06272085756063461,0.09454880654811859,29.90862274169922,26.50501251220703,23.60009765625
scene14_traj1_1__000143,0.061898257583379745,0.09304851293563843,0.6308202147483826,0.5073160529136658,0.8938174843788147,26.44997215270996,23.618539810180664,0.061898257583379745,0.09304851293563843,29.89710235595703,26.44997215270996,23.618539810180664
scene14_traj1_1__000144,0.062127821147441864,0.09324675053358078,0.6270589232444763,0.5169563293457031,0.8974273800849915,26.537757873535156,23.58954620361328,0.062127821147441864,0.09324675053358078,30.035629272460938,26.537757873535156,23.58954620361328
scene14_traj1_1__000145,0.05990780144929886,0.09025888890028,0.6244379878044128,0.5111083388328552,0.8911985754966736,26.207927703857422,23.145320892333984,0.05990780144929886,0.09025888890028,29.798368453979492,26.207927703857422,23.145320892333984
scene14_traj1_1__000146,0.058561623096466064,0.08849688619375229,0.6187573075294495,0.5091262459754944,0.8838312029838562,25.7126522064209,22.430511474609375,0.058561623096466064,0.08849688619375229,29.497840881347656,25.7126522064209,22.430511474609375
scene14_traj1_1__000147,0.06007739156484604,0.09097690880298615,0.6010661125183105,0.5115154385566711,0.8716657757759094,24.998563766479492,21.632413864135742,0.06007739156484604,0.09097690880298615,29.058897018432617,24.998563766479492,21.632413864135742
scene14_traj1_1__000148,0.05915442854166031,0.08956822752952576,0.6063604354858398,0.5042235851287842,0.871280312538147,25.000654220581055,21.669849395751953,0.05915442854166031,0.08956822752952576,29.01152801513672,25.000654220581055,21.669849395751953
scene14_traj1_1__000149,0.0580914169549942,0.08819771558046341,0.6084214448928833,0.5051122903823853,0.8731422424316406,25.05115509033203,21.613506317138672,0.0580914169549942,0.08819771558046341,29.058792114257812,25.05115509033203,21.613506317138672
scene14_traj1_1__000150,0.05866558104753494,0.08889732509851456,0.6050696969032288,0.5185766816139221,0.8798781037330627,25.223737716674805,21.64423179626465,0.05866558104753494,0.08889732509851456,29.345569610595703,25.223737716674805,21.64423179626465
scene14_traj1_1__000151,0.05585828423500061,0.08468711376190186,0.6002320647239685,0.5084522366523743,0.869265615940094,24.647146224975586,20.83519744873047,0.05585828423500061,0.08468711376190186,28.914623260498047,24.647146224975586,20.83519744873047
scene14_traj1_1__000152,0.05411042273044586,0.08224194496870041,0.5950056314468384,0.5085296630859375,0.8645686507225037,24.411657333374023,20.4078426361084,0.05411042273044586,0.08224194496870041,28.729358673095703,24.411657333374023,20.4078426361084
scene14_traj1_1__000153,0.053754232823848724,0.08191116899251938,0.6007737517356873,0.5193158388137817,0.8778061866760254,24.963687896728516,20.896854400634766,0.053754232823848724,0.08191116899251938,29.2249755859375,24.963687896728516,20.896854400634766
scene14_traj1_1__000154,0.05232337862253189,0.07947811484336853,0.5975115895271301,0.5154812932014465,0.8714181184768677,24.753999710083008,20.497947692871094,0.05232337862253189,0.07947811484336853,28.9943790435791,24.753999710083008,20.497947692871094
scene14_traj1_1__000155,0.052182186394929886,0.07934675365686417,0.5996124148368835,0.5261719822883606,0.880777895450592,25.15618133544922,20.93415641784668,0.052182186394929886,0.07934675365686417,29.352161407470703,25.15618133544922,20.93415641784668
scene14_traj1_1__000156,0.05180920660495758,0.07896922528743744,0.6109488606452942,0.5320844054222107,0.8963247537612915,25.743255615234375,21.487031936645508,0.05180920660495758,0.07896922528743744,29.938819885253906,25.743255615234375,21.487031936645508
scene14_traj1_1__000157,0.0507027693092823,0.07753567397594452,0.6080954670906067,0.5270299911499023,0.8892765045166016,25.442537307739258,20.997529983520508,0.0507027693092823,0.07753567397594452,29.664630889892578,25.442537307739258,20.997529983520508
scene14_traj1_1__000158,0.05083293095231056,0.07802989333868027,0.6064748167991638,0.5272113680839539,0.8884697556495667,25.535572052001953,21.314437866210938,0.05083293095231056,0.07802989333868027,29.64387321472168,25.535572052001953,21.314437866210938
scene14_traj1_1__000159,0.053083259612321854,0.08123841881752014,0.6186126470565796,0.5317962765693665,0.9032003879547119,26.185792922973633,22.16698455810547,0.053083259612321854,0.08123841881752014,30.213115692138672,26.185792922973633,22.16698455810547
scene14_traj1_1__000160,0.05427798628807068,0.083025723695755,0.6257200837135315,0.5240335464477539,0.9028164148330688,26.420368194580078,22.784862518310547,0.05427798628807068,0.083025723695755,30.214601516723633,26.420368194580078,22.784862518310547
scene14_traj1_1__000161,0.05607588589191437,0.08516804873943329,0.6407046914100647,0.5270751118659973,0.917677104473114,27.3951358795166,24.126440048217773,0.05607588589191437,0.08516804873943329,30.824886322021484,27.3951358795166,24.126440048217773
scene14_traj1_1__000162,0.057574816048145294,0.0875433012843132,0.6441597938537598,0.5354499220848083,0.9261534214019775,27.837276458740234,24.69764518737793,0.057574816048145294,0.0875433012843132,31.179731369018555,27.837276458740234,24.69764518737793
scene14_traj1_1__000163,0.05933772027492523,0.08992305397987366,0.6550259590148926,0.535500168800354,0.9350077509880066,28.397964477539062,25.621437072753906,0.05933772027492523,0.08992305397987366,31.515872955322266,28.397964477539062,25.621437072753906
scene14_traj1_1__000164,0.05920848622918129,0.08966277539730072,0.6573962569236755,0.5286996960639954,0.932525098323822,28.4165096282959,25.701494216918945,0.05920848622918129,0.08966277539730072,31.41566276550293,28.4165096282959,25.701494216918945
scene14_traj1_1__000165,0.06196342781186104,0.09365344792604446,0.6629319190979004,0.5375596880912781,0.9427435398101807,29.07671356201172,26.54389190673828,0.06196342781186104,0.09365344792604446,31.838438034057617,29.07671356201172,26.54389190673828
scene14_traj1_1__000166,0.0650167316198349,0.09827765822410583,0.6671515703201294,0.5440528392791748,0.9508000612258911,29.49759864807129,27.191020965576172,0.0650167316198349,0.09827765822410583,32.13610076904297,29.49759864807129,27.191020965576172
scene14_traj1_1__000167,0.06423312425613403,0.09729036688804626,0.6699968576431274,0.5379729866981506,0.9492608904838562,29.488393783569336,27.155763626098633,0.06423312425613403,0.09729036688804626,32.05613708496094,29.488393783569336,27.155763626098633
scene14_traj1_1__000168,0.06672757118940353,0.10128574818372726,0.6737918853759766,0.5328249931335449,0.9484437108039856,29.545978546142578,27.28532600402832,0.06672757118940353,0.10128574818372726,31.988948822021484,29.545978546142578,27.28532600402832
scene14_traj1_1__000169,0.06935412436723709,0.10485870391130447,0.6720115542411804,0.5371761322021484,0.950398862361908,29.587337493896484,27.47557258605957,0.06935412436723709,0.10485870391130447,32.083003997802734,29.587337493896484,27.47557258605957
scene14_traj1_1__000170,0.06959302723407745,0.10539276152849197,0.6701319217681885,0.5358775854110718,0.9480125308036804,29.434890747070312,27.236433029174805,0.06959302723407745,0.10539276152849197,31.989442825317383,29.434890747070312,27.236433029174805
scene14_traj1_1__000171,0.07347949594259262,0.11112068593502045,0.6767537593841553,0.5278425216674805,0.9490708708763123,29.553348541259766,27.402013778686523,0.07347949594259262,0.11112068593502045,31.974681854248047,29.553348541259766,27.402013778686523
scene14_traj1_1__000172,0.0740046426653862,0.11184731870889664,0.6743366122245789,0.5328180193901062,0.9499647617340088,29.701580047607422,27.667020797729492,0.0740046426653862,0.11184731870889664,32.04255676269531,29.701580047607422,27.667020797729492
scene14_traj1_1__000173,0.07674314826726913,0.11641008406877518,0.6658905744552612,0.5340514183044434,0.9431878924369812,29.164037704467773,26.865121841430664,0.07674314826726913,0.11641008406877518,31.77187728881836,29.164037704467773,26.865121841430664
scene14_traj1_1__000174,0.08028857409954071,0.12281763553619385,0.6634411215782166,0.5230850577354431,0.9354459047317505,28.65913963317871,26.211788177490234,0.08028857409954071,0.12281763553619385,31.425189971923828,28.65913963317871,26.211788177490234
scene14_traj1_1__000175,0.08169838041067123,0.12554405629634857,0.6627334952354431,0.517937958240509,0.9319505095481873,28.41221809387207,25.94209861755371,0.08169838041067123,0.12554405629634857,31.251842498779297,28.41221809387207,25.94209861755371
scene14_traj1_1__000176,0.08206786960363388,0.12584637105464935,0.6403341293334961,0.5158421397209167,0.9102042317390442,27.132389068603516,24.427663803100586,0.08206786960363388,0.12584637105464935,30.44700050354004,27.132389068603516,24.427663803100586
scene14_traj1_1__000177,0.08185576647520065,0.12535539269447327,0.6363534331321716,0.5047630667686462,0.8991373181343079,26.455116271972656,23.573450088500977,0.08185576647520065,0.12535539269447327,29.988903045654297,26.455116271972656,23.573450088500977
scene14_traj1_1__000178,0.07952314615249634,0.12181083858013153,0.6351253986358643,0.48928165435791016,0.8872564435005188,25.760454177856445,22.75836944580078,0.07952314615249634,0.12181083858013153,29.535884857177734,25.760454177856445,22.75836944580078
scene14_traj1_1__000179,0.0783902257680893,0.11989764869213104,0.6339430809020996,0.4943424165248871,0.8892015814781189,25.837955474853516,22.737140655517578,0.0783902257680893,0.11989764869213104,29.628849029541016,25.837955474853516,22.737140655517578
scene14_traj1_1__000180,0.07676725834608078,0.11710641533136368,0.6313681602478027,0.49903929233551025,0.8900973796844482,25.84699249267578,22.73563575744629,0.07676725834608078,0.11710641533136368,29.661903381347656,25.84699249267578,22.73563575744629
scene14_traj1_1__000181,0.07221247255802155,0.11057043075561523,0.6237936615943909,0.48691385984420776,0.8742567896842957,25.20614242553711,22.061925888061523,0.07221247255802155,0.11057043075561523,29.03874969482422,25.20614242553711,22.061925888061523
scene14_traj1_1__000182,0.07127538323402405,0.10914050042629242,0.623378574848175,0.4865529239177704,0.874806821346283,25.080585479736328,21.849897384643555,0.07127538323402405,0.10914050042629242,29.03766441345215,25.080585479736328,21.849897384643555
scene14_traj1_1__000183,0.0702914372086525,0.10746510326862335,0.6184459924697876,0.4951920807361603,0.8748304843902588,24.977672576904297,21.485994338989258,0.0702914372086525,0.10746510326862335,29.087453842163086,24.977672576904297,21.485994338989258
scene14_traj1_1__000184,0.06784317642450333,0.10391515493392944,0.6036211848258972,0.4795595705509186,0.8517199158668518,23.670997619628906,19.98417091369629,0.06784317642450333,0.10391515493392944,28.158950805664062,23.670997619628906,19.98417091369629
scene14_traj1_1__000185,0.06582819670438766,0.10080715268850327,0.6031821370124817,0.47618210315704346,0.848773717880249,23.552669525146484,19.75766944885254,0.06582819670438766,0.10080715268850327,28.046096801757812,23.552669525146484,19.75766944885254
scene14_traj1_1__000186,0.0637596994638443,0.09763927757740021,0.5993664860725403,0.4852486252784729,0.8510512113571167,23.398704528808594,19.243480682373047,0.0637596994638443,0.09763927757740021,28.155406951904297,23.398704528808594,19.243480682373047
scene14_traj1_1__000187,0.06464986503124237,0.09876128286123276,0.5989202857017517,0.48668012022972107,0.8522292375564575,23.553741455078125,19.528959274291992,0.06464986503124237,0.09876128286123276,28.186769485473633,23.553741455078125,19.528959274291992
scene14_traj1_1__000188,0.06152624636888504,0.09408614039421082,0.5965448617935181,0.4816892445087433,0.8465638160705566,23.186792373657227,18.83428955078125,0.06152624636888504,0.09408614039421082,27.968040466308594,23.186792373657227,18.83428955078125
scene14_traj1_1__000189,0.060608480125665665,0.09291865676641464,0.5943343639373779,0.4844413995742798,0.8457298874855042,23.216690063476562,18.84113121032715,0.060608480125665665,0.09291865676641464,27.972179412841797,23.216690063476562,18.84113121032715
scene14_traj1_1__000190,0.06020895391702652,0.09208209812641144,0.5901537537574768,0.4948556423187256,0.8502126932144165,23.306861877441406,18.953771591186523,0.06020895391702652,0.09208209812641144,28.144670486450195,23.306861877441406,18.953771591186523
scene14_traj1_1__000191,0.05815128982067108,0.08885587006807327,0.5877514481544495,0.4967535734176636,0.8496197462081909,23.29294204711914,18.748218536376953,0.05815128982067108,0.08885587006807327,28.132450103759766,23.29294204711914,18.748218536376953
scene14_traj1_1__000192,0.057085614651441574,0.0870664119720459,0.588421106338501,0.4925655424594879,0.847089946269989,23.112529754638672,18.484535217285156,0.057085614651441574,0.0870664119720459,28.045875549316406,23.112529754638672,18.484535217285156
scene14_traj1_1__000193,0.05668102949857712,0.08667289465665817,0.5866149663925171,0.4930179715156555,0.8453465700149536,23.134374618530273,18.547771453857422,0.05668102949857712,0.08667289465665817,27.982505798339844,23.134374618530273,18.547771453857422
scene14_traj1_1__000194,0.05703122913837433,0.087629035115242,0.5785534977912903,0.5070999264717102,0.8480839729309082,23.14153480529785,18.438371658325195,0.05703122913837433,0.087629035115242,28.096202850341797,23.14153480529785,18.438371658325195
scene14_traj1_1__000195,0.053945738822221756,0.0833691954612732,0.5843622088432312,0.5105075240135193,0.8552870154380798,23.378639221191406,18.56785011291504,0.053945738822221756,0.0833691954612732,28.36759376525879,23.378639221191406,18.56785011291504
scene14_traj1_1__000196,0.05160360038280487,0.08046385645866394,0.5773758888244629,0.5090431571006775,0.8471201062202454,23.089567184448242,18.271318435668945,0.05160360038280487,0.08046385645866394,28.065351486206055,23.089567184448242,18.271318435668945
scene14_traj1_1__000197,0.0513615719974041,0.08004691451787949,0.5787779092788696,0.5068182945251465,0.8469186425209045,23.001602172851562,18.183286666870117,0.0513615719974041,0.08004691451787949,28.052989959716797,23.001602172851562,18.183286666870117
scene14_traj1_1__000198,0.05086315795779228,0.07969680428504944,0.5796431303024292,0.5071354508399963,0.8484933376312256,23.099411010742188,18.401458740234375,0.05086315795779228,0.07969680428504944,28.109100341796875,23.099411010742188,18.401458740234375
scene14_traj1_1__000199,0.05160166323184967,0.08091092854738235,0.5830300450325012,0.5157983303070068,0.8573006391525269,23.506406784057617,18.81847381591797,0.05160166323184967,0.08091092854738235,28.438814163208008,23.506406784057617,18.81847381591797
scene14_traj1_1__000200,0.05139564350247383,0.08122817426919937,0.5854762196540833,0.5138371586799622,0.8578042984008789,23.424001693725586,18.664966583251953,0.05139564350247383,0.08122817426919937,28.454675674438477,23.424001693725586,18.664966583251953
scene14_traj1_1__000201,0.051550522446632385,0.08135974407196045,0.5785800218582153,0.5119009613990784,0.8510681390762329,23.03504180908203,18.213878631591797,0.051550522446632385,0.08135974407196045,28.257369995117188,23.03504180908203,18.213878631591797
scene14_traj1_1__000202,0.05208562687039375,0.08224272727966309,0.5802352428436279,0.5126767754554749,0.8525564670562744,23.21879768371582,18.584386825561523,0.05208562687039375,0.08224272727966309,28.301010131835938,23.21879768371582,18.584386825561523
scene14_traj1_1__000203,0.0545194111764431,0.08665282279253006,0.583829939365387,0.527230441570282,0.8659250736236572,23.79424476623535,19.300888061523438,0.0545194111764431,0.08665282279253006,28.826923370361328,23.79424476623535,19.300888061523438
scene14_traj1_1__000204,0.05505143105983734,0.08734015375375748,0.588118314743042,0.519945502281189,0.8639448881149292,23.799781799316406,19.340784072875977,0.05505143105983734,0.08734015375375748,28.747364044189453,23.799781799316406,19.340784072875977
scene14_traj1_1__000205,0.057334572076797485,0.09132411330938339,0.5867587924003601,0.5164086818695068,0.860766589641571,23.55119514465332,19.193164825439453,0.057334572076797485,0.09132411330938339,28.627012252807617,23.55119514465332,19.193164825439453
scene14_traj1_1__000206,0.05864638462662697,0.09340497851371765,0.5843439698219299,0.5186012983322144,0.8603155612945557,23.53205108642578,19.267004013061523,0.05864638462662697,0.09340497851371765,28.61068344116211,23.53205108642578,19.267004013061523
scene14_traj1_1__000207,0.0592108853161335,0.09454525262117386,0.585472047328949,0.5238122344017029,0.8655529618263245,23.79030418395996,19.53457260131836,0.0592108853161335,0.09454525262117386,28.832061767578125,23.79030418395996,19.53457260131836
scene14_traj1_1__000208,0.0605679489672184,0.09623228758573532,0.5857316851615906,0.5252391695976257,0.8662946820259094,23.913095474243164,19.867292404174805,0.0605679489672184,0.09623228758573532,28.824981689453125,23.913095474243164,19.867292404174805
scene14_traj1_1__000209,0.06095412001013756,0.09720435738563538,0.5883614420890808,0.5170897841453552,0.8626686334609985,23.718358993530273,19.602937698364258,0.06095412001013756,0.09720435738563538,28.692913055419922,23.718358993530273,19.602937698364258
scene14_traj1_1__000210,0.06276030838489532,0.1002318412065506,0.5960443615913391,0.5144147276878357,0.8676079511642456,23.9770450592041,19.95720863342285,0.06276030838489532,0.1002318412065506,28.871326446533203,23.9770450592041,19.95720863342285
scene14_traj1_1__000211,0.06465708464384079,0.10317791998386383,0.5905704498291016,0.5089083313941956,0.8595632314682007,23.681074142456055,19.732629776000977,0.06465708464384079,0.10317791998386383,28.57193946838379,23.681074142456055,19.732629776000977
scene14_traj1_1__000212,0.06481001526117325,0.10322332382202148,0.5853188037872314,0.5196564197540283,0.861686646938324,23.702428817749023,19.604459762573242,0.06481001526117325,0.10322332382202148,28.6878719329834,23.702428817749023,19.604459762573242
scene14_traj1_1__000213,0.06712035834789276,0.10728608816862106,0.5817107558250427,0.5162142515182495,0.8556774854660034,23.30669403076172,19.049745559692383,0.06712035834789276,0.10728608816862106,28.496248245239258,23.30669403076172,19.049745559692383
scene14_traj1_1__000214,0.06785376369953156,0.10832662880420685,0.5817036628723145,0.508352518081665,0.8508038520812988,23.13842010498047,19.040233612060547,0.06785376369953156,0.10832662880420685,28.2829647064209,23.13842010498047,19.040233612060547
scene14_traj1_1__000215,0.07095691561698914,0.11338470876216888,0.5842844247817993,0.508850634098053,0.8533812165260315,23.149381637573242,19.01205062866211,0.07095691561698914,0.11338470876216888,28.379180908203125,23.149381637573242,19.01205062866211
scene14_traj1_1__000216,0.07235710322856903,0.11620683968067169,0.5838353037834167,0.5122382640838623,0.8559824228286743,23.263261795043945,19.1038875579834,0.07235710322856903,0.11620683968067169,28.499284744262695,23.263261795043945,19.1038875579834
scene14_traj1_1__000217,0.07283242046833038,0.11663772910833359,0.5798583626747131,0.5212178826332092,0.8587960004806519,23.28476905822754,18.957733154296875,0.07283242046833038,0.11663772910833359,28.65701675415039,23.28476905822754,18.957733154296875
scene14_traj1_1__000218,0.07469357550144196,0.11937100440263748,0.5860603451728821,0.5182151198387146,0.861623227596283,23.639863967895508,19.452484130859375,0.07469357550144196,0.11937100440263748,28.736787796020508,23.639863967895508,19.452484130859375
scene14_traj1_1__000219,0.07727688550949097,0.12395690381526947,0.5873653888702393,0.5106963515281677,0.8589490652084351,23.386743545532227,19.29328155517578,0.07727688550949097,0.12395690381526947,28.59800148010254,23.386743545532227,19.29328155517578
scene14_traj1_1__000220,0.07925746589899063,0.12766267359256744,0.584672212600708,0.5114540457725525,0.8582351207733154,23.426895141601562,19.39287567138672,0.07925746589899063,0.12766267359256744,28.580520629882812,23.426895141601562,19.39287567138672
scene14_traj1_1__000221,0.08208142966032028,0.13229422271251678,0.5906658172607422,0.5148136019706726,0.865305483341217,23.677473068237305,19.545082092285156,0.08208142966032028,0.13229422271251678,28.84287452697754,23.677473068237305,19.545082092285156
scene14_traj1_1__000222,0.08271308988332748,0.13305965065956116,0.5872363448143005,0.5225333571434021,0.8672150373458862,23.874736785888672,19.71821403503418,0.08271308988332748,0.13305965065956116,28.934364318847656,23.874736785888672,19.71821403503418
scene14_traj1_1__000223,0.08509735763072968,0.1372641772031784,0.580310046672821,0.5132684111595154,0.8542684316635132,23.045230865478516,18.720794677734375,0.08509735763072968,0.1372641772031784,28.466487884521484,23.045230865478516,18.720794677734375
scene14_traj1_1__000224,0.08694496750831604,0.14028328657150269,0.5826575756072998,0.5076423287391663,0.8524987697601318,22.96367645263672,18.754533767700195,0.08694496750831604,0.14028328657150269,28.362977981567383,22.96367645263672,18.754533767700195
scene14_traj1_1__000225,0.08984439074993134,0.1440763771533966,0.5713484883308411,0.5076534152030945,0.8422210812568665,22.43865203857422,18.105606079101562,0.08984439074993134,0.1440763771533966,28.043901443481445,22.43865203857422,18.105606079101562
scene14_traj1_1__000226,0.09103300422430038,0.14506766200065613,0.5616924166679382,0.5148589015007019,0.8378407955169678,22.295753479003906,17.829647064208984,0.09103300422430038,0.14506766200065613,27.915786743164062,22.295753479003906,17.829647064208984
scene14_traj1_1__000227,0.09143242239952087,0.1456763595342636,0.5636295676231384,0.5052804946899414,0.8334789872169495,22.12037467956543,17.738067626953125,0.09143242239952087,0.1456763595342636,27.747325897216797,22.12037467956543,17.738067626953125
scene14_traj1_1__000228,0.09260702133178711,0.14720100164413452,0.5656501650810242,0.4993017315864563,0.8307197093963623,22.03246307373047,17.73604965209961,0.09260702133178711,0.14720100164413452,27.627422332763672,22.03246307373047,17.73604965209961
scene14_traj1_1__000229,0.09377969056367874,0.14802706241607666,0.5633031129837036,0.4959433078765869,0.8256188035011292,21.784576416015625,17.478713989257812,0.09377969056367874,0.14802706241607666,27.454566955566406,21.784576416015625,17.478713989257812
scene14_traj1_1__000230,0.09470579773187637,0.14860498905181885,0.5549391508102417,0.5013036131858826,0.8219053745269775,21.548141479492188,17.179458618164062,0.09470579773187637,0.14860498905181885,27.35542106628418,21.548141479492188,17.179458618164062
scene14_traj1_1__000231,0.09533169865608215,0.1479015201330185,0.5430306792259216,0.4973256289958954,0.8075399994850159,20.95906639099121,16.687522888183594,0.09533169865608215,0.1479015201330185,26.841182708740234,20.95906639099121,16.687522888183594
scene14_traj1_1__000232,0.09578395634889603,0.1489485800266266,0.5531379580497742,0.48597317934036255,0.8092572689056396,21.061037063598633,16.963336944580078,0.09578395634889603,0.1489485800266266,26.8342342376709,21.061037063598633,16.963336944580078
scene14_traj1_1__000233,0.09852011501789093,0.1520715206861496,0.5580783486366272,0.4805443286895752,0.8095951080322266,21.310583114624023,17.56218719482422,0.09852011501789093,0.1520715206861496,26.804948806762695,21.310583114624023,17.56218719482422
scene14_traj1_1__000234,0.0968814268708229,0.14821667969226837,0.5393753051757812,0.47499457001686096,0.7883374691009521,20.193387985229492,16.299665451049805,0.0968814268708229,0.14821667969226837,26.112524032592773,20.193387985229492,16.299665451049805
scene14_traj1_1__000235,0.09484703093767166,0.1452184021472931,0.5437735915184021,0.4595806896686554,0.7800790071487427,19.938581466674805,16.2264404296875,0.09484703093767166,0.1452184021472931,25.793916702270508,19.938581466674805,16.2264404296875
scene14_traj1_1__000236,0.09476257860660553,0.14573657512664795,0.5456822514533997,0.44571274518966675,0.773150622844696,19.639951705932617,16.048513412475586,0.09476257860660553,0.14573657512664795,25.48200035095215,19.639951705932617,16.048513412475586
scene14_traj1_1__000237,0.09433741122484207,0.14514097571372986,0.5430424809455872,0.44552335143089294,0.770582914352417,19.58131217956543,16.000041961669922,0.09433741122484207,0.14514097571372986,25.391523361206055,19.58131217956543,16.000041961669922
scene14_traj1_1__000238,0.09711609780788422,0.14744186401367188,0.532271146774292,0.4488862454891205,0.7632219791412354,19.17487144470215,15.317839622497559,0.09711609780788422,0.14744186401367188,25.22222328186035,19.17487144470215,15.317839622497559
scene14_traj1_1__000239,0.09736108779907227,0.14930953085422516,0.5301176905632019,0.44430044293403625,0.7579272389411926,18.781286239624023,14.913042068481445,0.09736108779907227,0.14930953085422516,25.01879119873047,18.781286239624023,14.913042068481445
scene14_traj1_1__000240,0.0985843688249588,0.15148121118545532,0.5327736735343933,0.43975672125816345,0.7566280961036682,18.67304801940918,14.842339515686035,0.0985843688249588,0.15148121118545532,24.916345596313477,18.67304801940918,14.842339515686035
scene14_traj1_1__000241,0.0996251180768013,0.15278130769729614,0.5278730988502502,0.4355153441429138,0.7495170831680298,18.341793060302734,14.434871673583984,0.0996251180768013,0.15278130769729614,24.6795654296875,18.341793060302734,14.434871673583984
scene14_traj1_1__000242,0.09866783022880554,0.14988365769386292,0.5227134823799133,0.439780592918396,0.7483808398246765,18.232627868652344,14.096291542053223,0.09866783022880554,0.14988365769386292,24.713489532470703,18.232627868652344,14.096291542053223
scene14_traj1_1__000243,0.10285656899213791,0.155950129032135,0.5207207202911377,0.4358043372631073,0.7430466413497925,18.13910675048828,14.12021255493164,0.10285656899213791,0.155950129032135,24.49448585510254,18.13910675048828,14.12021255493164
scene14_traj1_1__000244,0.10601937770843506,0.16028009355068207,0.5264004468917847,0.42915523052215576,0.7432997822761536,18.30884552001953,14.574641227722168,0.10601937770843506,0.16028009355068207,24.44441795349121,18.30884552001953,14.574641227722168
scene14_traj1_1__000245,0.10568973422050476,0.1594633013010025,0.5267520546913147,0.43040284514427185,0.7439401149749756,18.404386520385742,14.66623592376709,0.10568973422050476,0.1594633013010025,24.497028350830078,18.404386520385742,14.66623592376709
scene14_traj1_1__000246,0.10465464740991592,0.15772414207458496,0.517763078212738,0.4355367124080658,0.7406187653541565,17.98320198059082,13.928683280944824,0.10465464740991592,0.15772414207458496,24.453535079956055,17.98320198059082,13.928683280944824
scene14_traj1_1__000247,0.10439060628414154,0.1573193073272705,0.5156318545341492,0.4367355704307556,0.739107072353363,18.005146026611328,13.882660865783691,0.10439060628414154,0.1573193073272705,24.402565002441406,18.005146026611328,13.882660865783691
scene14_traj1_1__000248,0.0937124714255333,0.14622804522514343,0.5149003267288208,0.4442920982837677,0.7449148297309875,17.652185440063477,13.257184982299805,0.0937124714255333,0.14622804522514343,24.613935470581055,17.652185440063477,13.257184982299805
scene14_traj1_1__000249,0.08273360133171082,0.13208217918872833,0.5059286952018738,0.4543199837207794,0.74527508020401,16.884410858154297,12.177644729614258,0.08273360133171082,0.13208217918872833,24.558895111083984,16.884410858154297,12.177644729614258
scene14_traj1_1__000250,0.07815852016210556,0.12529829144477844,0.5100805163383484,0.46524834632873535,0.7559753060340881,17.294452667236328,12.406986236572266,0.07815852016210556,0.12529829144477844,24.97568702697754,17.294452667236328,12.406986236572266
scene14_traj1_1__000251,0.07602924853563309,0.12214965373277664,0.52074134349823,0.47701218724250793,0.7734925746917725,17.794492721557617,12.577871322631836,0.07602924853563309,0.12214965373277664,25.620004653930664,17.794492721557617,12.577871322631836
scene14_traj1_1__000252,0.07554823905229568,0.12231839448213577,0.5171034336090088,0.47256743907928467,0.7666123509407043,17.43317413330078,12.399332046508789,0.07554823905229568,0.12231839448213577,25.330575942993164,17.43317413330078,12.399332046508789
scene14_traj1_1__000253,0.07839945703744888,0.12690716981887817,0.5162845849990845,0.46731624007225037,0.7622700929641724,17.249351501464844,12.322798728942871,0.07839945703744888,0.12690716981887817,25.165847778320312,17.249351501464844,12.322798728942871
scene14_traj1_1__000254,0.07964657247066498,0.12929511070251465,0.5125566124916077,0.4731977581977844,0.7637085914611816,17.242040634155273,12.083426475524902,0.07964657247066498,0.12929511070251465,25.2916316986084,17.242040634155273,12.083426475524902
scene14_traj1_1__000255,0.08304654061794281,0.13425472378730774,0.518312394618988,0.4817155599594116,0.7746351957321167,17.74577522277832,12.367300033569336,0.08304654061794281,0.13425472378730774,25.71372413635254,17.74577522277832,12.367300033569336
scene14_traj1_1__000256,0.08283904939889908,0.13483113050460815,0.5194702744483948,0.482197105884552,0.7754683494567871,17.772544860839844,12.48762035369873,0.08283904939889908,0.13483113050460815,25.71747589111328,17.772544860839844,12.48762035369873
scene14_traj1_1__000257,0.08111915737390518,0.13352371752262115,0.5205992460250854,0.4875815510749817,0.7808974385261536,17.761425018310547,12.360228538513184,0.08111915737390518,0.13352371752262115,25.88643455505371,17.761425018310547,12.360228538513184
scene14_traj1_1__000258,0.07145068049430847,0.11866046488285065,0.5275277495384216,0.5008866786956787,0.7976597547531128,18.56334114074707,12.713916778564453,0.07145068049430847,0.11866046488285065,26.42981719970703,18.56334114074707,12.713916778564453
scene14_traj1_1__000259,0.06867019832134247,0.11416047811508179,0.5399819016456604,0.5241894125938416,0.825630784034729,20.439905166625977,14.459171295166016,0.06867019832134247,0.11416047811508179,27.52229118347168,20.439905166625977,14.459171295166016
scene14_traj1_1__000260,0.06590016186237335,0.11020060628652573,0.5446123480796814,0.5310349464416504,0.834513783454895,20.89446449279785,14.781632423400879,0.06590016186237335,0.11020060628652573,27.82002830505371,20.89446449279785,14.781632423400879
scene14_traj1_1__000261,0.06425575911998749,0.10799908638000488,0.5374940037727356,0.5232097506523132,0.823235273361206,20.384933471679688,14.303050994873047,0.06425575911998749,0.10799908638000488,27.384105682373047,20.384933471679688,14.303050994873047
scene14_traj1_1__000262,0.0646982491016388,0.1087656021118164,0.5350208282470703,0.5272445678710938,0.8245484828948975,20.3958740234375,14.357688903808594,0.0646982491016388,0.1087656021118164,27.438369750976562,20.3958740234375,14.357688903808594
scene14_traj1_1__000263,0.0673113465309143,0.11191978305578232,0.5412238836288452,0.5303009748458862,0.8314306735992432,20.56128692626953,14.49919605255127,0.0673113465309143,0.11191978305578232,27.705034255981445,20.56128692626953,14.49919605255127
scene14_traj2_1__000000,0.07318362593650818,0.11475981026887894,0.48723310232162476,0.4711109399795532,0.7364738583564758,15.131229400634766,10.6261625289917,0.07318362593650818,0.11475981026887894,24.05610466003418,15.131229400634766,10.6261625289917
scene14_traj2_1__000001,0.07291710376739502,0.11438846588134766,0.48999980092048645,0.47487905621528625,0.7418708801269531,15.342425346374512,10.774389266967773,0.07291710376739502,0.11438846588134766,24.251758575439453,15.342425346374512,10.774389266967773
scene14_traj2_1__000002,0.07373013347387314,0.11523445695638657,0.493513286113739,0.47952181100845337,0.7480974197387695,15.588808059692383,10.899321556091309,0.07373013347387314,0.11523445695638657,24.50021743774414,15.588808059692383,10.899321556091309
scene14_traj2_1__000003,0.07431364059448242,0.11612678319215775,0.4943484961986542,0.4838164448738098,0.7524216771125793,15.774261474609375,10.968993186950684,0.07431364059448242,0.11612678319215775,24.649667739868164,15.774261474609375,10.968993186950684
scene14_traj2_1__000004,0.07317021489143372,0.11448626220226288,0.4882173538208008,0.4808012545108795,0.7449193596839905,15.366460800170898,10.640742301940918,0.07317021489143372,0.11448626220226288,24.391765594482422,15.366460800170898,10.640742301940918
scene14_traj2_1__000005,0.07382573187351227,0.11544608324766159,0.4892129600048065,0.47656679153442383,0.7429023385047913,15.246792793273926,10.5912504196167,0.07382573187351227,0.11544608324766159,24.29413604736328,15.246792793273926,10.5912504196167
scene14_traj2_1__000006,0.07406194508075714,0.11603712290525436,0.4899810552597046,0.47605064511299133,0.7431222200393677,15.31301498413086,10.725205421447754,0.07406194508075714,0.11603712290525436,24.29555320739746,15.31301498413086,10.725205421447754
scene14_traj2_1__000007,0.07425140589475632,0.11619343608617783,0.4928121864795685,0.4828874468803406,0.7504420280456543,15.604023933410645,10.858196258544922,0.07425140589475632,0.11619343608617783,24.57986068725586,15.604023933410645,10.858196258544922
scene14_traj2_1__000008,0.07503493130207062,0.11710377037525177,0.4971902072429657,0.48967528343200684,0.7588966488838196,15.960140228271484,11.059415817260742,0.07503493130207062,0.11710377037525177,24.90091896057129,15.960140228271484,11.059415817260742
scene14_traj2_1__000009,0.07448245584964752,0.11632250994443893,0.49574145674705505,0.4841664433479309,0.7539223432540894,15.72234058380127,10.893817901611328,0.07448245584964752,0.11632250994443893,24.720190048217773,15.72234058380127,10.893817901611328
scene14_traj2_1__000010,0.0745648443698883,0.11654189974069595,0.4938851594924927,0.4829327464103699,0.7512689828872681,15.610846519470215,10.853209495544434,0.0745648443698883,0.11654189974069595,24.621164321899414,15.610846519470215,10.853209495544434
scene14_traj2_1__000011,0.074844591319561,0.11712533980607986,0.4936670958995819,0.48248761892318726,0.7504182457923889,15.51042366027832,10.809647560119629,0.074844591319561,0.11712533980607986,24.5745906829834,15.51042366027832,10.809647560119629
scene14_traj2_1__000012,0.07524463534355164,0.11748240143060684,0.4947279393672943,0.48658281564712524,0.7543748021125793,15.77937126159668,10.923052787780762,0.07524463534355164,0.11748240143060684,24.73859977722168,15.77937126159668,10.923052787780762
scene14_traj2_1__000013,0.07614248991012573,0.11870019137859344,0.49958905577659607,0.4934383034706116,0.7635697722434998,16.178749084472656,11.291624069213867,0.07614248991012573,0.11870019137859344,25.077869415283203,16.178749084472656,11.291624069213867
scene14_traj2_1__000014,0.07602179795503616,0.11879812926054001,0.49924060702323914,0.4905701279640198,0.7610202431678772,16.07720947265625,11.188739776611328,0.07602179795503616,0.11879812926054001,24.968847274780273,16.07720947265625,11.188739776611328
scene14_traj2_1__000015,0.0761139914393425,0.11903884261846542,0.4971018433570862,0.48778045177459717,0.7570828795433044,15.893011093139648,11.137545585632324,0.0761139914393425,0.11903884261846542,24.811742782592773,15.893011093139648,11.137545585632324
scene14_traj2_1__000016,0.07551826536655426,0.11807046085596085,0.49789702892303467,0.48573213815689087,0.7558913230895996,15.763917922973633,10.999312400817871,0.07551826536655426,0.11807046085596085,24.76640510559082,15.763917922973633,10.999312400817871
scene14_traj2_1__000017,0.07616747915744781,0.11930615454912186,0.499444842338562,0.4923093020915985,0.7624703049659729,16.05708885192871,11.223337173461914,0.07616747915744781,0.11930615454912186,25.015302658081055,16.05708885192871,11.223337173461914
scene14_traj2_1__000018,0.07638823986053467,0.1192622035741806,0.5021700859069824,0.4979608356952667,0.7693604826927185,16.386363983154297,11.473142623901367,0.07638823986053467,0.1192622035741806,25.291006088256836,16.386363983154297,11.473142623901367
scene14_traj2_1__000019,0.0761653333902359,0.11895134299993515,0.4992019832134247,0.49248987436294556,0.7628335952758789,16.07585334777832,11.16122055053711,0.0761653333902359,0.11895134299993515,25.040769577026367,16.07585334777832,11.16122055053711
scene14_traj2_1__000020,0.07584291696548462,0.11870395392179489,0.4987957179546356,0.48954150080680847,0.7604303359985352,15.888352394104004,10.970754623413086,0.07584291696548462,0.11870395392179489,24.962608337402344,15.888352394104004,10.970754623413086
scene14_traj2_1__000021,0.07647901773452759,0.12002976983785629,0.49916255474090576,0.4904802143573761,0.7619650959968567,16.013263702392578,11.171814918518066,0.07647901773452759,0.12002976983785629,25.002424240112305,16.013263702392578,11.171814918518066
scene14_traj2_1__000022,0.07630407065153122,0.11940059065818787,0.5035108327865601,0.4906735420227051,0.7655259966850281,16.153053283691406,11.139408111572266,0.07630407065153122,0.11940059065818787,25.142475128173828,16.153053283691406,11.139408111572266
scene14_traj2_1__000023,0.07682608813047409,0.12010857462882996,0.5061944723129272,0.4989761710166931,0.7739240527153015,16.530303955078125,11.458443641662598,0.07682608813047409,0.12010857462882996,25.455785751342773,16.530303955078125,11.458443641662598
scene14_traj2_1__000024,0.07612959295511246,0.11935512721538544,0.5025651454925537,0.4911949932575226,0.7653873562812805,16.200471878051758,11.21035385131836,0.07612959295511246,0.11935512721538544,25.12179183959961,16.200471878051758,11.21035385131836
scene14_traj2_1__000025,0.0762532576918602,0.11949089169502258,0.5009998083114624,0.49151790142059326,0.7640983462333679,16.132444381713867,11.164907455444336,0.0762532576918602,0.11949089169502258,25.091951370239258,16.132444381713867,11.164907455444336
scene14_traj2_1__000026,0.07709049433469772,0.12098156660795212,0.504184365272522,0.4900971055030823,0.7655300498008728,16.137306213378906,11.261496543884277,0.07709049433469772,0.12098156660795212,25.123323440551758,16.137306213378906,11.261496543884277
scene14_traj2_1__000027,0.07719449698925018,0.12073564529418945,0.5085269808769226,0.4971846044063568,0.7744656205177307,16.588489532470703,11.547259330749512,0.07719449698925018,0.12073564529418945,25.495376586914062,16.588489532470703,11.547259330749512
scene14_traj2_1__000028,0.07794706523418427,0.1217082291841507,0.5111311078071594,0.4988325238227844,0.7774858474731445,16.775257110595703,11.640820503234863,0.07794706523418427,0.1217082291841507,25.590656280517578,16.775257110595703,11.640820503234863
scene14_traj2_1__000029,0.07795659452676773,0.12182773649692535,0.5083542466163635,0.4951115548610687,0.7720224857330322,16.456819534301758,11.452059745788574,0.07795659452676773,0.12182773649692535,25.375986099243164,16.456819534301758,11.452059745788574
scene14_traj2_1__000030,0.0780591368675232,0.12236971408128738,0.509564220905304,0.4940471351146698,0.7724395394325256,16.541990280151367,11.581829071044922,0.0780591368675232,0.12236971408128738,25.375354766845703,16.541990280151367,11.581829071044922
scene14_traj2_1__000031,0.07781808078289032,0.12199048697948456,0.5084993243217468,0.49682942032814026,0.7739874124526978,16.608667373657227,11.595995903015137,0.07781808078289032,0.12199048697948456,25.459196090698242,16.608667373657227,11.595995903015137
scene14_traj2_1__000032,0.07826697826385498,0.12230029702186584,0.5125701427459717,0.5017868280410767,0.7816051840782166,17.06235122680664,11.870718002319336,0.07826697826385498,0.12230029702186584,25.762285232543945,17.06235122680664,11.870718002319336
scene14_traj2_1__000033,0.07784301787614822,0.12198732793331146,0.5123949646949768,0.49939361214637756,0.7799835801124573,17.04232406616211,11.871447563171387,0.07784301787614822,0.12198732793331146,25.693201065063477,17.04232406616211,11.871447563171387
scene14_traj2_1__000034,0.07757199555635452,0.12157216668128967,0.51143479347229,0.49527618288993835,0.7756408452987671,16.719118118286133,11.609748840332031,0.07757199555635452,0.12157216668128967,25.52643585205078,16.719118118286133,11.609748840332031
scene14_traj2_1__000035,0.07796023786067963,0.12224023789167404,0.5138237476348877,0.49722176790237427,0.7790948748588562,16.8289852142334,11.71853256225586,0.07796023786067963,0.12224023789167404,25.656654357910156,16.8289852142334,11.71853256225586
scene14_traj2_1__000036,0.07848004251718521,0.12278847396373749,0.5172139406204224,0.5032634735107422,0.786395251750946,17.210744857788086,12.041988372802734,0.07848004251718521,0.12278847396373749,25.9539852142334,17.210744857788086,12.041988372802734
scene14_traj2_1__000037,0.07888989895582199,0.12348451465368271,0.5156540274620056,0.5016146898269653,0.7836845517158508,17.23115348815918,12.112472534179688,0.07888989895582199,0.12348451465368271,25.82547378540039,17.23115348815918,12.112472534179688
scene14_traj2_1__000038,0.07871189713478088,0.12377197295427322,0.5161468386650085,0.49662256240844727,0.7805327773094177,17.09322166442871,12.029267311096191,0.07871189713478088,0.12377197295427322,25.68157386779785,17.09322166442871,12.029267311096191
scene14_traj2_1__000039,0.07881686091423035,0.12398061156272888,0.5213523507118225,0.4980408251285553,0.7858203053474426,17.300567626953125,12.258003234863281,0.07881686091423035,0.12398061156272888,25.86188507080078,17.300567626953125,12.258003234863281
scene14_traj2_1__000040,0.07828668504953384,0.1231393814086914,0.5225299000740051,0.5033525228500366,0.7911036610603333,17.586206436157227,12.375322341918945,0.07828668504953384,0.1231393814086914,26.101224899291992,17.586206436157227,12.375322341918945
scene14_traj2_1__000041,0.07851844280958176,0.12343896180391312,0.5253196358680725,0.5096898674964905,0.7982255220413208,18.00214195251465,12.736898422241211,0.07851844280958176,0.12343896180391312,26.358396530151367,18.00214195251465,12.736898422241211
scene14_traj2_1__000042,0.07743039727210999,0.12168088555335999,0.5194247961044312,0.5031269192695618,0.7883651256561279,17.637697219848633,12.462307929992676,0.07743039727210999,0.12168088555335999,25.997026443481445,17.637697219848633,12.462307929992676
scene14_traj2_1__000043,0.07687126845121384,0.12147269397974014,0.5261391401290894,0.5036624073982239,0.7939901947975159,17.809701919555664,12.627986907958984,0.07687126845121384,0.12147269397974014,26.161678314208984,17.809701919555664,12.627986907958984
scene14_traj2_1__000044,0.07702597975730896,0.12129978090524673,0.5272635221481323,0.503588080406189,0.7952930331230164,17.945959091186523,12.740893363952637,0.07702597975730896,0.12129978090524673,26.234556198120117,17.945959091186523,12.740893363952637
scene14_traj2_1__000045,0.07637956738471985,0.12016557902097702,0.5296832323074341,0.5105395317077637,0.8032304048538208,18.430463790893555,13.12472915649414,0.07637956738471985,0.12016557902097702,26.545761108398438,18.430463790893555,13.12472915649414
scene14_traj2_1__000046,0.07552164047956467,0.11919298768043518,0.5270618200302124,0.5098803043365479,0.8006448745727539,18.173540115356445,12.790526390075684,0.07552164047956467,0.11919298768043518,26.45379066467285,18.173540115356445,12.790526390075684
scene14_traj2_1__000047,0.07523207366466522,0.1188499853014946,0.5258653163909912,0.5048931837081909,0.7958783507347107,17.95713996887207,12.648453712463379,0.07523207366466522,0.1188499853014946,26.25942611694336,17.95713996887207,12.648453712463379
scene14_traj2_1__000048,0.07500804960727692,0.11841367185115814,0.5288777351379395,0.5077731013298035,0.8000220656394958,18.166940689086914,12.863581657409668,0.07500804960727692,0.11841367185115814,26.418594360351562,18.166940689086914,12.863581657409668
scene14_traj2_1__000049,0.07458895444869995,0.11737629771232605,0.5346404910087585,0.5122542381286621,0.8083896636962891,18.471790313720703,13.046184539794922,0.07458895444869995,0.11737629771232605,26.744918823242188,18.471790313720703,13.046184539794922
scene14_traj2_1__000050,0.07422048598527908,0.11713071912527084,0.5350247621536255,0.5156250596046448,0.8115989565849304,18.862743377685547,13.431960105895996,0.07422048598527908,0.11713071912527084,26.847766876220703,18.862743377685547,13.431960105895996
scene14_traj2_1__000051,0.07354429364204407,0.11617954075336456,0.5333502292633057,0.5100486278533936,0.8057272434234619,18.583066940307617,13.20515251159668,0.07354429364204407,0.11617954075336456,26.597957611083984,18.583066940307617,13.20515251159668
scene14_traj2_1__000052,0.07343854010105133,0.11612394452095032,0.5330746173858643,0.50772625207901,0.8038966059684753,18.35523796081543,12.993368148803711,0.07343854010105133,0.11612394452095032,26.543291091918945,18.35523796081543,12.993368148803711
scene14_traj2_1__000053,0.072501540184021,0.11470581591129303,0.5364493727684021,0.5145838260650635,0.8120164275169373,18.675796508789062,13.280838966369629,0.072501540184021,0.11470581591129303,26.8381290435791,18.675796508789062,13.280838966369629
scene14_traj2_1__000054,0.0731690526008606,0.11563034355640411,0.5424139499664307,0.5177977085113525,0.8197839260101318,19.247827529907227,13.775187492370605,0.0731690526008606,0.11563034355640411,27.158124923706055,19.247827529907227,13.775187492370605
scene14_traj2_1__000055,0.07205057144165039,0.11395938694477081,0.542509913444519,0.5209066271781921,0.8218165040016174,19.49240493774414,14.13762092590332,0.07205057144165039,0.11395938694477081,27.197114944458008,19.49240493774414,14.13762092590332
scene14_traj2_1__000056,0.07150590419769287,0.11321771889925003,0.5462599396705627,0.5169486403465271,0.821239709854126,19.343856811523438,13.95288372039795,0.07150590419769287,0.11321771889925003,27.153526306152344,19.343856811523438,13.95288372039795
scene14_traj2_1__000057,0.07047781348228455,0.11160589009523392,0.5431784987449646,0.5159772634506226,0.8182377219200134,19.184080123901367,13.7972993850708,0.07047781348228455,0.11160589009523392,27.028127670288086,19.184080123901367,13.7972993850708
scene14_traj2_1__000058,0.07072499394416809,0.11184702068567276,0.5463724136352539,0.5173232555389404,0.8221880793571472,19.410564422607422,14.026156425476074,0.07072499394416809,0.11184702068567276,27.184301376342773,19.410564422607422,14.026156425476074
scene14_traj2_1__000059,0.07105720043182373,0.11241793632507324,0.5485330820083618,0.5213524103164673,0.8267491459846497,19.70418930053711,14.303947448730469,0.07105720043182373,0.11241793632507324,27.36037826538086,19.70418930053711,14.303947448730469
scene14_traj2_1__000060,0.07076629251241684,0.1119595319032669,0.5531154870986938,0.5310242176055908,0.8387114405632019,20.425251007080078,15.036139488220215,0.07076629251241684,0.1119595319032669,27.80731201171875,20.425251007080078,15.036139488220215
scene14_traj2_1__000061,0.07002956420183182,0.11076344549655914,0.5476616024971008,0.5236355662345886,0.8290279507637024,19.90411376953125,14.455636978149414,0.07002956420183182,0.11076344549655914,27.447254180908203,19.90411376953125,14.455636978149414
scene14_traj2_1__000062,0.07025229930877686,0.1112508699297905,0.5470842719078064,0.5198620557785034,0.8251513242721558,19.775827407836914,14.525630950927734,0.07025229930877686,0.1112508699297905,27.273700714111328,19.775827407836914,14.525630950927734
scene14_traj2_1__000063,0.06970670819282532,0.11067996174097061,0.545437216758728,0.5195230841636658,0.8237442374229431,19.72939109802246,14.39684009552002,0.06970670819282532,0.11067996174097061,27.2403507232666,19.72939109802246,14.39684009552002
scene14_traj2_1__000064,0.0705317035317421,0.11205308139324188,0.549642026424408,0.521144688129425,0.8285128474235535,20.088394165039062,14.80977725982666,0.0705317035317421,0.11205308139324188,27.415760040283203,20.088394165039062,14.80977725982666
scene14_traj2_1__000065,0.07163858413696289,0.11336640268564224,0.554015040397644,0.5280227661132812,0.8388052582740784,20.847251892089844,15.73281192779541,0.07163858413696289,0.11336640268564224,27.83399772644043,20.847251892089844,15.73281192779541
scene14_traj2_1__000066,0.07224083691835403,0.11414751410484314,0.5552383661270142,0.5274479389190674,0.8386660814285278,20.995576858520508,15.890280723571777,0.07224083691835403,0.11414751410484314,27.815452575683594,20.995576858520508,15.890280723571777
scene14_traj2_2__000000,0.07796965539455414,0.12058985978364944,0.541887104511261,0.5070875287055969,0.8159934282302856,20.941787719726562,16.383718490600586,0.07796965539455414,0.12058985978364944,27.048030853271484,20.941787719726562,16.383718490600586
scene14_traj2_2__000001,0.07941564172506332,0.12241695076227188,0.5462281107902527,0.5074307918548584,0.8191038370132446,21.103912353515625,16.634140014648438,0.07941564172506332,0.12241695076227188,27.168502807617188,21.103912353515625,16.634140014648438
scene14_traj2_2__000002,0.07930228859186172,0.12197261303663254,0.5432395339012146,0.5102137327194214,0.8189765810966492,21.036273956298828,16.41972541809082,0.07930228859186172,0.12197261303663254,27.1983642578125,21.036273956298828,16.41972541809082
scene14_traj2_2__000003,0.08022073656320572,0.1227746456861496,0.5465222597122192,0.5157404541969299,0.8259482383728027,21.428739547729492,16.895097732543945,0.08022073656320572,0.1227746456861496,27.4527587890625,21.428739547729492,16.895097732543945
scene14_traj2_2__000004,0.07835680991411209,0.12053707242012024,0.544073224067688,0.5071649551391602,0.81817626953125,21.011260986328125,16.58340835571289,0.07835680991411209,0.12053707242012024,27.121614456176758,21.011260986328125,16.58340835571289
scene14_traj2_2__000005,0.0784437283873558,0.12034206837415695,0.547948956489563,0.5051916241645813,0.8198499083518982,21.14470863342285,16.833999633789062,0.0784437283873558,0.12034206837415695,27.14833641052246,21.14470863342285,16.833999633789062
scene14_traj2_2__000006,0.07821356505155563,0.12037809938192368,0.5579652190208435,0.5087783336639404,0.8303336501121521,21.60340690612793,17.425113677978516,0.07821356505155563,0.12037809938192368,27.508956909179688,21.60340690612793,17.425113677978516
scene14_traj2_2__000007,0.07827353477478027,0.12011807411909103,0.5576858520507812,0.5135726928710938,0.8342380523681641,21.8341121673584,17.66785430908203,0.07827353477478027,0.12011807411909103,27.670785903930664,21.8341121673584,17.66785430908203
scene14_traj2_2__000008,0.07786194235086441,0.11888192594051361,0.5581711530685425,0.5167669653892517,0.8371446132659912,22.05289077758789,17.90643310546875,0.07786194235086441,0.11888192594051361,27.807218551635742,22.05289077758789,17.90643310546875
scene14_traj2_2__000009,0.07780309021472931,0.11882150173187256,0.55745929479599,0.5130400657653809,0.8336493968963623,21.784313201904297,17.50750732421875,0.07780309021472931,0.11882150173187256,27.677488327026367,21.784313201904297,17.50750732421875
scene14_traj2_2__000010,0.07789163291454315,0.11917231976985931,0.5576661229133606,0.5113740563392639,0.8328924179077148,21.78504180908203,17.568485260009766,0.07789163291454315,0.11917231976985931,27.60087776184082,21.78504180908203,17.568485260009766
scene14_traj2_2__000011,0.07813958823680878,0.1194593757390976,0.5624244809150696,0.5140888094902039,0.8386105298995972,21.991504669189453,17.751089096069336,0.07813958823680878,0.1194593757390976,27.825849533081055,21.991504669189453,17.751089096069336
scene14_traj2_2__000012,0.07743465155363083,0.11827749758958817,0.5665143728256226,0.5189740061759949,0.8459942936897278,22.456090927124023,18.254384994506836,0.07743465155363083,0.11827749758958817,28.126455307006836,22.456090927124023,18.254384994506836
scene14_traj2_2__000013,0.07795887440443039,0.11880013346672058,0.5703619122505188,0.5256533026695251,0.8535277843475342,23.031280517578125,19.035442352294922,0.07795887440443039,0.11880013346672058,28.430828094482422,23.031280517578125,19.035442352294922
scene14_traj2_2__000014,0.07678767293691635,0.11738131195306778,0.5664913654327393,0.5166871547698975,0.8444713950157166,22.434587478637695,18.33229637145996,0.07678767293691635,0.11738131195306778,28.062822341918945,22.434587478637695,18.33229637145996
scene14_traj2_2__000015,0.07776417583227158,0.1189170554280281,0.5662771463394165,0.5149406790733337,0.843492329120636,22.38506507873535,18.434965133666992,0.07776417583227158,0.1189170554280281,27.99640655517578,22.38506507873535,18.434965133666992
scene14_traj2_2__000016,0.07784132659435272,0.11899477243423462,0.5690781474113464,0.518181562423706,0.8483538031578064,22.711801528930664,18.780588150024414,0.07784132659435272,0.11899477243423462,28.174251556396484,22.711801528930664,18.780588150024414
scene14_traj2_2__000017,0.0780801922082901,0.11868929117918015,0.5690101385116577,0.5242516994476318,0.8528613448143005,22.971750259399414,18.96345329284668,0.0780801922082901,0.11868929117918015,28.370214462280273,22.971750259399414,18.96345329284668
scene14_traj2_2__000018,0.0787980780005455,0.11988240480422974,0.5709435939788818,0.5191470384597778,0.8508629202842712,22.839492797851562,18.85975456237793,0.0787980780005455,0.11988240480422974,28.244037628173828,22.839492797851562,18.85975456237793
scene14_traj2_2__000019,0.07846498489379883,0.11964692175388336,0.5723793506622314,0.5160601735115051,0.8502151966094971,22.793949127197266,18.896438598632812,0.07846498489379883,0.11964692175388336,28.188032150268555,22.793949127197266,18.896438598632812
scene14_traj2_2__000020,0.07903013378381729,0.1199020966887474,0.5645403861999512,0.5168970227241516,0.8441346287727356,22.383296966552734,18.29790687561035,0.07903013378381729,0.1199020966887474,28.006206512451172,22.383296966552734,18.29790687561035
scene14_traj2_2__000021,0.07965926080942154,0.12056812644004822,0.572907030582428,0.5222187042236328,0.8559529781341553,23.171175003051758,19.298725128173828,0.07965926080942154,0.12056812644004822,28.434581756591797,23.171175003051758,19.298725128173828
scene14_traj2_2__000022,0.07919345796108246,0.12014241516590118,0.5707005858421326,0.5164132714271545,0.8492112755775452,22.776012420654297,18.937644958496094,0.07919345796108246,0.12014241516590118,28.170942306518555,22.776012420654297,18.937644958496094
scene14_traj2_2__000023,0.07782898098230362,0.11854525655508041,0.5718838572502136,0.5130487084388733,0.8486889004707336,22.779624938964844,19.100927352905273,0.07782898098230362,0.11854525655508041,28.11581039428711,22.779624938964844,19.100927352905273
scene14_traj2_2__000024,0.07740825414657593,0.11728343367576599,0.5746175050735474,0.5210110545158386,0.8560670018196106,23.282182693481445,19.595827102661133,0.07740825414657593,0.11728343367576599,28.448070526123047,23.282182693481445,19.595827102661133
scene14_traj2_2__000025,0.07578709721565247,0.11548158526420593,0.5675355195999146,0.5128765106201172,0.8434979319572449,22.466062545776367,18.69380760192871,0.07578709721565247,0.11548158526420593,27.951086044311523,22.466062545776367,18.69380760192871
scene14_traj2_2__000026,0.07500582933425903,0.11438112705945969,0.5543720722198486,0.5067718029022217,0.8264599442481995,21.495067596435547,17.590478897094727,0.07500582933425903,0.11438112705945969,27.317153930664062,21.495067596435547,17.590478897094727
scene14_traj2_2__000027,0.07549862563610077,0.1147681325674057,0.5540198087692261,0.5146453976631165,0.8323853611946106,21.69239044189453,17.618751525878906,0.07549862563610077,0.1147681325674057,27.577688217163086,21.69239044189453,17.618751525878906
scene14_traj2_2__000028,0.07414590567350388,0.11333856731653214,0.5587013959884644,0.509402871131897,0.8327851891517639,21.64442253112793,17.660520553588867,0.07414590567350388,0.11333856731653214,27.56414794921875,21.64442253112793,17.660520553588867
scene14_traj2_2__000029,0.07415980100631714,0.11336308717727661,0.5616485476493835,0.5085093379020691,0.8351762890815735,21.91667366027832,18.117984771728516,0.07415980100631714,0.11336308717727661,27.61908721923828,21.91667366027832,18.117984771728516
scene14_traj2_2__000030,0.07400790601968765,0.11243531107902527,0.567983090877533,0.523253858089447,0.8508350253105164,22.589811325073242,18.639074325561523,0.07400790601968765,0.11243531107902527,28.238739013671875,22.589811325073242,18.639074325561523
scene14_traj2_2__000031,0.07228328287601471,0.11070139706134796,0.5740990042686462,0.5144974589347839,0.8513080477714539,22.709016799926758,18.98269271850586,0.07228328287601471,0.11070139706134796,28.193180084228516,22.709016799926758,18.98269271850586
scene14_traj2_2__000032,0.07212018221616745,0.11094317585229874,0.5708054900169373,0.5136791467666626,0.8480734825134277,22.533788681030273,18.74993324279785,0.07212018221616745,0.11094317585229874,28.080087661743164,22.533788681030273,18.74993324279785
scene14_traj2_2__000033,0.07312217354774475,0.11173155903816223,0.5674707889556885,0.5198216438293457,0.8485002517700195,22.560985565185547,18.49432945251465,0.07312217354774475,0.11173155903816223,28.13054656982422,22.560985565185547,18.49432945251465
scene14_traj2_2__000034,0.0707804262638092,0.1093934029340744,0.5789865255355835,0.5207077860832214,0.8600709438323975,23.114591598510742,19.358556747436523,0.0707804262638092,0.1093934029340744,28.53670310974121,23.114591598510742,19.358556747436523
scene14_traj2_2__000035,0.07000038772821426,0.10948400944471359,0.5868082046508789,0.518056333065033,0.8645216226577759,23.405794143676758,19.845651626586914,0.07000038772821426,0.10948400944471359,28.673606872558594,23.405794143676758,19.845651626586914
scene14_traj2_2__000036,0.07067017257213593,0.11028917133808136,0.5812346339225769,0.5272265076637268,0.8672648072242737,23.478527069091797,19.755224227905273,0.07067017257213593,0.11028917133808136,28.792266845703125,23.478527069091797,19.755224227905273
scene14_traj2_2__000037,0.07019932568073273,0.10971689224243164,0.5787779688835144,0.521047055721283,0.8601469397544861,23.03278160095215,19.258691787719727,0.07019932568073273,0.10971689224243164,28.5074462890625,23.03278160095215,19.258691787719727
scene14_traj2_2__000038,0.06990091502666473,0.1095242127776146,0.5834571719169617,0.5159783959388733,0.8603066802024841,23.13983154296875,19.47715187072754,0.06990091502666473,0.1095242127776146,28.5185604095459,23.13983154296875,19.47715187072754
scene14_traj2_2__000039,0.06983634829521179,0.10921071469783783,0.5747351050376892,0.5214079022407532,0.8556711673736572,22.71118927001953,18.643386840820312,0.06983634829521179,0.10921071469783783,28.41353416442871,22.71118927001953,18.643386840820312
scene14_traj2_2__000040,0.07045997679233551,0.10992099344730377,0.5721309185028076,0.5190036296844482,0.8514592051506042,22.497623443603516,18.49360466003418,0.07045997679233551,0.10992099344730377,28.2292537689209,22.497623443603516,18.49360466003418
scene14_traj2_2__000041,0.07332911342382431,0.11296845972537994,0.5587543249130249,0.5094454884529114,0.8328370451927185,21.771780014038086,17.697128295898438,0.07332911342382431,0.11296845972537994,27.587196350097656,21.771780014038086,17.697128295898438
scene14_traj2_2__000042,0.07371623814105988,0.11304386705160141,0.5555375814437866,0.5148041248321533,0.8335533738136292,21.74272918701172,17.51578712463379,0.07371623814105988,0.11304386705160141,27.684900283813477,21.74272918701172,17.51578712463379
scene14_traj2_2__000043,0.08051121979951859,0.1222519800066948,0.5604426264762878,0.5070238709449768,0.8329156637191772,21.92588996887207,18.1415958404541,0.08051121979951859,0.1222519800066948,27.550003051757812,21.92588996887207,18.1415958404541
scene14_traj2_2__000044,0.08323968201875687,0.1255292296409607,0.5471977591514587,0.49853768944740295,0.8142777681350708,21.038820266723633,17.158727645874023,0.08323968201875687,0.1255292296409607,26.898900985717773,21.038820266723633,17.158727645874023
scene14_traj2_2__000045,0.08700290322303772,0.12935233116149902,0.5264270305633545,0.48943910002708435,0.7892974019050598,20.120508193969727,16.227792739868164,0.08700290322303772,0.12935233116149902,26.041641235351562,20.120508193969727,16.227792739868164
scene14_traj2_2__000046,0.09336437284946442,0.1372588723897934,0.5328142046928406,0.4864635765552521,0.7916919589042664,20.349428176879883,16.656963348388672,0.09336437284946442,0.1372588723897934,26.05609893798828,20.349428176879883,16.656963348388672
scene14_traj2_2__000047,0.09303056448698044,0.13728921115398407,0.5336322784423828,0.4804139733314514,0.7884393334388733,20.189918518066406,16.600025177001953,0.09303056448698044,0.13728921115398407,25.892995834350586,20.189918518066406,16.600025177001953
scene14_traj2_2__000048,0.09346303343772888,0.13688553869724274,0.5227914452552795,0.4836238920688629,0.7811453938484192,19.821266174316406,16.062084197998047,0.09346303343772888,0.13688553869724274,25.689258575439453,19.821266174316406,16.062084197998047
scene14_traj2_2__000049,0.0940074697136879,0.1384270340204239,0.5282812118530273,0.4793614149093628,0.783011257648468,19.743366241455078,16.193965911865234,0.0940074697136879,0.1384270340204239,25.71294403076172,19.743366241455078,16.193965911865234
scene14_traj2_2__000050,0.09224331378936768,0.135735422372818,0.5096228122711182,0.47668516635894775,0.765024721622467,18.766218185424805,14.900763511657715,0.09224331378936768,0.135735422372818,25.1617488861084,18.766218185424805,14.900763511657715
scene14_traj2_2__000051,0.09325158596038818,0.13817252218723297,0.5131706595420837,0.4788782596588135,0.7686735987663269,18.752334594726562,14.99724006652832,0.09325158596038818,0.13817252218723297,25.26947021484375,18.752334594726562,14.99724006652832
scene14_traj2_2__000052,0.09287132322788239,0.13762347400188446,0.5151525735855103,0.4730164110660553,0.7657913565635681,18.59067726135254,14.888406753540039,0.09287132322788239,0.13762347400188446,25.154800415039062,18.59067726135254,14.888406753540039
scene14_traj2_2__000053,0.0929139256477356,0.13752011954784393,0.5072984099388123,0.4763551950454712,0.761240541934967,18.194692611694336,14.248173713684082,0.0929139256477356,0.13752011954784393,25.058839797973633,18.194692611694336,14.248173713684082
scene14_traj2_2__000054,0.09365048259496689,0.13932187855243683,0.504658043384552,0.4674956798553467,0.7518507838249207,17.769065856933594,13.956207275390625,0.09365048259496689,0.13932187855243683,24.689077377319336,17.769065856933594,13.956207275390625
scene14_traj2_2__000055,0.09505479037761688,0.1409185379743576,0.506879985332489,0.46783164143562317,0.7538338899612427,17.729171752929688,13.952667236328125,0.09505479037761688,0.1409185379743576,24.789039611816406,17.729171752929688,13.952667236328125
scene14_traj2_2__000056,0.09552237391471863,0.14164027571678162,0.5012757182121277,0.4716379642486572,0.7509046792984009,17.63208770751953,13.778104782104492,0.09552237391471863,0.14164027571678162,24.692182540893555,17.63208770751953,13.778104782104492
scene14_traj2_2__000057,0.09581809490919113,0.1423417180776596,0.5050208568572998,0.46559053659439087,0.7494030594825745,17.46393394470215,13.704842567443848,0.09581809490919113,0.1423417180776596,24.623628616333008,17.46393394470215,13.704842567443848
scene14_traj2_2__000058,0.09597694873809814,0.14244282245635986,0.5041516423225403,0.4661743640899658,0.7487323880195618,17.511220932006836,13.762860298156738,0.09597694873809814,0.14244282245635986,24.595020294189453,17.511220932006836,13.762860298156738
scene14_traj2_2__000059,0.09806251525878906,0.14476647973060608,0.4905734658241272,0.462760329246521,0.7354256510734558,17.009967803955078,13.184822082519531,0.09806251525878906,0.14476647973060608,24.15366554260254,17.009967803955078,13.184822082519531
scene14_traj2_2__000060,0.09727095067501068,0.1443345546722412,0.4927392899990082,0.4596754014492035,0.7346306443214417,16.907432556152344,13.085859298706055,0.09727095067501068,0.1443345546722412,24.122623443603516,16.907432556152344,13.085859298706055
scene14_traj2_2__000061,0.0966731458902359,0.143294557929039,0.49247801303863525,0.467049777507782,0.739678680896759,17.08199119567871,13.033275604248047,0.0966731458902359,0.143294557929039,24.352222442626953,17.08199119567871,13.033275604248047
scene14_traj2_2__000062,0.0969528779387474,0.14419642090797424,0.49163398146629333,0.4612562656402588,0.7338288426399231,16.77679443359375,12.85993480682373,0.0969528779387474,0.14419642090797424,24.120548248291016,16.77679443359375,12.85993480682373
scene14_traj2_2__000063,0.09740544110536575,0.14511796832084656,0.4924180805683136,0.45870113372802734,0.7340160608291626,16.696144104003906,12.820523262023926,0.09740544110536575,0.14511796832084656,24.113990783691406,16.696144104003906,12.820523262023926
scene14_traj2_2__000064,0.09247327595949173,0.13981103897094727,0.4832198917865753,0.4586498439311981,0.7254672050476074,15.871073722839355,11.667640686035156,0.09247327595949173,0.13981103897094727,23.868284225463867,15.871073722839355,11.667640686035156
scene14_traj2_2__000065,0.09103547036647797,0.1386064738035202,0.4833989143371582,0.4564818739891052,0.7244018912315369,15.751097679138184,11.423182487487793,0.09103547036647797,0.1386064738035202,23.82866096496582,15.751097679138184,11.423182487487793
scene14_traj2_2__000066,0.0917041152715683,0.13925588130950928,0.48283150792121887,0.46233636140823364,0.728319525718689,16.00914192199707,11.562239646911621,0.0917041152715683,0.13925588130950928,23.98773193359375,16.00914192199707,11.562239646911621
scene14_traj2_2__000067,0.09224243462085724,0.14043453335762024,0.4831017851829529,0.45370927453041077,0.7217888236045837,15.543549537658691,11.191129684448242,0.09224243462085724,0.14043453335762024,23.74622344970703,15.543549537658691,11.191129684448242
scene14_traj2_2__000068,0.09262388944625854,0.140528604388237,0.4856179356575012,0.45562294125556946,0.7258244156837463,15.777000427246094,11.40642261505127,0.09262388944625854,0.140528604388237,23.89617919921875,15.777000427246094,11.40642261505127
scene14_traj2_2__000069,0.09613631665706635,0.14503297209739685,0.4912915825843811,0.4665842652320862,0.7382869124412537,16.77719497680664,12.45053768157959,0.09613631665706635,0.14503297209739685,24.348079681396484,16.77719497680664,12.45053768157959
scene14_traj2_2__000070,0.09913171827793121,0.15040495991706848,0.4983130395412445,0.46940720081329346,0.7479732632637024,17.49644660949707,13.280872344970703,0.09913171827793121,0.15040495991706848,24.672609329223633,17.49644660949707,13.280872344970703
scene14_traj2_2__000071,0.09897003322839737,0.14972800016403198,0.498992919921875,0.47522932291030884,0.7534242272377014,17.864309310913086,13.558002471923828,0.09897003322839737,0.14972800016403198,24.889184951782227,17.864309310913086,13.558002471923828
scene14_traj2_2__000072,0.10153073817491531,0.15426813066005707,0.5004011392593384,0.47734761238098145,0.7561306953430176,17.94866943359375,13.603205680847168,0.10153073817491531,0.15426813066005707,24.982053756713867,17.94866943359375,13.603205680847168
scene14_traj2_2__000073,0.1015765592455864,0.1550467312335968,0.4989668130874634,0.47284162044525146,0.7521559000015259,17.71038055419922,13.320344924926758,0.1015765592455864,0.1550467312335968,24.84688949584961,17.71038055419922,13.320344924926758
scene14_traj2_2__000074,0.10235317051410675,0.1560487002134323,0.5092739462852478,0.4861767888069153,0.7707815170288086,18.664064407348633,14.285614967346191,0.10235317051410675,0.1560487002134323,25.492063522338867,18.664064407348633,14.285614967346191
scene14_traj2_2__000075,0.10171940177679062,0.15617774426937103,0.509468138217926,0.476998507976532,0.7640947103500366,18.3572998046875,14.069942474365234,0.10171940177679062,0.15617774426937103,25.234050750732422,18.3572998046875,14.069942474365234
scene14_traj2_2__000076,0.10132071375846863,0.15517309308052063,0.5098423957824707,0.48819485306739807,0.7734062671661377,18.734342575073242,14.25302791595459,0.10132071375846863,0.15517309308052063,25.61821937561035,18.734342575073242,14.25302791595459
scene14_traj2_2__000077,0.1019008681178093,0.15660053491592407,0.5116779208183289,0.4846764802932739,0.7719011902809143,18.730918884277344,14.427630424499512,0.1019008681178093,0.15660053491592407,25.491979598999023,18.730918884277344,14.427630424499512
scene14_traj2_2__000078,0.10002806037664413,0.15402810275554657,0.5153275728225708,0.48721951246261597,0.7772705554962158,18.973682403564453,14.619595527648926,0.10002806037664413,0.15402810275554657,25.71967124938965,18.973682403564453,14.619595527648926
scene14_traj2_2__000079,0.10104148834943771,0.15547730028629303,0.5188664793968201,0.4923996329307556,0.7843610048294067,19.297229766845703,14.844255447387695,0.10104148834943771,0.15547730028629303,25.975231170654297,19.297229766845703,14.844255447387695
scene14_traj2_2__000080,0.10088838636875153,0.15743833780288696,0.524245023727417,0.4953156113624573,0.7916526794433594,19.555192947387695,15.059699058532715,0.10088838636875153,0.15743833780288696,26.21146583557129,19.555192947387695,15.059699058532715
scene14_traj2_2__000081,0.10111166536808014,0.1570201963186264,0.5263987183570862,0.5019311308860779,0.7981877326965332,19.943614959716797,15.326129913330078,0.10111166536808014,0.1570201963186264,26.45223617553711,19.943614959716797,15.326129913330078
scene14_traj2_2__000082,0.10181218385696411,0.15843695402145386,0.5209783315658569,0.4904114603996277,0.784856379032135,19.097578048706055,14.587428092956543,0.10181218385696411,0.15843695402145386,25.962594985961914,19.097578048706055,14.587428092956543
scene14_traj2_2__000083,0.09993341565132141,0.1551530957221985,0.5187904834747314,0.4936586618423462,0.7841292023658752,18.74614715576172,14.140767097473145,0.09993341565132141,0.1551530957221985,26.000404357910156,18.74614715576172,14.140767097473145
scene14_traj2_2__000084,0.09981127083301544,0.15478967130184174,0.5177494883537292,0.4938047528266907,0.7825332283973694,18.575162887573242,14.080713272094727,0.09981127083301544,0.15478967130184174,25.893991470336914,18.575162887573242,14.080713272094727
scene14_traj2_2__000085,0.0982026755809784,0.152955561876297,0.5129961967468262,0.4841934144496918,0.7703744769096375,17.553253173828125,12.977846145629883,0.0982026755809784,0.152955561876297,25.456418991088867,17.553253173828125,12.977846145629883
scene14_traj2_2__000086,0.09757917374372482,0.15110523998737335,0.5156569480895996,0.48993775248527527,0.7772665023803711,17.82560920715332,13.083694458007812,0.09757917374372482,0.15110523998737335,25.761005401611328,17.82560920715332,13.083694458007812
scene14_traj2_2__000087,0.09761463105678558,0.15241122245788574,0.5066637992858887,0.48309651017189026,0.7639932632446289,17.047653198242188,12.422832489013672,0.09761463105678558,0.15241122245788574,25.217872619628906,17.047653198242188,12.422832489013672
scene14_traj2_2__000088,0.09805972129106522,0.1530984491109848,0.5067233443260193,0.47926685214042664,0.761134922504425,16.9782772064209,12.377579689025879,0.09805972129106522,0.1530984491109848,25.12273406982422,16.9782772064209,12.377579689025879
scene14_traj2_2__000089,0.09770652651786804,0.15184256434440613,0.5079199075698853,0.4875299334526062,0.7682461142539978,17.228681564331055,12.373000144958496,0.09770652651786804,0.15184256434440613,25.449085235595703,17.228681564331055,12.373000144958496
scene14_traj2_2__000090,0.09850984811782837,0.1537104845046997,0.5039156675338745,0.4793402850627899,0.7586438655853271,16.69637680053711,12.024516105651855,0.09850984811782837,0.1537104845046997,25.062484741210938,16.69637680053711,12.024516105651855
scene14_traj2_2__000091,0.098912313580513,0.15418332815170288,0.5083147883415222,0.48138731718063354,0.7638075947761536,16.910598754882812,12.202413558959961,0.098912313580513,0.15418332815170288,25.259584426879883,16.910598754882812,12.202413558959961
scene14_traj2_2__000092,0.09971031546592712,0.15455268323421478,0.5003336668014526,0.48290741443634033,0.7582950592041016,16.830469131469727,12.10640811920166,0.09971031546592712,0.15455268323421478,25.087444305419922,16.830469131469727,12.10640811920166
scene14_traj2_2__000093,0.10381323844194412,0.16112767159938812,0.5002465844154358,0.4744415283203125,0.7514474391937256,16.542804718017578,12.062646865844727,0.10381323844194412,0.16112767159938812,24.820852279663086,16.542804718017578,12.062646865844727
scene14_traj2_2__000094,0.10534491389989853,0.16246642172336578,0.497903048992157,0.4733097553253174,0.7497295141220093,16.502473831176758,11.898809432983398,0.10534491389989853,0.16246642172336578,24.846996307373047,16.502473831176758,11.898809432983398
scene14_traj2_2__000095,0.10551950335502625,0.16276463866233826,0.49462318420410156,0.46519386768341064,0.7395671606063843,16.01947784423828,11.5180025100708,0.10551950335502625,0.16276463866233826,24.413015365600586,16.01947784423828,11.5180025100708
scene14_traj2_2__000096,0.1057506874203682,0.16376152634620667,0.5005707144737244,0.46535825729370117,0.74526447057724,16.28212547302246,11.834031105041504,0.1057506874203682,0.16376152634620667,24.61798858642578,16.28212547302246,11.834031105041504
scene14_traj2_2__000097,0.10478214174509048,0.16273416578769684,0.49743351340293884,0.4756152927875519,0.7497498989105225,16.474239349365234,11.918766975402832,0.10478214174509048,0.16273416578769684,24.75446319580078,16.474239349365234,11.918766975402832
scene14_traj2_2__000098,0.1030699610710144,0.16152217984199524,0.5054529309272766,0.4747595489025116,0.7555071115493774,16.391633987426758,11.826778411865234,0.1030699610710144,0.16152217984199524,24.904888153076172,16.391633987426758,11.826778411865234
scene14_traj2_2__000099,0.09920287877321243,0.15657852590084076,0.5131418108940125,0.4829633831977844,0.7682890295982361,16.70437240600586,11.773275375366211,0.09920287877321243,0.15657852590084076,25.385478973388672,16.70437240600586,11.773275375366211
scene14_traj2_2__000100,0.09716206043958664,0.15499769151210785,0.5165218114852905,0.4854828417301178,0.7721916437149048,16.862279891967773,12.056366920471191,0.09716206043958664,0.15499769151210785,25.41629981994629,16.862279891967773,12.056366920471191
scene14_traj2_2__000101,0.0965224876999855,0.1538945883512497,0.5193848609924316,0.4818355143070221,0.7718419432640076,16.754680633544922,11.896833419799805,0.0965224876999855,0.1538945883512497,25.425487518310547,16.754680633544922,11.896833419799805
scene14_traj2_2__000102,0.09628443419933319,0.15343770384788513,0.5169108510017395,0.48693275451660156,0.7736844420433044,17.14897918701172,12.275270462036133,0.09628443419933319,0.15343770384788513,25.48604965209961,17.14897918701172,12.275270462036133
scene14_traj2_2__000103,0.09749211370944977,0.15421278774738312,0.5115933418273926,0.47645631432533264,0.7616031765937805,16.53742218017578,11.786002159118652,0.09749211370944977,0.15421278774738312,25.10024070739746,16.53742218017578,11.786002159118652
scene14_traj2_2__000104,0.09734639525413513,0.15235744416713715,0.5099055171012878,0.4808051586151123,0.7650609612464905,17.025373458862305,12.122987747192383,0.09734639525413513,0.15235744416713715,25.314748764038086,17.025373458862305,12.122987747192383
scene14_traj2_2__000105,0.09938589483499527,0.15380936861038208,0.5023871660232544,0.47266459465026855,0.7529129981994629,16.67238998413086,11.95824146270752,0.09938589483499527,0.15380936861038208,24.89284896850586,16.67238998413086,11.95824146270752
scene14_traj2_2__000106,0.09983167797327042,0.15497396886348724,0.5077160596847534,0.4715195596218109,0.7561389207839966,16.894977569580078,12.243176460266113,0.09983167797327042,0.15497396886348724,25.0036678314209,16.894977569580078,12.243176460266113
scene14_traj2_2__000107,0.10305942595005035,0.15875837206840515,0.5039499402046204,0.4736020863056183,0.7546758055686951,17.053346633911133,12.38831615447998,0.10305942595005035,0.15875837206840515,24.9617919921875,17.053346633911133,12.38831615447998
scene14_traj2_2__000108,0.10797223448753357,0.16472488641738892,0.49145621061325073,0.45928019285202026,0.7338266968727112,16.326194763183594,11.91524887084961,0.10797223448753357,0.16472488641738892,24.249649047851562,16.326194763183594,11.91524887084961
scene14_traj2_2__000109,0.10998917371034622,0.16828475892543793,0.5001901984214783,0.4684118926525116,0.747736394405365,17.026615142822266,12.559286117553711,0.10998917371034622,0.16828475892543793,24.744348526000977,17.026615142822266,12.559286117553711
scene14_traj2_2__000110,0.10967765748500824,0.1683659553527832,0.4941253960132599,0.4684143364429474,0.7423555254936218,16.850374221801758,12.428464889526367,0.10967765748500824,0.1683659553527832,24.538890838623047,16.850374221801758,12.428464889526367
scene14_traj2_2__000111,0.10925031453371048,0.1678917109966278,0.4969158470630646,0.4615267515182495,0.7398636341094971,16.612279891967773,12.202669143676758,0.10925031453371048,0.1678917109966278,24.453771591186523,16.612279891967773,12.202669143676758
scene14_traj2_2__000112,0.10703230649232864,0.1649421602487564,0.4959195554256439,0.47257304191589355,0.7473728656768799,16.9814510345459,12.385712623596191,0.10703230649232864,0.1649421602487564,24.722837448120117,16.9814510345459,12.385712623596191
scene14_traj2_2__000113,0.10281901806592941,0.15951155126094818,0.5026783347129822,0.46919867396354675,0.7499576807022095,16.90636444091797,12.469891548156738,0.10281901806592941,0.15951155126094818,24.75223731994629,16.90636444091797,12.469891548156738
scene14_traj2_2__000114,0.10047699511051178,0.1570236086845398,0.5174157023429871,0.4756031036376953,0.7679548263549805,17.567594528198242,13.122916221618652,0.10047699511051178,0.1570236086845398,25.392074584960938,17.567594528198242,13.122916221618652
scene14_traj2_2__000115,0.10089313983917236,0.15866489708423615,0.512582004070282,0.479224294424057,0.7659585475921631,17.477724075317383,12.857951164245605,0.10089313983917236,0.15866489708423615,25.318395614624023,17.477724075317383,12.857951164245605
scene14_traj2_2__000116,0.10034500807523727,0.15798957645893097,0.5210264325141907,0.4731571674346924,0.7686379551887512,17.600008010864258,13.312100410461426,0.10034500807523727,0.15798957645893097,25.385465621948242,17.600008010864258,13.312100410461426
scene14_traj2_2__000117,0.11156336218118668,0.1720479428768158,0.5113816261291504,0.4619917571544647,0.7525250911712646,16.987545013427734,13.043694496154785,0.11156336218118668,0.1720479428768158,24.79547119140625,16.987545013427734,13.043694496154785
scene14_traj2_2__000118,0.11699403077363968,0.1779295653104782,0.49938666820526123,0.45568370819091797,0.7373045682907104,16.421178817749023,12.386072158813477,0.11699403077363968,0.1779295653104782,24.328001022338867,16.421178817749023,12.386072158813477
scene14_traj2_2__000119,0.11836855113506317,0.17982003092765808,0.4801768660545349,0.45746442675590515,0.7211535573005676,15.91341495513916,11.725634574890137,0.11836855113506317,0.17982003092765808,23.831003189086914,15.91341495513916,11.725634574890137
scene14_traj2_2__000120,0.11951860785484314,0.18157534301280975,0.48810192942619324,0.4484279155731201,0.7212348580360413,15.787129402160645,11.762904167175293,0.11951860785484314,0.18157534301280975,23.783592224121094,15.787129402160645,11.762904167175293
scene14_traj2_2__000121,0.12187798321247101,0.18371422588825226,0.4889059066772461,0.4598880708217621,0.7305036187171936,16.38743019104004,12.227194786071777,0.12187798321247101,0.18371422588825226,24.15186882019043,16.38743019104004,12.227194786071777
scene14_traj2_2__000122,0.12199272215366364,0.1844792366027832,0.49718838930130005,0.4691318869590759,0.7452403903007507,17.50237274169922,13.490958213806152,0.12199272215366364,0.1844792366027832,24.56876564025879,17.50237274169922,13.490958213806152
scene14_traj2_2__000123,0.1164567619562149,0.17632509768009186,0.4910278916358948,0.4776187837123871,0.7475807070732117,17.34148597717285,12.960062026977539,0.1164567619562149,0.17632509768009186,24.718944549560547,17.34148597717285,12.960062026977539
scene14_traj2_2__000124,0.10717205703258514,0.1641361117362976,0.4961920976638794,0.4745078682899475,0.7495140433311462,16.985441207885742,12.482011795043945,0.10717205703258514,0.1641361117362976,24.80400276184082,16.985441207885742,12.482011795043945
scene14_traj2_2__000125,0.10740155726671219,0.164356991648674,0.5029714107513428,0.47158724069595337,0.752341091632843,17.061328887939453,12.664457321166992,0.10740155726671219,0.164356991648674,24.88561248779297,17.061328887939453,12.664457321166992
scene14_traj2_2__000126,0.0998929813504219,0.15329721570014954,0.4964664578437805,0.47964856028556824,0.7533363103866577,16.68303680419922,11.940771102905273,0.0998929813504219,0.15329721570014954,24.95201873779297,16.68303680419922,11.940771102905273
scene14_traj2_2__000127,0.09561148285865784,0.1485309600830078,0.4964638948440552,0.4771411716938019,0.7507369518280029,16.164674758911133,11.489245414733887,0.09561148285865784,0.1485309600830078,24.78588104248047,16.164674758911133,11.489245414733887
scene14_traj2_2__000128,0.0916866660118103,0.142141655087471,0.49977853894233704,0.479570597410202,0.7550391554832458,16.27296257019043,11.560789108276367,0.0916866660118103,0.142141655087471,24.898578643798828,16.27296257019043,11.560789108276367
scene14_traj2_2__000129,0.0891662985086441,0.13869300484657288,0.5034374594688416,0.4867026209831238,0.7632904648780823,16.76156234741211,11.972196578979492,0.0891662985086441,0.13869300484657288,25.184720993041992,16.76156234741211,11.972196578979492
scene14_traj2_2__000130,0.08952189236879349,0.13928452134132385,0.505892813205719,0.4854884743690491,0.7639414668083191,16.62644386291504,11.951154708862305,0.08952189236879349,0.13928452134132385,25.175640106201172,16.62644386291504,11.951154708862305
scene14_traj2_2__000131,0.08558975160121918,0.1327352076768875,0.5095244646072388,0.49798479676246643,0.7767798900604248,17.367279052734375,12.541196823120117,0.08558975160121918,0.1327352076768875,25.640640258789062,17.367279052734375,12.541196823120117
scene14_traj2_2__000132,0.08435209095478058,0.13111759722232819,0.5142135620117188,0.500589907169342,0.7819725275039673,17.57493019104004,12.727926254272461,0.08435209095478058,0.13111759722232819,25.786985397338867,17.57493019104004,12.727926254272461
scene14_traj2_2__000133,0.08200808614492416,0.1269225776195526,0.5234138369560242,0.5024112462997437,0.7912561893463135,18.023048400878906,13.273725509643555,0.08200808614492416,0.1269225776195526,26.088340759277344,18.023048400878906,13.273725509643555
scene14_traj2_2__000134,0.07854294776916504,0.12188728153705597,0.5199251174926758,0.5121833086013794,0.7958686351776123,18.428194046020508,13.481664657592773,0.07854294776916504,0.12188728153705597,26.2991943359375,18.428194046020508,13.481664657592773
scene14_traj2_2__000135,0.07859737426042557,0.12224691361188889,0.5152491331100464,0.5017552375793457,0.7842214107513428,17.844295501708984,13.041013717651367,0.07859737426042557,0.12224691361188889,25.840002059936523,17.844295501708984,13.041013717651367
scene14_traj2_2__000136,0.07699806988239288,0.11871864646673203,0.5118452310562134,0.5075772404670715,0.7858370542526245,17.67078971862793,12.84648609161377,0.07699806988239288,0.11871864646673203,25.878135681152344,17.67078971862793,12.84648609161377
scene14_traj2_2__000137,0.07683177292346954,0.11791156977415085,0.5105220079421997,0.5124797224998474,0.7880553603172302,17.91636085510254,13.058220863342285,0.07683177292346954,0.11791156977415085,25.983356475830078,17.91636085510254,13.058220863342285
scene14_traj2_2__000138,0.07656015455722809,0.11663103103637695,0.5068929195404053,0.5089157223701477,0.7815974354743958,17.566133499145508,12.817130088806152,0.07656015455722809,0.11663103103637695,25.724580764770508,17.566133499145508,12.817130088806152
scene14_traj2_2__000139,0.0767132118344307,0.11688577383756638,0.5118299722671509,0.5150068998336792,0.7905683517456055,17.966346740722656,13.0401029586792,0.0767132118344307,0.11688577383756638,26.073375701904297,17.966346740722656,13.0401029586792
scene14_traj2_2__000140,0.0766911506652832,0.1169516071677208,0.5068681240081787,0.5083033442497253,0.7816860675811768,17.61347198486328,12.803586959838867,0.0766911506652832,0.1169516071677208,25.73299217224121,17.61347198486328,12.803586959838867
scene14_traj2_2__000141,0.07711365818977356,0.11875563859939575,0.5045855641365051,0.5081956386566162,0.7797741293907166,17.454416275024414,12.673985481262207,0.07711365818977356,0.11875563859939575,25.676055908203125,17.454416275024414,12.673985481262207
