name,stage1_dolp_mae,stage1_dolp_rmse,stage1_cos_mae,stage1_sin_mae,stage1_cos_sin_vector_error,stage1_weighted_aolp_error_deg,stage1_high_dolp_aolp_error_deg,stage1_dop_mae,stage1_dop_rmse,stage1_aop_mae_deg,stage1_weighted_aop_mae_deg,stage1_high_dop_aop_mae_deg,stage2_dolp_mae,stage2_dolp_rmse,stage2_cos_mae,stage2_sin_mae,stage2_cos_sin_vector_error,stage2_weighted_aolp_error_deg,stage2_high_dolp_aolp_error_deg,stage2_dop_mae,stage2_dop_rmse,stage2_aop_mae_deg,stage2_weighted_aop_mae_deg,stage2_high_dop_aop_mae_deg
scene12_traj1_1__000000,0.03980034589767456,0.07305268198251724,1.0842101573944092,0.6759697198867798,1.3711658716201782,48.64148712158203,45.9185676574707,0.03980034589767456,0.07305268198251724,48.77842330932617,48.64148712158203,45.9185676574707,0.03980034589767456,0.07305268198251724,0.6642922759056091,0.6081307530403137,1.006162166595459,31.99567985534668,35.350223541259766,0.03980034589767456,0.07305268198251724,33.80162811279297,31.99567985534668,35.350223541259766
scene12_traj1_1__000001,0.03998739272356033,0.07284766435623169,1.0785866975784302,0.6765363216400146,1.3671060800552368,48.404273986816406,45.934669494628906,0.03998739272356033,0.07284766435623169,48.61509323120117,48.404273986816406,45.934669494628906,0.03998739272356033,0.07284766435623169,0.6590623259544373,0.6095097064971924,1.0025960206985474,31.913585662841797,35.45612716674805,0.03998739272356033,0.07284766435623169,33.68962860107422,31.913585662841797,35.45612716674805
scene12_traj1_1__000002,0.03981359302997589,0.0732511356472969,1.0833603143692017,0.6759679913520813,1.3701997995376587,48.51765441894531,45.98499298095703,0.03981359302997589,0.0732511356472969,48.72509002685547,48.51765441894531,45.98499298095703,0.03981359302997589,0.0732511356472969,0.6614773869514465,0.6100673079490662,1.0052540302276611,31.971393585205078,35.36735153198242,0.03981359302997589,0.0732511356472969,33.80194091796875,31.971393585205078,35.36735153198242
scene12_traj1_1__000003,0.039286885410547256,0.07288362830877304,1.0846511125564575,0.6720658540725708,1.3685277700424194,48.53496551513672,45.92919921875,0.039286885410547256,0.07288362830877304,48.66268539428711,48.53496551513672,45.92919921875,0.039286885410547256,0.07288362830877304,0.662958562374115,0.6055691838264465,1.0036522150039673,31.885475158691406,35.2061767578125,0.039286885410547256,0.07288362830877304,33.71724319458008,31.885475158691406,35.2061767578125
scene12_traj1_1__000004,0.039421796798706055,0.07184714078903198,1.0786607265472412,0.677680253982544,1.3674496412277222,48.42348861694336,45.73908615112305,0.039421796798706055,0.07184714078903198,48.62202453613281,48.42348861694336,45.73908615112305,0.039421796798706055,0.07184714078903198,0.6680712699890137,0.6105988025665283,1.010787844657898,32.15500259399414,35.45368957519531,0.039421796798706055,0.07184714078903198,33.999053955078125,32.15500259399414,35.45368957519531
scene12_traj1_1__000005,0.03984641656279564,0.07283848524093628,1.0809285640716553,0.6822580099105835,1.3729089498519897,48.695011138916016,45.8402214050293,0.03984641656279564,0.07283848524093628,48.87708282470703,48.695011138916016,45.8402214050293,0.03984641656279564,0.07283848524093628,0.6649872064590454,0.6096649765968323,1.0082145929336548,32.072505950927734,35.35184860229492,0.03984641656279564,0.07283848524093628,33.89072799682617,32.072505950927734,35.35184860229492
scene12_traj1_1__000006,0.03987272083759308,0.07298694550991058,1.0818859338760376,0.6806546449661255,1.3724851608276367,48.63597106933594,45.84394836425781,0.03987272083759308,0.07298694550991058,48.85115432739258,48.63597106933594,45.84394836425781,0.03987272083759308,0.07298694550991058,0.6657705903053284,0.6079843044281006,1.007633090019226,32.022666931152344,35.318031311035156,0.03987272083759308,0.07298694550991058,33.890953063964844,32.022666931152344,35.318031311035156
scene12_traj1_1__000007,0.03957105800509453,0.0732690840959549,1.0839217901229858,0.6756368279457092,1.3700584173202515,48.5650520324707,45.77942657470703,0.03957105800509453,0.0732690840959549,48.718238830566406,48.5650520324707,45.77942657470703,0.03957105800509453,0.0732690840959549,0.6641207933425903,0.6074453592300415,1.0061525106430054,32.088836669921875,35.764034271240234,0.03957105800509453,0.0732690840959549,33.81704330444336,32.088836669921875,35.764034271240234
scene12_traj1_1__000008,0.039955735206604004,0.07359136641025543,1.0809342861175537,0.6771507859230042,1.3682810068130493,48.5085563659668,45.83822250366211,0.039955735206604004,0.07359136641025543,48.67485427856445,48.5085563659668,45.83822250366211,0.039955735206604004,0.07359136641025543,0.6657018065452576,0.6080701351165771,1.0076826810836792,32.03898620605469,35.61312484741211,0.039955735206604004,0.07359136641025543,33.861724853515625,32.03898620605469,35.61312484741211
scene12_traj1_1__000009,0.039278168231248856,0.07275144010782242,1.0816280841827393,0.6760839819908142,1.3677504062652588,48.3818244934082,45.77680206298828,0.039278168231248856,0.07275144010782242,48.63468933105469,48.3818244934082,45.77680206298828,0.039278168231248856,0.07275144010782242,0.6659619808197021,0.6086678504943848,1.0085707902908325,32.139373779296875,35.7063102722168,0.039278168231248856,0.07275144010782242,33.90450668334961,32.139373779296875,35.7063102722168
scene12_traj1_1__000010,0.03965092822909355,0.07247596234083176,1.0779117345809937,0.6796081066131592,1.368510127067566,48.38333511352539,45.37692642211914,0.03965092822909355,0.07247596234083176,48.685306549072266,48.38333511352539,45.37692642211914,0.03965092822909355,0.07247595489025116,0.6652843952178955,0.6082313060760498,1.0070289373397827,32.06417465209961,35.45073699951172,0.03965092822909355,0.07247595489025116,33.82938766479492,32.06417465209961,35.45073699951172
scene12_traj1_1__000011,0.039566587656736374,0.07301639020442963,1.0800907611846924,0.6753678321838379,1.3671596050262451,48.37969970703125,45.64049530029297,0.039566587656736374,0.07301639020442963,48.625633239746094,48.37969970703125,45.64049530029297,0.039566587656736374,0.07301639020442963,0.6621618270874023,0.6089938282966614,1.0052059888839722,31.97555923461914,35.34209060668945,0.039566587656736374,0.07301639020442963,33.775115966796875,31.97555923461914,35.34209060668945
scene12_traj1_1__000012,0.03986780717968941,0.07294228672981262,1.076931357383728,0.6745963096618652,1.3640248775482178,48.31309509277344,45.77923583984375,0.03986780717968941,0.07294228672981262,48.494773864746094,48.31309509277344,45.77923583984375,0.03986780717968941,0.07294228672981262,0.6649678349494934,0.6142019629478455,1.0107752084732056,32.195777893066406,35.516300201416016,0.03986780717968941,0.07294228672981262,33.99824142456055,32.195777893066406,35.516300201416016
scene12_traj1_1__000013,0.03922099247574806,0.07261675596237183,1.0806124210357666,0.6716263294219971,1.3651312589645386,48.44197082519531,46.00413513183594,0.03922099247574806,0.07261675596237183,48.533390045166016,48.44197082519531,46.00413513183594,0.03922099247574806,0.07261675596237183,0.6638771295547485,0.6119035482406616,1.008408784866333,32.0926513671875,35.558319091796875,0.03922099247574806,0.07261675596237183,33.90784454345703,32.0926513671875,35.558319091796875
scene12_traj1_1__000014,0.039956528693437576,0.07307044416666031,1.080329179763794,0.6801713705062866,1.3699971437454224,48.47593688964844,45.68269348144531,0.039956528693437576,0.07307044416666031,48.72107696533203,48.47593688964844,45.68269348144531,0.039956528693437576,0.07307044416666031,0.6625661849975586,0.6118296384811401,1.007555603981018,32.063690185546875,35.72788619995117,0.039956528693437576,0.07307044416666031,33.870574951171875,32.063690185546875,35.72788619995117
scene12_traj1_1__000015,0.039713721722364426,0.07312392443418503,1.078433632850647,0.6770650744438171,1.3665224313735962,48.52244186401367,46.16546630859375,0.039713721722364426,0.07312392443418503,48.575687408447266,48.52244186401367,46.16546630859375,0.039713721722364426,0.07312392443418503,0.6622762084007263,0.6107217073440552,1.0064369440078735,32.042964935302734,35.6474609375,0.039713721722364426,0.07312392443418503,33.84132766723633,32.042964935302734,35.6474609375
scene12_traj1_1__000016,0.03961605578660965,0.07281475514173508,1.0840085744857788,0.6787598729133606,1.372239112854004,48.74696350097656,46.259151458740234,0.03961605578660965,0.07281475514173508,48.818138122558594,48.74696350097656,46.259151458740234,0.03961605578660965,0.07281475514173508,0.6620816588401794,0.6111787557601929,1.0067585706710815,31.935501098632812,35.083641052246094,0.03961605578660965,0.07281475514173508,33.850257873535156,31.935501098632812,35.083641052246094
scene12_traj1_1__000017,0.039541374891996384,0.07280848920345306,1.0813456773757935,0.6764289140701294,1.3684906959533691,48.4039192199707,45.46183395385742,0.039541374891996384,0.07280848920345306,48.68119430541992,48.4039192199707,45.46183395385742,0.039541374891996384,0.07280848920345306,0.6609374284744263,0.6142102479934692,1.0079718828201294,32.129310607910156,35.849430084228516,0.039541374891996384,0.07280848920345306,33.90094757080078,32.129310607910156,35.849430084228516
scene12_traj1_1__000018,0.03940212354063988,0.07228760421276093,1.0759609937667847,0.6764828562736511,1.36432683467865,48.222984313964844,45.35530471801758,0.03940212354063988,0.07228760421276093,48.488216400146484,48.222984313964844,45.35530471801758,0.03940212354063988,0.07228760421276093,0.6615895628929138,0.6148694753646851,1.0091238021850586,32.18775177001953,35.98899841308594,0.03940212354063988,0.07228760421276093,33.937713623046875,32.18775177001953,35.98899841308594
scene12_traj1_1__000019,0.03959464654326439,0.07269084453582764,1.0813000202178955,0.6797856092453003,1.3706108331680298,48.546207427978516,45.81449890136719,0.03959464654326439,0.07269084453582764,48.76182174682617,48.546207427978516,45.81449890136719,0.03959464654326439,0.07269084453582764,0.6613844633102417,0.6146908402442932,1.00843346118927,32.1279296875,35.718299865722656,0.03959464654326439,0.07269084453582764,33.915260314941406,32.1279296875,35.718299865722656
scene12_traj1_1__000020,0.03997465968132019,0.0731898844242096,1.081099510192871,0.6770681142807007,1.368891954421997,48.44942092895508,45.907615661621094,0.03997465968132019,0.0731898844242096,48.708763122558594,48.44942092895508,45.907615661621094,0.03997465968132019,0.0731898844242096,0.6637641787528992,0.6132713556289673,1.0097203254699707,32.118553161621094,35.47705841064453,0.03997465968132019,0.0731898844242096,33.96267318725586,32.118553161621094,35.47705841064453
scene12_traj1_1__000021,0.03941960632801056,0.0720529854297638,1.0796903371810913,0.6756533980369568,1.3668209314346313,48.46131896972656,46.05595016479492,0.03941960632801056,0.0720529854297638,48.614402770996094,48.46131896972656,46.05595016479492,0.03941960632801056,0.0720529854297638,0.6627370119094849,0.6165466904640198,1.0106180906295776,32.17808532714844,35.681697845458984,0.03941960632801056,0.0720529854297638,34.0037727355957,32.17808532714844,35.681697845458984
scene12_traj1_1__000022,0.03949122875928879,0.07292616367340088,1.0811063051223755,0.6714335083961487,1.3653854131698608,48.37015151977539,45.55363845825195,0.03949122875928879,0.07292616367340088,48.5751953125,48.37015151977539,45.55363845825195,0.03949122875928879,0.07292616367340088,0.6635011434555054,0.6143893599510193,1.0103120803833008,32.22380065917969,35.752166748046875,0.03949122875928879,0.07292616367340088,33.980403900146484,32.22380065917969,35.752166748046875
scene12_traj1_1__000023,0.03928602114319801,0.07303643971681595,1.0810657739639282,0.6729971766471863,1.3661752939224243,48.374427795410156,46.00255584716797,0.03928602114319801,0.07303643971681595,48.57401657104492,48.374427795410156,46.00255584716797,0.03928602114319801,0.07303643971681595,0.6598902940750122,0.6156286001205444,1.0083034038543701,32.11360549926758,35.59164047241211,0.03928602114319801,0.07303643971681595,33.915550231933594,32.11360549926758,35.59164047241211
scene12_traj1_1__000024,0.03992534801363945,0.07332823425531387,1.0769562721252441,0.6750985980033875,1.3646862506866455,48.41414260864258,46.009361267089844,0.03992534801363945,0.07332823425531387,48.52045440673828,48.41414260864258,46.009361267089844,0.03992534801363945,0.07332823425531387,0.6623619198799133,0.6160829067230225,1.0103999376296997,32.17155075073242,35.649200439453125,0.03992534801363945,0.07332823425531387,33.977264404296875,32.17155075073242,35.649200439453125
scene12_traj1_1__000025,0.03951941058039665,0.07253801077604294,1.0789459943771362,0.6760449409484863,1.3667246103286743,48.55632781982422,46.05330276489258,0.03951941058039665,0.07253801077604294,48.63941955566406,48.55632781982422,46.05330276489258,0.03951941058039665,0.07253801077604294,0.664818525314331,0.6162500977516174,1.0123820304870605,32.23486328125,35.51066207885742,0.03951941058039665,0.07253801077604294,34.06571960449219,32.23486328125,35.51066207885742
scene12_traj1_1__000026,0.039336804300546646,0.072567880153656,1.0815553665161133,0.6712083220481873,1.3651002645492554,48.40502166748047,46.04940414428711,0.039336804300546646,0.072567880153656,48.54570007324219,48.40502166748047,46.04940414428711,0.039336804300546646,0.072567880153656,0.6640285849571228,0.6145506501197815,1.0105571746826172,32.15107345581055,35.33808898925781,0.039336804300546646,0.072567880153656,34.00487518310547,32.15107345581055,35.33808898925781
scene12_traj1_1__000027,0.0392439141869545,0.07223176956176758,1.0832561254501343,0.681939959526062,1.3740739822387695,48.72140121459961,46.1020622253418,0.0392439141869545,0.07223176956176758,48.924774169921875,48.72140121459961,46.1020622253418,0.0392439141869545,0.07223176956176758,0.6581024527549744,0.6160039305686951,1.0070439577102661,31.998485565185547,35.44317626953125,0.0392439141869545,0.07223176956176758,33.86702346801758,31.998485565185547,35.44317626953125
scene12_traj1_1__000028,0.03979446738958359,0.07299826294183731,1.0838587284088135,0.6773432493209839,1.3713955879211426,48.70942306518555,46.112789154052734,0.03979446738958359,0.07299826294183731,48.82678985595703,48.70942306518555,46.112789154052734,0.03979446366429329,0.07299826294183731,0.6604313254356384,0.61301589012146,1.0067864656448364,32.02626419067383,35.37899398803711,0.03979446366429329,0.07299826294183731,33.83041000366211,32.02626419067383,35.37899398803711
scene12_traj1_1__000029,0.039032842963933945,0.07199426740407944,1.081030011177063,0.6782916188240051,1.3702473640441895,48.69099807739258,46.08944320678711,0.039032842963933945,0.07199426740407944,48.773040771484375,48.69099807739258,46.08944320678711,0.039032842963933945,0.07199426740407944,0.6627607941627502,0.6180939078330994,1.012444019317627,32.234031677246094,35.45921325683594,0.039032842963933945,0.07199426740407944,34.08560562133789,32.234031677246094,35.45921325683594
scene12_traj1_1__000030,0.04005211219191551,0.07326376438140869,1.0797349214553833,0.6760985255241394,1.367226481437683,48.4909553527832,46.065616607666016,0.04005211219191551,0.07326376438140869,48.64387893676758,48.4909553527832,46.065616607666016,0.04005211219191551,0.07326376438140869,0.6621212363243103,0.6149175763130188,1.0091919898986816,32.0958366394043,35.37498092651367,0.04005211219191551,0.07326376438140869,33.952430725097656,32.0958366394043,35.37498092651367
scene12_traj1_1__000031,0.039873018860816956,0.07312259078025818,1.0795528888702393,0.6755107641220093,1.3666751384735107,48.41979217529297,45.74950408935547,0.039873018860816956,0.07312259078025818,48.618629455566406,48.41979217529297,45.74950408935547,0.039873018860816956,0.07312259078025818,0.6644431352615356,0.6172385215759277,1.0127861499786377,32.31064987182617,35.63167190551758,0.039873018860816956,0.07312259078025818,34.07498550415039,32.31064987182617,35.63167190551758
scene12_traj1_1__000032,0.03940645977854729,0.07290047407150269,1.0831375122070312,0.6754271388053894,1.3693559169769287,48.61544418334961,45.99409103393555,0.03940645977854729,0.07290047407150269,48.734344482421875,48.61544418334961,45.99409103393555,0.03940645605325699,0.07290047407150269,0.6637817025184631,0.6158594489097595,1.011629581451416,32.194801330566406,35.442474365234375,0.03940645605325699,0.07290047407150269,34.04541015625,32.194801330566406,35.442474365234375
scene12_traj1_1__000033,0.039413776248693466,0.07251660525798798,1.080579400062561,0.679441511631012,1.3702940940856934,48.64888381958008,46.08304977416992,0.039413776248693466,0.07251660525798798,48.78919219970703,48.64888381958008,46.08304977416992,0.039413776248693466,0.07251660525798798,0.660718560218811,0.6165892481803894,1.0097906589508057,32.15450668334961,35.4427375793457,0.039413776248693466,0.07251660525798798,33.9659538269043,32.15450668334961,35.4427375793457
scene12_traj1_1__000034,0.03932514041662216,0.07215457409620285,1.0801466703414917,0.6791774034500122,1.3696647882461548,48.5565299987793,46.050506591796875,0.03932514041662216,0.07215457409620285,48.730201721191406,48.5565299987793,46.050506591796875,0.03932514041662216,0.07215457409620285,0.6607995629310608,0.6145076155662537,1.0086308717727661,32.13047790527344,35.61063766479492,0.03932514041662216,0.07215457409620285,33.931331634521484,32.13047790527344,35.61063766479492
scene12_traj1_1__000035,0.03960859030485153,0.07250805199146271,1.0807538032531738,0.6828342080116272,1.3727812767028809,48.625755310058594,45.780128479003906,0.03960859030485153,0.07250805199146271,48.854736328125,48.625755310058594,45.780128479003906,0.03960859030485153,0.07250805199146271,0.660243809223175,0.6137123703956604,1.0072224140167236,32.16305923461914,35.80238723754883,0.03960859030485153,0.07250805199146271,33.88125228881836,32.16305923461914,35.80238723754883
scene12_traj1_1__000036,0.039408087730407715,0.07251164317131042,1.0824201107025146,0.6783995032310486,1.371120572090149,48.69895553588867,46.23341369628906,0.039408087730407715,0.07251164317131042,48.797149658203125,48.69895553588867,46.23341369628906,0.039408087730407715,0.07251163572072983,0.6593427062034607,0.6164800524711609,1.0086110830307007,32.08440017700195,35.392005920410156,0.039408087730407715,0.07251163572072983,33.92356872558594,32.08440017700195,35.392005920410156
scene12_traj1_1__000037,0.03986276686191559,0.07321785390377045,1.0771867036819458,0.6864672303199768,1.3726216554641724,48.624515533447266,45.879737854003906,0.03986276686191559,0.07321785390377045,48.869449615478516,48.624515533447266,45.879737854003906,0.03986276686191559,0.07321785390377045,0.6638709902763367,0.6169532537460327,1.0126086473464966,32.30868911743164,35.72036361694336,0.03986276686191559,0.07321785390377045,34.075443267822266,32.30868911743164,35.72036361694336
scene12_traj1_1__000038,0.03952803090214729,0.07301405817270279,1.0766956806182861,0.6873456239700317,1.3725810050964355,48.55741500854492,45.467491149902344,0.03952803090214729,0.07301405817270279,48.8576545715332,48.55741500854492,45.467491149902344,0.03952803090214729,0.07301405817270279,0.664179801940918,0.6151608824729919,1.01128351688385,32.12134552001953,35.25376510620117,0.03952803090214729,0.07301405817270279,34.01496124267578,32.12134552001953,35.25376510620117
scene12_traj1_1__000039,0.03922145441174507,0.07280490547418594,1.0844367742538452,0.6757584810256958,1.3700281381607056,48.63115310668945,45.95195007324219,0.03922145441174507,0.07280490547418594,48.73447036743164,48.63115310668945,45.95195007324219,0.03922145441174507,0.07280490547418594,0.6640132069587708,0.6125126481056213,1.0091010332107544,32.04708480834961,35.22725296020508,0.03922145441174507,0.07280490547418594,33.936527252197266,32.04708480834961,35.22725296020508
scene12_traj1_1__000040,0.039516035467386246,0.07271890342235565,1.0784403085708618,0.6833395957946777,1.3710612058639526,48.54999542236328,45.64467239379883,0.039516035467386246,0.07271890342235565,48.79314422607422,48.54999542236328,45.64467239379883,0.039516035467386246,0.07271889597177505,0.662997305393219,0.6160783767700195,1.0109260082244873,32.22085189819336,35.49352264404297,0.039516035467386246,0.07271889597177505,34.01023864746094,32.22085189819336,35.49352264404297
scene12_traj1_1__000041,0.0395716093480587,0.07302933931350708,1.0776877403259277,0.6862670183181763,1.3723574876785278,48.5189208984375,45.443023681640625,0.0395716093480587,0.07302933931350708,48.848876953125,48.5189208984375,45.443023681640625,0.0395716093480587,0.07302933931350708,0.6640980839729309,0.6139982342720032,1.0104055404663086,32.19426727294922,35.53889465332031,0.0395716093480587,0.07302933931350708,33.984580993652344,32.19426727294922,35.53889465332031
scene12_traj1_1__000042,0.03936362266540527,0.07291456311941147,1.0810983180999756,0.6857859492301941,1.374963402748108,48.720977783203125,45.54391098022461,0.03936362266540527,0.07291456311941147,48.961265563964844,48.720977783203125,45.54391098022461,0.03936362266540527,0.07291456311941147,0.6636479496955872,0.6158549189567566,1.0116963386535645,32.25613784790039,35.449378967285156,0.03936362266540527,0.07291456311941147,34.05226135253906,32.25613784790039,35.449378967285156
scene12_traj1_1__000043,0.039209578186273575,0.07258188724517822,1.084823489189148,0.6846576929092407,1.3771986961364746,48.86471176147461,46.092063903808594,0.039209578186273575,0.07258188724517822,49.05941390991211,48.86471176147461,46.092063903808594,0.039209578186273575,0.07258188724517822,0.6599146723747253,0.6184304356575012,1.0103455781936646,32.2458610534668,35.64836120605469,0.039209578186273575,0.07258188724517822,34.0024299621582,32.2458610534668,35.64836120605469
scene12_traj1_1__000044,0.03938376158475876,0.07215660810470581,1.0851919651031494,0.6841492652893066,1.3774882555007935,48.977195739746094,46.37544631958008,0.03938376158475876,0.07215660810470581,49.08946228027344,48.977195739746094,46.37544631958008,0.03938376158475876,0.07215660810470581,0.6603403091430664,0.6147095561027527,1.0079790353775024,32.18115997314453,35.70753479003906,0.03938376158475876,0.07215660810470581,33.89792251586914,32.18115997314453,35.70753479003906
scene12_traj1_1__000045,0.039276618510484695,0.07245805114507675,1.0847219228744507,0.6857434511184692,1.378619909286499,49.02933120727539,46.47576904296875,0.039276618510484695,0.07245805114507675,49.12052917480469,49.02933120727539,46.47576904296875,0.039276618510484695,0.07245805114507675,0.6607621908187866,0.6144919991493225,1.0078485012054443,32.06682586669922,35.363861083984375,0.039276618510484695,0.07245805114507675,33.87556838989258,32.06682586669922,35.363861083984375
scene12_traj1_1__000046,0.039503391832113266,0.07284658402204514,1.0858417749404907,0.6808629035949707,1.375361680984497,48.87813186645508,46.40736389160156,0.039503391832113266,0.07284658402204514,48.99302291870117,48.87813186645508,46.40736389160156,0.039503391832113266,0.07284658402204514,0.6600229144096375,0.6160663366317749,1.008543848991394,32.12049102783203,35.32978057861328,0.039503391832113266,0.07284658402204514,33.91429901123047,32.12049102783203,35.32978057861328
scene12_traj1_1__000047,0.04030203819274902,0.07431261241436005,1.0874980688095093,0.6797897815704346,1.3761498928070068,48.954837799072266,46.40408706665039,0.04030203819274902,0.07431261241436005,49.02315139770508,48.954837799072266,46.40408706665039,0.04030203819274902,0.07431261241436005,0.6621643304824829,0.6129000782966614,1.0082111358642578,32.13239669799805,35.43678665161133,0.04030203819274902,0.07431261241436005,33.89742660522461,32.13239669799805,35.43678665161133
scene12_traj1_1__000048,0.03967445716261864,0.07338432222604752,1.0846987962722778,0.6802087426185608,1.3733829259872437,48.63007736206055,45.89707946777344,0.03967445716261864,0.07338432222604752,48.89374542236328,48.63007736206055,45.89707946777344,0.03967445716261864,0.07338432222604752,0.6615368723869324,0.6114321351051331,1.0064070224761963,32.01216125488281,35.23284912109375,0.03967445716261864,0.07338432222604752,33.83195114135742,32.01216125488281,35.23284912109375
scene12_traj1_1__000049,0.04044623672962189,0.07475675642490387,1.080608606338501,0.6793687343597412,1.369948387145996,48.481571197509766,45.93436813354492,0.04044623672962189,0.07475675642490387,48.75358200073242,48.481571197509766,45.93436813354492,0.04044623672962189,0.07475675642490387,0.6652318835258484,0.614763617515564,1.0122233629226685,32.315711975097656,35.36418914794922,0.04044623672962189,0.07475675642490387,34.068519592285156,32.315711975097656,35.36418914794922
scene12_traj1_1__000050,0.04025202989578247,0.07476502656936646,1.0837284326553345,0.6794073581695557,1.3722621202468872,48.598731994628906,46.25083923339844,0.04025202989578247,0.07476502656936646,48.82320785522461,48.598731994628906,46.25083923339844,0.04025202989578247,0.07476502656936646,0.6660030484199524,0.6077890992164612,1.008193850517273,32.221275329589844,35.51586151123047,0.04025202989578247,0.07476502656936646,33.89510726928711,32.221275329589844,35.51586151123047
scene12_traj1_1__000051,0.040939658880233765,0.07513586431741714,1.0812605619430542,0.6821197867393494,1.373054027557373,48.6108283996582,45.96918869018555,0.040939658880233765,0.07513586431741714,48.88556671142578,48.6108283996582,45.96918869018555,0.040939658880233765,0.07513586431741714,0.6626874208450317,0.6089373826980591,1.0057495832443237,32.12382125854492,35.443790435791016,0.040939658880233765,0.07513586431741714,33.800048828125,32.12382125854492,35.443790435791016
scene12_traj1_1__000052,0.04010654613375664,0.07450131326913834,1.0760340690612793,0.6807865500450134,1.367819905281067,48.45535659790039,46.060367584228516,0.04010654613375664,0.07450131326913834,48.665855407714844,48.45535659790039,46.060367584228516,0.04010654613375664,0.07450131326913834,0.6652114391326904,0.6125417351722717,1.0101885795593262,32.198692321777344,34.972412109375,0.04010654613375664,0.07450131326913834,33.99127197265625,32.198692321777344,34.972412109375
scene12_traj1_1__000053,0.04090922698378563,0.07488875091075897,1.0788342952728271,0.6916533708572388,1.3780285120010376,48.819007873535156,46.368099212646484,0.04090922698378563,0.07488875091075897,49.087432861328125,48.819007873535156,46.368099212646484,0.04090922698378563,0.07488875091075897,0.6634624600410461,0.6091174483299255,1.0067720413208008,32.170223236083984,35.34192657470703,0.04090922698378563,0.07488875091075897,33.847686767578125,32.170223236083984,35.34192657470703
scene12_traj1_1__000054,0.04113749787211418,0.07564278692007065,1.0764377117156982,0.6877288222312927,1.373433232307434,48.65410232543945,45.822017669677734,0.04113749787211418,0.07564278692007065,48.90243911743164,48.65410232543945,45.822017669677734,0.04113749787211418,0.07564278692007065,0.6668971180915833,0.6127724051475525,1.0120866298675537,32.29632568359375,35.371070861816406,0.04113749787211418,0.07564278692007065,34.052433013916016,32.29632568359375,35.371070861816406
scene12_traj1_1__000055,0.04057762026786804,0.07545099407434464,1.0751863718032837,0.6913807988166809,1.3747799396514893,48.69043731689453,46.049556732177734,0.04057762026786804,0.07545099407434464,48.938682556152344,48.69043731689453,46.049556732177734,0.04057762026786804,0.07545099407434464,0.6623046398162842,0.6122918725013733,1.007790207862854,32.22878646850586,35.51298522949219,0.04057762026786804,0.07545099407434464,33.88763427734375,32.22878646850586,35.51298522949219
scene12_traj1_1__000056,0.04048439860343933,0.07459510117769241,1.0763823986053467,0.6895090341567993,1.3743503093719482,48.645751953125,45.9692268371582,0.04048439860343933,0.07459510117769241,48.95042419433594,48.645751953125,45.9692268371582,0.04048439860343933,0.07459510117769241,0.6677903532981873,0.613264799118042,1.0135105848312378,32.46417999267578,35.58216094970703,0.04048439860343933,0.07459510117769241,34.09381103515625,32.46417999267578,35.58216094970703
scene12_traj1_1__000057,0.04037891700863838,0.0751936212182045,1.0816826820373535,0.6824396848678589,1.3728233575820923,48.60991668701172,45.909908294677734,0.04037891700863838,0.0751936212182045,48.87954330444336,48.60991668701172,45.909908294677734,0.04037891700863838,0.0751936212182045,0.666978657245636,0.6129510402679443,1.0127695798873901,32.43735885620117,35.647621154785156,0.04037891700863838,0.0751936212182045,34.069828033447266,32.43735885620117,35.647621154785156
scene12_traj1_1__000058,0.04057101160287857,0.07537993788719177,1.080883502960205,0.682244598865509,1.3721965551376343,48.72951889038086,46.45981979370117,0.04057101160287857,0.07537993788719177,48.8536376953125,48.72951889038086,46.45981979370117,0.04057101160287857,0.07537993788719177,0.6652626991271973,0.6088810563087463,1.0082720518112183,32.242027282714844,35.43324661254883,0.04057101160287857,0.07537993788719177,33.90143966674805,32.242027282714844,35.43324661254883
scene12_traj1_1__000059,0.040670085698366165,0.07490213960409164,1.0800338983535767,0.6870840191841125,1.374437928199768,48.7779541015625,46.18710708618164,0.040670085698366165,0.07490213960409164,48.94324493408203,48.7779541015625,46.18710708618164,0.040670085698366165,0.07490213960409164,0.6678014993667603,0.6104626059532166,1.011572003364563,32.331565856933594,35.42479705810547,0.040670085698366165,0.07490213960409164,34.02097702026367,32.331565856933594,35.42479705810547
scene12_traj1_1__000060,0.040176358073949814,0.07427829504013062,1.0803565979003906,0.6850895881652832,1.3739172220230103,48.6434326171875,46.07231903076172,0.040176358073949814,0.07427829504013062,48.90635681152344,48.6434326171875,46.07231903076172,0.040176358073949814,0.07427829504013062,0.6671090126037598,0.6112170219421387,1.0115256309509277,32.282676696777344,35.33956527709961,0.040176358073949814,0.07427829504013062,34.029205322265625,32.282676696777344,35.33956527709961
scene12_traj1_1__000061,0.03996356204152107,0.07420821487903595,1.0815197229385376,0.686068594455719,1.3753080368041992,48.817501068115234,45.96025466918945,0.03996356204152107,0.07420821487903595,48.989097595214844,48.817501068115234,45.96025466918945,0.03996356204152107,0.07420821487903595,0.666743814945221,0.612833559513092,1.0119636058807373,32.31202697753906,35.47306823730469,0.03996356204152107,0.07420821487903595,34.062808990478516,32.31202697753906,35.47306823730469
scene12_traj1_1__000062,0.04033295065164566,0.0744795948266983,1.0805898904800415,0.688616156578064,1.3766515254974365,48.880069732666016,46.5087890625,0.04033295065164566,0.0744795948266983,49.03523254394531,48.880069732666016,46.5087890625,0.04033295065164566,0.0744795948266983,0.666387140750885,0.6097546815872192,1.0099152326583862,32.259246826171875,35.435142517089844,0.04033295065164566,0.0744795948266983,33.965118408203125,32.259246826171875,35.435142517089844
scene12_traj1_1__000063,0.04051380231976509,0.0746600329875946,1.0837029218673706,0.6872125864028931,1.3785783052444458,48.92059326171875,46.155616760253906,0.04051380231976509,0.0746600329875946,49.128929138183594,48.92059326171875,46.155616760253906,0.04051379859447479,0.0746600329875946,0.6652569770812988,0.611619770526886,1.010402798652649,32.28160858154297,35.52095031738281,0.04051379859447479,0.0746600329875946,33.97916030883789,32.28160858154297,35.52095031738281
scene12_traj1_1__000064,0.04063333198428154,0.07526731491088867,1.0794711112976074,0.6943024396896362,1.3793014287948608,48.90690231323242,46.215431213378906,0.04063333198428154,0.07526731491088867,49.14778518676758,48.90690231323242,46.215431213378906,0.04063333570957184,0.07526731491088867,0.6650866270065308,0.6140090227127075,1.0122400522232056,32.33832550048828,35.44986343383789,0.04063333570957184,0.07526731491088867,34.07030487060547,32.33832550048828,35.44986343383789
scene12_traj1_1__000065,0.04001668468117714,0.07457908242940903,1.0804625749588013,0.698832631111145,1.3843739032745361,49.264610290527344,46.659915924072266,0.04001668468117714,0.07457908242940903,49.35131072998047,49.264610290527344,46.659915924072266,0.04001668468117714,0.07457908242940903,0.6626794934272766,0.6107109189033508,1.007526159286499,32.05661392211914,34.87013626098633,0.04001668468117714,0.07457908242940903,33.88882064819336,32.05661392211914,34.87013626098633
scene12_traj1_1__000066,0.04058410972356796,0.07463753968477249,1.086195468902588,0.6928108930587769,1.3844150304794312,49.20036697387695,46.49063491821289,0.04058410972356796,0.07463753968477249,49.38035202026367,49.20036697387695,46.49063491821289,0.04058410972356796,0.07463753968477249,0.6642369031906128,0.6118509769439697,1.010067105293274,32.26271438598633,35.429176330566406,0.04058410972356796,0.07463753968477249,33.977237701416016,32.26271438598633,35.429176330566406
scene12_traj1_1__000067,0.03991285338997841,0.07397469133138657,1.0851526260375977,0.6905233263969421,1.382271647453308,49.119720458984375,46.3120002746582,0.03991285338997841,0.07397469133138657,49.29615783691406,49.119720458984375,46.3120002746582,0.03991285338997841,0.07397469133138657,0.6645587086677551,0.6113830804824829,1.009538173675537,32.23173904418945,35.43219757080078,0.03991285338997841,0.07397469133138657,33.95175552368164,32.23173904418945,35.43219757080078
scene12_traj1_1__000068,0.04007922112941742,0.07401016354560852,1.0870106220245361,0.6956399083137512,1.3865803480148315,49.33729934692383,46.51096725463867,0.04007922112941742,0.07401016354560852,49.461021423339844,49.33729934692383,46.51096725463867,0.04007922112941742,0.07401016354560852,0.664046049118042,0.6132851243019104,1.010736107826233,32.21083450317383,35.165985107421875,0.04007922112941742,0.07401016354560852,34.01323318481445,32.21083450317383,35.165985107421875
scene12_traj1_1__000069,0.03985386714339256,0.07396567612886429,1.0820337533950806,0.6902773976325989,1.3798425197601318,49.10764694213867,46.51393127441406,0.03985386714339256,0.07396567612886429,49.1796760559082,49.10764694213867,46.51393127441406,0.03985386714339256,0.07396567612886429,0.6649825572967529,0.6129628419876099,1.011164903640747,32.3117561340332,35.54741287231445,0.03985386714339256,0.07396567612886429,34.013038635253906,32.3117561340332,35.54741287231445
scene12_traj1_1__000070,0.04002077504992485,0.07403428852558136,1.0859463214874268,0.6912832856178284,1.38338303565979,49.08339309692383,46.19839096069336,0.04002077504992485,0.07403428852558136,49.330223083496094,49.08339309692383,46.19839096069336,0.04002077504992485,0.07403428852558136,0.6620131731033325,0.6129800081253052,1.008790135383606,32.303035736083984,35.72048568725586,0.04002077504992485,0.07403428852558136,33.93156433105469,32.303035736083984,35.72048568725586
scene12_traj1_1__000071,0.04004666954278946,0.07447914034128189,1.0834486484527588,0.682720422744751,1.3753811120986938,48.82448959350586,46.16375732421875,0.04004666954278946,0.07447914034128189,49.011329650878906,48.82448959350586,46.16375732421875,0.04004666954278946,0.07447914034128189,0.6671587824821472,0.6137242913246155,1.0135021209716797,32.5178337097168,35.64939880371094,0.04004666954278946,0.07447914034128189,34.11438751220703,32.5178337097168,35.64939880371094
scene12_traj1_1__000072,0.04016552492976189,0.0745227187871933,1.0876929759979248,0.6829589605331421,1.3780568838119507,48.91225814819336,46.30720138549805,0.04016552492976189,0.0745227187871933,49.111785888671875,48.91225814819336,46.30720138549805,0.04016552492976189,0.0745227187871933,0.6626597046852112,0.6136185526847839,1.0101172924041748,32.31595230102539,35.589595794677734,0.04016552492976189,0.0745227187871933,33.97941970825195,32.31595230102539,35.589595794677734
scene12_traj1_1__000073,0.04026360437273979,0.07417025417089462,1.0897598266601562,0.6817877292633057,1.3796979188919067,49.0641975402832,46.485626220703125,0.04026360437273979,0.07417025417089462,49.195823669433594,49.0641975402832,46.485626220703125,0.04026360437273979,0.07417025417089462,0.6610973477363586,0.6156389713287354,1.0099267959594727,32.26879119873047,35.237815856933594,0.04026360437273979,0.07417025417089462,33.984764099121094,32.26879119873047,35.237815856933594
scene12_traj1_1__000074,0.04040192812681198,0.07451590150594711,1.0885227918624878,0.6798553466796875,1.3767685890197754,48.935489654541016,46.32295608520508,0.04040192812681198,0.07451590150594711,49.05398178100586,48.935489654541016,46.32295608520508,0.04040192812681198,0.07451590150594711,0.6632658243179321,0.6139973998069763,1.0107176303863525,32.36595916748047,35.58751678466797,0.04040192812681198,0.07451590150594711,34.01940155029297,32.36595916748047,35.58751678466797
scene12_traj1_1__000075,0.03996779024600983,0.0737493634223938,1.086046576499939,0.6820932626724243,1.3761972188949585,48.967681884765625,46.473670959472656,0.03996779024600983,0.0737493634223938,49.02629470825195,48.967681884765625,46.473670959472656,0.03996779024600983,0.0737493634223938,0.6661058068275452,0.6151917576789856,1.0141029357910156,32.49423599243164,35.74269485473633,0.03996779024600983,0.0737493634223938,34.134483337402344,32.49423599243164,35.74269485473633
scene12_traj1_1__000076,0.03996764495968819,0.07384483516216278,1.0879448652267456,0.6818436980247498,1.378235936164856,49.0452995300293,46.5169563293457,0.03996764495968819,0.07384483516216278,49.13777160644531,49.0452995300293,46.5169563293457,0.03996764495968819,0.07384483516216278,0.6644221544265747,0.613922655582428,1.0119962692260742,32.36560821533203,35.63307189941406,0.03996764495968819,0.07384483516216278,34.04029083251953,32.36560821533203,35.63307189941406
scene12_traj1_1__000077,0.04002058133482933,0.0740823745727539,1.0912747383117676,0.6865607500076294,1.3842483758926392,49.259544372558594,46.51094055175781,0.04002058133482933,0.0740823745727539,49.37560272216797,49.259544372558594,46.51094055175781,0.04002058133482933,0.0740823745727539,0.6592280268669128,0.6147862672805786,1.0084314346313477,32.28142166137695,35.44508743286133,0.04002058133482933,0.0740823745727539,33.908382415771484,32.28142166137695,35.44508743286133
scene12_traj1_1__000078,0.04033486917614937,0.07489953190088272,1.088123083114624,0.6848885416984558,1.380806803703308,49.02023696899414,46.00053024291992,0.04033486917614937,0.07489953190088272,49.251773834228516,49.02023696899414,46.00053024291992,0.04033486545085907,0.07489953190088272,0.6629221439361572,0.6142049431800842,1.0104153156280518,32.39430618286133,35.82617950439453,0.04033486545085907,0.07489953190088272,33.9946403503418,32.39430618286133,35.82617950439453
scene12_traj1_1__000079,0.03989125415682793,0.07407523691654205,1.09242844581604,0.6827191710472107,1.382490634918213,49.30891036987305,46.769493103027344,0.03989125415682793,0.07407523691654205,49.325679779052734,49.30891036987305,46.769493103027344,0.03989125415682793,0.07407523691654205,0.6645501852035522,0.6150286793708801,1.0129437446594238,32.40425491333008,35.72825241088867,0.03989125415682793,0.07407523691654205,34.07094955444336,32.40425491333008,35.72825241088867
scene12_traj1_1__000080,0.039601005613803864,0.07258910685777664,1.0912896394729614,0.67804354429245,1.3785871267318726,48.957550048828125,46.07094192504883,0.039601005613803864,0.07258910685777664,49.16974639892578,48.957550048828125,46.07094192504883,0.039601005613803864,0.07258910685777664,0.6635519862174988,0.6179898381233215,1.0147658586502075,32.46748733520508,35.660648345947266,0.039601005613803864,0.07258910685777664,34.160404205322266,32.46748733520508,35.660648345947266
scene12_traj1_1__000081,0.039904236793518066,0.07360099256038666,1.0891971588134766,0.6746325492858887,1.373799443244934,48.859153747558594,46.319984436035156,0.039904236793518066,0.07360099256038666,48.924827575683594,48.859153747558594,46.319984436035156,0.039904236793518066,0.07360099256038666,0.6674054861068726,0.613680899143219,1.014526128768921,32.53432846069336,35.81489944458008,0.039904236793518066,0.07360099256038666,34.155094146728516,32.53432846069336,35.81489944458008
scene12_traj1_1__000082,0.03989151492714882,0.07339118421077728,1.0952320098876953,0.673055112361908,1.3779569864273071,49.06142807006836,46.559974670410156,0.03989151492714882,0.07339118421077728,49.118534088134766,49.06142807006836,46.559974670410156,0.03989151120185852,0.07339118421077728,0.6616193652153015,0.6149526238441467,1.0109541416168213,32.265625,35.12472152709961,0.03989151120185852,0.07339118421077728,34.0007209777832,32.265625,35.12472152709961
scene12_traj1_1__000083,0.03991834819316864,0.07365389913320541,1.0945881605148315,0.6721879839897156,1.3765840530395508,49.02597427368164,46.35776901245117,0.03991834819316864,0.07365389913320541,49.077091217041016,49.02597427368164,46.35776901245117,0.03991834819316864,0.07365389913320541,0.6646705269813538,0.6180206537246704,1.0159478187561035,32.471153259277344,35.494815826416016,0.03991834819316864,0.07365389913320541,34.19286346435547,32.471153259277344,35.494815826416016
scene12_traj1_1__000084,0.03981113061308861,0.07331337034702301,1.0929503440856934,0.6673466563224792,1.3719396591186523,48.85919189453125,46.36262130737305,0.03981113061308861,0.07331337034702301,48.87083435058594,48.85919189453125,46.36262130737305,0.03981113061308861,0.07331337034702301,0.6642731428146362,0.6174569725990295,1.0152027606964111,32.427249908447266,35.27389907836914,0.03981113061308861,0.07331337034702301,34.16639709472656,32.427249908447266,35.27389907836914
scene12_traj1_1__000085,0.039844218641519547,0.07334624230861664,1.092790126800537,0.6716055870056152,1.3754820823669434,48.94231414794922,46.36909103393555,0.039844218641519547,0.07334624230861664,49.01140594482422,48.94231414794922,46.36909103393555,0.039844218641519547,0.07334624230861664,0.662729024887085,0.616666853427887,1.0130740404129028,32.39511489868164,35.61296844482422,0.039844218641519547,0.07334624230861664,34.08518981933594,32.39511489868164,35.61296844482422
scene12_traj1_1__000086,0.0398312546312809,0.07338601350784302,1.0939600467681885,0.6762663125991821,1.379385232925415,49.12504959106445,46.50334548950195,0.0398312546312809,0.07338601350784302,49.189292907714844,49.12504959106445,46.50334548950195,0.0398312546312809,0.07338601350784302,0.6621344089508057,0.6160296201705933,1.0126218795776367,32.36650085449219,35.53976821899414,0.0398312546312809,0.07338601350784302,34.07062911987305,32.36650085449219,35.53976821899414
scene12_traj1_1__000087,0.03975067287683487,0.07296672463417053,1.0955791473388672,0.6716542840003967,1.3774590492248535,49.09095001220703,46.61197280883789,0.03975067287683487,0.07296672463417053,49.1168327331543,49.09095001220703,46.61197280883789,0.03975067287683487,0.07296672463417053,0.6624292135238647,0.6174613237380981,1.0134623050689697,32.4067497253418,35.57023620605469,0.03975067287683487,0.07296672463417053,34.11384582519531,32.4067497253418,35.57023620605469
scene12_traj1_1__000088,0.03996054083108902,0.07294618338346481,1.0948106050491333,0.672473132610321,1.3773666620254517,49.04952621459961,46.51621627807617,0.03996054083108902,0.07294618338346481,49.157257080078125,49.04952621459961,46.51621627807617,0.03996054083108902,0.07294618338346481,0.6616586446762085,0.6199235916137695,1.0150436162948608,32.56068420410156,35.824214935302734,0.03996054083108902,0.07294618338346481,34.16427993774414,32.56068420410156,35.824214935302734
scene12_traj1_1__000089,0.03984646871685982,0.07283403724431992,1.097221851348877,0.6725074648857117,1.379425287246704,49.25304412841797,46.84635543823242,0.03984646871685982,0.07283403724431992,49.22628402709961,49.25304412841797,46.84635543823242,0.03984646871685982,0.07283403724431992,0.6607636213302612,0.6196737289428711,1.0141156911849976,32.37417984008789,35.25910568237305,0.03984646871685982,0.07283403724431992,34.13518524169922,32.37417984008789,35.25910568237305
scene12_traj1_1__000090,0.04013001546263695,0.07324296236038208,1.0965834856033325,0.6738181710243225,1.3799666166305542,49.16766357421875,46.589664459228516,0.04013001546263695,0.07324296236038208,49.24961471557617,49.16766357421875,46.589664459228516,0.04013001546263695,0.07324296236038208,0.6599137783050537,0.6207833886146545,1.014032244682312,32.39076232910156,35.51818084716797,0.04013001546263695,0.07324296236038208,34.12589645385742,32.39076232910156,35.51818084716797
scene12_traj1_1__000091,0.040251970291137695,0.0737113207578659,1.0934749841690063,0.671648383140564,1.3754396438598633,48.97715377807617,46.154823303222656,0.040251970291137695,0.0737113207578659,49.049888610839844,48.97715377807617,46.154823303222656,0.040251970291137695,0.07371131330728531,0.661475658416748,0.6157619953155518,1.0118799209594727,32.36970520019531,35.5493278503418,0.040251970291137695,0.07371131330728531,34.04479217529297,32.36970520019531,35.5493278503418
scene12_traj1_1__000092,0.040342383086681366,0.07392124086618423,1.093943476676941,0.6728330850601196,1.376957654953003,49.09986114501953,46.64055633544922,0.040342383086681366,0.07392124086618423,49.12670135498047,49.09986114501953,46.64055633544922,0.040342383086681366,0.07392124086618423,0.6596375703811646,0.6216818690299988,1.0145115852355957,32.42790985107422,35.37622833251953,0.040342383086681366,0.07392124086618423,34.13420486450195,32.42790985107422,35.37622833251953
scene12_traj1_1__000093,0.040297508239746094,0.0738268718123436,1.096012830734253,0.6693528294563293,1.375783920288086,48.978050231933594,46.40443420410156,0.040297508239746094,0.0738268718123436,49.06440734863281,48.978050231933594,46.40443420410156,0.040297508239746094,0.0738268718123436,0.6586467623710632,0.623982846736908,1.0155178308486938,32.528926849365234,35.8685188293457,0.040297508239746094,0.0738268718123436,34.20415496826172,32.528926849365234,35.8685188293457
scene12_traj1_1__000094,0.04031699150800705,0.07374677807092667,1.0970078706741333,0.6702978014945984,1.377400517463684,49.0306510925293,46.48102951049805,0.04031699150800705,0.07374677807092667,49.12494659423828,49.0306510925293,46.48102951049805,0.04031699150800705,0.07374677807092667,0.6613891124725342,0.6226036548614502,1.0168148279190063,32.67654800415039,35.81787109375,0.04031699150800705,0.07374677807092667,34.24533462524414,32.67654800415039,35.81787109375
scene12_traj1_1__000095,0.040127336978912354,0.07331915199756622,1.0988099575042725,0.6709059476852417,1.3792271614074707,49.18596649169922,46.82659912109375,0.040127336978912354,0.07331915199756622,49.20379638671875,49.18596649169922,46.82659912109375,0.040127336978912354,0.07331915199756622,0.6604400873184204,0.6167157888412476,1.0118352174758911,32.26511764526367,35.11286544799805,0.040127336978912354,0.07331915199756622,34.0274658203125,32.26511764526367,35.11286544799805
scene12_traj1_1__000096,0.040393929928541183,0.0739913284778595,1.0982604026794434,0.6670843362808228,1.3765743970870972,48.93527603149414,46.22941970825195,0.040393929928541183,0.0739913284778595,49.084014892578125,48.93527603149414,46.22941970825195,0.040393929928541183,0.0739913284778595,0.6616978645324707,0.6197018623352051,1.0145615339279175,32.562400817871094,35.5272216796875,0.040393929928541183,0.0739913284778595,34.14675521850586,32.562400817871094,35.5272216796875
scene12_traj1_1__000097,0.040344513952732086,0.07363103330135345,1.1000508069992065,0.6712173819541931,1.3802993297576904,49.10838317871094,46.33964920043945,0.040344513952732086,0.07363103330135345,49.25151062011719,49.10838317871094,46.33964920043945,0.040344513952732086,0.07363103330135345,0.6599597930908203,0.6183179616928101,1.012370228767395,32.50894546508789,35.7870979309082,0.040344513952732086,0.07363103330135345,34.055023193359375,32.50894546508789,35.7870979309082
scene12_traj1_1__000098,0.0405573770403862,0.07445041090250015,1.093704104423523,0.6820731163024902,1.3830173015594482,49.38669967651367,46.8200798034668,0.0405573770403862,0.07445041090250015,49.35242462158203,49.38669967651367,46.8200798034668,0.0405573770403862,0.07445040345191956,0.6627503633499146,0.6178685426712036,1.0150017738342285,32.621585845947266,35.765602111816406,0.0405573770403862,0.07445040345191956,34.16426086425781,32.621585845947266,35.765602111816406
scene12_traj1_1__000099,0.04051933065056801,0.07456476241350174,1.0973750352859497,0.6715711355209351,1.3782639503479004,49.17535400390625,46.76784133911133,0.04051933065056801,0.07456476241350174,49.15222930908203,49.17535400390625,46.76784133911133,0.04051933065056801,0.07456476241350174,0.6634701490402222,0.6207634210586548,1.0171732902526855,32.657352447509766,35.85291290283203,0.04051933065056801,0.07456476241350174,34.24776840209961,32.657352447509766,35.85291290283203
scene12_traj1_1__000100,0.04050379991531372,0.07472836971282959,1.09658944606781,0.6716496348381042,1.37794029712677,49.03658676147461,46.65100860595703,0.04050379991531372,0.07472836971282959,49.150508880615234,49.03658676147461,46.65100860595703,0.04050379991531372,0.07472836971282959,0.6652488112449646,0.6188684701919556,1.0179635286331177,32.72599411010742,35.782135009765625,0.04050379991531372,0.07472836971282959,34.260406494140625,32.72599411010742,35.782135009765625
scene12_traj1_1__000101,0.04077059403061867,0.07516661286354065,1.098013997077942,0.6692403554916382,1.3768974542617798,49.1134033203125,46.80013656616211,0.04077059403061867,0.07516661286354065,49.08591842651367,49.1134033203125,46.80013656616211,0.04077059403061867,0.07516661286354065,0.6646367907524109,0.6169251799583435,1.0158535242080688,32.68230438232422,35.87567901611328,0.04077059403061867,0.07516661286354065,34.18965148925781,32.68230438232422,35.87567901611328
scene12_traj1_1__000102,0.040782760828733444,0.07522062957286835,1.096000075340271,0.6720028519630432,1.3778146505355835,49.05940246582031,46.55331802368164,0.040782760828733444,0.07522062957286835,49.14900207519531,49.05940246582031,46.55331802368164,0.040782760828733444,0.07522062957286835,0.6648752093315125,0.6155908107757568,1.0141563415527344,32.601783752441406,35.65608596801758,0.040782760828733444,0.07522062957286835,34.1136474609375,32.601783752441406,35.65608596801758
scene12_traj1_1__000103,0.04092944785952568,0.0752752423286438,1.0942810773849487,0.6730360388755798,1.3767383098602295,49.01001739501953,46.747154235839844,0.04092944785952568,0.0752752423286438,49.081687927246094,49.01001739501953,46.747154235839844,0.04092944785952568,0.0752752423286438,0.667121946811676,0.6126847267150879,1.0146762132644653,32.551021575927734,35.25070571899414,0.04092944785952568,0.0752752423286438,34.13164138793945,32.551021575927734,35.25070571899414
scene12_traj1_1__000104,0.041189439594745636,0.07598725706338882,1.0917713642120361,0.6703648567199707,1.373213768005371,48.831478118896484,46.30516052246094,0.041189439594745636,0.07598725706338882,48.954498291015625,48.831478118896484,46.30516052246094,0.041189439594745636,0.07598726451396942,0.664425253868103,0.6175840497016907,1.0158718824386597,32.67524719238281,35.73704147338867,0.041189439594745636,0.07598726451396942,34.197818756103516,32.67524719238281,35.73704147338867
scene12_traj1_1__000105,0.04129179194569588,0.07608011364936829,1.0968385934829712,0.6778715252876282,1.3830609321594238,49.33162307739258,46.824913024902344,0.04129179194569588,0.07608011364936829,49.38536071777344,49.33162307739258,46.824913024902344,0.04129179194569588,0.07608011364936829,0.6669681072235107,0.6180373430252075,1.0183225870132446,32.91657257080078,36.247859954833984,0.04129179194569588,0.07608011364936829,34.281436920166016,32.91657257080078,36.247859954833984
scene12_traj1_1__000106,0.04121460020542145,0.07590163499116898,1.0953742265701294,0.6692035794258118,1.3752251863479614,49.12479019165039,46.92558288574219,0.04121460020542145,0.07590163499116898,49.04636764526367,49.12479019165039,46.92558288574219,0.04121460020542145,0.07590163499116898,0.6681613922119141,0.6150395274162292,1.0170921087265015,32.757537841796875,35.863826751708984,0.04121460020542145,0.07590163499116898,34.23087692260742,32.757537841796875,35.863826751708984
scene12_traj1_1__000107,0.04169900342822075,0.07670699805021286,1.090749979019165,0.6787747144699097,1.378050684928894,49.12888717651367,46.730224609375,0.04169900342822075,0.07670699805021286,49.14958572387695,49.12888717651367,46.730224609375,0.04169900342822075,0.07670699805021286,0.6678096055984497,0.6177589297294617,1.0193116664886475,32.93861389160156,36.31047821044922,0.04169900342822075,0.07670699805021286,34.338741302490234,32.93861389160156,36.31047821044922
scene12_traj1_1__000108,0.041638053953647614,0.07648622244596481,1.0915780067443848,0.6814192533493042,1.3809062242507935,49.283390045166016,46.8914680480957,0.041638053953647614,0.07648622244596481,49.266300201416016,49.283390045166016,46.8914680480957,0.041638053953647614,0.07648622244596481,0.6691758632659912,0.616635262966156,1.0198622941970825,32.87725830078125,36.152042388916016,0.041638053953647614,0.07648622244596481,34.34443664550781,32.87725830078125,36.152042388916016
scene12_traj1_1__000109,0.04159186780452728,0.07665805518627167,1.0966070890426636,0.6751512885093689,1.3807467222213745,49.202125549316406,46.663700103759766,0.04159186780452728,0.07665805518627167,49.267051696777344,49.202125549316406,46.663700103759766,0.04159186780452728,0.07665805518627167,0.66798996925354,0.6176868677139282,1.0198763608932495,33.001136779785156,36.34758377075195,0.04159186780452728,0.07665805518627167,34.338558197021484,33.001136779785156,36.34758377075195
scene12_traj1_1__000110,0.04170478880405426,0.0774102434515953,1.093610405921936,0.6770032644271851,1.3787003755569458,49.20020294189453,46.851776123046875,0.04170478880405426,0.0774102434515953,49.16603469848633,49.20020294189453,46.851776123046875,0.04170478880405426,0.0774102434515953,0.6705774068832397,0.6132436394691467,1.0179810523986816,32.921653747558594,36.32432174682617,0.04170478880405426,0.0774102434515953,34.26338577270508,32.921653747558594,36.32432174682617
scene12_traj1_1__000111,0.04174591973423958,0.07717618346214294,1.0969158411026,0.6791274547576904,1.383650541305542,49.307247161865234,46.85882568359375,0.04174591973423958,0.07717618346214294,49.37489318847656,49.307247161865234,46.85882568359375,0.04174591973423958,0.07717618346214294,0.6692497134208679,0.6163699626922607,1.0196870565414429,33.036170959472656,36.39637756347656,0.04174591973423958,0.07717618346214294,34.343685150146484,33.036170959472656,36.39637756347656
scene12_traj1_1__000112,0.042163193225860596,0.07789825648069382,1.0956090688705444,0.673974871635437,1.3792208433151245,49.20393371582031,46.90812301635742,0.042163193225860596,0.07789825648069382,49.2215576171875,49.20393371582031,46.90812301635742,0.042163193225860596,0.07789825648069382,0.6735400557518005,0.6140835285186768,1.0216275453567505,32.99810791015625,36.02738571166992,0.042163193225860596,0.07789825648069382,34.410953521728516,32.99810791015625,36.02738571166992
scene12_traj1_1__000113,0.04214949533343315,0.0779377669095993,1.09501051902771,0.6764670014381409,1.380557656288147,49.288936614990234,47.168575286865234,0.04214949533343315,0.0779377669095993,49.252262115478516,49.288936614990234,47.168575286865234,0.04214949533343315,0.0779377669095993,0.6700617671012878,0.6139481067657471,1.0185970067977905,32.87369918823242,35.90639114379883,0.04214949533343315,0.0779377669095993,34.293365478515625,32.87369918823242,35.90639114379883
scene12_traj1_1__000114,0.04217569902539253,0.07774493843317032,1.0913573503494263,0.6776556372642517,1.3789573907852173,49.231040954589844,46.714054107666016,0.04217569902539253,0.07774493843317032,49.21758270263672,49.231040954589844,46.714054107666016,0.04217569902539253,0.07774493843317032,0.6720159649848938,0.6162042617797852,1.0214874744415283,33.05705642700195,36.362274169921875,0.04217569902539253,0.07774493843317032,34.409095764160156,33.05705642700195,36.362274169921875
scene12_traj1_1__000115,0.04230858385562897,0.07816306501626968,1.0926599502563477,0.6721457839012146,1.3747526407241821,49.113590240478516,47.08348083496094,0.04230858385562897,0.07816306501626968,48.999610900878906,49.113590240478516,47.08348083496094,0.04230858385562897,0.07816306501626968,0.6721888184547424,0.6188427805900574,1.0236449241638184,33.19700241088867,36.4635009765625,0.04230858385562897,0.07816306501626968,34.487056732177734,33.19700241088867,36.4635009765625
scene12_traj1_1__000116,0.042149510234594345,0.07771842926740646,1.0968626737594604,0.6757789850234985,1.381062626838684,49.37614822387695,47.25566101074219,0.042149510234594345,0.07771842926740646,49.27147674560547,49.37614822387695,47.25566101074219,0.042149510234594345,0.07771842926740646,0.6718658804893494,0.6155075430870056,1.0209951400756836,33.043121337890625,36.23902893066406,0.042149510234594345,0.07771842926740646,34.377620697021484,33.043121337890625,36.23902893066406
scene12_traj1_1__000117,0.04190734028816223,0.07727362960577011,1.0949788093566895,0.6721475720405579,1.3776764869689941,49.18982696533203,47.10263442993164,0.04190734028816223,0.07727362960577011,49.14232635498047,49.18982696533203,47.10263442993164,0.04190734028816223,0.07727362960577011,0.671911895275116,0.6150757074356079,1.0212172269821167,33.110660552978516,36.43538284301758,0.04190734028816223,0.07727362960577011,34.37227249145508,33.110660552978516,36.43538284301758
scene12_traj1_1__000118,0.04226625710725784,0.0777827799320221,1.0962271690368652,0.6725972890853882,1.3786640167236328,49.32889938354492,47.38092803955078,0.04226625710725784,0.0777827799320221,49.184051513671875,49.32889938354492,47.38092803955078,0.04226625710725784,0.0777827799320221,0.6723633408546448,0.6173068284988403,1.0232963562011719,33.1580810546875,36.379539489746094,0.04226625710725784,0.0777827799320221,34.46720504760742,33.1580810546875,36.379539489746094
scene12_traj1_1__000119,0.042244840413331985,0.0778980702161789,1.097365379333496,0.6764038801193237,1.3826138973236084,49.48764419555664,47.08842086791992,0.042244840413331985,0.0778980702161789,49.350341796875,49.48764419555664,47.08842086791992,0.042244840413331985,0.0778980702161789,0.6690260171890259,0.6212068200111389,1.0236401557922363,33.272708892822266,36.78304672241211,0.042244840413331985,0.0778980702161789,34.48112487792969,33.272708892822266,36.78304672241211
scene12_traj1_1__000120,0.042201727628707886,0.07775226980447769,1.0944045782089233,0.6767086386680603,1.380408763885498,49.39623260498047,47.39042663574219,0.042201727628707886,0.07775226980447769,49.247093200683594,49.39623260498047,47.39042663574219,0.042201727628707886,0.07775226980447769,0.669754147529602,0.6175062656402588,1.0212308168411255,33.02649688720703,36.10868835449219,0.042201727628707886,0.07775226980447769,34.3961181640625,33.02649688720703,36.10868835449219
scene12_traj1_1__000121,0.04222848266363144,0.07807404547929764,1.0951286554336548,0.6760179400444031,1.3804908990859985,49.428062438964844,47.11784744262695,0.04222848266363144,0.07807404547929764,49.273677825927734,49.428062438964844,47.11784744262695,0.04222848266363144,0.07807403802871704,0.6704053282737732,0.6203346252441406,1.0235035419464111,33.229881286621094,36.49155807495117,0.04222848266363144,0.07807403802871704,34.49283218383789,33.229881286621094,36.49155807495117
scene12_traj1_1__000122,0.042099062353372574,0.07748348265886307,1.0996166467666626,0.672846794128418,1.3821035623550415,49.504581451416016,47.040283203125,0.042099062353372574,0.07748348265886307,49.33974838256836,49.504581451416016,47.040283203125,0.042099062353372574,0.07748348265886307,0.670228898525238,0.6176345348358154,1.0217547416687012,33.08169174194336,36.448062896728516,0.042099062353372574,0.07748348265886307,34.3953742980957,33.08169174194336,36.448062896728516
scene12_traj1_1__000123,0.04223605990409851,0.07776221632957458,1.0986557006835938,0.6677190661430359,1.377021074295044,49.222984313964844,46.86470031738281,0.04223605990409851,0.07776221632957458,49.122459411621094,49.222984313964844,46.86470031738281,0.04223605617880821,0.07776221632957458,0.6691700220108032,0.6218152642250061,1.024092197418213,33.227725982666016,36.60090637207031,0.04223605617880821,0.07776221632957458,34.504638671875,33.227725982666016,36.60090637207031
scene12_traj1_1__000124,0.04221251234412193,0.07749822735786438,1.0970304012298584,0.673771858215332,1.3807191848754883,49.39767074584961,47.2437629699707,0.04221251234412193,0.07749822735786438,49.28007507324219,49.39767074584961,47.2437629699707,0.04221251234412193,0.07749821990728378,0.6682166457176208,0.6221723556518555,1.0233089923858643,33.2758674621582,36.67196273803711,0.04221251234412193,0.07749821990728378,34.47751998901367,33.2758674621582,36.67196273803711
scene12_traj1_1__000125,0.042427126318216324,0.07797352969646454,1.0968226194381714,0.6719585657119751,1.3791065216064453,49.50002670288086,47.57004165649414,0.042427126318216324,0.07797352969646454,49.22182083129883,49.50002670288086,47.57004165649414,0.042427126318216324,0.07797352969646454,0.6703646779060364,0.6233881115913391,1.025791049003601,33.370277404785156,36.516395568847656,0.042427126318216324,0.07797352969646454,34.5845947265625,33.370277404785156,36.516395568847656
scene12_traj1_1__000126,0.042375847697257996,0.0773678570985794,1.0963200330734253,0.6763337254524231,1.3822027444839478,49.66050338745117,47.492496490478516,0.042375847697257996,0.0773678570985794,49.34812545776367,49.66050338745117,47.492496490478516,0.042375847697257996,0.0773678570985794,0.6703774929046631,0.6210922598838806,1.0241761207580566,33.26118850708008,36.52227020263672,0.042375847697257996,0.0773678570985794,34.51472854614258,33.26118850708008,36.52227020263672
scene12_traj1_1__000127,0.04255381599068642,0.07819550484418869,1.0968738794326782,0.6710129380226135,1.3782434463500977,49.353172302246094,47.28480529785156,0.04255381599068642,0.07819550484418869,49.1866340637207,49.353172302246094,47.28480529785156,0.04255381599068642,0.07819550484418869,0.6698119640350342,0.6215912699699402,1.0242979526519775,33.32832336425781,36.70789337158203,0.04255381599068642,0.07819550484418869,34.519935607910156,33.32832336425781,36.70789337158203
scene12_traj1_1__000128,0.042411919683218,0.07803283631801605,1.0972893238067627,0.6708980202674866,1.3781111240386963,49.31412887573242,47.05506896972656,0.042411919683218,0.07803283631801605,49.163108825683594,49.31412887573242,47.05506896972656,0.042411919683218,0.07803283631801605,0.6729769706726074,0.6217068433761597,1.0271124839782715,33.44789123535156,36.68708038330078,0.042411919683218,0.07803283631801605,34.614768981933594,33.44789123535156,36.68708038330078
scene12_traj1_1__000129,0.04256902262568474,0.07807524502277374,1.0978161096572876,0.6712119579315186,1.3792285919189453,49.30741500854492,47.19561004638672,0.04256902262568474,0.07807524502277374,49.209842681884766,49.30741500854492,47.19561004638672,0.04256902262568474,0.07807524502277374,0.6721857190132141,0.623788058757782,1.0279464721679688,33.56631851196289,36.936954498291016,0.04256902262568474,0.07807524502277374,34.65418243408203,33.56631851196289,36.936954498291016
scene12_traj1_1__000130,0.04270573705434799,0.07818309962749481,1.0959668159484863,0.6630237698554993,1.3714478015899658,49.11191177368164,47.4750862121582,0.04270573705434799,0.07818309962749481,48.89913558959961,49.11191177368164,47.4750862121582,0.04270573705434799,0.07818309962749481,0.6717643737792969,0.6195356249809265,1.0244914293289185,33.402488708496094,36.722721099853516,0.04270573705434799,0.07818309962749481,34.510501861572266,33.402488708496094,36.722721099853516
scene12_traj1_1__000131,0.04318400099873543,0.07912395894527435,1.0934866666793823,0.6678274273872375,1.372299075126648,49.04582214355469,47.17576217651367,0.04318400099873543,0.07912395894527435,48.91807556152344,49.04582214355469,47.17576217651367,0.04318400099873543,0.07912395894527435,0.6713725924491882,0.6187142133712769,1.0233402252197266,33.32605743408203,36.491737365722656,0.04318400099873543,0.07912395894527435,34.47536849975586,33.32605743408203,36.491737365722656
scene12_traj1_1__000132,0.0428692065179348,0.0787234827876091,1.094560146331787,0.6702769994735718,1.3752963542938232,49.26214599609375,47.47600555419922,0.0428692065179348,0.0787234827876091,49.0555305480957,49.26214599609375,47.47600555419922,0.0428692065179348,0.0787234827876091,0.6711784601211548,0.6185917854309082,1.022828459739685,33.23527908325195,36.39787292480469,0.0428692065179348,0.0787234827876091,34.451026916503906,33.23527908325195,36.39787292480469
scene12_traj1_1__000133,0.04305611550807953,0.07901204377412796,1.093635082244873,0.6748740077018738,1.378034234046936,49.29134750366211,47.285945892333984,0.04305611550807953,0.07901204377412796,49.166748046875,49.29134750366211,47.285945892333984,0.04305611550807953,0.07901204377412796,0.6713656783103943,0.62204909324646,1.0253292322158813,33.37704086303711,36.51618576049805,0.04305611550807953,0.07901204377412796,34.55531692504883,33.37704086303711,36.51618576049805
scene12_traj1_1__000134,0.04306776076555252,0.07890845090150833,1.0885066986083984,0.6734143495559692,1.372890830039978,48.997676849365234,47.07024383544922,0.04306776076555252,0.07890845090150833,48.9400634765625,48.997676849365234,47.07024383544922,0.04306776076555252,0.07890845090150833,0.6733327507972717,0.6231467127799988,1.028232455253601,33.59081268310547,36.877220153808594,0.04306776076555252,0.07890845090150833,34.6590690612793,33.59081268310547,36.877220153808594
scene12_traj1_1__000135,0.04313817247748375,0.07925084978342056,1.0892415046691895,0.6806280016899109,1.3787792921066284,49.36851501464844,47.24873733520508,0.04313817247748375,0.07925084978342056,49.168495178222656,49.36851501464844,47.24873733520508,0.04313817247748375,0.07925084978342056,0.6717748641967773,0.6201974153518677,1.0247973203659058,33.430538177490234,36.70878601074219,0.04313817247748375,0.07925084978342056,34.542686462402344,33.430538177490234,36.70878601074219
scene12_traj1_1__000136,0.043033670634031296,0.07925646007061005,1.0885999202728271,0.6816869378089905,1.3800439834594727,49.4483757019043,47.1495361328125,0.043033670634031296,0.07925646007061005,49.2566032409668,49.4483757019043,47.1495361328125,0.043033670634031296,0.07925646007061005,0.6738330721855164,0.6214228272438049,1.0274277925491333,33.45866775512695,36.75474548339844,0.043033670634031296,0.07925646007061005,34.6307258605957,33.45866775512695,36.75474548339844
scene12_traj1_1__000137,0.04336904361844063,0.08039260655641556,1.0932284593582153,0.6741679906845093,1.376592755317688,49.23524856567383,47.074337005615234,0.04336904361844063,0.08039260655641556,49.06370544433594,49.23524856567383,47.074337005615234,0.04336904361844063,0.08039260655641556,0.6750043034553528,0.6162847280502319,1.0247132778167725,33.40882873535156,36.63451385498047,0.04336904361844063,0.08039260655641556,34.51823425292969,33.40882873535156,36.63451385498047
scene12_traj1_1__000138,0.04340524226427078,0.08039349317550659,1.0915119647979736,0.6723525524139404,1.3731281757354736,49.072288513183594,47.12474822998047,0.04340524226427078,0.08039349317550659,48.9270133972168,49.072288513183594,47.12474822998047,0.04340524226427078,0.08039350062608719,0.676946759223938,0.6156272292137146,1.0258063077926636,33.4139289855957,36.63016891479492,0.04340524226427078,0.08039350062608719,34.57642364501953,33.4139289855957,36.63016891479492
scene12_traj1_1__000139,0.04312872141599655,0.07956285774707794,1.090973138809204,0.6712634563446045,1.3725422620773315,48.84881591796875,46.654685974121094,0.04312872141599655,0.07956285774707794,48.9285774230957,48.84881591796875,46.654685974121094,0.04312872141599655,0.07956285774707794,0.6755525469779968,0.6161866188049316,1.0251153707504272,33.45936584472656,36.714900970458984,0.04312872141599655,0.07956285774707794,34.530391693115234,33.45936584472656,36.714900970458984
scene12_traj1_1__000140,0.04341523349285126,0.08071558177471161,1.0897514820098877,0.6743990778923035,1.3742105960845947,49.058109283447266,46.80196762084961,0.04341523349285126,0.08071558177471161,48.98088455200195,49.058109283447266,46.80196762084961,0.04341523349285126,0.08071558177471161,0.6763477325439453,0.6154667735099792,1.02498459815979,33.37717819213867,36.49448776245117,0.04341523349285126,0.08071558177471161,34.54304504394531,33.37717819213867,36.49448776245117
scene12_traj1_1__000141,0.04330824688076973,0.08031610399484634,1.0878968238830566,0.6835485696792603,1.3801004886627197,49.3734016418457,47.15127182006836,0.04330824688076973,0.08031610399484634,49.223026275634766,49.3734016418457,47.15127182006836,0.04330824688076973,0.08031610399484634,0.6750901341438293,0.6120085120201111,1.021372675895691,33.239654541015625,36.50484848022461,0.04330824688076973,0.08031610399484634,34.39005661010742,33.239654541015625,36.50484848022461
scene12_traj1_1__000142,0.04333461448550224,0.08017361909151077,1.0893961191177368,0.6861089468002319,1.382938027381897,49.511287689208984,47.29132843017578,0.04333461448550224,0.08017361909151077,49.35346221923828,49.511287689208984,47.29132843017578,0.04333461448550224,0.08017361164093018,0.672724723815918,0.6155516505241394,1.022336483001709,33.282379150390625,36.44516372680664,0.04333461448550224,0.08017361164093018,34.415435791015625,33.282379150390625,36.44516372680664
scene12_traj1_1__000143,0.04387497529387474,0.08159205317497253,1.0899080038070679,0.6907309889793396,1.3870209455490112,49.7144660949707,47.315608978271484,0.04387497529387474,0.08159205317497253,49.5421028137207,49.7144660949707,47.315608978271484,0.04387497529387474,0.08159205317497253,0.6711308360099792,0.6160823106765747,1.021538257598877,33.39696502685547,36.92463684082031,0.04387497529387474,0.08159205317497253,34.40300369262695,33.39696502685547,36.92463684082031
scene12_traj1_1__000144,0.04366456717252731,0.08153116703033447,1.0888639688491821,0.682870090007782,1.3797798156738281,49.5068244934082,47.51898956298828,0.04366456717252731,0.08153116703033447,49.205997467041016,49.5068244934082,47.51898956298828,0.04366456717252731,0.08153116703033447,0.6758838295936584,0.613610565662384,1.0236259698867798,33.3421516418457,36.58970260620117,0.04366456717252731,0.08153116703033447,34.480003356933594,33.3421516418457,36.58970260620117
scene12_traj1_1__000145,0.044010356068611145,0.08167845010757446,1.0835081338882446,0.6977739334106445,1.387126088142395,49.569339752197266,47.111663818359375,0.044010356068611145,0.08167845010757446,49.51411819458008,49.569339752197266,47.111663818359375,0.044010359793901443,0.08167845010757446,0.6739553213119507,0.6141349673271179,1.0221991539001465,33.35231018066406,36.71857452392578,0.044010359793901443,0.08167845010757446,34.43374252319336,33.35231018066406,36.71857452392578
scene12_traj1_1__000146,0.04354264214634895,0.08138249814510345,1.086143136024475,0.689014196395874,1.3821327686309814,49.45983123779297,47.37723922729492,0.04354264214634895,0.08138249814510345,49.303401947021484,49.45983123779297,47.37723922729492,0.04354264214634895,0.08138249814510345,0.6757615208625793,0.6120600700378418,1.0218665599822998,33.372283935546875,36.749488830566406,0.04354264214634895,0.08138249814510345,34.410221099853516,33.372283935546875,36.749488830566406
scene12_traj1_1__000147,0.043268829584121704,0.08123085647821426,1.0898847579956055,0.6830395460128784,1.3817907571792603,49.41633987426758,47.24250030517578,0.043268829584121704,0.08123085647821426,49.301124572753906,49.41633987426758,47.24250030517578,0.043268829584121704,0.08123085647821426,0.6763253808021545,0.6114693880081177,1.0221545696258545,33.39435577392578,36.859405517578125,0.043268829584121704,0.08123085647821426,34.405757904052734,33.39435577392578,36.859405517578125
scene12_traj1_1__000148,0.04333063215017319,0.08154149353504181,1.0884501934051514,0.6878410577774048,1.3825596570968628,49.32726287841797,47.183902740478516,0.04333063215017319,0.08154149353504181,49.311336517333984,49.32726287841797,47.183902740478516,0.04333063215017319,0.08154149353504181,0.6754707098007202,0.6116448044776917,1.0214742422103882,33.32075500488281,36.637107849121094,0.04333063215017319,0.08154149353504181,34.39304733276367,33.32075500488281,36.637107849121094
scene12_traj1_1__000149,0.04347233846783638,0.08177580684423447,1.0854333639144897,0.6881035566329956,1.380899429321289,49.22735595703125,46.758358001708984,0.04347233846783638,0.08177580684423447,49.23030471801758,49.22735595703125,46.758358001708984,0.04347233474254608,0.08177580684423447,0.675693154335022,0.6088992357254028,1.0195308923721313,33.28963088989258,36.62749481201172,0.04347233474254608,0.08177580684423447,34.311798095703125,33.28963088989258,36.62749481201172
scene12_traj1_1__000150,0.04319855570793152,0.0810435563325882,1.0895864963531494,0.6890512108802795,1.3849517107009888,49.50214767456055,47.20571517944336,0.04319855570793152,0.0810435563325882,49.4084587097168,49.50214767456055,47.20571517944336,0.04319855570793152,0.0810435563325882,0.6754931807518005,0.6100031137466431,1.0203301906585693,33.3031005859375,36.8369140625,0.04319855570793152,0.0810435563325882,34.348453521728516,33.3031005859375,36.8369140625
scene12_traj1_1__000151,0.04313343018293381,0.08062930405139923,1.0881210565567017,0.6861429810523987,1.381178379058838,49.36470031738281,47.256256103515625,0.04313343018293381,0.08062930405139923,49.24483871459961,49.36470031738281,47.256256103515625,0.04313343018293381,0.08062930405139923,0.6742436289787292,0.6082724928855896,1.0180026292800903,33.146820068359375,36.48124313354492,0.04313343018293381,0.08062930405139923,34.25754928588867,33.146820068359375,36.48124313354492
scene12_traj1_1__000152,0.043424513190984726,0.08093465119600296,1.0911787748336792,0.6933044195175171,1.3893458843231201,49.64581298828125,47.04239273071289,0.043424513190984726,0.08093465119600296,49.6075439453125,49.64581298828125,47.04239273071289,0.043424513190984726,0.08093465119600296,0.6711721420288086,0.6098928451538086,1.0162068605422974,33.14598846435547,36.87168884277344,0.043424513190984726,0.08093465119600296,34.2026252746582,33.14598846435547,36.87168884277344
scene12_traj1_1__000153,0.04325106367468834,0.08072461932897568,1.0876398086547852,0.6878717541694641,1.3826327323913574,49.271278381347656,46.790348052978516,0.04325106367468834,0.08072461932897568,49.31816864013672,49.271278381347656,46.790348052978516,0.04325106367468834,0.08072461932897568,0.6719555854797363,0.6116812229156494,1.018899917602539,33.246490478515625,36.62510299682617,0.04325106367468834,0.08072461932897568,34.2877311706543,33.246490478515625,36.62510299682617
scene12_traj1_1__000154,0.04306429252028465,0.08016232401132584,1.091015338897705,0.6914085745811462,1.3881597518920898,49.53837966918945,46.81405258178711,0.04306429252028465,0.08016232401132584,49.5606803894043,49.53837966918945,46.81405258178711,0.04306429252028465,0.08016232401132584,0.6698029041290283,0.6136366128921509,1.0181195735931396,33.10723114013672,36.664649963378906,0.04306429252028465,0.08016232401132584,34.28207778930664,33.10723114013672,36.664649963378906
scene12_traj1_1__000155,0.042738091200590134,0.0803232491016388,1.096852421760559,0.6778749227523804,1.3831350803375244,49.46308898925781,46.85439682006836,0.042738091200590134,0.0803232491016388,49.380104064941406,49.46308898925781,46.85439682006836,0.042738091200590134,0.0803232491016388,0.6711422204971313,0.6117234230041504,1.017778754234314,32.9856071472168,36.52778244018555,0.042738091200590134,0.0803232491016388,34.248802185058594,32.9856071472168,36.52778244018555
scene12_traj1_1__000156,0.0423906110227108,0.08016142249107361,1.0914517641067505,0.6764140129089355,1.3767391443252563,49.05832290649414,46.532569885253906,0.0423906110227108,0.08016142249107361,49.077293395996094,49.05832290649414,46.532569885253906,0.0423906110227108,0.08016142249107361,0.6728737354278564,0.6103401780128479,1.0185593366622925,33.16825485229492,36.769508361816406,0.0423906110227108,0.08016142249107361,34.28141403198242,33.16825485229492,36.769508361816406
scene12_traj1_1__000157,0.04250406473875046,0.08006256818771362,1.0977256298065186,0.6766998171806335,1.3831197023391724,49.52243423461914,47.00062942504883,0.04250406473875046,0.08006256818771362,49.35783767700195,49.52243423461914,47.00062942504883,0.04250406473875046,0.08006256818771362,0.6735031604766846,0.6143402457237244,1.0214842557907104,33.077430725097656,36.535465240478516,0.04250406473875046,0.08006256818771362,34.391109466552734,33.077430725097656,36.535465240478516
scene12_traj1_1__000158,0.04216928780078888,0.07951678335666656,1.0968917608261108,0.6694552898406982,1.3767400979995728,49.03936004638672,46.5067024230957,0.04216928780078888,0.07951678335666656,49.08025360107422,49.03936004638672,46.5067024230957,0.04216928780078888,0.07951678335666656,0.6723830103874207,0.6148215532302856,1.020848035812378,33.28213882446289,37.22431564331055,0.04216928780078888,0.07951678335666656,34.38303756713867,33.28213882446289,37.22431564331055
scene12_traj1_1__000159,0.04218055680394173,0.07877969741821289,1.090972661972046,0.6841172575950623,1.3835302591323853,49.4581298828125,46.853240966796875,0.04218055680394173,0.07877969741821289,49.38203048706055,49.4581298828125,46.853240966796875,0.04218055680394173,0.07877969741821289,0.6706239581108093,0.6130970120429993,1.018047571182251,33.0781135559082,36.93888854980469,0.04218055680394173,0.07877969741821289,34.262359619140625,33.0781135559082,36.93888854980469
scene12_traj1_1__000160,0.0424019955098629,0.07934893667697906,1.09746253490448,0.6858533024787903,1.3890048265457153,49.666961669921875,47.12628936767578,0.0424019955098629,0.07934893667697906,49.605892181396484,49.666961669921875,47.12628936767578,0.0424019955098629,0.07934893667697906,0.6702789664268494,0.6096435189247131,1.0156704187393188,32.81822967529297,36.34503173828125,0.0424019955098629,0.07934893667697906,34.16455841064453,32.81822967529297,36.34503173828125
scene12_traj1_1__000161,0.04306967556476593,0.08047375828027725,1.0906054973602295,0.682079553604126,1.3830277919769287,49.30269241333008,46.74307632446289,0.04306967556476593,0.08047375828027725,49.36160659790039,49.30269241333008,46.74307632446289,0.04306967556476593,0.08047375828027725,0.6695259213447571,0.6093631386756897,1.014888882637024,32.917686462402344,36.93745040893555,0.04306967556476593,0.08047375828027725,34.14889144897461,32.917686462402344,36.93745040893555
scene12_traj1_1__000162,0.04290308430790901,0.08069361746311188,1.0878314971923828,0.6812623739242554,1.3794727325439453,49.28833770751953,46.86479187011719,0.04290308430790901,0.08069361746311188,49.1878547668457,49.28833770751953,46.86479187011719,0.04290308430790901,0.08069361746311188,0.6743976473808289,0.6073775291442871,1.0172028541564941,32.88695526123047,36.57917785644531,0.04290308430790901,0.08069361746311188,34.234493255615234,32.88695526123047,36.57917785644531
scene12_traj1_1__000163,0.043009523302316666,0.08099354058504105,1.0863759517669678,0.6845076084136963,1.3805087804794312,49.253746032714844,46.675498962402344,0.043009523302316666,0.08099354058504105,49.21551513671875,49.253746032714844,46.675498962402344,0.043009523302316666,0.08099354058504105,0.6740979552268982,0.6080735921859741,1.0176832675933838,32.97831344604492,36.87654495239258,0.043009523302316666,0.08099354058504105,34.23527526855469,32.97831344604492,36.87654495239258
scene12_traj1_1__000164,0.04410959780216217,0.08218685537576675,1.0893943309783936,0.6911019682884216,1.3881181478500366,49.56692123413086,46.791011810302734,0.04410959780216217,0.08218685537576675,49.58802032470703,49.56692123413086,46.791011810302734,0.04410959780216217,0.08218685537576675,0.6737512350082397,0.6057390570640564,1.0153557062149048,32.81702423095703,36.6080207824707,0.04410959780216217,0.08218685537576675,34.150333404541016,32.81702423095703,36.6080207824707
scene12_traj1_1__000165,0.044356316328048706,0.0824652686715126,1.0842128992080688,0.6917889714241028,1.3847237825393677,49.432952880859375,47.041385650634766,0.044356316328048706,0.0824652686715126,49.377403259277344,49.432952880859375,47.041385650634766,0.044356316328048706,0.082465261220932,0.6744594573974609,0.600437343120575,1.0116899013519287,32.583980560302734,36.17306900024414,0.044356316328048706,0.082465261220932,34.00908279418945,32.583980560302734,36.17306900024414
scene12_traj1_1__000166,0.04477374628186226,0.08288998901844025,1.085797667503357,0.6908037066459656,1.3850221633911133,49.48991775512695,47.244468688964844,0.04477374628186226,0.08288998901844025,49.39798355102539,49.48991775512695,47.244468688964844,0.04477373883128166,0.08288998901844025,0.6734136343002319,0.6019418239593506,1.011709213256836,32.51030731201172,36.081703186035156,0.04477373883128166,0.08288998901844025,34.00394821166992,32.51030731201172,36.081703186035156
scene12_traj1_1__000167,0.04452461004257202,0.08281753957271576,1.0798826217651367,0.6884216666221619,1.3790513277053833,49.157039642333984,47.07919692993164,0.04452461004257202,0.08281753957271576,49.129493713378906,49.157039642333984,47.07919692993164,0.04452461004257202,0.08281753957271576,0.6781243085861206,0.5991284847259521,1.0133525133132935,32.62550354003906,36.42384719848633,0.04452461004257202,0.08281753957271576,34.063594818115234,32.62550354003906,36.42384719848633
scene12_traj1_1__000168,0.044515397399663925,0.08256161957979202,1.0828231573104858,0.6891676783561707,1.3819940090179443,49.27421569824219,47.03704071044922,0.044515397399663925,0.08256161957979202,49.24301528930664,49.27421569824219,47.03704071044922,0.044515397399663925,0.08256161957979202,0.677881121635437,0.5984890460968018,1.0122261047363281,32.60050964355469,36.52542495727539,0.044515397399663925,0.08256161957979202,34.037418365478516,32.60050964355469,36.52542495727539
scene12_traj1_1__000169,0.04495259374380112,0.08290839940309525,1.0811151266098022,0.6874960064888,1.3790415525436401,49.096031188964844,46.528106689453125,0.04495259374380112,0.08290839940309525,49.12492752075195,49.096031188964844,46.528106689453125,0.04495259374380112,0.08290839940309525,0.678505003452301,0.5981230735778809,1.0126423835754395,32.64274597167969,36.5600700378418,0.04495259374380112,0.08290839940309525,34.05948257446289,32.64274597167969,36.5600700378418
scene12_traj1_1__000170,0.04470869153738022,0.0824969932436943,1.083329677581787,0.692888617515564,1.3849339485168457,49.230350494384766,46.49309539794922,0.04470869153738022,0.0824969932436943,49.38199234008789,49.230350494384766,46.49309539794922,0.04470869153738022,0.08249698579311371,0.6752455830574036,0.5967913269996643,1.008915901184082,32.50877380371094,36.63507080078125,0.04470869153738022,0.08249698579311371,33.91303634643555,32.50877380371094,36.63507080078125
scene12_traj1_1__000171,0.04504203796386719,0.0839696153998375,1.0823622941970825,0.6839063763618469,1.3769042491912842,48.9450569152832,46.8032341003418,0.04504203796386719,0.0839696153998375,49.007869720458984,48.9450569152832,46.8032341003418,0.04504203796386719,0.0839696153998375,0.6763940453529358,0.5967345833778381,1.0097651481628418,32.34034729003906,35.921390533447266,0.04504203796386719,0.0839696153998375,33.94329833984375,32.34034729003906,35.921390533447266
scene12_traj1_1__000172,0.0446937270462513,0.08292408287525177,1.085219144821167,0.6863101720809937,1.3804620504379272,49.064056396484375,46.91584777832031,0.0446937270462513,0.08292408287525177,49.154502868652344,49.064056396484375,46.91584777832031,0.0446937270462513,0.08292408287525177,0.674532949924469,0.5956729054450989,1.0078741312026978,32.39392852783203,36.35429763793945,0.0446937270462513,0.08292408287525177,33.86016845703125,32.39392852783203,36.35429763793945
scene12_traj1_1__000173,0.04444268345832825,0.08283013850450516,1.0849624872207642,0.6750355958938599,1.3715823888778687,48.52583312988281,46.17444610595703,0.04444268345832825,0.08283013850450516,48.770896911621094,48.52583312988281,46.17444610595703,0.04444268345832825,0.08283013850450516,0.6761534214019775,0.5974614024162292,1.010420799255371,32.53131866455078,36.74029541015625,0.04444268345832825,0.08283013850450516,33.96228790283203,32.53131866455078,36.74029541015625
scene12_traj1_1__000174,0.04361585155129433,0.08107065409421921,1.087138056755066,0.6684271097183228,1.3688064813613892,48.59461212158203,46.46231460571289,0.04361585155129433,0.08107065409421921,48.681617736816406,48.59461212158203,46.46231460571289,0.04361585155129433,0.08107065409421921,0.6755296587944031,0.59967440366745,1.010862112045288,32.29629898071289,35.998817443847656,0.04361585155129433,0.08107065409421921,33.97842788696289,32.29629898071289,35.998817443847656
scene12_traj1_1__000175,0.04338931292295456,0.07980294525623322,1.0834178924560547,0.6728125810623169,1.369605302810669,48.570560455322266,46.16511535644531,0.04338931292295456,0.07980294525623322,48.699180603027344,48.570560455322266,46.16511535644531,0.04338931292295456,0.07980294525623322,0.6739254593849182,0.6011722087860107,1.0106459856033325,32.3711051940918,36.330989837646484,0.04338931292295456,0.07980294525623322,33.975826263427734,32.3711051940918,36.330989837646484
scene12_traj1_1__000176,0.042620282620191574,0.07949052006006241,1.0880708694458008,0.665005624294281,1.3661739826202393,48.53050994873047,46.550682067871094,0.042620282620191574,0.07949052006006241,48.5675163269043,48.53050994873047,46.550682067871094,0.042620282620191574,0.07949052006006241,0.6754329800605774,0.6042029857635498,1.0138654708862305,32.3123664855957,35.95084762573242,0.042620282620191574,0.07949052006006241,34.09111022949219,32.3123664855957,35.95084762573242
scene12_traj1_1__000177,0.04270613566040993,0.07939116656780243,1.0873064994812012,0.6641467213630676,1.3663108348846436,48.50330352783203,46.26586151123047,0.04270613566040993,0.07939116656780243,48.6031494140625,48.50330352783203,46.26586151123047,0.04270613566040993,0.07939116656780243,0.6751768589019775,0.6037158966064453,1.013293743133545,32.36473846435547,36.137794494628906,0.04270613566040993,0.07939116656780243,34.06327438354492,32.36473846435547,36.137794494628906
scene12_traj1_1__000178,0.04324118047952652,0.08000064641237259,1.0872513055801392,0.6734301447868347,1.3721328973770142,48.68043518066406,46.365238189697266,0.04324118047952652,0.08000064641237259,48.82234573364258,48.68043518066406,46.365238189697266,0.04324118047952652,0.08000063896179199,0.6761282086372375,0.6004138588905334,1.011945128440857,32.348941802978516,36.237003326416016,0.04324118047952652,0.08000063896179199,34.01711654663086,32.348941802978516,36.237003326416016
scene12_traj1_1__000179,0.043170295655727386,0.07949075102806091,1.084335446357727,0.6714046597480774,1.3691326379776,48.590763092041016,46.50828552246094,0.043170295655727386,0.07949075102806091,48.67598342895508,48.590763092041016,46.50828552246094,0.043170295655727386,0.07949075102806091,0.6736659407615662,0.5997309684753418,1.0093169212341309,32.233917236328125,36.00192642211914,0.043170295655727386,0.07949075102806091,33.91693115234375,32.233917236328125,36.00192642211914
scene12_traj1_1__000180,0.04330393299460411,0.08018872141838074,1.0866663455963135,0.6697100400924683,1.3692411184310913,48.5673828125,46.57492446899414,0.04330393299460411,0.08018872141838074,48.67120361328125,48.5673828125,46.57492446899414,0.04330393299460411,0.08018872141838074,0.6720106601715088,0.596523642539978,1.0054465532302856,32.085514068603516,36.017234802246094,0.04330393299460411,0.08018872141838074,33.77438735961914,32.085514068603516,36.017234802246094
scene12_traj1_1__000181,0.04338858276605606,0.08038922399282455,1.0824759006500244,0.6718410849571228,1.3672226667404175,48.337493896484375,46.11842727661133,0.04338858276605606,0.08038922399282455,48.590003967285156,48.337493896484375,46.11842727661133,0.04338858276605606,0.08038922399282455,0.6736667156219482,0.5968651175498962,1.006723165512085,32.2439079284668,36.37422561645508,0.04338858276605606,0.08038922399282455,33.83086013793945,32.2439079284668,36.37422561645508
scene12_traj1_1__000182,0.043155863881111145,0.08004739880561829,1.0842880010604858,0.6758437752723694,1.3715155124664307,48.515350341796875,46.26856231689453,0.043155863881111145,0.08004739880561829,48.77904510498047,48.515350341796875,46.26856231689453,0.04315586015582085,0.08004739880561829,0.6744668483734131,0.5962320566177368,1.007229208946228,32.15615463256836,35.940914154052734,0.04315586015582085,0.08004739880561829,33.820552825927734,32.15615463256836,35.940914154052734
scene12_traj1_1__000183,0.0435858853161335,0.08070250600576401,1.0819534063339233,0.67643141746521,1.369793176651001,48.464054107666016,46.49469757080078,0.0435858853161335,0.08070250600576401,48.68864059448242,48.464054107666016,46.49469757080078,0.0435858853161335,0.08070250600576401,0.6729547381401062,0.593628466129303,1.003794550895691,32.06131362915039,35.99343490600586,0.0435858853161335,0.08070250600576401,33.708221435546875,32.06131362915039,35.99343490600586
scene12_traj1_1__000184,0.04376458749175072,0.08109807968139648,1.0795029401779175,0.679283618927002,1.3701348304748535,48.46531677246094,46.42487716674805,0.04376458749175072,0.08109807968139648,48.71599197387695,48.46531677246094,46.42487716674805,0.04376458749175072,0.08109807968139648,0.6782474517822266,0.5947645902633667,1.008555293083191,32.36507797241211,36.441680908203125,0.04376458749175072,0.08109807968139648,33.88650131225586,32.36507797241211,36.441680908203125
scene12_traj1_1__000185,0.04373408108949661,0.081488236784935,1.0816006660461426,0.672369122505188,1.3664523363113403,48.268898010253906,46.29966354370117,0.04373408108949661,0.081488236784935,48.54046630859375,48.268898010253906,46.29966354370117,0.04373408108949661,0.081488236784935,0.6764872074127197,0.5923951864242554,1.0057331323623657,32.17810821533203,36.148231506347656,0.04373408108949661,0.081488236784935,33.777976989746094,32.17810821533203,36.148231506347656
scene12_traj1_1__000186,0.04422033205628395,0.0823943018913269,1.0801711082458496,0.6859716176986694,1.3751745223999023,48.704734802246094,46.76007080078125,0.04422033205628395,0.0823943018913269,48.91297912597656,48.704734802246094,46.76007080078125,0.04422033205628395,0.0823943018913269,0.6761137843132019,0.5924046039581299,1.005130410194397,32.16626739501953,36.43998718261719,0.04422033205628395,0.0823943018913269,33.76408767700195,32.16626739501953,36.43998718261719
scene12_traj1_1__000187,0.04443327337503433,0.0830712616443634,1.079927921295166,0.6827981472015381,1.3727446794509888,48.561641693115234,46.761417388916016,0.04443327337503433,0.0830712616443634,48.799312591552734,48.561641693115234,46.761417388916016,0.04443327337503433,0.0830712616443634,0.6745586395263672,0.5919200778007507,1.003637433052063,32.14418029785156,36.193504333496094,0.04443327337503433,0.0830712616443634,33.698490142822266,32.14418029785156,36.193504333496094
scene12_traj1_1__000188,0.04453607648611069,0.0831664651632309,1.0754764080047607,0.685652494430542,1.371433973312378,48.426666259765625,46.49139404296875,0.04453607648611069,0.0831664651632309,48.7187385559082,48.426666259765625,46.49139404296875,0.04453607276082039,0.0831664651632309,0.6782433986663818,0.5885358452796936,1.004269003868103,32.33486557006836,36.664730072021484,0.04453607276082039,0.0831664651632309,33.73097610473633,32.33486557006836,36.664730072021484
scene12_traj1_1__000189,0.04389345645904541,0.08315572142601013,1.0776947736740112,0.6811802983283997,1.370185136795044,48.35799789428711,46.48431396484375,0.04389345645904541,0.08315572142601013,48.68764114379883,48.35799789428711,46.48431396484375,0.04389345645904541,0.08315571397542953,0.6764229536056519,0.5903754830360413,1.0044974088668823,32.37632751464844,36.78089904785156,0.04389345645904541,0.08315571397542953,33.72504806518555,32.37632751464844,36.78089904785156
scene12_traj1_1__000190,0.045026592910289764,0.08410817384719849,1.0749118328094482,0.6901191473007202,1.374216914176941,48.41548538208008,46.235748291015625,0.045026592910289764,0.08410817384719849,48.864192962646484,48.41548538208008,46.235748291015625,0.045026592910289764,0.08410817384719849,0.674781858921051,0.5865591168403625,0.9998971819877625,32.067989349365234,36.16222381591797,0.045026592910289764,0.08410817384719849,33.554019927978516,32.067989349365234,36.16222381591797
scene12_traj1_1__000191,0.04548155143857002,0.08465508371591568,1.0734903812408447,0.6942757368087769,1.3758437633514404,48.50736618041992,46.287532806396484,0.04548155143857002,0.08465508371591568,48.92295837402344,48.50736618041992,46.287532806396484,0.04548155143857002,0.08465508371591568,0.6783437728881836,0.585041880607605,1.001847743988037,32.12078857421875,36.39946365356445,0.04548155143857002,0.08465508371591568,33.61238098144531,32.12078857421875,36.39946365356445
scene12_traj1_1__000192,0.04523927718400955,0.08355315774679184,1.074276089668274,0.6860859990119934,1.3705534934997559,48.2406120300293,46.33049774169922,0.04523927718400955,0.08355315774679184,48.70711135864258,48.2406120300293,46.33049774169922,0.04523927718400955,0.08355315774679184,0.6774399280548096,0.586022675037384,1.0014411211013794,32.09559631347656,36.160736083984375,0.04523927718400955,0.08355315774679184,33.60910415649414,32.09559631347656,36.160736083984375
scene12_traj1_1__000193,0.04471411928534508,0.08323824405670166,1.072737455368042,0.6810789704322815,1.3654922246932983,48.11367416381836,46.60921859741211,0.04471411928534508,0.08323824405670166,48.454166412353516,48.11367416381836,46.60921859741211,0.04471411556005478,0.08323824405670166,0.6775570511817932,0.5841853618621826,1.0004969835281372,32.006839752197266,36.05619812011719,0.04471411556005478,0.08323824405670166,33.56709289550781,32.006839752197266,36.05619812011719
scene12_traj1_1__000194,0.04476705938577652,0.08382927626371384,1.0694897174835205,0.6824339628219604,1.364475131034851,47.835411071777344,45.39904022216797,0.04476705938577652,0.08382927626371384,48.461421966552734,47.835411071777344,45.39904022216797,0.04476705938577652,0.08382927626371384,0.6796886324882507,0.5855886340141296,1.003164291381836,32.13321304321289,36.12147521972656,0.04476705938577652,0.08382927626371384,33.668235778808594,32.13321304321289,36.12147521972656
scene12_traj1_1__000195,0.04358064755797386,0.08068526536226273,1.0787551403045654,0.6748184561729431,1.3661649227142334,48.170169830322266,46.11220169067383,0.04358064755797386,0.08068526536226273,48.51639938354492,48.170169830322266,46.11220169067383,0.04358064755797386,0.08068526536226273,0.6726269721984863,0.5949885249137878,1.004032850265503,31.99392318725586,36.04521942138672,0.04358064755797386,0.08068526536226273,33.70294952392578,31.99392318725586,36.04521942138672
scene12_traj1_1__000196,0.043328579515218735,0.08078169077634811,1.0795469284057617,0.6708575487136841,1.36368727684021,48.18442153930664,46.16334915161133,0.043328579515218735,0.08078169077634811,48.429744720458984,48.18442153930664,46.16334915161133,0.043328579515218735,0.08078169077634811,0.6759254932403564,0.595492959022522,1.0071278810501099,32.171974182128906,36.39383316040039,0.043328579515218735,0.08078169077634811,33.830596923828125,32.171974182128906,36.39383316040039
scene12_traj1_1__000197,0.04308034107089043,0.07949680835008621,1.0827561616897583,0.6660492420196533,1.3633249998092651,48.17847442626953,46.149391174316406,0.04308034107089043,0.07949680835008621,48.43545150756836,48.17847442626953,46.149391174316406,0.04308034107089043,0.07949680835008621,0.6715131998062134,0.6012893319129944,1.0078433752059937,32.234352111816406,36.59770202636719,0.04308034107089043,0.07949680835008621,33.86620330810547,32.234352111816406,36.59770202636719
scene12_traj1_1__000198,0.04239602014422417,0.07830013334751129,1.0803825855255127,0.6676473021507263,1.3626413345336914,48.12083053588867,45.88640213012695,0.04239602014422417,0.07830013334751129,48.400787353515625,48.12083053588867,45.88640213012695,0.04239602014422417,0.07830013334751129,0.6706796884536743,0.6039554476737976,1.0092556476593018,32.2038459777832,36.47638702392578,0.04239602014422417,0.07830013334751129,33.90829849243164,32.2038459777832,36.47638702392578
scene12_traj1_1__000199,0.04233146831393242,0.07775948196649551,1.0813251733779907,0.6658959984779358,1.3621419668197632,48.18112564086914,45.995906829833984,0.04233146831393242,0.07775948196649551,48.37262725830078,48.18112564086914,45.995906829833984,0.04233146831393242,0.07775948196649551,0.6723124384880066,0.6024266481399536,1.008752703666687,32.231300354003906,36.61037063598633,0.04233146831393242,0.07775948196649551,33.90802001953125,32.231300354003906,36.61037063598633
scene12_traj1_1__000200,0.04227238520979881,0.07755446434020996,1.0798640251159668,0.6696550846099854,1.363959550857544,48.24445724487305,45.938114166259766,0.04227238520979881,0.07755446434020996,48.4526481628418,48.24445724487305,45.938114166259766,0.04227238520979881,0.07755446434020996,0.671166181564331,0.6021347641944885,1.0073274374008179,32.13839340209961,36.42582321166992,0.04227238520979881,0.07755446434020996,33.83543395996094,32.13839340209961,36.42582321166992
scene12_traj1_1__000201,0.04213704168796539,0.07775375247001648,1.0838063955307007,0.6655636429786682,1.3636168241500854,48.26408386230469,46.162818908691406,0.04213704168796539,0.07775375247001648,48.42855453491211,48.26408386230469,46.162818908691406,0.04213704168796539,0.07775375247001648,0.6698631644248962,0.6031635403633118,1.007498860359192,32.06446075439453,36.05937957763672,0.04213704168796539,0.07775375247001648,33.85362243652344,32.06446075439453,36.05937957763672
scene12_traj1_1__000202,0.041556064039468765,0.07690809667110443,1.0807467699050903,0.6658202409744263,1.3609966039657593,48.0792236328125,45.62663650512695,0.041556064039468765,0.07690809667110443,48.34600830078125,48.0792236328125,45.62663650512695,0.041556064039468765,0.07690809667110443,0.6716271042823792,0.6028302907943726,1.0082069635391235,32.09651184082031,36.1369514465332,0.041556064039468765,0.07690809667110443,33.86793899536133,32.09651184082031,36.1369514465332
scene12_traj1_1__000203,0.04210551828145981,0.07780679315328598,1.0760866403579712,0.6727750897407532,1.3620465993881226,48.03822326660156,45.478763580322266,0.04210551828145981,0.07780679315328598,48.35505676269531,48.03822326660156,45.478763580322266,0.04210551455616951,0.07780679315328598,0.6704447269439697,0.6028615236282349,1.0076793432235718,32.0737190246582,36.214019775390625,0.04210551455616951,0.07780679315328598,33.86024475097656,32.0737190246582,36.214019775390625
scene12_traj1_1__000204,0.042084742337465286,0.07751980423927307,1.0783032178878784,0.6740674376487732,1.3654680252075195,48.28358840942383,46.125457763671875,0.042084742337465286,0.07751980423927307,48.50617599487305,48.28358840942383,46.125457763671875,0.042084742337465286,0.07751980423927307,0.6707026362419128,0.6043683886528015,1.0088697671890259,32.181243896484375,36.20773696899414,0.042084742337465286,0.07751980423927307,33.90043640136719,32.181243896484375,36.20773696899414
scene12_traj1_1__000205,0.04169495031237602,0.07734034955501556,1.0791677236557007,0.6697967648506165,1.3630074262619019,48.13223648071289,46.07527542114258,0.04169495031237602,0.07734034955501556,48.394081115722656,48.13223648071289,46.07527542114258,0.04169495031237602,0.07734034955501556,0.6693943738937378,0.6051746606826782,1.0080323219299316,32.282798767089844,36.388816833496094,0.04169495031237602,0.07734034955501556,33.877899169921875,32.282798767089844,36.388816833496094
scene12_traj1_1__000206,0.04268237575888634,0.07849662005901337,1.0770107507705688,0.6719556450843811,1.3635326623916626,48.13444900512695,45.90088653564453,0.04268237575888634,0.07849662005901337,48.436431884765625,48.13444900512695,45.90088653564453,0.04268237575888634,0.07849662005901337,0.669020414352417,0.6062306761741638,1.0086034536361694,32.28142547607422,36.335792541503906,0.04268237575888634,0.07849662005901337,33.90542221069336,32.28142547607422,36.335792541503906
scene12_traj1_1__000207,0.04204760119318962,0.07796639204025269,1.0798627138137817,0.672906756401062,1.3653897047042847,48.30411911010742,46.238346099853516,0.04204760119318962,0.07796639204025269,48.51629638671875,48.30411911010742,46.238346099853516,0.04204760119318962,0.07796639204025269,0.6691675186157227,0.6080190539360046,1.0100922584533691,32.37117385864258,36.315040588378906,0.04204760119318962,0.07796639204025269,33.97441101074219,32.37117385864258,36.315040588378906
scene12_traj1_1__000208,0.04157101735472679,0.07713127881288528,1.0806047916412354,0.6767691373825073,1.3685424327850342,48.280147552490234,45.81217956542969,0.04157101735472679,0.07713127881288528,48.68046569824219,48.280147552490234,45.81217956542969,0.04157101735472679,0.07713127881288528,0.6697993278503418,0.6118964552879333,1.0135209560394287,32.558956146240234,36.5511474609375,0.04157101735472679,0.07713127881288528,34.09294891357422,32.558956146240234,36.5511474609375
scene12_traj1_1__000209,0.0411524698138237,0.07683299481868744,1.0801666975021362,0.6838927865028381,1.3728352785110474,48.56187057495117,46.06155014038086,0.0411524698138237,0.07683299481868744,48.848262786865234,48.56187057495117,46.06155014038086,0.0411524698138237,0.07683299481868744,0.6662152409553528,0.6100220680236816,1.0094528198242188,32.31281661987305,36.224178314208984,0.0411524698138237,0.07683299481868744,33.925941467285156,32.31281661987305,36.224178314208984
scene12_traj1_1__000210,0.04113943874835968,0.0773255005478859,1.0790437459945679,0.6776098012924194,1.3673299551010132,48.32367706298828,46.03611373901367,0.04113943874835968,0.0773255005478859,48.6226921081543,48.32367706298828,46.03611373901367,0.04113943874835968,0.0773255005478859,0.6667554378509521,0.6101164221763611,1.0095571279525757,32.293949127197266,36.143959045410156,0.04113943874835968,0.0773255005478859,33.95183563232422,32.293949127197266,36.143959045410156
scene12_traj1_1__000211,0.04106526076793671,0.07698020339012146,1.0794639587402344,0.6782584190368652,1.3683478832244873,48.424442291259766,46.49714279174805,0.04106526076793671,0.07698020339012146,48.654296875,48.424442291259766,46.49714279174805,0.04106526076793671,0.07698020339012146,0.6625561118125916,0.6113241910934448,1.007472038269043,32.30955123901367,36.19248580932617,0.04106526076793671,0.07698020339012146,33.861534118652344,32.30955123901367,36.19248580932617
scene12_traj1_1__000212,0.041533682495355606,0.07740802317857742,1.0759387016296387,0.6773046851158142,1.3647905588150024,48.168907165527344,45.9100341796875,0.041533682495355606,0.07740802317857742,48.52312088012695,48.168907165527344,45.9100341796875,0.041533682495355606,0.07740802317857742,0.6660001873970032,0.6124135851860046,1.0112102031707764,32.47100830078125,36.391746520996094,0.041533682495355606,0.07740802317857742,34.017642974853516,32.47100830078125,36.391746520996094
scene12_traj1_1__000213,0.040647126734256744,0.07632201164960861,1.0802719593048096,0.6737034320831299,1.3655306100845337,48.405662536621094,46.31082534790039,0.040647126734256744,0.07632201164960861,48.54420471191406,48.405662536621094,46.31082534790039,0.040647123008966446,0.07632201164960861,0.6683083176612854,0.6118607521057129,1.0125524997711182,32.521484375,36.424930572509766,0.040647123008966446,0.07632201164960861,34.05321502685547,32.521484375,36.424930572509766
scene12_traj1_1__000214,0.04071793332695961,0.07619041949510574,1.0792875289916992,0.6738585233688354,1.3656609058380127,48.37947082519531,46.09040451049805,0.04071793332695961,0.07619041949510574,48.556640625,48.37947082519531,46.09040451049805,0.04071792587637901,0.07619041949510574,0.6675952672958374,0.6152569055557251,1.014554738998413,32.51322937011719,36.17716598510742,0.04071792587637901,0.07619041949510574,34.127044677734375,32.51322937011719,36.17716598510742
scene12_traj1_1__000215,0.04079417511820793,0.07683875411748886,1.0798066854476929,0.6683780550956726,1.3618085384368896,48.142005920410156,45.984046936035156,0.04079417511820793,0.07683875411748886,48.40079879760742,48.142005920410156,45.984046936035156,0.04079417511820793,0.07683875411748886,0.6651167273521423,0.6180733442306519,1.0151833295822144,32.60594177246094,36.29258728027344,0.04079417511820793,0.07683875411748886,34.155521392822266,32.60594177246094,36.29258728027344
scene12_traj1_1__000216,0.04066834598779678,0.07714015990495682,1.0810731649398804,0.6656388640403748,1.3603187799453735,48.105411529541016,45.935401916503906,0.04066834598779678,0.07714015990495682,48.31309509277344,48.105411529541016,45.935401916503906,0.04066834598779678,0.07714015990495682,0.6645829677581787,0.6158010363578796,1.0133998394012451,32.50466537475586,36.115848541259766,0.04066834598779678,0.07714015990495682,34.09653091430664,32.50466537475586,36.115848541259766
scene12_traj1_1__000217,0.04085540771484375,0.0769159272313118,1.081423282623291,0.6624246835708618,1.359002947807312,48.159217834472656,46.38475036621094,0.04085540771484375,0.0769159272313118,48.293724060058594,48.159217834472656,46.38475036621094,0.04085540771484375,0.0769159272313118,0.6645447015762329,0.6215006113052368,1.0175520181655884,32.682579040527344,36.2992057800293,0.04085540771484375,0.0769159272313118,34.24471664428711,32.682579040527344,36.2992057800293
scene12_traj1_1__000218,0.041162386536598206,0.07721038162708282,1.0828657150268555,0.6597054600715637,1.3585578203201294,48.07380294799805,45.947689056396484,0.041162386536598206,0.07721038162708282,48.28483963012695,48.07380294799805,45.947689056396484,0.041162386536598206,0.07721038162708282,0.6622917056083679,0.6228599548339844,1.0163252353668213,32.62565994262695,36.280677795410156,0.041162386536598206,0.07721038162708282,34.20909118652344,32.62565994262695,36.280677795410156
scene12_traj1_1__000219,0.04124267399311066,0.0778215229511261,1.0834242105484009,0.6582048535346985,1.3580399751663208,48.061866760253906,46.0698127746582,0.04124267399311066,0.0778215229511261,48.268795013427734,48.061866760253906,46.0698127746582,0.04124267399311066,0.0778215229511261,0.6628971695899963,0.6220232844352722,1.0163942575454712,32.63471221923828,36.25822448730469,0.04124267399311066,0.0778215229511261,34.2059211730957,32.63471221923828,36.25822448730469
scene12_traj1_1__000220,0.0412374883890152,0.07720811665058136,1.0863261222839355,0.6560789346694946,1.3584723472595215,48.12242889404297,45.91086196899414,0.0412374883890152,0.07720811665058136,48.29229736328125,48.12242889404297,45.91086196899414,0.0412374883890152,0.07720811665058136,0.6609473824501038,0.6236017346382141,1.015536904335022,32.580467224121094,36.35357666015625,0.0412374883890152,0.07720811665058136,34.183372497558594,32.580467224121094,36.35357666015625
scene12_traj1_1__000221,0.04198826476931572,0.07837048918008804,1.0861718654632568,0.656847357749939,1.359153389930725,47.97945785522461,45.78512191772461,0.04198826476931572,0.07837048918008804,48.3362922668457,47.97945785522461,45.78512191772461,0.04198825731873512,0.07837048918008804,0.6597990989685059,0.6241359710693359,1.015592336654663,32.578365325927734,35.90299987792969,0.04198825731873512,0.07837048918008804,34.175025939941406,32.578365325927734,35.90299987792969
scene12_traj1_1__000222,0.04189377650618553,0.0779799297451973,1.0874561071395874,0.6577295064926147,1.360785961151123,48.23288345336914,46.27409744262695,0.04189377650618553,0.0779799297451973,48.41423034667969,48.23288345336914,46.27409744262695,0.04189377650618553,0.0779799297451973,0.6602936387062073,0.6264396905899048,1.017143726348877,32.66447067260742,36.4466552734375,0.04189377650618553,0.0779799297451973,34.24308395385742,32.66447067260742,36.4466552734375
scene12_traj1_1__000223,0.041985780000686646,0.0781579464673996,1.0833756923675537,0.6646096110343933,1.3619072437286377,48.31649398803711,46.54322052001953,0.041985780000686646,0.0781579464673996,48.4482536315918,48.31649398803711,46.54322052001953,0.041985780000686646,0.0781579464673996,0.6643458008766174,0.622748851776123,1.0182487964630127,32.69418716430664,35.89280319213867,0.041985780000686646,0.0781579464673996,34.29096221923828,32.69418716430664,35.89280319213867
scene12_traj1_1__000224,0.04276776313781738,0.07949164509773254,1.084777593612671,0.6626194715499878,1.3618355989456177,48.22907257080078,46.44303512573242,0.04276776313781738,0.07949164509773254,48.45613479614258,48.22907257080078,46.44303512573242,0.04276776313781738,0.07949164509773254,0.6624447703361511,0.6246272921562195,1.0179731845855713,32.81291198730469,36.16984176635742,0.04276776313781738,0.07949164509773254,34.27656936645508,32.81291198730469,36.16984176635742
scene12_traj1_1__000225,0.0426924005150795,0.07927154004573822,1.0861262083053589,0.6690729260444641,1.3676025867462158,48.45762252807617,46.400821685791016,0.0426924005150795,0.07927154004573822,48.678321838378906,48.45762252807617,46.400821685791016,0.0426924005150795,0.07927154004573822,0.6609696745872498,0.6235255002975464,1.0157759189605713,32.75282287597656,36.066017150878906,0.0426924005150795,0.07927154004573822,34.19164276123047,32.75282287597656,36.066017150878906
scene12_traj1_1__000226,0.0429389514029026,0.07935672998428345,1.0844371318817139,0.6682262420654297,1.3654831647872925,48.44269943237305,46.674224853515625,0.0429389514029026,0.07935672998428345,48.58448028564453,48.44269943237305,46.674224853515625,0.0429389514029026,0.07935672253370285,0.6612144112586975,0.6250928640365601,1.0171877145767212,32.7896728515625,35.86292266845703,0.0429389514029026,0.07935672253370285,34.26152420043945,32.7896728515625,35.86292266845703
scene12_traj1_1__000227,0.04292074590921402,0.07942178845405579,1.0894246101379395,0.6661825776100159,1.3679295778274536,48.528419494628906,46.8395881652832,0.04292074590921402,0.07942178845405579,48.694889068603516,48.528419494628906,46.8395881652832,0.04292074590921402,0.07942178845405579,0.660845160484314,0.6244027018547058,1.017012596130371,32.81800079345703,36.07424545288086,0.04292074590921402,0.07942178845405579,34.26900863647461,32.81800079345703,36.07424545288086
scene12_traj1_1__000228,0.04287371039390564,0.07952413707971573,1.0851377248764038,0.6656699776649475,1.3641177415847778,48.42415237426758,46.631046295166016,0.04287371039390564,0.07952413707971573,48.53662872314453,48.42415237426758,46.631046295166016,0.04287371039390564,0.07952413707971573,0.6637852191925049,0.6230665445327759,1.0182644128799438,32.805965423583984,36.13619613647461,0.04287371039390564,0.07952413707971573,34.30318069458008,32.805965423583984,36.13619613647461
scene12_traj1_1__000229,0.04276413843035698,0.07917855679988861,1.0857479572296143,0.6642298698425293,1.3637123107910156,48.352481842041016,46.637210845947266,0.04276413843035698,0.07917855679988861,48.5093994140625,48.352481842041016,46.637210845947266,0.04276413843035698,0.07917855679988861,0.6626121401786804,0.6261137127876282,1.019765853881836,32.97500991821289,36.32878494262695,0.04276413843035698,0.07917855679988861,34.3465461730957,32.97500991821289,36.32878494262695
scene12_traj1_1__000230,0.04251592978835106,0.07848353683948517,1.0919592380523682,0.6581562161445618,1.3641128540039062,48.564048767089844,47.21854019165039,0.04251592978835106,0.07848353683948517,48.56828308105469,48.564048767089844,47.21854019165039,0.04251592978835106,0.07848353683948517,0.6623073220252991,0.6257414221763611,1.0186781883239746,32.96461486816406,36.514286041259766,0.04251592978835106,0.07848353683948517,34.30232620239258,32.96461486816406,36.514286041259766
scene12_traj1_1__000231,0.04242365434765816,0.07819659262895584,1.0913220643997192,0.6547756791114807,1.3615080118179321,48.347652435302734,46.64855194091797,0.04242365434765816,0.07819659262895584,48.450008392333984,48.347652435302734,46.64855194091797,0.04242365062236786,0.07819659262895584,0.6608158349990845,0.6277377009391785,1.0194571018218994,32.90525817871094,36.08719253540039,0.04242365062236786,0.07819659262895584,34.34404373168945,32.90525817871094,36.08719253540039
scene12_traj1_1__000232,0.04260367900133133,0.07842051982879639,1.0920511484146118,0.6576709747314453,1.3648093938827515,48.464969635009766,46.73754119873047,0.04260367900133133,0.07842051982879639,48.61127853393555,48.464969635009766,46.73754119873047,0.04260367900133133,0.07842051237821579,0.6624019742012024,0.627983033657074,1.0206153392791748,32.896507263183594,35.984954833984375,0.04260367900133133,0.07842051237821579,34.37461853027344,32.896507263183594,35.984954833984375
scene12_traj1_1__000233,0.04291531816124916,0.07909689098596573,1.0930519104003906,0.6592149138450623,1.3663631677627563,48.58207702636719,46.692840576171875,0.04291531816124916,0.07909689098596573,48.664337158203125,48.58207702636719,46.692840576171875,0.04291531443595886,0.07909689098596573,0.6608636379241943,0.631542444229126,1.0219367742538452,32.92466735839844,36.29473876953125,0.04291531443595886,0.07909689098596573,34.447669982910156,32.92466735839844,36.29473876953125
scene12_traj1_1__000234,0.042472220957279205,0.07758640497922897,1.092110276222229,0.6503794193267822,1.3604857921600342,48.29377365112305,46.68736267089844,0.042472220957279205,0.07758640497922897,48.444889068603516,48.29377365112305,46.68736267089844,0.042472220957279205,0.07758640497922897,0.6614255309104919,0.6343327760696411,1.0240087509155273,33.07900619506836,36.76621627807617,0.042472220957279205,0.07758640497922897,34.51211929321289,33.07900619506836,36.76621627807617
scene12_traj1_1__000235,0.04248306527733803,0.07754215598106384,1.0931450128555298,0.6416788101196289,1.3560210466384888,48.149620056152344,46.533111572265625,0.04248306527733803,0.07754215598106384,48.289085388183594,48.149620056152344,46.533111572265625,0.04248306527733803,0.07754215598106384,0.6601428389549255,0.633598804473877,1.0232712030410767,32.9481086730957,36.44417953491211,0.04248306527733803,0.07754215598106384,34.49074172973633,32.9481086730957,36.44417953491211
scene12_traj1_1__000236,0.042356543242931366,0.07719963788986206,1.0866693258285522,0.641862690448761,1.3510966300964355,47.940093994140625,46.423946380615234,0.042356543242931366,0.07719963788986206,48.08160400390625,47.940093994140625,46.423946380615234,0.042356543242931366,0.07719963788986206,0.6662753224372864,0.6338790059089661,1.0282905101776123,33.20566177368164,36.73422622680664,0.042356543242931366,0.07719963788986206,34.68025588989258,33.20566177368164,36.73422622680664
scene12_traj1_1__000237,0.04245447739958763,0.0778113380074501,1.0881731510162354,0.6379276514053345,1.3505579233169556,47.882389068603516,46.303646087646484,0.04245447739958763,0.0778113380074501,48.07524490356445,47.882389068603516,46.303646087646484,0.04245447739958763,0.0778113380074501,0.6639269590377808,0.6350521445274353,1.0272302627563477,33.148807525634766,36.38776779174805,0.04245447739958763,0.0778113380074501,34.645389556884766,33.148807525634766,36.38776779174805
scene12_traj1_1__000238,0.04292123019695282,0.07841756939888,1.0886881351470947,0.6410040259361267,1.3528344631195068,47.950225830078125,46.4780387878418,0.04292123019695282,0.07841756939888,48.15943145751953,47.950225830078125,46.4780387878418,0.04292122647166252,0.07841756939888,0.6629874110221863,0.6397571563720703,1.030051827430725,33.195091247558594,36.5766487121582,0.04292122647166252,0.07841756939888,34.766693115234375,33.195091247558594,36.5766487121582
scene12_traj1_1__000239,0.042966149747371674,0.0783734917640686,1.0885744094848633,0.6407160758972168,1.3525400161743164,48.0373649597168,46.60670852661133,0.042966149747371674,0.0783734917640686,48.16435241699219,48.0373649597168,46.60670852661133,0.042966149747371674,0.0783734917640686,0.6637462973594666,0.6366502046585083,1.0278548002243042,33.12767028808594,36.39594650268555,0.042966149747371674,0.0783734917640686,34.66681671142578,33.12767028808594,36.39594650268555
scene12_traj1_1__000240,0.04352471977472305,0.07914122939109802,1.0865939855575562,0.644227921962738,1.3534200191497803,47.98914337158203,46.258522033691406,0.04352471977472305,0.07914122939109802,48.20457458496094,47.98914337158203,46.258522033691406,0.04352471977472305,0.07914122939109802,0.6638079881668091,0.6371667981147766,1.029374599456787,33.181175231933594,36.39101791381836,0.04352471977472305,0.07914122939109802,34.72982406616211,33.181175231933594,36.39101791381836
scene12_traj1_1__000241,0.044002730399370193,0.07996856421232224,1.08951997756958,0.6402839422225952,1.3529236316680908,48.11733627319336,46.45582962036133,0.044002730399370193,0.07996856421232224,48.1983528137207,48.11733627319336,46.45582962036133,0.044002726674079895,0.07996856421232224,0.665756344795227,0.6366727948188782,1.0308523178100586,33.30727767944336,36.52775573730469,0.044002726674079895,0.07996856421232224,34.779964447021484,33.30727767944336,36.52775573730469
scene12_traj1_1__000242,0.04376106336712837,0.07970363646745682,1.0856647491455078,0.6460483074188232,1.3530126810073853,48.10888671875,46.57712936401367,0.04376106336712837,0.07970363646745682,48.17243576049805,48.10888671875,46.57712936401367,0.04376106336712837,0.07970363646745682,0.6671959161758423,0.6351902484893799,1.0313133001327515,33.4061164855957,36.670169830322266,0.04376106336712837,0.07970363646745682,34.80251693725586,33.4061164855957,36.670169830322266
scene12_traj1_1__000243,0.04436102136969566,0.08022698014974594,1.0841097831726074,0.645345151424408,1.3526257276535034,48.197669982910156,46.661128997802734,0.04436102136969566,0.08022698014974594,48.19157791137695,48.197669982910156,46.661128997802734,0.04436102136969566,0.08022698014974594,0.6652971506118774,0.638266384601593,1.0314041376113892,33.293697357177734,36.343666076660156,0.04436102136969566,0.08022698014974594,34.80741882324219,33.293697357177734,36.343666076660156
scene12_traj1_1__000244,0.04433458670973778,0.08028149604797363,1.0892714262008667,0.6530650854110718,1.360869288444519,48.50499725341797,46.804988861083984,0.04433458670973778,0.08028149604797363,48.500675201416016,48.50499725341797,46.804988861083984,0.04433458670973778,0.08028148859739304,0.6653808355331421,0.6375327706336975,1.0315276384353638,33.337547302246094,36.354312896728516,0.04433458670973778,0.08028148859739304,34.832305908203125,33.337547302246094,36.354312896728516
scene12_traj1_1__000245,0.044455934315919876,0.08021920174360275,1.090869426727295,0.6435023546218872,1.3558496236801147,48.305137634277344,46.84920120239258,0.044455934315919876,0.08021920174360275,48.29545974731445,48.305137634277344,46.84920120239258,0.044455934315919876,0.08021920174360275,0.6677537560462952,0.6369128227233887,1.0333508253097534,33.50777816772461,36.695960998535156,0.044455934315919876,0.08021920174360275,34.883548736572266,33.50777816772461,36.695960998535156
scene12_traj1_1__000246,0.04468974843621254,0.0804753452539444,1.0897620916366577,0.6449933648109436,1.3563592433929443,48.39079284667969,46.612388610839844,0.04468974843621254,0.0804753452539444,48.34701919555664,48.39079284667969,46.612388610839844,0.04468974843621254,0.0804753452539444,0.6659772992134094,0.6319729089736938,1.0271047353744507,33.26816940307617,36.38941192626953,0.04468974843621254,0.0804753452539444,34.65207290649414,33.26816940307617,36.38941192626953
scene12_traj1_1__000247,0.04511581361293793,0.08133973181247711,1.0853182077407837,0.6447606682777405,1.3524024486541748,48.14461135864258,46.711509704589844,0.04511581361293793,0.08133973181247711,48.13996124267578,48.14461135864258,46.711509704589844,0.04511581361293793,0.08133973181247711,0.6682866215705872,0.6349440813064575,1.0314983129501343,33.44264602661133,36.58352279663086,0.04511581361293793,0.08133973181247711,34.82232666015625,33.44264602661133,36.58352279663086
scene12_traj1_1__000248,0.0453055277466774,0.08195456862449646,1.089900255203247,0.6513162851333618,1.361071228981018,48.582252502441406,47.02115249633789,0.0453055277466774,0.08195456862449646,48.5267333984375,48.582252502441406,47.02115249633789,0.0453055277466774,0.08195456862449646,0.6665740013122559,0.6361179351806641,1.0313103199005127,33.427188873291016,36.503849029541016,0.0453055277466774,0.08195456862449646,34.81975173950195,33.427188873291016,36.503849029541016
scene12_traj1_1__000249,0.045297715812921524,0.08150850236415863,1.0841765403747559,0.6476600766181946,1.3539701700210571,48.33806610107422,46.98339080810547,0.045297715812921524,0.08150850236415863,48.20818328857422,48.33806610107422,46.98339080810547,0.045297715812921524,0.08150850236415863,0.6707550883293152,0.6367089748382568,1.0347107648849487,33.53182601928711,36.28306198120117,0.045297715812921524,0.08150850236415863,34.94953918457031,33.53182601928711,36.28306198120117
scene12_traj1_1__000250,0.04538622498512268,0.08179169148206711,1.089585781097412,0.6534848213195801,1.362308382987976,48.67964172363281,47.17654037475586,0.04538622498512268,0.08179169148206711,48.563690185546875,48.67964172363281,47.17654037475586,0.04538622498512268,0.08179169148206711,0.6674709916114807,0.6362832188606262,1.031980037689209,33.42239761352539,36.1490364074707,0.04538622498512268,0.08179169148206711,34.85439682006836,33.42239761352539,36.1490364074707
scene12_traj1_1__000251,0.04575994238257408,0.08243679255247116,1.0859642028808594,0.661327600479126,1.3648260831832886,48.67432403564453,46.91607666015625,0.04575994238257408,0.08243679255247116,48.65547180175781,48.67432403564453,46.91607666015625,0.04575994238257408,0.08243679255247116,0.6647269129753113,0.6359416842460632,1.0297616720199585,33.534915924072266,36.707618713378906,0.04575994238257408,0.08243679255247116,34.764129638671875,33.534915924072266,36.707618713378906
scene12_traj1_1__000252,0.04554314911365509,0.08216685056686401,1.0880341529846191,0.6599987745285034,1.3655579090118408,48.768680572509766,47.188167572021484,0.04554314911365509,0.08216685056686401,48.680049896240234,48.768680572509766,47.188167572021484,0.04554314911365509,0.08216685056686401,0.6664541363716125,0.6391758322715759,1.0334047079086304,33.59170150756836,36.66554641723633,0.04554314911365509,0.08216685056686401,34.90624237060547,33.59170150756836,36.66554641723633
scene12_traj1_1__000253,0.04572043567895889,0.08225763589143753,1.0887802839279175,0.6589359641075134,1.3652352094650269,48.718379974365234,46.80952453613281,0.04572043567895889,0.08225763589143753,48.69635009765625,48.718379974365234,46.80952453613281,0.04572043567895889,0.08225763589143753,0.6654497385025024,0.6366428136825562,1.0307066440582275,33.46601486206055,36.54895782470703,0.04572043567895889,0.08225763589143753,34.797122955322266,33.46601486206055,36.54895782470703
scene12_traj1_1__000254,0.04540282115340233,0.081540547311306,1.0912610292434692,0.658280611038208,1.3671623468399048,48.80709457397461,46.99200439453125,0.04540282115340233,0.081540547311306,48.77143096923828,48.80709457397461,46.99200439453125,0.04540282115340233,0.081540547311306,0.6658856868743896,0.6370717883110046,1.0316232442855835,33.437740325927734,36.38225555419922,0.04540282115340233,0.081540547311306,34.82037353515625,33.437740325927734,36.38225555419922
scene12_traj1_1__000255,0.04555298388004303,0.08183657377958298,1.0875508785247803,0.6618845462799072,1.3666322231292725,48.7819938659668,46.855987548828125,0.04555298388004303,0.08183657377958298,48.781761169433594,48.7819938659668,46.855987548828125,0.04555298015475273,0.08183657377958298,0.6667013764381409,0.6409550905227661,1.0354124307632446,33.76667785644531,36.987396240234375,0.04555298015475273,0.08183657377958298,34.985862731933594,33.76667785644531,36.987396240234375
scene12_traj1_1__000256,0.04562176391482353,0.08183026313781738,1.0928890705108643,0.6552346348762512,1.3659319877624512,48.83271789550781,47.09142303466797,0.04562176391482353,0.08183026313781738,48.743125915527344,48.83271789550781,47.09142303466797,0.04562176391482353,0.08183026313781738,0.6660736799240112,0.6369915008544922,1.0317124128341675,33.44926071166992,36.32984924316406,0.04562176391482353,0.08183026313781738,34.83940887451172,33.44926071166992,36.32984924316406
scene12_traj1_1__000257,0.04567427933216095,0.08190305531024933,1.0908132791519165,0.6575639247894287,1.3659999370574951,48.83561325073242,47.166934967041016,0.04567427933216095,0.08190305531024933,48.71062469482422,48.83561325073242,47.166934967041016,0.04567427933216095,0.08190305531024933,0.6656618714332581,0.6377083659172058,1.032005786895752,33.43828582763672,36.376243591308594,0.04567427933216095,0.08190305531024933,34.852420806884766,33.43828582763672,36.376243591308594
scene12_traj1_1__000258,0.0454125739634037,0.08148538321256638,1.0925544500350952,0.6545008420944214,1.3656108379364014,48.740684509277344,46.944252014160156,0.0454125739634037,0.08148538321256638,48.6936149597168,48.740684509277344,46.944252014160156,0.0454125739634037,0.08148538321256638,0.6668501496315002,0.6394225358963013,1.0340991020202637,33.69948959350586,36.78401184082031,0.0454125739634037,0.08148538321256638,34.926578521728516,33.69948959350586,36.78401184082031
scene12_traj1_1__000259,0.04554472863674164,0.08177028596401215,1.0892889499664307,0.646647036075592,1.3573445081710815,48.47230529785156,46.811683654785156,0.04554472863674164,0.08177028596401215,48.37348556518555,48.47230529785156,46.811683654785156,0.04554472863674164,0.08177028596401215,0.6688655018806458,0.6389208436012268,1.0351784229278564,33.726261138916016,36.79302978515625,0.04554472863674164,0.08177028596401215,34.96916580200195,33.726261138916016,36.79302978515625
scene12_traj1_1__000260,0.04537147283554077,0.0819125846028328,1.0872831344604492,0.6589025855064392,1.3636587858200073,48.689762115478516,47.0317497253418,0.04537147283554077,0.0819125846028328,48.59416580200195,48.689762115478516,47.0317497253418,0.04537147283554077,0.0819125846028328,0.6671977043151855,0.6381544470787048,1.0334089994430542,33.69001388549805,36.68955993652344,0.04537147283554077,0.0819125846028328,34.893470764160156,33.69001388549805,36.68955993652344
scene12_traj1_1__000261,0.04563356563448906,0.0819922387599945,1.0871565341949463,0.6532372236251831,1.359417200088501,48.56101608276367,46.97745132446289,0.04563356563448906,0.0819922387599945,48.46305847167969,48.56101608276367,46.97745132446289,0.04563356563448906,0.0819922387599945,0.6690922379493713,0.636358380317688,1.0334852933883667,33.76799774169922,36.99669647216797,0.04563356563448906,0.0819922387599945,34.905574798583984,33.76799774169922,36.99669647216797
scene12_traj1_1__000262,0.04532979428768158,0.08101172745227814,1.0910296440124512,0.6522213816642761,1.361938238143921,48.69647216796875,47.29263687133789,0.04532979428768158,0.08101172745227814,48.54990768432617,48.69647216796875,47.29263687133789,0.04532979428768158,0.08101172745227814,0.6684208512306213,0.632815957069397,1.0300978422164917,33.611839294433594,36.63703536987305,0.04532979428768158,0.08101172745227814,34.77459716796875,33.611839294433594,36.63703536987305
scene12_traj1_1__000263,0.04561109095811844,0.08162026852369308,1.089412808418274,0.6536206007003784,1.3616105318069458,48.66072463989258,47.275604248046875,0.04561109095811844,0.08162026852369308,48.508792877197266,48.66072463989258,47.275604248046875,0.04561109095811844,0.08162026852369308,0.6680264472961426,0.6360280513763428,1.0327858924865723,33.68846893310547,36.65100860595703,0.04561109095811844,0.08162026852369308,34.87783432006836,33.68846893310547,36.65100860595703
scene12_traj1_1__000264,0.045526858419179916,0.08133518695831299,1.0935413837432861,0.6535935401916504,1.3648513555526733,48.896446228027344,47.51780319213867,0.045526858419179916,0.08133518695831299,48.68041229248047,48.896446228027344,47.51780319213867,0.045526858419179916,0.08133518695831299,0.6670975685119629,0.6375741362571716,1.0327961444854736,33.75053787231445,36.71315383911133,0.045526858419179916,0.08133518695831299,34.88328552246094,33.75053787231445,36.71315383911133
scene12_traj1_1__000265,0.04581080749630928,0.08144907653331757,1.090698003768921,0.6500966548919678,1.3605031967163086,48.618324279785156,47.31351089477539,0.04581080749630928,0.08144907653331757,48.49723815917969,48.618324279785156,47.31351089477539,0.04581080377101898,0.08144907653331757,0.6685682535171509,0.6407051682472229,1.0366452932357788,33.953529357910156,36.82426071166992,0.04581080377101898,0.08144907653331757,35.030635833740234,33.953529357910156,36.82426071166992
scene12_traj1_1__000266,0.04551053047180176,0.08086028695106506,1.0923298597335815,0.6492260098457336,1.3609747886657715,48.61648941040039,47.162540435791016,0.04551053047180176,0.08086028695106506,48.5116081237793,48.61648941040039,47.162540435791016,0.04551052674651146,0.08086027950048447,0.6669324636459351,0.6385228037834167,1.033608078956604,33.845882415771484,37.095603942871094,0.04551052674651146,0.08086027950048447,34.90168762207031,33.845882415771484,37.095603942871094
scene12_traj1_1__000267,0.04595686495304108,0.08230330049991608,1.087722897529602,0.6540994644165039,1.3611217737197876,48.59656524658203,47.190773010253906,0.04595686495304108,0.08230330049991608,48.501258850097656,48.59656524658203,47.190773010253906,0.04595686495304108,0.08230330049991608,0.6713079214096069,0.6385539770126343,1.0368164777755737,33.913883209228516,36.56023025512695,0.04595686495304108,0.08230330049991608,35.05049514770508,33.913883209228516,36.56023025512695
scene12_traj1_1__000268,0.04563266038894653,0.08114226907491684,1.0875557661056519,0.6625068783760071,1.367785096168518,49.00804138183594,47.70215606689453,0.04563266038894653,0.08114226907491684,48.767333984375,49.00804138183594,47.70215606689453,0.04563266038894653,0.08114226907491684,0.6699382662773132,0.6384029388427734,1.035547137260437,33.923885345458984,36.75364303588867,0.04563266038894653,0.08114226907491684,34.99447250366211,33.923885345458984,36.75364303588867
scene12_traj1_1__000269,0.046009715646505356,0.08184142410755157,1.0928878784179688,0.6593031287193298,1.3695684671401978,49.078773498535156,47.72806167602539,0.046009715646505356,0.08184142410755157,48.83903121948242,49.078773498535156,47.72806167602539,0.046009715646505356,0.08184142410755157,0.6687703132629395,0.6377682685852051,1.034685730934143,33.94287109375,36.797569274902344,0.046009715646505356,0.08184142410755157,34.94581985473633,33.94287109375,36.797569274902344
scene12_traj1_1__000270,0.04615653678774834,0.0820411741733551,1.0898867845535278,0.6573643684387207,1.3661178350448608,48.921302795410156,47.563472747802734,0.04615653678774834,0.0820411741733551,48.7110595703125,48.921302795410156,47.563472747802734,0.04615653306245804,0.0820411741733551,0.6699680685997009,0.6400051712989807,1.036923885345459,34.046180725097656,36.98085403442383,0.04615653306245804,0.0820411741733551,35.0549201965332,34.046180725097656,36.98085403442383
scene12_traj1_1__000271,0.0459715873003006,0.08137454837560654,1.0882540941238403,0.6651419401168823,1.3702678680419922,49.08835220336914,47.6632080078125,0.0459715873003006,0.08137454837560654,48.89124298095703,49.08835220336914,47.6632080078125,0.0459715873003006,0.08137454837560654,0.6691125631332397,0.640235424041748,1.0367786884307861,34.07407760620117,37.158348083496094,0.0459715873003006,0.08137454837560654,35.023719787597656,34.07407760620117,37.158348083496094
scene12_traj1_1__000272,0.04577990993857384,0.08166603744029999,1.090924620628357,0.6602599620819092,1.3685128688812256,49.09471130371094,47.93355941772461,0.04577990993857384,0.08166603744029999,48.81039047241211,49.09471130371094,47.93355941772461,0.04577990993857384,0.08166603744029999,0.6685938835144043,0.6402953863143921,1.0365301370620728,33.91775131225586,36.72548294067383,0.04577990993857384,0.08166603744029999,35.01012420654297,33.91775131225586,36.72548294067383
scene12_traj1_1__000273,0.04589083790779114,0.08185234665870667,1.0936685800552368,0.6560039520263672,1.3682788610458374,49.04966735839844,47.79478073120117,0.04589083790779114,0.08185234665870667,48.8039665222168,49.04966735839844,47.79478073120117,0.04589083790779114,0.08185234665870667,0.6707144975662231,0.640175461769104,1.0374993085861206,34.10643768310547,37.08011245727539,0.04589083790779114,0.08185234665870667,35.063541412353516,34.10643768310547,37.08011245727539
scene12_traj1_1__000274,0.04591648280620575,0.08129990845918655,1.0883573293685913,0.6538874506950378,1.3610388040542603,48.690555572509766,47.50082015991211,0.04591648280620575,0.08129990845918655,48.538814544677734,48.690555572509766,47.50082015991211,0.04591648280620575,0.08129990845918655,0.6726569533348083,0.6389283537864685,1.0389046669006348,34.05002212524414,36.875404357910156,0.04591648280620575,0.08129990845918655,35.10708999633789,34.05002212524414,36.875404357910156
scene12_traj1_1__000275,0.045984603464603424,0.0809042677283287,1.0905838012695312,0.6566448211669922,1.3652969598770142,48.83525085449219,47.409297943115234,0.045984603464603424,0.0809042677283287,48.7003288269043,48.83525085449219,47.409297943115234,0.04598461091518402,0.0809042677283287,0.6702966690063477,0.6365010738372803,1.0347099304199219,33.89772033691406,36.89970016479492,0.04598461091518402,0.0809042677283287,34.96284484863281,33.89772033691406,36.89970016479492
scene12_traj1_1__000276,0.045789413154125214,0.08077467232942581,1.0926008224487305,0.6566057205200195,1.367343783378601,48.948551177978516,47.627281188964844,0.045789413154125214,0.08077467232942581,48.775115966796875,48.948551177978516,47.627281188964844,0.045789413154125214,0.08077467232942581,0.6709098815917969,0.640516996383667,1.0382295846939087,34.017086029052734,36.88343048095703,0.045789413154125214,0.08077467232942581,35.09446716308594,34.017086029052734,36.88343048095703
scene12_traj1_1__000277,0.04572278633713722,0.08072550594806671,1.091378927230835,0.6569998860359192,1.3661324977874756,48.888545989990234,47.613525390625,0.04572278633713722,0.08072550594806671,48.72860336303711,48.888545989990234,47.613525390625,0.045722778886556625,0.08072550594806671,0.6705540418624878,0.6406646966934204,1.0384775400161743,34.16411590576172,37.250762939453125,0.045722778886556625,0.08072550594806671,35.11357879638672,34.16411590576172,37.250762939453125
scene12_traj1_1__000278,0.045927438884973526,0.08118820935487747,1.091051697731018,0.6572983264923096,1.366967797279358,48.87868118286133,47.64659881591797,0.045927438884973526,0.08118820935487747,48.753238677978516,48.87868118286133,47.64659881591797,0.045927438884973526,0.08118820935487747,0.66978919506073,0.6426844596862793,1.0395939350128174,34.21699142456055,37.180564880371094,0.045927438884973526,0.08118820935487747,35.15152359008789,34.21699142456055,37.180564880371094
scene12_traj1_1__000279,0.04607406631112099,0.08156421035528183,1.0849236249923706,0.6560418605804443,1.3607392311096191,48.477561950683594,47.00801467895508,0.04607406631112099,0.08156421035528183,48.48764419555664,48.477561950683594,47.00801467895508,0.04607406631112099,0.08156421035528183,0.6745123267173767,0.6433801651000977,1.043938398361206,34.33047866821289,37.25422668457031,0.04607406631112099,0.08156421035528183,35.326534271240234,34.33047866821289,37.25422668457031
scene12_traj1_1__000280,0.04651787132024765,0.08232434093952179,1.0823249816894531,0.6605057716369629,1.3621702194213867,48.65281295776367,47.497554779052734,0.04651787132024765,0.08232434093952179,48.545448303222656,48.65281295776367,47.497554779052734,0.04651787132024765,0.08232434093952179,0.6750682592391968,0.6414856314659119,1.0430641174316406,34.31177520751953,37.11701202392578,0.04651787132024765,0.08232434093952179,35.2854118347168,34.31177520751953,37.11701202392578
scene12_traj1_1__000281,0.046793147921562195,0.08265338838100433,1.0852941274642944,0.6511045694351196,1.357764482498169,48.54172897338867,47.575801849365234,0.046793147921562195,0.08265338838100433,48.39961242675781,48.54172897338867,47.575801849365234,0.046793147921562195,0.08265338838100433,0.6774822473526001,0.6414151191711426,1.044420838356018,34.353492736816406,36.92372512817383,0.046793147921562195,0.08265338838100433,35.331993103027344,34.353492736816406,36.92372512817383
scene12_traj1_1__000282,0.04660304635763168,0.08247744292020798,1.0841004848480225,0.6532849669456482,1.3582054376602173,48.42068862915039,47.18141174316406,0.04660304635763168,0.08247744292020798,48.38850402832031,48.42068862915039,47.18141174316406,0.04660304635763168,0.08247744292020798,0.6775354743003845,0.6396431922912598,1.0432685613632202,34.36640548706055,36.909671783447266,0.04660304635763168,0.08247744292020798,35.29104995727539,34.36640548706055,36.909671783447266
scene12_traj1_1__000283,0.047279443591833115,0.083161860704422,1.0803375244140625,0.655717670917511,1.356249213218689,48.370201110839844,47.33561706542969,0.047279443591833115,0.083161860704422,48.303043365478516,48.370201110839844,47.33561706542969,0.047279443591833115,0.083161860704422,0.6767599582672119,0.6382166743278503,1.0416182279586792,34.18817901611328,36.86371612548828,0.047279443591833115,0.083161860704422,35.22859191894531,34.18817901611328,36.86371612548828
scene12_traj1_1__000284,0.047299668192863464,0.08383809030056,1.0855700969696045,0.6508927941322327,1.357415795326233,48.397216796875,47.45732498168945,0.047299668192863464,0.08383809030056,48.342750549316406,48.397216796875,47.45732498168945,0.047299668192863464,0.08383809030056,0.6769514083862305,0.635644793510437,1.040541648864746,34.294837951660156,36.91823196411133,0.047299668192863464,0.08383809030056,35.1873893737793,34.294837951660156,36.91823196411133
scene12_traj1_1__000285,0.04742872714996338,0.08371469378471375,1.0821377038955688,0.6532741785049438,1.3572691679000854,48.41452407836914,47.40155792236328,0.04742872714996338,0.08371469378471375,48.389122009277344,48.41452407836914,47.40155792236328,0.04742872714996338,0.08371469378471375,0.6741338968276978,0.6442229747772217,1.0440179109573364,34.430389404296875,37.23698425292969,0.04742872714996338,0.08371469378471375,35.3282585144043,34.430389404296875,37.23698425292969
scene12_traj1_1__000286,0.04740048572421074,0.08354512602090836,1.0837359428405762,0.6546988487243652,1.3592950105667114,48.55336380004883,47.4619255065918,0.04740048572421074,0.08354512602090836,48.47390365600586,48.55336380004883,47.4619255065918,0.04740048572421074,0.08354512602090836,0.6761705279350281,0.6447322964668274,1.0459191799163818,34.48268127441406,37.16685485839844,0.04740048572421074,0.08354512602090836,35.409523010253906,34.48268127441406,37.16685485839844
scene12_traj1_1__000287,0.04775827378034592,0.08426366746425629,1.0772448778152466,0.6565094590187073,1.3558686971664429,48.396392822265625,47.336421966552734,0.04775827378034592,0.08426366746425629,48.32305145263672,48.396392822265625,47.336421966552734,0.04775827378034592,0.08426366746425629,0.6799293756484985,0.6428267359733582,1.0475722551345825,34.63174057006836,37.46654510498047,0.04775827378034592,0.08426366746425629,35.459678649902344,34.63174057006836,37.46654510498047
scene12_traj1_1__000288,0.0482177734375,0.08511215448379517,1.0841416120529175,0.6605930328369141,1.3651440143585205,48.755680084228516,47.488075256347656,0.0482177734375,0.08511215448379517,48.73137283325195,48.755680084228516,47.488075256347656,0.0482177734375,0.08511215448379517,0.6778648495674133,0.6469032168388367,1.048609733581543,34.66767883300781,37.42539596557617,0.0482177734375,0.08511215448379517,35.51082992553711,34.66767883300781,37.42539596557617
scene12_traj1_1__000289,0.04803740978240967,0.084446020424366,1.0840299129486084,0.6593179106712341,1.3639343976974487,48.804115295410156,47.74504470825195,0.04803740978240967,0.084446020424366,48.67660140991211,48.804115295410156,47.74504470825195,0.04803740978240967,0.0844460129737854,0.6783925890922546,0.6461692452430725,1.0486805438995361,34.6732177734375,37.496280670166016,0.04803740978240967,0.0844460129737854,35.5258674621582,34.6732177734375,37.496280670166016
scene12_traj1_1__000290,0.047882139682769775,0.08440281450748444,1.07856285572052,0.6659807562828064,1.3642674684524536,48.769126892089844,47.68788146972656,0.047882139682769775,0.08440281450748444,48.676090240478516,48.769126892089844,47.68788146972656,0.047882139682769775,0.08440281450748444,0.6782874464988708,0.6436501145362854,1.0469579696655273,34.61039733886719,37.4957160949707,0.047882139682769775,0.08440281450748444,35.44025421142578,34.61039733886719,37.4957160949707
scene12_traj1_1__000291,0.04818221554160118,0.08466076105833054,1.0893369913101196,0.6569976806640625,1.3658394813537598,48.954524993896484,48.07183837890625,0.04818221554160118,0.08466076105833054,48.759254455566406,48.954524993896484,48.07183837890625,0.04818221554160118,0.08466076105833054,0.6775218844413757,0.6422152519226074,1.04539954662323,34.408077239990234,36.94157028198242,0.04818221554160118,0.08466076105833054,35.37644958496094,34.408077239990234,36.94157028198242
scene12_traj1_1__000292,0.04816702753305435,0.08492095023393631,1.0893452167510986,0.6481008529663086,1.3594858646392822,48.603023529052734,47.72605895996094,0.04816702753305435,0.08492095023393631,48.49711990356445,48.603023529052734,47.72605895996094,0.04816702753305435,0.08492095023393631,0.6787562370300293,0.6451640129089355,1.0485444068908691,34.62590789794922,37.23179244995117,0.04816702753305435,0.08492095023393631,35.52060317993164,34.62590789794922,37.23179244995117
scene12_traj1_1__000293,0.04796363413333893,0.08427093178033829,1.0879640579223633,0.6568489670753479,1.3652093410491943,48.938777923583984,47.995243072509766,0.04796363413333893,0.08427093178033829,48.76458740234375,48.938777923583984,47.995243072509766,0.04796363413333893,0.08427093178033829,0.6769078969955444,0.6458538770675659,1.0474680662155151,34.54182434082031,36.89630889892578,0.04796363413333893,0.08427093178033829,35.468013763427734,34.54182434082031,36.89630889892578
scene12_traj1_1__000294,0.0482444167137146,0.08476831018924713,1.0868462324142456,0.6558206081390381,1.3633192777633667,48.6832389831543,47.66926956176758,0.0482444167137146,0.08476831018924713,48.66149139404297,48.6832389831543,47.66926956176758,0.0482444167137146,0.08476831018924713,0.6779832243919373,0.6450015902519226,1.048014760017395,34.645301818847656,37.20233917236328,0.0482444167137146,0.08476831018924713,35.49587631225586,34.645301818847656,37.20233917236328
scene12_traj1_1__000295,0.048722896724939346,0.0862620621919632,1.087195873260498,0.6504664421081543,1.3604410886764526,48.651458740234375,48.05825424194336,0.048722896724939346,0.0862620621919632,48.555912017822266,48.651458740234375,48.05825424194336,0.048722896724939346,0.0862620621919632,0.6783836483955383,0.6471008062362671,1.0496163368225098,34.840248107910156,37.45690155029297,0.048722896724939346,0.0862620621919632,35.55796813964844,34.840248107910156,37.45690155029297
scene12_traj1_1__000296,0.04878320172429085,0.08614304661750793,1.0862900018692017,0.6515815258026123,1.3594920635223389,48.62912368774414,47.897216796875,0.04878320172429085,0.08614304661750793,48.49600601196289,48.62912368774414,47.897216796875,0.04878320172429085,0.08614304661750793,0.6780016422271729,0.6447609663009644,1.0477004051208496,34.66969299316406,37.26030731201172,0.04878320172429085,0.08614304661750793,35.49344253540039,34.66969299316406,37.26030731201172
scene12_traj1_1__000297,0.04873014613986015,0.08657831698656082,1.0886518955230713,0.6513046622276306,1.3607394695281982,48.547454833984375,48.067161560058594,0.04873014613986015,0.08657831698656082,48.53139114379883,48.547454833984375,48.067161560058594,0.04873014613986015,0.08657831698656082,0.6776850819587708,0.6421414017677307,1.0465567111968994,34.6091194152832,37.12190246582031,0.04873014613986015,0.08657831698656082,35.42848587036133,34.6091194152832,37.12190246582031
scene12_traj1_1__000298,0.048792801797389984,0.08684400469064713,1.0909278392791748,0.6548055410385132,1.3655754327774048,48.89635467529297,48.14582824707031,0.048792801797389984,0.08684400469064713,48.75571060180664,48.89635467529297,48.14582824707031,0.048792801797389984,0.08684399724006653,0.675195038318634,0.6423282027244568,1.0446302890777588,34.56116485595703,37.34768295288086,0.048792801797389984,0.08684399724006653,35.3543701171875,34.56116485595703,37.34768295288086
scene12_traj1_1__000299,0.04865431413054466,0.08685807138681412,1.0883944034576416,0.6539998650550842,1.3625380992889404,48.651329040527344,47.84434509277344,0.04865431413054466,0.08685807138681412,48.606353759765625,48.651329040527344,47.84434509277344,0.04865431413054466,0.08685807138681412,0.677561342716217,0.6435014605522156,1.0478042364120483,34.815269470214844,37.63153839111328,0.04865431413054466,0.08685807138681412,35.49166488647461,34.815269470214844,37.63153839111328
scene12_traj1_1__000300,0.04780153930187225,0.0864870697259903,1.0945637226104736,0.6570906639099121,1.37010657787323,49.10475158691406,48.51887512207031,0.04780153930187225,0.0864870697259903,48.94423294067383,49.10475158691406,48.51887512207031,0.047801535576581955,0.0864870697259903,0.6756122708320618,0.6369543075561523,1.0417797565460205,34.47441864013672,37.331825256347656,0.047801535576581955,0.0864870697259903,35.22296142578125,34.47441864013672,37.331825256347656
scene12_traj1_1__000301,0.047782570123672485,0.08666905760765076,1.0974794626235962,0.6599074006080627,1.3735731840133667,49.09688949584961,48.07395553588867,0.047782570123672485,0.08666905760765076,49.07678985595703,49.09688949584961,48.07395553588867,0.047782570123672485,0.08666906505823135,0.672412633895874,0.6349989771842957,1.0385193824768066,34.38996887207031,37.38120651245117,0.047782570123672485,0.08666906505823135,35.09860610961914,34.38996887207031,37.38120651245117
scene12_traj1_1__000302,0.047663506120443344,0.08656157553195953,1.087658166885376,0.6628757119178772,1.3669267892837524,48.78274154663086,47.92934036254883,0.047663506120443344,0.08656157553195953,48.777870178222656,48.78274154663086,47.92934036254883,0.047663506120443344,0.08656157553195953,0.6781628727912903,0.6339339017868042,1.042296290397644,34.54948043823242,37.451026916503906,0.047663506120443344,0.08656157553195953,35.25602340698242,34.54948043823242,37.451026916503906
scene12_traj1_1__000303,0.048105932772159576,0.08775543421506882,1.1021426916122437,0.6569988131523132,1.3751411437988281,49.22677230834961,48.367835998535156,0.048105932772159576,0.08775543421506882,49.148075103759766,49.22677230834961,48.367835998535156,0.048105932772159576,0.08775543421506882,0.6728829145431519,0.6369242072105408,1.0402069091796875,34.56510925292969,37.77901840209961,0.048105932772159576,0.08775543421506882,35.171627044677734,34.56510925292969,37.77901840209961
scene12_traj1_1__000304,0.048597220331430435,0.08815617114305496,1.1016581058502197,0.6574341058731079,1.3748359680175781,49.29536056518555,48.59036636352539,0.048597220331430435,0.08815617114305496,49.1343994140625,49.29536056518555,48.59036636352539,0.048597220331430435,0.08815617114305496,0.6734644174575806,0.636752188205719,1.040712594985962,34.53535842895508,37.719905853271484,0.048597220331430435,0.08815617114305496,35.204307556152344,34.53535842895508,37.719905853271484
scene12_traj1_1__000305,0.04861194267868996,0.08803108334541321,1.1040546894073486,0.6530584692955017,1.3746650218963623,49.38315963745117,48.575008392333984,0.04861194267868996,0.08803108334541321,49.14728927612305,49.38315963745117,48.575008392333984,0.04861194267868996,0.08803108334541321,0.6736324429512024,0.6411887407302856,1.0441962480545044,34.80619812011719,38.11377716064453,0.04861194267868996,0.08803108334541321,35.335853576660156,34.80619812011719,38.11377716064453
scene12_traj1_1__000306,0.04833341762423515,0.08733710646629333,1.1065139770507812,0.655316174030304,1.377962589263916,49.52545928955078,48.764163970947266,0.04833341762423515,0.08733710646629333,49.293357849121094,49.52545928955078,48.764163970947266,0.04833341762423515,0.08733710646629333,0.6729809045791626,0.6438488960266113,1.0455315113067627,34.765079498291016,37.84379959106445,0.04833341762423515,0.08733710646629333,35.37980270385742,34.765079498291016,37.84379959106445
scene12_traj1_1__000307,0.048717278987169266,0.08867455273866653,1.1054065227508545,0.6568678617477417,1.3785048723220825,49.56184387207031,48.883155822753906,0.048717278987169266,0.08867455273866653,49.30742645263672,49.56184387207031,48.883155822753906,0.048717278987169266,0.08867455273866653,0.6692696809768677,0.6463091373443604,1.0453304052352905,34.82637023925781,38.04154968261719,0.048717278987169266,0.08867455273866653,35.35403060913086,34.82637023925781,38.04154968261719
scene12_traj1_1__000308,0.04881905019283295,0.08862990140914917,1.110489010810852,0.6555520296096802,1.381534218788147,49.73049545288086,48.93684005737305,0.04881905019283295,0.08862990140914917,49.428531646728516,49.73049545288086,48.93684005737305,0.04881905019283295,0.08862990140914917,0.6658052206039429,0.644559919834137,1.0406574010849,34.635440826416016,37.95612716674805,0.04881905019283295,0.08862990140914917,35.18754577636719,34.635440826416016,37.95612716674805
scene12_traj1_1__000309,0.04861333221197128,0.08854169398546219,1.1090822219848633,0.6583648920059204,1.3824350833892822,49.808311462402344,49.06141662597656,0.04861333221197128,0.08854169398546219,49.46607208251953,49.808311462402344,49.06141662597656,0.04861333221197128,0.08854169398546219,0.6669774055480957,0.6450590491294861,1.0422923564910889,34.625057220458984,37.83138656616211,0.04861333221197128,0.08854169398546219,35.235111236572266,34.625057220458984,37.83138656616211
scene12_traj1_1__000310,0.04817899689078331,0.08826036751270294,1.1109743118286133,0.658743143081665,1.3848711252212524,49.99108123779297,49.10399627685547,0.04817899689078331,0.08826036751270294,49.58854293823242,49.99108123779297,49.10399627685547,0.04817899689078331,0.08826036751270294,0.6674781441688538,0.6460424661636353,1.0433709621429443,34.762603759765625,38.08708190917969,0.04817899689078331,0.08826036751270294,35.285682678222656,34.762603759765625,38.08708190917969
scene12_traj1_1__000311,0.04808848351240158,0.0879344642162323,1.116564393043518,0.652988612651825,1.384365200996399,49.987667083740234,49.00422286987305,0.04808848351240158,0.0879344642162323,49.57957077026367,49.987667083740234,49.00422286987305,0.04808848351240158,0.0879344642162323,0.6644082069396973,0.6452115178108215,1.040854573249817,34.57951354980469,37.77507781982422,0.04808848351240158,0.0879344642162323,35.16339874267578,34.57951354980469,37.77507781982422
scene12_traj1_1__000312,0.048094529658555984,0.08793290704488754,1.114656925201416,0.6502005457878113,1.3807343244552612,49.959266662597656,49.17550277709961,0.048094529658555984,0.08793290704488754,49.41476821899414,49.959266662597656,49.17550277709961,0.048094525933265686,0.08793291449546814,0.6642932891845703,0.6440621614456177,1.039670705795288,34.54204177856445,37.98807907104492,0.048094525933265686,0.08793291449546814,35.14152145385742,34.54204177856445,37.98807907104492
scene12_traj1_1__000313,0.048239897936582565,0.0884631872177124,1.1121282577514648,0.6493432521820068,1.3789297342300415,49.828758239746094,48.981231689453125,0.048239897936582565,0.0884631872177124,49.3094596862793,49.828758239746094,48.981231689453125,0.048239901661872864,0.088463194668293,0.6649439930915833,0.6475443243980408,1.0429621934890747,34.70612716674805,38.1744499206543,0.048239901661872864,0.088463194668293,35.26424026489258,34.70612716674805,38.1744499206543
scene12_traj1_1__000314,0.048020292073488235,0.08757250010967255,1.1149969100952148,0.6513643860816956,1.3828893899917603,49.87617111206055,48.904151916503906,0.048020292073488235,0.08757250010967255,49.501163482666016,49.87617111206055,48.904151916503906,0.048020292073488235,0.08757250010967255,0.6637325286865234,0.6460198163986206,1.040213942527771,34.55232620239258,37.88858413696289,0.048020292073488235,0.08757250010967255,35.15876388549805,34.55232620239258,37.88858413696289
scene12_traj1_1__000315,0.04775671288371086,0.0863974392414093,1.1084201335906982,0.6472496390342712,1.375014305114746,49.7242546081543,49.137718200683594,0.04775671288371086,0.0863974392414093,49.175819396972656,49.7242546081543,49.137718200683594,0.04775671288371086,0.0863974392414093,0.6663179993629456,0.6478384733200073,1.0429693460464478,34.62724304199219,37.92573165893555,0.04775671288371086,0.0863974392414093,35.2905158996582,34.62724304199219,37.92573165893555
scene12_traj1_1__000316,0.047426123172044754,0.08560117334127426,1.1037063598632812,0.6499780416488647,1.3724799156188965,49.51667022705078,48.74574661254883,0.047426123172044754,0.08560117334127426,49.03660583496094,49.51667022705078,48.74574661254883,0.047426123172044754,0.08560116589069366,0.6662349104881287,0.6460949182510376,1.0415369272232056,34.472389221191406,37.796539306640625,0.047426123172044754,0.08560116589069366,35.22980880737305,34.472389221191406,37.796539306640625
scene12_traj1_1__000317,0.047078631818294525,0.08458749204874039,1.110607624053955,0.6462600231170654,1.375209927558899,49.70143508911133,48.99964904785156,0.047078631818294525,0.08458749204874039,49.159358978271484,49.70143508911133,48.99964904785156,0.04707863926887512,0.08458749204874039,0.6654813885688782,0.6458468437194824,1.0414490699768066,34.47398376464844,37.92412185668945,0.04707863926887512,0.08458749204874039,35.209381103515625,34.47398376464844,37.92412185668945
scene12_traj1_1__000318,0.04688432440161705,0.08433761447668076,1.1011441946029663,0.6472561359405518,1.3680675029754639,49.35722732543945,48.54513168334961,0.04688432440161705,0.08433761447668076,48.84495544433594,49.35722732543945,48.54513168334961,0.04688432440161705,0.08433760702610016,0.6679449081420898,0.6419411301612854,1.039697289466858,34.37331008911133,37.87311553955078,0.04688432440161705,0.08433760702610016,35.13800811767578,34.37331008911133,37.87311553955078
scene12_traj2_1__000000,0.06411104649305344,0.12290553748607635,1.0178478956222534,0.6768379211425781,1.315871238708496,44.693504333496094,44.650142669677734,0.06411104649305344,0.12290553748607635,46.395809173583984,44.693504333496094,44.650142669677734,0.06411104649305344,0.12290553748607635,0.6703043580055237,0.586573600769043,0.9949429035186768,32.83679962158203,36.60568618774414,0.06411104649305344,0.12290553748607635,33.32126998901367,32.83679962158203,36.60568618774414
scene12_traj2_1__000001,0.06417153775691986,0.12298176437616348,1.0191189050674438,0.6782668232917786,1.3181719779968262,44.846763610839844,44.97279357910156,0.06417153775691986,0.12298176437616348,46.481719970703125,44.846763610839844,44.97279357910156,0.06417153775691986,0.12298175692558289,0.6678702235221863,0.5894796848297119,0.9951547384262085,33.005760192871094,36.95266342163086,0.06417153775691986,0.12298175692558289,33.34795379638672,33.005760192871094,36.95266342163086
scene12_traj2_1__000002,0.06414679437875748,0.12302805483341217,1.0189450979232788,0.6792756915092468,1.319017767906189,44.79863357543945,44.65467071533203,0.06414679437875748,0.12302805483341217,46.525970458984375,44.79863357543945,44.65467071533203,0.06414678692817688,0.12302804738283157,0.6668135523796082,0.5871748924255371,0.9922885298728943,32.87240982055664,36.75387954711914,0.06414678692817688,0.12302804738283157,33.23545455932617,32.87240982055664,36.75387954711914
scene12_traj2_1__000003,0.06422875076532364,0.12294485419988632,1.0205832719802856,0.6768954396247864,1.3189806938171387,44.86936569213867,44.61616516113281,0.06422875076532364,0.12294485419988632,46.50270462036133,44.86936569213867,44.61616516113281,0.06422875076532364,0.12294484674930573,0.6671392321586609,0.5907958745956421,0.9953998327255249,32.989471435546875,36.876976013183594,0.06422875076532364,0.12294484674930573,33.3630256652832,32.989471435546875,36.876976013183594
scene12_traj2_1__000004,0.06508105248212814,0.12447492778301239,1.019788146018982,0.67780601978302,1.3185889720916748,44.905982971191406,44.86785125732422,0.06508105248212814,0.12447492778301239,46.49327850341797,44.905982971191406,44.86785125732422,0.06508105248212814,0.1244749203324318,0.6678766012191772,0.5892933011054993,0.994977593421936,32.95604705810547,36.84695816040039,0.06508105248212814,0.1244749203324318,33.33026885986328,32.95604705810547,36.84695816040039
scene12_traj2_1__000005,0.06477035582065582,0.12375106662511826,1.0177582502365112,0.6745737791061401,1.315409779548645,44.79852294921875,44.818756103515625,0.06477035582065582,0.12375106662511826,46.36164474487305,44.79852294921875,44.818756103515625,0.06477035582065582,0.12375106662511826,0.6671669483184814,0.5899465084075928,0.9949466586112976,32.957218170166016,36.75004959106445,0.06477035582065582,0.12375106662511826,33.34115219116211,32.957218170166016,36.75004959106445
scene12_traj2_1__000006,0.06473123282194138,0.1238153725862503,1.0196533203125,0.6751848459243774,1.3165611028671265,44.767818450927734,44.73854064941406,0.06473123282194138,0.1238153725862503,46.40945816040039,44.767818450927734,44.73854064941406,0.06473123282194138,0.1238153725862503,0.6693587303161621,0.5875957608222961,0.9951859712600708,33.06025314331055,36.88096237182617,0.06473123282194138,0.1238153725862503,33.3339958190918,33.06025314331055,36.88096237182617
scene12_traj2_1__000007,0.0648302212357521,0.12413005530834198,1.0179070234298706,0.6784747242927551,1.3177306652069092,45.031410217285156,45.249080657958984,0.0648302212357521,0.12413005530834198,46.44418716430664,45.031410217285156,45.249080657958984,0.0648302212357521,0.12413005530834198,0.6656222343444824,0.5900060534477234,0.9937207102775574,32.92958450317383,36.74147033691406,0.0648302212357521,0.12413005530834198,33.30481719970703,32.92958450317383,36.74147033691406
scene12_traj2_1__000008,0.06527803838253021,0.12499433010816574,1.0196752548217773,0.6755191683769226,1.3171755075454712,44.83970642089844,44.837074279785156,0.06527803838253021,0.12499433010816574,46.46734619140625,44.83970642089844,44.837074279785156,0.06527803838253021,0.12499433010816574,0.6682330369949341,0.5925695300102234,0.9978318810462952,33.24876022338867,37.361080169677734,0.06527803838253021,0.12499433010816574,33.4407844543457,33.24876022338867,37.361080169677734
scene12_traj2_1__000009,0.0652092844247818,0.12451593577861786,1.0146104097366333,0.6780307292938232,1.3148497343063354,44.68795394897461,44.58460235595703,0.0652092844247818,0.12451593577861786,46.34250259399414,44.68795394897461,44.58460235595703,0.0652092844247818,0.12451593577861786,0.6686722636222839,0.5894421339035034,0.9958537817001343,33.063072204589844,36.8436164855957,0.0652092844247818,0.12451593577861786,33.37022018432617,33.063072204589844,36.8436164855957
scene12_traj2_1__000010,0.06527607142925262,0.12457416206598282,1.0182600021362305,0.677863359451294,1.3170357942581177,44.69469451904297,44.431880950927734,0.06527607142925262,0.12457416206598282,46.42918395996094,44.69469451904297,44.431880950927734,0.06527607142925262,0.12457415461540222,0.6659367084503174,0.5912669897079468,0.9954097867012024,33.103111267089844,37.11015701293945,0.06527607142925262,0.12457415461540222,33.36115646362305,33.103111267089844,37.11015701293945
scene12_traj2_1__000011,0.06547059863805771,0.12499899417161942,1.020575761795044,0.6745887398719788,1.3171920776367188,44.93263626098633,44.93212890625,0.06547059863805771,0.12499899417161942,46.45066833496094,44.93263626098633,44.93212890625,0.06547059863805771,0.12499899417161942,0.668496310710907,0.5934470295906067,0.9990108013153076,33.22041702270508,37.123321533203125,0.06547059863805771,0.12499899417161942,33.48442459106445,33.22041702270508,37.123321533203125
scene12_traj2_1__000012,0.06557289510965347,0.12504622340202332,1.0169140100479126,0.6781654953956604,1.3168702125549316,44.852294921875,44.84767150878906,0.06557289510965347,0.12504622340202332,46.414222717285156,44.852294921875,44.84767150878906,0.06557289510965347,0.12504622340202332,0.6680541634559631,0.5894331932067871,0.9955229163169861,33.05200958251953,36.85688400268555,0.06557289510965347,0.12504622340202332,33.356040954589844,33.05200958251953,36.85688400268555
scene12_traj2_1__000013,0.06551596522331238,0.12445221096277237,1.0189530849456787,0.6759974360466003,1.3169578313827515,44.79213333129883,44.59883499145508,0.06551596522331238,0.12445221096277237,46.409324645996094,44.79213333129883,44.59883499145508,0.06551596522331238,0.12445221096277237,0.665632426738739,0.5881020426750183,0.9930786490440369,33.06971740722656,37.16904067993164,0.06551596522331238,0.12445221096277237,33.261436462402344,33.06971740722656,37.16904067993164
scene12_traj2_1__000014,0.06582307070493698,0.1255342662334442,1.0207643508911133,0.6800311207771301,1.321326732635498,45.12744903564453,45.11406326293945,0.06582307070493698,0.1255342662334442,46.60444641113281,45.12744903564453,45.11406326293945,0.06582307070493698,0.1255342662334442,0.6705737709999084,0.5899373888969421,0.9977680444717407,33.055564880371094,36.62184524536133,0.06582307070493698,0.1255342662334442,33.44263458251953,33.055564880371094,36.62184524536133
scene12_traj2_1__000015,0.06588046252727509,0.125311017036438,1.0133088827133179,0.6744983792304993,1.3109313249588013,44.58829879760742,44.447792053222656,0.06588046252727509,0.125311017036438,46.17424011230469,44.58829879760742,44.447792053222656,0.06588046252727509,0.125311017036438,0.6698455214500427,0.5900154709815979,0.9976754188537598,33.08901596069336,36.86516189575195,0.06588046252727509,0.125311017036438,33.44669723510742,33.08901596069336,36.86516189575195
scene12_traj2_1__000016,0.06601890176534653,0.12569764256477356,1.0154621601104736,0.6754860281944275,1.3144069910049438,44.85026550292969,44.87639236450195,0.06601890176534653,0.12569764256477356,46.32962417602539,44.85026550292969,44.87639236450195,0.06601890176534653,0.12569764256477356,0.6697659492492676,0.5918125510215759,0.9985058903694153,33.09733200073242,36.73359298706055,0.06601890176534653,0.12569764256477356,33.45973205566406,33.09733200073242,36.73359298706055
scene12_traj2_1__000017,0.06587348133325577,0.1250680387020111,1.014994502067566,0.6746813654899597,1.313073754310608,44.84873580932617,44.88315200805664,0.06587348133325577,0.1250680387020111,46.2550048828125,44.84873580932617,44.88315200805664,0.06587348133325577,0.1250680387020111,0.6676762700080872,0.5929145216941833,0.9971820116043091,33.114810943603516,36.922428131103516,0.06587348133325577,0.1250680387020111,33.430503845214844,33.114810943603516,36.922428131103516
scene12_traj2_1__000018,0.06680723279714584,0.12694822251796722,1.0152305364608765,0.677035391330719,1.314492106437683,44.77654266357422,44.51310729980469,0.06680723279714584,0.12694822251796722,46.32760238647461,44.77654266357422,44.51310729980469,0.06680722534656525,0.12694820761680603,0.6694732308387756,0.5925681591033936,0.9987838268280029,33.15192794799805,36.888526916503906,0.06680722534656525,0.12694820761680603,33.48011016845703,33.15192794799805,36.888526916503906
scene12_traj2_1__000019,0.0664062649011612,0.12624600529670715,1.018066644668579,0.6717532873153687,1.3129302263259888,44.778011322021484,44.7133674621582,0.0664062649011612,0.12624600529670715,46.2609748840332,44.778011322021484,44.7133674621582,0.0664062649011612,0.12624600529670715,0.6682438254356384,0.5916165113449097,0.9975964426994324,33.1733283996582,36.93913650512695,0.0664062649011612,0.12624600529670715,33.44404602050781,33.1733283996582,36.93913650512695
scene12_traj2_1__000020,0.06603894382715225,0.1256466656923294,1.0137526988983154,0.6758367419242859,1.3130394220352173,44.67101287841797,44.64247512817383,0.06603894382715225,0.1256466656923294,46.26026916503906,44.67101287841797,44.64247512817383,0.06603894382715225,0.1256466656923294,0.6705144643783569,0.5934852957725525,1.0004388093948364,33.25815200805664,36.84601974487305,0.06603894382715225,0.1256466656923294,33.54362106323242,33.25815200805664,36.84601974487305
scene12_traj2_1__000021,0.06612402200698853,0.12542596459388733,1.0195701122283936,0.6765848398208618,1.3176337480545044,44.90119171142578,44.76163101196289,0.06612402200698853,0.12542596459388733,46.48262023925781,44.90119171142578,44.76163101196289,0.06612402200698853,0.12542596459388733,0.6691805720329285,0.5918044447898865,0.9984938502311707,33.1259651184082,36.62784957885742,0.06612402200698853,0.12542596459388733,33.46584701538086,33.1259651184082,36.62784957885742
scene12_traj2_1__000022,0.06626176089048386,0.12605851888656616,1.0157700777053833,0.6771462559700012,1.3161098957061768,44.817054748535156,44.592498779296875,0.06626176089048386,0.12605851888656616,46.388160705566406,44.817054748535156,44.592498779296875,0.06626176089048386,0.12605851888656616,0.6692863702774048,0.5935320854187012,0.9994649291038513,33.282989501953125,37.02428436279297,0.06626176089048386,0.12605851888656616,33.5062255859375,33.282989501953125,37.02428436279297
scene12_traj2_1__000023,0.06607165932655334,0.12574322521686554,1.0179864168167114,0.6773070693016052,1.3170424699783325,44.78410720825195,44.463356018066406,0.06607165932655334,0.12574322521686554,46.448265075683594,44.78410720825195,44.463356018066406,0.06607165932655334,0.12574322521686554,0.668695330619812,0.5932556986808777,0.9994363784790039,33.24018859863281,36.986244201660156,0.06607165932655334,0.12574322521686554,33.492557525634766,33.24018859863281,36.986244201660156
scene12_traj2_1__000024,0.06587615609169006,0.12490008771419525,1.0175987482070923,0.6784860491752625,1.3178220987319946,44.839839935302734,44.641143798828125,0.06587615609169006,0.12490008771419525,46.459049224853516,44.839839935302734,44.641143798828125,0.06587615609169006,0.12490008771419525,0.6672391295433044,0.5916826725006104,0.9966705441474915,33.170536041259766,36.936214447021484,0.06587615609169006,0.12490008771419525,33.399208068847656,33.170536041259766,36.936214447021484
scene12_traj2_1__000025,0.06608393043279648,0.1256711483001709,1.0186631679534912,0.676199734210968,1.317238211631775,44.99698257446289,44.95282745361328,0.06608393043279648,0.1256711483001709,46.44901657104492,44.99698257446289,44.95282745361328,0.06608393043279648,0.1256711333990097,0.670547604560852,0.5924395322799683,1.0001356601715088,33.21633529663086,36.93722152709961,0.06608393043279648,0.1256711333990097,33.527793884277344,33.21633529663086,36.93722152709961
scene12_traj2_1__000026,0.0660080835223198,0.1258115917444229,1.0185718536376953,0.6779149770736694,1.3180571794509888,44.92559814453125,44.767478942871094,0.0660080835223198,0.1258115917444229,46.47697448730469,44.92559814453125,44.767478942871094,0.0660080835223198,0.1258115917444229,0.669653594493866,0.5941320061683655,1.0006415843963623,33.4036865234375,37.216033935546875,0.0660080835223198,0.1258115917444229,33.56535720825195,33.4036865234375,37.216033935546875
scene12_traj2_1__000027,0.06573406606912613,0.12481191009283066,1.0161917209625244,0.6780679821968079,1.3163862228393555,44.86064147949219,44.778892517089844,0.06573406606912613,0.12481191009283066,46.4028205871582,44.86064147949219,44.778892517089844,0.06573406606912613,0.12481191009283066,0.6702670454978943,0.593317985534668,1.0004122257232666,33.31423568725586,37.10895538330078,0.06573406606912613,0.12481191009283066,33.54865646362305,33.31423568725586,37.10895538330078
scene12_traj2_1__000028,0.0655844584107399,0.12476032227277756,1.0176568031311035,0.6810198426246643,1.3195412158966064,45.042091369628906,45.15221405029297,0.0655844584107399,0.12476032227277756,46.53651809692383,45.042091369628906,45.15221405029297,0.0655844584107399,0.12476032227277756,0.6712778806686401,0.5918830633163452,0.9998323321342468,33.25836181640625,37.034202575683594,0.0655844584107399,0.12476032227277756,33.51190185546875,33.25836181640625,37.034202575683594
scene12_traj2_1__000029,0.0657537505030632,0.12483353912830353,1.0140269994735718,0.6821721196174622,1.317646861076355,44.86307144165039,44.706790924072266,0.0657537505030632,0.12483353912830353,46.44033432006836,44.86307144165039,44.706790924072266,0.0657537505030632,0.12483352422714233,0.6707156300544739,0.592488169670105,0.9995110034942627,33.23878860473633,36.972164154052734,0.0657537505030632,0.12483352422714233,33.518070220947266,33.23878860473633,36.972164154052734
scene12_traj2_1__000030,0.06524299085140228,0.12394902855157852,1.0207549333572388,0.6834930777549744,1.3243985176086426,45.267330169677734,45.23628616333008,0.06524299085140228,0.12394902855157852,46.7356071472168,45.267330169677734,45.23628616333008,0.06524299085140228,0.12394902110099792,0.6672496795654297,0.5934279561042786,0.9977342486381531,33.19325637817383,37.17422103881836,0.06524299085140228,0.12394902110099792,33.44438552856445,33.19325637817383,37.17422103881836
scene12_traj2_1__000031,0.06564687192440033,0.12493878602981567,1.0166667699813843,0.6824079155921936,1.3202691078186035,44.996524810791016,44.886173248291016,0.06564687192440033,0.12493878602981567,46.5632209777832,44.996524810791016,44.886173248291016,0.06564687192440033,0.12493878602981567,0.6682674884796143,0.5929628014564514,0.9986692667007446,33.23392868041992,37.026161193847656,0.06564687192440033,0.12493878602981567,33.470489501953125,33.23392868041992,37.026161193847656
scene12_traj2_1__000032,0.0658973976969719,0.12531182169914246,1.0175288915634155,0.6825682520866394,1.3203656673431396,44.86511993408203,44.600830078125,0.0658973976969719,0.12531182169914246,46.56593704223633,44.86511993408203,44.600830078125,0.0658973976969719,0.12531182169914246,0.6693800091743469,0.5926479697227478,0.9991264939308167,33.21329116821289,36.991554260253906,0.0658973976969719,0.12531182169914246,33.50367736816406,33.21329116821289,36.991554260253906
scene12_traj2_1__000033,0.06594354659318924,0.12488175928592682,1.0197573900222778,0.6821410059928894,1.3223001956939697,45.02268600463867,44.79671859741211,0.06594354659318924,0.12488175928592682,46.64385986328125,45.02268600463867,44.79671859741211,0.06594354659318924,0.12488175928592682,0.6688113212585449,0.591405987739563,0.9980704188346863,33.192161560058594,36.86728286743164,0.06594354659318924,0.12488175928592682,33.45478820800781,33.192161560058594,36.86728286743164
scene12_traj2_1__000034,0.0655396357178688,0.12458007782697678,1.018455982208252,0.6819964051246643,1.3210774660110474,45.053428649902344,44.87937545776367,0.0655396357178688,0.12458007782697678,46.62738800048828,45.053428649902344,44.87937545776367,0.0655396357178688,0.12458007782697678,0.6696704626083374,0.594225287437439,1.0004981756210327,33.22156524658203,36.80553436279297,0.0655396357178688,0.12458007782697678,33.54728317260742,33.22156524658203,36.80553436279297
scene12_traj2_1__000035,0.06605789065361023,0.12538862228393555,1.0195468664169312,0.6831473112106323,1.3224501609802246,45.145530700683594,45.06031036376953,0.06605789065361023,0.12538862228393555,46.65947723388672,45.145530700683594,45.06031036376953,0.06605789065361023,0.12538862228393555,0.6689413785934448,0.590557336807251,0.9973288774490356,33.192298889160156,37.02947235107422,0.06605789065361023,0.12538862228393555,33.43036651611328,33.192298889160156,37.02947235107422
scene12_traj2_1__000036,0.06589257717132568,0.12477891147136688,1.0194364786148071,0.6824342012405396,1.3219902515411377,45.10049819946289,45.00257110595703,0.06589257717132568,0.12477891147136688,46.654083251953125,45.10049819946289,45.00257110595703,0.06589257717132568,0.12477891147136688,0.6706226468086243,0.5926321148872375,1.0000040531158447,33.313194274902344,36.98937225341797,0.06589257717132568,0.12477891147136688,33.52461624145508,33.313194274902344,36.98937225341797
scene12_traj2_1__000037,0.06605668365955353,0.12511105835437775,1.0186219215393066,0.6800448298454285,1.3199498653411865,45.08317947387695,45.07239532470703,0.06605668365955353,0.12511105835437775,46.568477630615234,45.08317947387695,45.07239532470703,0.06605668365955353,0.12511105835437775,0.6714726686477661,0.5939223170280457,1.0020644664764404,33.3661003112793,36.98567581176758,0.06605668365955353,0.12511105835437775,33.59813690185547,33.3661003112793,36.98567581176758
scene12_traj2_1__000038,0.06753253936767578,0.12788455188274384,1.0139176845550537,0.6747061014175415,1.3125050067901611,44.73887634277344,44.70402908325195,0.06753253936767578,0.12788455188274384,46.24050521850586,44.73887634277344,44.70402908325195,0.06753253936767578,0.12788455188274384,0.6723555326461792,0.5932183861732483,1.002143383026123,33.41117858886719,36.8870964050293,0.06753253936767578,0.12788455188274384,33.631595611572266,33.41117858886719,36.8870964050293
scene12_traj2_1__000039,0.06782028079032898,0.12771600484848022,1.018466830253601,0.6732160449028015,1.3158423900604248,44.856502532958984,44.66987609863281,0.06782028079032898,0.12771600484848022,46.429962158203125,44.856502532958984,44.66987609863281,0.06782028079032898,0.12771600484848022,0.6713335514068604,0.5976034998893738,1.0047117471694946,33.551170349121094,37.05351257324219,0.06782028079032898,0.12771600484848022,33.717552185058594,33.551170349121094,37.05351257324219
scene12_traj2_1__000040,0.0680517703294754,0.12798234820365906,1.0147122144699097,0.6777300834655762,1.3154155015945435,44.902503967285156,44.863922119140625,0.0680517703294754,0.12798234820365906,46.38438034057617,44.902503967285156,44.863922119140625,0.0680517703294754,0.12798234820365906,0.6731170415878296,0.6003447771072388,1.0083715915679932,33.737274169921875,37.20333480834961,0.0680517703294754,0.12798234820365906,33.87812042236328,33.737274169921875,37.20333480834961
scene12_traj2_1__000041,0.06850195676088333,0.1289552003145218,1.0182453393936157,0.6738988757133484,1.3152611255645752,45.00324630737305,45.177494049072266,0.06850195676088333,0.1289552003145218,46.41843795776367,45.00324630737305,45.177494049072266,0.06850195676088333,0.1289551854133606,0.6737307906150818,0.5959749817848206,1.005724310874939,33.595272064208984,36.97270965576172,0.06850195676088333,0.1289551854133606,33.75346755981445,33.595272064208984,36.97270965576172
scene12_traj2_1__000042,0.06910360604524612,0.1301575005054474,1.02107572555542,0.6730999946594238,1.3174549341201782,44.998050689697266,44.93428421020508,0.06910360604524612,0.1301575005054474,46.49988555908203,44.998050689697266,44.93428421020508,0.06910360604524612,0.1301575005054474,0.6720449924468994,0.59939044713974,1.006967544555664,33.644290924072266,37.01173400878906,0.06910360604524612,0.1301575005054474,33.80388259887695,33.644290924072266,37.01173400878906
scene12_traj2_1__000043,0.06877203285694122,0.12924769520759583,1.02052903175354,0.6819192171096802,1.3234153985977173,45.18647766113281,45.14093780517578,0.06877203285694122,0.12924769520759583,46.73835754394531,45.18647766113281,45.14093780517578,0.06877203285694122,0.12924769520759583,0.6688328981399536,0.5980690121650696,1.0034376382827759,33.64267349243164,37.067317962646484,0.06877203285694122,0.12924769520759583,33.6893310546875,33.64267349243164,37.067317962646484
scene12_traj2_1__000044,0.069428451359272,0.13020864129066467,1.0198570489883423,0.6780735850334167,1.3202942609786987,45.1054801940918,44.97842788696289,0.069428451359272,0.13020864129066467,46.606590270996094,45.1054801940918,44.97842788696289,0.069428451359272,0.13020864129066467,0.6701741814613342,0.5972930192947388,1.0034042596817017,33.44300079345703,36.52751541137695,0.069428451359272,0.13020864129066467,33.68210983276367,33.44300079345703,36.52751541137695
scene12_traj2_1__000045,0.06971871107816696,0.13119211792945862,1.0157467126846313,0.6770781874656677,1.3159583806991577,44.87025833129883,44.70758056640625,0.06971871107816696,0.13119211792945862,46.40460968017578,44.87025833129883,44.70758056640625,0.06971871107816696,0.13119211792945862,0.6720588207244873,0.5980151891708374,1.0061731338500977,33.64756774902344,36.86289596557617,0.06971871107816696,0.13119211792945862,33.788291931152344,33.64756774902344,36.86289596557617
scene12_traj2_1__000046,0.06949181109666824,0.13072839379310608,1.0186529159545898,0.6745685338973999,1.316637635231018,45.05610656738281,45.11042785644531,0.06949181109666824,0.13072839379310608,46.44151306152344,45.05610656738281,45.11042785644531,0.06949181109666824,0.13072839379310608,0.6716590523719788,0.5984385013580322,1.0059388875961304,33.578189849853516,36.755348205566406,0.06949181109666824,0.13072839379310608,33.783409118652344,33.578189849853516,36.755348205566406
scene12_traj2_1__000047,0.07011907547712326,0.13141126930713654,1.019187092781067,0.6798165440559387,1.3217580318450928,45.37017059326172,45.652957916259766,0.07011907547712326,0.13141126930713654,46.64812469482422,45.37017059326172,45.652957916259766,0.07011907547712326,0.13141126930713654,0.6703190207481384,0.5976964235305786,1.003708004951477,33.450355529785156,36.560386657714844,0.07011907547712326,0.13141126930713654,33.68556213378906,33.450355529785156,36.560386657714844
scene12_traj2_1__000048,0.07015962898731232,0.13174599409103394,1.0183998346328735,0.678581714630127,1.319664478302002,45.194664001464844,45.30223846435547,0.07015962898731232,0.13174599409103394,46.59176254272461,45.194664001464844,45.30223846435547,0.07015962898731232,0.13174599409103394,0.6740291714668274,0.5996139049530029,1.0086477994918823,33.71631622314453,36.906394958496094,0.07015962898731232,0.13174599409103394,33.87276840209961,33.71631622314453,36.906394958496094
scene12_traj2_1__000049,0.07008374482393265,0.13193026185035706,1.020044207572937,0.6799678802490234,1.3219393491744995,45.36982345581055,45.51304244995117,0.07008374482393265,0.13193026185035706,46.642852783203125,45.36982345581055,45.51304244995117,0.07008374482393265,0.13193026185035706,0.6700283288955688,0.6014466285705566,1.0068589448928833,33.650428771972656,36.80720138549805,0.07008374482393265,0.13193026185035706,33.829856872558594,33.650428771972656,36.80720138549805
scene12_traj2_1__000050,0.0703008621931076,0.1317797601222992,1.015820860862732,0.6794894337654114,1.3183616399765015,45.06913757324219,45.09748840332031,0.0703008621931076,0.1317797601222992,46.49356460571289,45.06913757324219,45.09748840332031,0.07030085474252701,0.1317797601222992,0.6711224317550659,0.6011462807655334,1.0072952508926392,33.650779724121094,36.725868225097656,0.07030085474252701,0.1317797601222992,33.84476089477539,33.650779724121094,36.725868225097656
scene12_traj2_1__000051,0.07015358656644821,0.1310761421918869,1.0221160650253296,0.6770386099815369,1.3218443393707275,45.36056137084961,45.395973205566406,0.07015358656644821,0.1310761421918869,46.68467330932617,45.36056137084961,45.395973205566406,0.07015358656644821,0.1310761421918869,0.6694632768630981,0.6017310619354248,1.0064105987548828,33.655399322509766,36.7756462097168,0.07015358656644821,0.1310761421918869,33.797359466552734,33.655399322509766,36.7756462097168
scene12_traj2_1__000052,0.070297971367836,0.13156573474407196,1.0186058282852173,0.6739506721496582,1.3164165019989014,44.999176025390625,44.97056198120117,0.070297971367836,0.13156573474407196,46.4317741394043,44.999176025390625,44.97056198120117,0.070297971367836,0.13156573474407196,0.6700526475906372,0.6018192172050476,1.0069665908813477,33.72030258178711,36.95841598510742,0.070297971367836,0.13156573474407196,33.83734893798828,33.72030258178711,36.95841598510742
scene12_traj2_1__000053,0.07077683508396149,0.13274499773979187,1.020188331604004,0.675987958908081,1.318941593170166,45.274349212646484,45.339683532714844,0.07077683508396149,0.13274499773979187,46.55796813964844,45.274349212646484,45.339683532714844,0.07077683508396149,0.13274499773979187,0.6715500354766846,0.6022835373878479,1.0081686973571777,33.79655456542969,36.95838165283203,0.07077683508396149,0.13274499773979187,33.8853759765625,33.79655456542969,36.95838165283203
scene12_traj2_1__000054,0.0705319344997406,0.13213738799095154,1.019660472869873,0.6788695454597473,1.321048617362976,45.41570281982422,45.514373779296875,0.0705319344997406,0.13213738799095154,46.65256118774414,45.41570281982422,45.514373779296875,0.0705319344997406,0.13213738799095154,0.6709181666374207,0.6032775640487671,1.0084682703018188,33.76936340332031,36.872161865234375,0.0705319344997406,0.13213738799095154,33.89978790283203,33.76936340332031,36.872161865234375
scene12_traj2_1__000055,0.07093162089586258,0.1325168013572693,1.0221681594848633,0.6753197312355042,1.3205803632736206,45.167205810546875,45.057376861572266,0.07093162089586258,0.1325168013572693,46.64014434814453,45.167205810546875,45.057376861572266,0.07093161344528198,0.1325168013572693,0.6688605546951294,0.6036436557769775,1.0073288679122925,33.79690170288086,36.89065170288086,0.07093161344528198,0.1325168013572693,33.83879470825195,33.79690170288086,36.89065170288086
scene12_traj2_1__000056,0.07081758230924606,0.1326713114976883,1.0189539194107056,0.6798879504203796,1.3210170269012451,45.38182830810547,45.479209899902344,0.07081758230924606,0.1326713114976883,46.646419525146484,45.38182830810547,45.479209899902344,0.07081758230924606,0.1326713114976883,0.6707149744033813,0.6020275950431824,1.0075541734695435,33.739219665527344,36.77936935424805,0.07081758230924606,0.1326713114976883,33.863609313964844,33.739219665527344,36.77936935424805
scene12_traj2_1__000057,0.07077344506978989,0.13261231780052185,1.020004153251648,0.6799054145812988,1.3222178220748901,45.37969207763672,45.48859405517578,0.07077344506978989,0.13261231780052185,46.68413162231445,45.37969207763672,45.48859405517578,0.07077345252037048,0.13261231780052185,0.6690272688865662,0.5998445153236389,1.0044810771942139,33.61202621459961,36.60490798950195,0.07077345252037048,0.13261231780052185,33.743858337402344,33.61202621459961,36.60490798950195
scene12_traj2_1__000058,0.07063736766576767,0.13228163123130798,1.0197999477386475,0.6808768510818481,1.3228747844696045,45.401451110839844,45.56855010986328,0.07063736766576767,0.13228163123130798,46.74076843261719,45.401451110839844,45.56855010986328,0.07063736766576767,0.13228163123130798,0.6695178151130676,0.6032305359840393,1.0072252750396729,33.76858901977539,36.805572509765625,0.07063736766576767,0.13228163123130798,33.85902404785156,33.76858901977539,36.805572509765625
scene12_traj2_1__000059,0.07126274704933167,0.13321346044540405,1.024590015411377,0.676612138748169,1.323704481124878,45.456722259521484,45.55064010620117,0.07126274704933167,0.13321346044540405,46.76055145263672,45.456722259521484,45.55064010620117,0.07126274704933167,0.13321346044540405,0.6687974333763123,0.6033761501312256,1.0069888830184937,33.71702194213867,36.735206604003906,0.07126274704933167,0.13321346044540405,33.82830810546875,33.71702194213867,36.735206604003906
scene12_traj2_1__000060,0.0708148330450058,0.13273847103118896,1.0221689939498901,0.6746764779090881,1.320171594619751,45.27105712890625,45.34965515136719,0.0708148330450058,0.13273847103118896,46.611751556396484,45.27105712890625,45.34965515136719,0.0708148330450058,0.13273845613002777,0.6695476770401001,0.604590117931366,1.0083881616592407,33.849063873291016,36.8914909362793,0.0708148330450058,0.13273845613002777,33.905216217041016,33.849063873291016,36.8914909362793
scene12_traj2_1__000061,0.0708317756652832,0.13259722292423248,1.0228732824325562,0.6746085286140442,1.3211898803710938,45.297306060791016,45.32099914550781,0.0708317756652832,0.13259722292423248,46.659637451171875,45.297306060791016,45.32099914550781,0.0708317756652832,0.13259722292423248,0.6691315770149231,0.6061745285987854,1.0093592405319214,33.879493713378906,36.86573028564453,0.0708317756652832,0.13259722292423248,33.94025421142578,33.879493713378906,36.86573028564453
scene12_traj2_1__000062,0.07088378816843033,0.13296279311180115,1.023972511291504,0.676365077495575,1.3236534595489502,45.4109001159668,45.47697067260742,0.07088378816843033,0.13296279311180115,46.767879486083984,45.4109001159668,45.47697067260742,0.07088378816843033,0.13296279311180115,0.6694251894950867,0.6045488119125366,1.0081532001495361,33.956275939941406,37.2203369140625,0.07088378816843033,0.13296279311180115,33.88290023803711,33.956275939941406,37.2203369140625
scene12_traj2_1__000063,0.0704440027475357,0.13163824379444122,1.0226432085037231,0.6784706115722656,1.3230546712875366,45.46120834350586,45.620059967041016,0.0704440027475357,0.13163824379444122,46.71985626220703,45.46120834350586,45.620059967041016,0.0704440027475357,0.13163824379444122,0.6708229184150696,0.6011344194412231,1.0064094066619873,33.661075592041016,36.59803771972656,0.0704440027475357,0.13163824379444122,33.81648254394531,33.661075592041016,36.59803771972656
scene12_traj2_1__000064,0.06968244165182114,0.13034507632255554,1.0224608182907104,0.677229642868042,1.3217318058013916,45.314674377441406,45.488407135009766,0.06968244165182114,0.13034507632255554,46.679264068603516,45.314674377441406,45.488407135009766,0.06968244165182114,0.13034507632255554,0.6706938743591309,0.6013365387916565,1.0060675144195557,33.75242233276367,36.92625045776367,0.06968244165182114,0.13034507632255554,33.80642318725586,33.75242233276367,36.92625045776367
scene12_traj2_1__000065,0.06844629347324371,0.12830990552902222,1.0206314325332642,0.6808182597160339,1.322278618812561,45.17392349243164,45.27464294433594,0.06844629347324371,0.12830990552902222,46.680850982666016,45.17392349243164,45.27464294433594,0.06844629347324371,0.12830990552902222,0.6681498289108276,0.6025155782699585,1.0052307844161987,33.649505615234375,36.86252212524414,0.06844629347324371,0.12830990552902222,33.77361297607422,33.649505615234375,36.86252212524414
scene12_traj2_1__000066,0.06858275830745697,0.12840357422828674,1.025536060333252,0.6829747557640076,1.3279393911361694,45.40599060058594,45.23991012573242,0.06858275830745697,0.12840357422828674,46.9001579284668,45.40599060058594,45.23991012573242,0.06858275830745697,0.12840357422828674,0.6656720638275146,0.6025120615959167,1.0033138990402222,33.74113845825195,37.248016357421875,0.06858275830745697,0.12840357422828674,33.70064163208008,33.74113845825195,37.248016357421875
scene12_traj2_1__000067,0.06863521039485931,0.1283896267414093,1.0260363817214966,0.6800953149795532,1.326238989830017,45.38249206542969,45.3511962890625,0.06863521039485931,0.1283896267414093,46.83724594116211,45.38249206542969,45.3511962890625,0.06863521039485931,0.1283896267414093,0.6665453314781189,0.6028150320053101,1.0039582252502441,33.83086395263672,37.446800231933594,0.06863521039485931,0.1283896267414093,33.7414436340332,33.83086395263672,37.446800231933594
scene12_traj2_1__000068,0.06856506317853928,0.12853194773197174,1.0314416885375977,0.6764834523200989,1.3283758163452148,45.54157638549805,45.61473846435547,0.06856506317853928,0.12853194773197174,46.94538879394531,45.54157638549805,45.61473846435547,0.06856506317853928,0.12853194773197174,0.6658915281295776,0.6019604206085205,1.0025464296340942,33.730777740478516,37.33654022216797,0.06856506317853928,0.12853194773197174,33.668785095214844,33.730777740478516,37.33654022216797
scene12_traj2_1__000069,0.0681319609284401,0.12806566059589386,1.0247935056686401,0.6809244155883789,1.3259371519088745,45.3907585144043,45.330238342285156,0.0681319609284401,0.12806566059589386,46.8388557434082,45.3907585144043,45.330238342285156,0.0681319609284401,0.12806566059589386,0.6679913997650146,0.6036922931671143,1.00596022605896,33.7777099609375,37.34104919433594,0.0681319609284401,0.12806566059589386,33.804595947265625,33.7777099609375,37.34104919433594
scene12_traj2_1__000070,0.06810539960861206,0.12742334604263306,1.0299729108810425,0.6805458664894104,1.3298280239105225,45.59990692138672,45.660518646240234,0.06810539960861206,0.12742334604263306,47.014732360839844,45.59990692138672,45.660518646240234,0.06810539960861206,0.12742334604263306,0.6642711758613586,0.6037600636482239,1.0027296543121338,33.77470779418945,37.37876510620117,0.06810539960861206,0.12742334604263306,33.68396759033203,33.77470779418945,37.37876510620117
scene12_traj2_1__000071,0.06802374124526978,0.12751007080078125,1.0253392457962036,0.6801722645759583,1.326137900352478,45.4929084777832,45.56379699707031,0.06802374124526978,0.12751007080078125,46.847293853759766,45.4929084777832,45.56379699707031,0.06802374124526978,0.12751007080078125,0.6671180725097656,0.6020284295082092,1.0035169124603271,33.72488021850586,37.369476318359375,0.06802374124526978,0.12751007080078125,33.716087341308594,33.72488021850586,37.369476318359375
scene12_traj2_1__000072,0.06811819970607758,0.12798543274402618,1.0278373956680298,0.6811125874519348,1.3288339376449585,45.555419921875,45.535072326660156,0.06811819970607758,0.12798543274402618,46.950618743896484,45.555419921875,45.535072326660156,0.06811819970607758,0.12798543274402618,0.6651688814163208,0.6021750569343567,1.002419352531433,33.65843200683594,37.250282287597656,0.06811819970607758,0.12798543274402618,33.67548751831055,33.65843200683594,37.250282287597656
scene12_traj2_1__000073,0.06665728986263275,0.12525370717048645,1.0248628854751587,0.6800306439399719,1.3248486518859863,45.22964859008789,45.12139129638672,0.06665728986263275,0.12525370717048645,46.79225158691406,45.22964859008789,45.12139129638672,0.06665727496147156,0.12525370717048645,0.6632189750671387,0.6008338332176208,0.9996038675308228,33.58414840698242,37.439430236816406,0.06665727496147156,0.12525370717048645,33.57749938964844,33.58414840698242,37.439430236816406
scene12_traj2_1__000074,0.06635978072881699,0.12518881261348724,1.0263829231262207,0.6777234673500061,1.3252195119857788,45.31941604614258,45.41978073120117,0.06635978072881699,0.12518881261348724,46.836463928222656,45.31941604614258,45.41978073120117,0.06635978072881699,0.12518881261348724,0.6642197370529175,0.6002464890480042,0.9998396635055542,33.664730072021484,37.655113220214844,0.06635978072881699,0.12518881261348724,33.57307052612305,33.664730072021484,37.655113220214844
scene12_traj2_1__000075,0.0658111721277237,0.12405183911323547,1.0242127180099487,0.6842469573020935,1.3271076679229736,45.316162109375,45.33387756347656,0.0658111721277237,0.12405183911323547,46.91788101196289,45.316162109375,45.33387756347656,0.0658111721277237,0.12405183911323547,0.6644048690795898,0.6007190346717834,0.9999833703041077,33.684879302978516,37.574893951416016,0.0658111721277237,0.12405183911323547,33.580135345458984,33.684879302978516,37.574893951416016
scene12_traj2_1__000076,0.0663389340043068,0.1251443475484848,1.024645209312439,0.6822679042816162,1.326414942741394,45.38189697265625,45.44669723510742,0.0663389340043068,0.1251443475484848,46.88608169555664,45.38189697265625,45.44669723510742,0.0663389340043068,0.1251443475484848,0.6647892594337463,0.599182665348053,0.999214768409729,33.55660629272461,37.49702453613281,0.0663389340043068,0.1251443475484848,33.5416259765625,33.55660629272461,37.49702453613281
scene12_traj2_1__000077,0.0656486377120018,0.12401436269283295,1.0252268314361572,0.6814157962799072,1.3263858556747437,45.359901428222656,45.53947448730469,0.0656486377120018,0.12401436269283295,46.87022018432617,45.359901428222656,45.53947448730469,0.0656486377120018,0.12401436269283295,0.6636120080947876,0.5987940430641174,0.9977470636367798,33.51823425292969,37.52064514160156,0.0656486377120018,0.12401436269283295,33.49818420410156,33.51823425292969,37.52064514160156
scene12_traj2_1__000078,0.06600974500179291,0.12485300749540329,1.0244346857070923,0.686474621295929,1.3294683694839478,45.42985534667969,45.28144073486328,0.06600974500179291,0.12485300749540329,46.98672866821289,45.42985534667969,45.28144073486328,0.0660097524523735,0.12485300749540329,0.6627033352851868,0.599973738193512,0.9984047412872314,33.489173889160156,37.4027099609375,0.0660097524523735,0.12485300749540329,33.54497146606445,33.489173889160156,37.4027099609375
scene12_traj2_1__000079,0.06572142988443375,0.12456154823303223,1.0254154205322266,0.6779087781906128,1.3237996101379395,45.127323150634766,45.00342559814453,0.06572142988443375,0.12456154823303223,46.75844955444336,45.127323150634766,45.00342559814453,0.06572142988443375,0.12456154823303223,0.6644876599311829,0.599345326423645,0.9990948438644409,33.58147048950195,37.505558013916016,0.06572142988443375,0.12456154823303223,33.55870056152344,33.58147048950195,37.505558013916016
scene12_traj2_1__000080,0.06428858637809753,0.12219797074794769,1.0287455320358276,0.6834285259246826,1.3306196928024292,45.41025161743164,45.35232925415039,0.06428858637809753,0.12219797074794769,47.043304443359375,45.41025161743164,45.35232925415039,0.06428858637809753,0.12219797074794769,0.6602600812911987,0.598292887210846,0.994787871837616,33.23058319091797,37.354766845703125,0.06428858637809753,0.12219797074794769,33.39279556274414,33.23058319091797,37.354766845703125
scene12_traj2_1__000081,0.06432218104600906,0.12265735864639282,1.0304951667785645,0.6780972480773926,1.3281445503234863,45.258758544921875,45.197265625,0.06432218104600906,0.12265735864639282,46.955421447753906,45.258758544921875,45.197265625,0.06432218104600906,0.12265735864639282,0.6622323989868164,0.5958366990089417,0.9943078756332397,33.316375732421875,37.55678176879883,0.06432218104600906,0.12265735864639282,33.36783218383789,33.316375732421875,37.55678176879883
scene12_traj2_1__000082,0.06350865960121155,0.12164878845214844,1.0317695140838623,0.6804190278053284,1.3308485746383667,45.29009246826172,45.042755126953125,0.06350865960121155,0.12164878845214844,47.062049865722656,45.29009246826172,45.042755126953125,0.06350865960121155,0.12164878845214844,0.6620798707008362,0.5963183641433716,0.9949549436569214,33.399169921875,37.72400665283203,0.06350865960121155,0.12164878845214844,33.39363479614258,33.399169921875,37.72400665283203
scene12_traj2_1__000083,0.06332296133041382,0.12186787277460098,1.0304763317108154,0.6799845099449158,1.32920241355896,45.27206039428711,45.1146240234375,0.06332296133041382,0.12186787277460098,46.99687576293945,45.27206039428711,45.1146240234375,0.06332296133041382,0.12186786532402039,0.6596934199333191,0.5937995314598083,0.9901868104934692,33.00495910644531,37.244598388671875,0.06332296133041382,0.12186786532402039,33.19530487060547,33.00495910644531,37.244598388671875
scene12_traj2_1__000084,0.06324507296085358,0.12165658175945282,1.0277043581008911,0.681333601474762,1.3280681371688843,45.18596267700195,44.92855453491211,0.06324507296085358,0.12165658175945282,46.94861602783203,45.18596267700195,44.92855453491211,0.06324507296085358,0.12165658175945282,0.6618630886077881,0.5956084132194519,0.9938654899597168,33.05424499511719,37.20437240600586,0.06324507296085358,0.12165658175945282,33.34534454345703,33.05424499511719,37.20437240600586
scene12_traj2_1__000085,0.06337277591228485,0.12194898724555969,1.0290610790252686,0.6856930255889893,1.3317958116531372,45.37033462524414,45.24081802368164,0.06337277591228485,0.12194898724555969,47.10432434082031,45.37033462524414,45.24081802368164,0.06337277591228485,0.12194898724555969,0.6583718657493591,0.5928947329521179,0.9890404343605042,32.8812141418457,37.11854934692383,0.06337277591228485,0.12194898724555969,33.16401672363281,32.8812141418457,37.11854934692383
scene12_traj2_1__000086,0.06363239139318466,0.1226615384221077,1.0260605812072754,0.6795514225959778,1.3250964879989624,45.056129455566406,44.93421173095703,0.06363239139318466,0.1226615384221077,46.80833435058594,45.056129455566406,44.93421173095703,0.06363239139318466,0.1226615384221077,0.6607392430305481,0.5918813943862915,0.9893485903739929,32.948883056640625,37.24995040893555,0.06363239139318466,0.1226615384221077,33.17537307739258,32.948883056640625,37.24995040893555
scene12_traj2_1__000087,0.06310416013002396,0.12221059948205948,1.023358702659607,0.6769571900367737,1.321144938468933,44.76896667480469,44.59626388549805,0.06310416013002396,0.12221059948205948,46.623779296875,44.76896667480469,44.59626388549805,0.06310416013002396,0.12221059203147888,0.6600249409675598,0.5925331115722656,0.9891005754470825,32.886314392089844,37.225494384765625,0.06310416013002396,0.12221059203147888,33.17549514770508,32.886314392089844,37.225494384765625
scene12_traj2_1__000088,0.06320243328809738,0.12241808325052261,1.0259637832641602,0.6771004796028137,1.3232378959655762,44.859649658203125,44.74795150756836,0.06320243328809738,0.12241808325052261,46.700199127197266,44.859649658203125,44.74795150756836,0.06320243328809738,0.12241808325052261,0.6573671102523804,0.594129204750061,0.9883058071136475,32.8426628112793,37.29916763305664,0.06320243328809738,0.12241808325052261,33.14608383178711,32.8426628112793,37.29916763305664
scene12_traj2_1__000089,0.06303262710571289,0.12219878286123276,1.0320087671279907,0.6787002086639404,1.3293001651763916,45.214473724365234,45.21048355102539,0.06303262710571289,0.12219878286123276,46.96855163574219,45.214473724365234,45.21048355102539,0.06303262710571289,0.12219878286123276,0.6580460071563721,0.5902203321456909,0.985934317111969,32.760162353515625,37.10547637939453,0.06303262710571289,0.12219878286123276,33.047142028808594,32.760162353515625,37.10547637939453
scene12_traj2_1__000090,0.06306464225053787,0.12202710658311844,1.0270477533340454,0.6774149537086487,1.3242757320404053,44.97100830078125,44.87202835083008,0.06306464225053787,0.12202710658311844,46.75301742553711,44.97100830078125,44.87202835083008,0.06306464225053787,0.12202710658311844,0.6618033647537231,0.5924230217933655,0.9905736446380615,32.92512130737305,37.05384826660156,0.06306464225053787,0.12202710658311844,33.21384811401367,32.92512130737305,37.05384826660156
scene12_traj2_1__000091,0.06328143179416656,0.12248290330171585,1.0267218351364136,0.6772863268852234,1.3237165212631226,44.79695510864258,44.49054718017578,0.06328143179416656,0.12248290330171585,46.732112884521484,44.79695510864258,44.49054718017578,0.06328143179416656,0.12248290330171585,0.6608889698982239,0.5932721495628357,0.9905223846435547,32.982120513916016,37.437843322753906,0.06328143179416656,0.12248290330171585,33.22538375854492,32.982120513916016,37.437843322753906
scene12_traj2_1__000092,0.06319645047187805,0.12211795896291733,1.0309463739395142,0.6779417991638184,1.3276647329330444,45.04387283325195,44.95146179199219,0.06319645047187805,0.12211795896291733,46.88858413696289,45.04387283325195,44.95146179199219,0.06319645047187805,0.12211795151233673,0.6608299016952515,0.5922244191169739,0.9896931648254395,33.005489349365234,37.3531494140625,0.06319645047187805,0.12211795151233673,33.20155715942383,33.005489349365234,37.3531494140625
scene12_traj2_1__000093,0.06483026593923569,0.12453898042440414,1.0293159484863281,0.6803884506225586,1.3283331394195557,45.226619720458984,45.00930404663086,0.06483026593923569,0.12453898042440414,46.93245315551758,45.226619720458984,45.00930404663086,0.06483026593923569,0.12453898042440414,0.6602305173873901,0.5945166945457458,0.9911982417106628,33.00093078613281,36.99756622314453,0.06483026593923569,0.12453898042440414,33.24837112426758,33.00093078613281,36.99756622314453
scene12_traj2_1__000094,0.06677000969648361,0.12707984447479248,1.026515007019043,0.6809473633766174,1.3269572257995605,45.31904602050781,45.23395919799805,0.06677000969648361,0.12707984447479248,46.86925506591797,45.31904602050781,45.23395919799805,0.06677000224590302,0.12707984447479248,0.6621119976043701,0.5979887843132019,0.9954359531402588,33.12932205200195,36.79056930541992,0.06677000224590302,0.12707984447479248,33.4211540222168,33.12932205200195,36.79056930541992
scene12_traj2_2__000000,0.06043689325451851,0.1168590635061264,1.0274739265441895,0.6837080121040344,1.328641414642334,45.20222473144531,44.9367790222168,0.06043689325451851,0.1168590635061264,46.9097900390625,45.20222473144531,44.9367790222168,0.06043689697980881,0.1168590635061264,0.6647942066192627,0.5868338346481323,0.9896072745323181,32.75223922729492,36.668617248535156,0.06043689697980881,0.1168590635061264,33.16169357299805,32.75223922729492,36.668617248535156
scene12_traj2_2__000001,0.06095079705119133,0.11746654659509659,1.029172658920288,0.6848937273025513,1.3313097953796387,45.19919204711914,44.78304672241211,0.06095079705119133,0.11746654659509659,47.0244140625,45.19919204711914,44.78304672241211,0.06095079705119133,0.11746654659509659,0.6602129936218262,0.5844041705131531,0.9845691919326782,32.31947708129883,35.98554229736328,0.06095079705119133,0.11746654659509659,32.95530319213867,32.31947708129883,35.98554229736328
scene12_traj2_2__000002,0.06015971675515175,0.11586499214172363,1.0258594751358032,0.680647075176239,1.3249266147613525,45.06161117553711,44.91432189941406,0.06015971675515175,0.11586499214172363,46.74000930786133,45.06161117553711,44.91432189941406,0.06015971675515175,0.11586499214172363,0.6650275588035583,0.5846735239028931,0.9887384176254272,32.64651107788086,36.619564056396484,0.06015971675515175,0.11586499214172363,33.12831497192383,32.64651107788086,36.619564056396484
scene12_traj2_2__000003,0.06031961739063263,0.11631305515766144,1.0234695672988892,0.6797613501548767,1.3223216533660889,44.84042739868164,44.42927551269531,0.06031961739063263,0.11631305515766144,46.64585876464844,44.84042739868164,44.42927551269531,0.06031961739063263,0.11631305515766144,0.6651067733764648,0.5862635374069214,0.9897276759147644,32.538734436035156,36.447174072265625,0.06031961739063263,0.11631305515766144,33.14864730834961,32.538734436035156,36.447174072265625
scene12_traj2_2__000004,0.06032230332493782,0.1171148270368576,1.027323842048645,0.6797090172767639,1.3256899118423462,44.905174255371094,44.496700286865234,0.06032230332493782,0.1171148270368576,46.79072570800781,44.905174255371094,44.496700286865234,0.06032230332493782,0.1171148270368576,0.6616431474685669,0.5862077474594116,0.9870668053627014,32.53462600708008,36.46631622314453,0.06032230332493782,0.1171148270368576,33.0659294128418,32.53462600708008,36.46631622314453
scene12_traj2_2__000005,0.06055425852537155,0.11714033782482147,1.025456190109253,0.6796942949295044,1.3241486549377441,44.999267578125,44.74326705932617,0.06055425852537155,0.11714033782482147,46.705501556396484,44.999267578125,44.74326705932617,0.06055425480008125,0.11714033782482147,0.6650771498680115,0.5831621885299683,0.987854540348053,32.51953887939453,36.466182708740234,0.06055425480008125,0.11714033782482147,33.07831573486328,32.51953887939453,36.466182708740234
scene12_traj2_2__000006,0.060743559151887894,0.11762735992670059,1.024343490600586,0.677109956741333,1.3214788436889648,44.799659729003906,44.453330993652344,0.060743559151887894,0.11762735992670059,46.615074157714844,44.799659729003906,44.453330993652344,0.060743559151887894,0.11762735247612,0.6675954461097717,0.5856689810752869,0.9918164610862732,32.80039978027344,36.90216827392578,0.060743559151887894,0.11762735247612,33.22578430175781,32.80039978027344,36.90216827392578
scene12_traj2_2__000007,0.06099625676870346,0.11799589544534683,1.0211998224258423,0.678045392036438,1.3195531368255615,44.83557891845703,44.68366622924805,0.06099625676870346,0.11799589544534683,46.52208709716797,44.83557891845703,44.68366622924805,0.06099625676870346,0.11799589544534683,0.6684608459472656,0.5821534991264343,0.9894278049468994,32.59696578979492,36.527061462402344,0.06099625676870346,0.11799589544534683,33.12706756591797,32.59696578979492,36.527061462402344
scene12_traj2_2__000008,0.06043669208884239,0.11725392192602158,1.0182547569274902,0.6768407225608826,1.3159065246582031,44.61212921142578,44.253326416015625,0.06043669208884239,0.11725392192602158,46.36561584472656,44.61212921142578,44.253326416015625,0.06043669208884239,0.11725392192602158,0.6689932346343994,0.5837894678115845,0.9917012453079224,32.69124221801758,36.623470306396484,0.06043669208884239,0.11725392192602158,33.219913482666016,32.69124221801758,36.623470306396484
scene12_traj2_2__000009,0.060227710753679276,0.11680567264556885,1.0209611654281616,0.6802020072937012,1.3204073905944824,44.84225845336914,44.58226013183594,0.060227710753679276,0.11680567264556885,46.533203125,44.84225845336914,44.58226013183594,0.060227710753679276,0.11680567264556885,0.6681029796600342,0.5832729339599609,0.9901441931724548,32.46916580200195,36.402618408203125,0.060227710753679276,0.11680567264556885,33.1489143371582,32.46916580200195,36.402618408203125
scene12_traj2_2__000010,0.06056983396410942,0.11757844686508179,1.0218238830566406,0.6742594242095947,1.3171511888504028,44.7037239074707,44.4268684387207,0.06056983396410942,0.11757844686508179,46.428401947021484,44.7037239074707,44.4268684387207,0.06056983396410942,0.11757844686508179,0.6669938564300537,0.581561267375946,0.9880849123001099,32.34403991699219,36.11001205444336,0.06056983396410942,0.11757844686508179,33.062599182128906,32.34403991699219,36.11001205444336
scene12_traj2_2__000011,0.06061182916164398,0.1176832839846611,1.019811749458313,0.6805658340454102,1.3200188875198364,44.748809814453125,44.293701171875,0.06061182916164398,0.1176832839846611,46.515872955322266,44.748809814453125,44.293701171875,0.06061182916164398,0.1176832765340805,0.6692045331001282,0.5819433331489563,0.9904833436012268,32.575225830078125,36.51445007324219,0.06061182916164398,0.1176832765340805,33.1503791809082,32.575225830078125,36.51445007324219
scene12_traj2_2__000012,0.0606219545006752,0.11768745630979538,1.0220067501068115,0.6775156259536743,1.3200687170028687,44.76114273071289,44.48692321777344,0.0606219545006752,0.11768745630979538,46.52690887451172,44.76114273071289,44.48692321777344,0.0606219545006752,0.11768744885921478,0.6695789098739624,0.582780122756958,0.9914498925209045,32.57929611206055,36.37298583984375,0.0606219545006752,0.11768744885921478,33.18809509277344,32.57929611206055,36.37298583984375
scene12_traj2_2__000013,0.06080757454037666,0.1180243194103241,1.0196326971054077,0.6753090620040894,1.3165684938430786,44.65473556518555,44.301231384277344,0.06080757454037666,0.1180243194103241,46.381771087646484,44.65473556518555,44.301231384277344,0.06080757454037666,0.1180243194103241,0.6714999675750732,0.582699179649353,0.9925755858421326,32.641902923583984,36.69098663330078,0.06080757454037666,0.1180243194103241,33.23390197753906,32.641902923583984,36.69098663330078
scene12_traj2_2__000014,0.06036878004670143,0.1176747977733612,1.0216587781906128,0.6789067387580872,1.3207632303237915,44.867820739746094,44.69840621948242,0.06036878004670143,0.1176747977733612,46.55226135253906,44.867820739746094,44.69840621948242,0.06036878004670143,0.1176747977733612,0.6697161197662354,0.5813145041465759,0.9901798963546753,32.494258880615234,36.397621154785156,0.06036878004670143,0.1176747977733612,33.14909362792969,32.494258880615234,36.397621154785156
scene12_traj2_2__000015,0.060593828558921814,0.11835698038339615,1.018947720527649,0.6812598705291748,1.3198904991149902,44.72389221191406,44.14459228515625,0.060593828558921814,0.11835698038339615,46.4955940246582,44.72389221191406,44.14459228515625,0.060593828558921814,0.11835697293281555,0.6708992719650269,0.5806233882904053,0.9908199906349182,32.37420654296875,36.074337005615234,0.060593828558921814,0.11835697293281555,33.16305160522461,32.37420654296875,36.074337005615234
scene12_traj2_2__000016,0.060020990669727325,0.1170811578631401,1.0190753936767578,0.676567792892456,1.3165360689163208,44.60806655883789,44.263824462890625,0.060020990669727325,0.1170811578631401,46.368553161621094,44.60806655883789,44.263824462890625,0.060020990669727325,0.1170811578631401,0.6697182059288025,0.5810449719429016,0.9896853566169739,32.47904968261719,36.56391143798828,0.060020990669727325,0.1170811578631401,33.12343978881836,32.47904968261719,36.56391143798828
scene12_traj2_2__000017,0.06005704402923584,0.11715883761644363,1.0171412229537964,0.6803345680236816,1.317794680595398,44.650264739990234,44.12202835083008,0.06005704402923584,0.11715883761644363,46.431480407714844,44.650264739990234,44.12202835083008,0.06005704402923584,0.11715883761644363,0.6701868772506714,0.5803483724594116,0.9897976517677307,32.390663146972656,36.24253845214844,0.06005704402923584,0.11715883761644363,33.125953674316406,32.390663146972656,36.24253845214844
scene12_traj2_2__000018,0.05998975411057472,0.11741507053375244,1.016023874282837,0.6730296015739441,1.3115441799163818,44.31910705566406,43.73454666137695,0.05998975411057472,0.11741507053375244,46.16856384277344,44.31910705566406,43.73454666137695,0.05998975411057472,0.11741506308317184,0.6710296869277954,0.5804566144943237,0.990565299987793,32.25285339355469,36.12025451660156,0.05998975411057472,0.11741506308317184,33.14156723022461,32.25285339355469,36.12025451660156
scene12_traj2_2__000019,0.05977260321378708,0.11733542382717133,1.0160894393920898,0.6738437414169312,1.3118573427200317,44.295310974121094,43.95256042480469,0.05977260321378708,0.11733542382717133,46.15363693237305,44.295310974121094,43.95256042480469,0.05977260321378708,0.11733542382717133,0.6685603857040405,0.5787309408187866,0.9866518974304199,32.20940399169922,36.14107131958008,0.05977260321378708,0.11733542382717133,33.02360153198242,32.20940399169922,36.14107131958008
scene12_traj2_2__000020,0.059543829411268234,0.11700401455163956,1.0193417072296143,0.6766624450683594,1.3159654140472412,44.38882064819336,43.83945083618164,0.059543829411268234,0.11700401455163956,46.326622009277344,44.38882064819336,43.83945083618164,0.059543829411268234,0.11700401455163956,0.6701401472091675,0.5783140063285828,0.9878634214401245,32.19320297241211,36.14753341674805,0.059543829411268234,0.11700401455163956,33.05180358886719,32.19320297241211,36.14753341674805
scene12_traj2_2__000021,0.05912986025214195,0.11611907184123993,1.018508791923523,0.6779114007949829,1.315860629081726,44.35718536376953,43.82528305053711,0.05912986025214195,0.11611907184123993,46.33596420288086,44.35718536376953,43.82528305053711,0.05912986025214195,0.11611907184123993,0.6688135266304016,0.5779532194137573,0.9867774248123169,32.04413604736328,35.81513977050781,0.05912986025214195,0.11611907184123993,32.99696731567383,32.04413604736328,35.81513977050781
scene12_traj2_2__000022,0.058326832950115204,0.11544600874185562,1.018017292022705,0.6705241203308105,1.3103052377700806,44.01640319824219,43.33522415161133,0.058326832950115204,0.11544600874185562,46.11322021484375,44.01640319824219,43.33522415161133,0.058326832950115204,0.11544600874185562,0.6714740991592407,0.5735270380973816,0.985144317150116,31.916587829589844,35.8486328125,0.058326832950115204,0.11544600874185562,32.93459701538086,31.916587829589844,35.8486328125
scene12_traj2_2__000023,0.05721971392631531,0.11453093588352203,1.020429015159607,0.6698287129402161,1.3110883235931396,43.819862365722656,42.943702697753906,0.05721971392631531,0.11453093588352203,46.14275360107422,43.819862365722656,42.943702697753906,0.05721971392631531,0.11453093588352203,0.6693294644355774,0.5737304091453552,0.9830330610275269,31.657896041870117,35.4935302734375,0.05721971392631531,0.11453093588352203,32.84956741333008,31.657896041870117,35.4935302734375
scene12_traj2_2__000024,0.05728231370449066,0.1147988885641098,1.0222529172897339,0.6681047677993774,1.3111950159072876,43.76997375488281,42.928550720214844,0.05728231370449066,0.1147988885641098,46.19428634643555,43.76997375488281,42.928550720214844,0.05728231370449066,0.1147988885641098,0.6670189499855042,0.5706432461738586,0.9790301322937012,31.49463653564453,35.24769592285156,0.05728231370449066,0.1147988885641098,32.690185546875,31.49463653564453,35.24769592285156
scene12_traj2_2__000025,0.0566633865237236,0.11428713798522949,1.0237948894500732,0.6686280369758606,1.3134424686431885,43.849327087402344,42.878639221191406,0.0566633865237236,0.11428713798522949,46.26350402832031,43.849327087402344,42.878639221191406,0.056663382798433304,0.1142871230840683,0.6666504740715027,0.5693536996841431,0.9778932332992554,31.31485366821289,34.84090042114258,0.056663382798433304,0.1142871230840683,32.6426887512207,31.31485366821289,34.84090042114258
scene12_traj2_2__000026,0.05681329593062401,0.11418421566486359,1.0257689952850342,0.6681822538375854,1.3146082162857056,43.94730758666992,43.024009704589844,0.05681329593062401,0.11418421566486359,46.339900970458984,43.94730758666992,43.024009704589844,0.05681329593062401,0.11418421566486359,0.6668335199356079,0.571548581123352,0.9790435433387756,31.35384178161621,34.933837890625,0.05681329593062401,0.11418421566486359,32.673458099365234,31.35384178161621,34.933837890625
scene12_traj2_2__000027,0.05661159008741379,0.11360588669776917,1.0236449241638184,0.6706627607345581,1.3145036697387695,43.972206115722656,43.04866027832031,0.05661159008741379,0.11360588669776917,46.333946228027344,43.972206115722656,43.04866027832031,0.05661158263683319,0.11360588669776917,0.6640397310256958,0.5721389055252075,0.9772964119911194,31.370704650878906,35.289913177490234,0.05661158263683319,0.11360588669776917,32.63948059082031,31.370704650878906,35.289913177490234
scene12_traj2_2__000028,0.05652909725904465,0.11392328143119812,1.023140788078308,0.6623828411102295,1.3076732158660889,43.439361572265625,42.21678924560547,0.05652909725904465,0.11392328143119812,46.053932189941406,43.439361572265625,42.21678924560547,0.05652909725904465,0.11392328143119812,0.6675906777381897,0.5718380212783813,0.9803755879402161,31.400604248046875,35.14949035644531,0.05652909725904465,0.11392328143119812,32.7365608215332,31.400604248046875,35.14949035644531
scene12_traj2_2__000029,0.056649599224328995,0.11422698199748993,1.0192898511886597,0.6589206457138062,1.302250623703003,43.35038375854492,42.4915885925293,0.056649599224328995,0.11422698199748993,45.789649963378906,43.35038375854492,42.4915885925293,0.056649599224328995,0.11422697454690933,0.6650319695472717,0.5695518255233765,0.9759567975997925,31.20452880859375,35.036590576171875,0.056649599224328995,0.11422697454690933,32.5869140625,31.20452880859375,35.036590576171875
scene12_traj2_2__000030,0.0566946342587471,0.11438470333814621,1.0235947370529175,0.663510262966156,1.3087962865829468,43.748207092285156,42.86367416381836,0.0566946342587471,0.11438470333814621,46.09517288208008,43.748207092285156,42.86367416381836,0.056694626808166504,0.11438470333814621,0.6675812602043152,0.5716593265533447,0.9799591898918152,31.286144256591797,34.773643493652344,0.056694626808166504,0.11438470333814621,32.744178771972656,31.286144256591797,34.773643493652344
scene12_traj2_2__000031,0.056810952723026276,0.11425045132637024,1.0253620147705078,0.6641128063201904,1.3111581802368164,43.80079650878906,42.662841796875,0.056810952723026276,0.11425045132637024,46.18744659423828,43.80079650878906,42.662841796875,0.056810952723026276,0.11425044387578964,0.6644570827484131,0.5715173482894897,0.9770419597625732,31.282947540283203,35.01972579956055,0.056810952723026276,0.11425044387578964,32.639957427978516,31.282947540283203,35.01972579956055
scene12_traj2_2__000032,0.05638045817613602,0.11310356110334396,1.0247761011123657,0.6636428236961365,1.3101115226745605,43.729984283447266,42.756004333496094,0.05638045817613602,0.11310356110334396,46.15439224243164,43.729984283447266,42.756004333496094,0.05638045817613602,0.11310356110334396,0.6657527685165405,0.5704789757728577,0.9779356122016907,31.267160415649414,34.85371780395508,0.05638045817613602,0.11310356110334396,32.66083526611328,31.267160415649414,34.85371780395508
scene12_traj2_2__000033,0.05692493915557861,0.11401008814573288,1.0242927074432373,0.6644300818443298,1.309597134590149,43.720706939697266,42.8054313659668,0.05692493915557861,0.11401008814573288,46.12019348144531,43.720706939697266,42.8054313659668,0.056924931704998016,0.11401008814573288,0.6670898795127869,0.5709269642829895,0.9791707396507263,31.307174682617188,34.93994903564453,0.056924931704998016,0.11401008814573288,32.70723342895508,31.307174682617188,34.93994903564453
scene12_traj2_2__000034,0.05694995075464249,0.1143837422132492,1.0244392156600952,0.664411723613739,1.3096565008163452,43.68448257446289,42.4754524230957,0.05694995075464249,0.1143837422132492,46.116302490234375,43.68448257446289,42.4754524230957,0.05694995075464249,0.11438372731208801,0.6664942502975464,0.5737389326095581,0.9810459017753601,31.408245086669922,35.13547134399414,0.05694995075464249,0.11438372731208801,32.78001403808594,31.408245086669922,35.13547134399414
scene12_traj2_2__000035,0.056866131722927094,0.11407387256622314,1.0228008031845093,0.6662967801094055,1.3107779026031494,43.87295150756836,42.837303161621094,0.056866131722927094,0.11407387256622314,46.16239929199219,43.87295150756836,42.837303161621094,0.056866127997636795,0.11407386511564255,0.6665892004966736,0.5749735236167908,0.9819200038909912,31.546592712402344,35.294761657714844,0.056866127997636795,0.11407386511564255,32.80841827392578,31.546592712402344,35.294761657714844
scene12_traj2_2__000036,0.057122159749269485,0.11431550979614258,1.0220061540603638,0.6655195951461792,1.3089792728424072,43.709232330322266,42.61463928222656,0.057122159749269485,0.11431550979614258,46.06529235839844,43.709232330322266,42.61463928222656,0.057122159749269485,0.11431550979614258,0.6658651232719421,0.5755016803741455,0.9820266366004944,31.522438049316406,35.16912078857422,0.057122159749269485,0.11431550979614258,32.82850646972656,31.522438049316406,35.16912078857422
scene12_traj2_2__000037,0.05773278325796127,0.11545941978693008,1.0217384099960327,0.6633003950119019,1.3072344064712524,43.70560836791992,42.57258605957031,0.05773278325796127,0.11545941978693008,46.03258514404297,43.70560836791992,42.57258605957031,0.05773278325796127,0.11545941233634949,0.6674408912658691,0.5772656202316284,0.9847439527511597,31.539310455322266,35.11806106567383,0.05773278325796127,0.11545941233634949,32.920265197753906,31.539310455322266,35.11806106567383
scene12_traj2_2__000038,0.058782920241355896,0.11727258563041687,1.0209970474243164,0.6712595224380493,1.3126459121704102,44.119964599609375,43.19890594482422,0.058782920241355896,0.11727258563041687,46.223114013671875,44.119964599609375,43.19890594482422,0.058782920241355896,0.11727257817983627,0.6680788993835449,0.578193724155426,0.9860065579414368,31.699321746826172,35.118099212646484,0.058782920241355896,0.11727257817983627,32.96556854248047,31.699321746826172,35.118099212646484
scene12_traj2_2__000039,0.05976489186286926,0.11847826093435287,1.019474744796753,0.674350917339325,1.3139625787734985,44.484405517578125,43.730934143066406,0.05976489186286926,0.11847826093435287,46.25457763671875,44.484405517578125,43.730934143066406,0.059764888137578964,0.11847825348377228,0.6699725389480591,0.576493501663208,0.9862523674964905,31.745405197143555,35.22822952270508,0.059764888137578964,0.11847825348377228,32.9664306640625,31.745405197143555,35.22822952270508
scene12_traj2_2__000040,0.0607423298060894,0.11976443231105804,1.0180717706680298,0.6690021753311157,1.309913158416748,44.24561309814453,43.2105827331543,0.0607423298060894,0.11976443231105804,46.072994232177734,44.24561309814453,43.2105827331543,0.0607423298060894,0.11976442486047745,0.6682089567184448,0.5814427137374878,0.9886863827705383,32.02170181274414,35.653419494628906,0.0607423298060894,0.11976442486047745,33.07633590698242,32.02170181274414,35.653419494628906
scene12_traj2_2__000041,0.06039049103856087,0.11892981827259064,1.0176599025726318,0.6681240200996399,1.3089295625686646,44.106502532958984,43.255489349365234,0.06039049103856087,0.11892981827259064,46.055755615234375,44.106502532958984,43.255489349365234,0.06039049103856087,0.11892981082201004,0.6674899458885193,0.5798147916793823,0.9869374632835388,31.942588806152344,35.40207290649414,0.06039049103856087,0.11892981082201004,32.999080657958984,31.942588806152344,35.40207290649414
scene12_traj2_2__000042,0.06187419593334198,0.12114182859659195,1.0173141956329346,0.6638375520706177,1.3055061101913452,44.1745719909668,43.48838424682617,0.06187419593334198,0.12114182859659195,45.94808578491211,44.1745719909668,43.48838424682617,0.06187419593334198,0.12114182114601135,0.6724717617034912,0.5824947357177734,0.993791401386261,32.266300201416016,35.79802703857422,0.06187419593334198,0.12114182114601135,33.265201568603516,32.266300201416016,35.79802703857422
scene12_traj2_2__000043,0.06298662722110748,0.12320873141288757,1.0171347856521606,0.6638737320899963,1.3052603006362915,44.24185562133789,43.6014518737793,0.06298662722110748,0.12320873141288757,45.96805953979492,44.24185562133789,43.6014518737793,0.06298661977052689,0.12320873141288757,0.6716247200965881,0.5847157835960388,0.9938797950744629,32.37411117553711,35.908042907714844,0.06298661977052689,0.12320873141288757,33.27216339111328,32.37411117553711,35.908042907714844
scene12_traj2_2__000044,0.06287074089050293,0.12290898710489273,1.015516996383667,0.6626185178756714,1.303086280822754,44.12841796875,43.67740249633789,0.06287074089050293,0.12290898710489273,45.85170364379883,44.12841796875,43.67740249633789,0.06287074089050293,0.12290898710489273,0.6744431257247925,0.5846951603889465,0.9969847202301025,32.47993087768555,35.99037170410156,0.06287074089050293,0.12290898710489273,33.38315200805664,32.47993087768555,35.99037170410156
scene12_traj2_2__000045,0.06339371204376221,0.12408223003149033,1.014201283454895,0.6662103533744812,1.3038291931152344,44.1139030456543,43.40528869628906,0.06339371204376221,0.12408223003149033,45.89620590209961,44.1139030456543,43.40528869628906,0.06339371204376221,0.12408222258090973,0.6763388514518738,0.5877660512924194,1.0008900165557861,32.604373931884766,35.98688888549805,0.06339371204376221,0.12408222258090973,33.53615188598633,32.604373931884766,35.98688888549805
scene12_traj2_2__000046,0.06526893377304077,0.12686492502689362,1.022410273551941,0.6719856262207031,1.3157992362976074,44.694698333740234,43.77296447753906,0.06526893377304077,0.12686492502689362,46.36196517944336,44.694698333740234,43.77296447753906,0.06526893377304077,0.12686492502689362,0.675666868686676,0.591617226600647,1.0034950971603394,32.86384582519531,36.219417572021484,0.06526893377304077,0.12686492502689362,33.6384162902832,32.86384582519531,36.219417572021484
scene12_traj2_2__000047,0.0648040622472763,0.1262727826833725,1.0141245126724243,0.6745486259460449,1.3115655183792114,44.630348205566406,43.988746643066406,0.0648040622472763,0.1262727826833725,46.19625473022461,44.630348205566406,43.988746643066406,0.06480405479669571,0.1262727826833725,0.6793472766876221,0.5910944938659668,1.006362795829773,32.965484619140625,36.23065948486328,0.06480405479669571,0.1262727826833725,33.7445068359375,32.965484619140625,36.23065948486328
scene12_traj2_2__000048,0.0656583309173584,0.12758995592594147,1.0188329219818115,0.6660779118537903,1.3085460662841797,44.462554931640625,43.65742874145508,0.0656583309173584,0.12758995592594147,46.074378967285156,44.462554931640625,43.65742874145508,0.0656583309173584,0.12758994102478027,0.6793540716171265,0.5936722159385681,1.0085591077804565,33.07438659667969,36.22868347167969,0.0656583309173584,0.12758994102478027,33.81157684326172,33.07438659667969,36.22868347167969
scene12_traj2_2__000049,0.06651611626148224,0.12917427718639374,1.0200589895248413,0.6638912558555603,1.3079584836959839,44.47926712036133,43.85496139526367,0.06651611626148224,0.12917427718639374,46.0887336730957,44.47926712036133,43.85496139526367,0.06651611626148224,0.12917427718639374,0.6762024164199829,0.5956089496612549,1.007200002670288,33.152427673339844,36.404205322265625,0.06651611626148224,0.12917427718639374,33.788978576660156,33.152427673339844,36.404205322265625
scene12_traj2_2__000050,0.06792543828487396,0.13065581023693085,1.0228294134140015,0.663406491279602,1.3101452589035034,44.76658630371094,44.21855926513672,0.06792543828487396,0.13065581023693085,46.16713333129883,44.76658630371094,44.21855926513672,0.06792543828487396,0.13065581023693085,0.6790619492530823,0.5989140868186951,1.0125423669815063,33.56752014160156,36.97673416137695,0.06792543828487396,0.13065581023693085,33.99692153930664,33.56752014160156,36.97673416137695
scene12_traj2_2__000051,0.06773148477077484,0.1303090751171112,1.0220997333526611,0.6662648916244507,1.3111861944198608,44.73182678222656,44.19647979736328,0.06773148477077484,0.1303090751171112,46.23200607299805,44.73182678222656,44.19647979736328,0.06773148477077484,0.1303090751171112,0.6787572503089905,0.5995538234710693,1.0133241415023804,33.54754638671875,36.81609344482422,0.06773148477077484,0.1303090751171112,34.02829360961914,33.54754638671875,36.81609344482422
scene12_traj2_2__000052,0.06894189119338989,0.13150610029697418,1.0174440145492554,0.6668758988380432,1.3087952136993408,44.779876708984375,44.25886154174805,0.06894189119338989,0.13150610029697418,46.098960876464844,44.779876708984375,44.25886154174805,0.06894189119338989,0.13150610029697418,0.6804353594779968,0.6008555293083191,1.0153695344924927,33.70930480957031,36.81140899658203,0.06894189119338989,0.13150610029697418,34.0961799621582,33.70930480957031,36.81140899658203
scene12_traj2_2__000053,0.07044375687837601,0.13426172733306885,1.0220931768417358,0.6664210557937622,1.3118789196014404,44.766292572021484,44.13457489013672,0.07044375687837601,0.13426172733306885,46.22688674926758,44.766292572021484,44.13457489013672,0.07044375687837601,0.13426172733306885,0.6775268912315369,0.6011662483215332,1.0135985612869263,33.733299255371094,36.88026809692383,0.07044375687837601,0.13426172733306885,34.05588150024414,33.733299255371094,36.88026809692383
scene13_traj1_1__000000,0.08219591528177261,0.12473142147064209,0.8253827095031738,0.7023990154266357,1.1869401931762695,34.50578308105469,30.0947322845459,0.08219591528177261,0.12473142147064209,40.78407287597656,34.50578308105469,30.0947322845459,0.08219590038061142,0.1247313991189003,0.4937762916088104,0.4399377107620239,0.7305650115013123,17.826017379760742,13.875494956970215,0.08219590038061142,0.1247313991189003,23.91120719909668,17.826017379760742,13.875494956970215
scene13_traj1_1__000001,0.08209154009819031,0.1248665526509285,0.8296521902084351,0.6921989917755127,1.1816163063049316,34.50237274169922,30.14234161376953,0.08209154009819031,0.1248665526509285,40.59710693359375,34.50237274169922,30.14234161376953,0.08209152519702911,0.1248665302991867,0.49430370330810547,0.43518713116645813,0.727832555770874,17.84142303466797,13.881290435791016,0.08209152519702911,0.1248665302991867,23.815895080566406,17.84142303466797,13.881290435791016
scene13_traj1_1__000002,0.08263102918863297,0.12579044699668884,0.8276734948158264,0.687039315700531,1.1736712455749512,34.262367248535156,29.9803524017334,0.08263102918863297,0.12579044699668884,40.32236099243164,34.262367248535156,29.9803524017334,0.08263102918863297,0.12579043209552765,0.49586108326911926,0.4346681535243988,0.7287822961807251,17.935646057128906,14.020560264587402,0.08263102918863297,0.12579043209552765,23.855430603027344,17.935646057128906,14.020560264587402
scene13_traj1_1__000003,0.08266137540340424,0.1252492219209671,0.8294652104377747,0.6868624687194824,1.177304744720459,34.220394134521484,29.769372940063477,0.08266137540340424,0.1252492219209671,40.42770767211914,34.220394134521484,29.769372940063477,0.08266136050224304,0.12524919211864471,0.49601730704307556,0.43708348274230957,0.7302215099334717,18.042781829833984,14.141082763671875,0.08266136050224304,0.12524919211864471,23.908679962158203,18.042781829833984,14.141082763671875
scene13_traj1_1__000004,0.08290192484855652,0.12537503242492676,0.8240571022033691,0.6960174441337585,1.1803696155548096,34.444217681884766,30.070581436157227,0.08290192484855652,0.12537503242492676,40.57960891723633,34.444217681884766,30.070581436157227,0.08290190994739532,0.12537500262260437,0.4979435205459595,0.43618836998939514,0.7314439415931702,18.066848754882812,14.150967597961426,0.08290190994739532,0.12537500262260437,23.940061569213867,18.066848754882812,14.150967597961426
scene13_traj1_1__000005,0.08239904791116714,0.12487427145242691,0.8266164660453796,0.7044991254806519,1.1889314651489258,34.799930572509766,30.393892288208008,0.08239904791116714,0.12487427145242691,40.910831451416016,34.799930572509766,30.393892288208008,0.08239904046058655,0.12487425655126572,0.497759610414505,0.4361981451511383,0.731650173664093,18.12008285522461,14.202360153198242,0.08239904046058655,0.12487425655126572,23.9377384185791,18.12008285522461,14.202360153198242
scene13_traj1_1__000006,0.08239733427762985,0.12480799853801727,0.8284646272659302,0.7000315189361572,1.185757040977478,34.67606735229492,30.152145385742188,0.08239733427762985,0.12480799853801727,40.80426025390625,34.67606735229492,30.152145385742188,0.08239730447530746,0.12480797618627548,0.4958237111568451,0.43555110692977905,0.7296454906463623,18.100427627563477,14.169659614562988,0.08239730447530746,0.12480797618627548,23.882061004638672,18.100427627563477,14.169659614562988
scene13_traj1_1__000007,0.08308345079421997,0.12552374601364136,0.8197332620620728,0.6971594095230103,1.1771537065505981,34.18387985229492,29.632394790649414,0.08308345079421997,0.12552374601364136,40.44548416137695,34.18387985229492,29.632394790649414,0.08308342099189758,0.12552373111248016,0.49732083082199097,0.436450719833374,0.731469988822937,18.110427856445312,14.199068069458008,0.08308342099189758,0.12552373111248016,23.944137573242188,18.110427856445312,14.199068069458008
scene13_traj1_1__000008,0.08329028636217117,0.12552028894424438,0.821345329284668,0.6981874108314514,1.1778955459594727,34.44968795776367,29.997779846191406,0.08329028636217117,0.12552028894424438,40.44257354736328,34.44968795776367,29.997779846191406,0.08329026401042938,0.1255202740430832,0.5013461709022522,0.43913590908050537,0.7365437746047974,18.325176239013672,14.401891708374023,0.08329026401042938,0.1255202740430832,24.15817642211914,18.325176239013672,14.401891708374023
scene13_traj1_1__000009,0.08327348530292511,0.12554407119750977,0.8212577104568481,0.7054570913314819,1.1845601797103882,34.82654571533203,30.555524826049805,0.08327348530292511,0.12554407119750977,40.685302734375,34.82654571533203,30.555524826049805,0.08327347785234451,0.12554405629634857,0.4984426498413086,0.4414626657962799,0.7356465458869934,18.434553146362305,14.56777572631836,0.08327347785234451,0.12554405629634857,24.11233139038086,18.434553146362305,14.56777572631836
scene13_traj1_1__000010,0.08282261341810226,0.12515737116336823,0.8262616395950317,0.7096402049064636,1.1913602352142334,35.13714599609375,30.854015350341797,0.08282261341810226,0.12515737116336823,40.88949966430664,35.13714599609375,30.854015350341797,0.08282259851694107,0.12515735626220703,0.4989401400089264,0.4398782253265381,0.7350807189941406,18.418142318725586,14.504962921142578,0.08282259851694107,0.12515735626220703,24.08551597595215,18.418142318725586,14.504962921142578
scene13_traj1_1__000011,0.08318417519330978,0.1256946176290512,0.8315715789794922,0.7164936065673828,1.2012511491775513,35.47319793701172,31.2755126953125,0.08318417519330978,0.1256946176290512,41.275020599365234,35.47319793701172,31.2755126953125,0.08318416029214859,0.12569460272789001,0.4981767535209656,0.44012513756752014,0.734767496585846,18.361400604248047,14.412735939025879,0.08318416029214859,0.12569460272789001,24.073232650756836,18.361400604248047,14.412735939025879
scene13_traj1_1__000012,0.08327670395374298,0.12555912137031555,0.8307442665100098,0.722846508026123,1.2056556940078735,35.85271072387695,31.63859748840332,0.08327670395374298,0.12555912137031555,41.47996520996094,35.85271072387695,31.63859748840332,0.08327670395374298,0.12555909156799316,0.4996798038482666,0.44090190529823303,0.7360693216323853,18.411527633666992,14.493051528930664,0.08327670395374298,0.12555909156799316,24.11580467224121,18.411527633666992,14.493051528930664
scene13_traj1_1__000013,0.08280967175960541,0.12494924664497375,0.8316750526428223,0.714716911315918,1.2006434202194214,35.70438766479492,31.646591186523438,0.08280967175960541,0.12494924664497375,41.23164367675781,35.70438766479492,31.646591186523438,0.08280967175960541,0.12494923174381256,0.4998285174369812,0.44057509303092957,0.7364583611488342,18.382415771484375,14.42618179321289,0.08280967175960541,0.12494923174381256,24.137332916259766,18.382415771484375,14.42618179321289
scene13_traj1_1__000014,0.08302614092826843,0.12503471970558167,0.8289538621902466,0.7163988947868347,1.1987781524658203,35.60543441772461,31.45709228515625,0.08302614092826843,0.12503471970558167,41.15949630737305,35.60543441772461,31.45709228515625,0.08302613347768784,0.12503470480442047,0.49914437532424927,0.4398063123226166,0.7350027561187744,18.306467056274414,14.348847389221191,0.08302613347768784,0.12503470480442047,24.084882736206055,18.306467056274414,14.348847389221191
scene13_traj1_1__000015,0.08248749375343323,0.12422855198383331,0.8323844075202942,0.727649450302124,1.2120733261108398,36.21445846557617,32.085147857666016,0.08248749375343323,0.12422855198383331,41.66896438598633,36.21445846557617,32.085147857666016,0.08248748630285263,0.12422853708267212,0.4979093372821808,0.44235658645629883,0.7362561821937561,18.397249221801758,14.37747859954834,0.08248748630285263,0.12422853708267212,24.12976837158203,18.397249221801758,14.37747859954834
scene13_traj1_1__000016,0.08156677335500717,0.12322791665792465,0.8297571539878845,0.7193349599838257,1.203222393989563,35.8404541015625,31.713327407836914,0.08156677335500717,0.12322791665792465,41.31193542480469,35.8404541015625,31.713327407836914,0.08156675100326538,0.12322790175676346,0.4992530345916748,0.4415912628173828,0.7368558049201965,18.359739303588867,14.297738075256348,0.08156675100326538,0.12322790175676346,24.159683227539062,18.359739303588867,14.297738075256348
scene13_traj1_1__000017,0.081996388733387,0.12366451323032379,0.8328331708908081,0.7228391766548157,1.2079848051071167,36.28122329711914,32.272220611572266,0.081996388733387,0.12366451323032379,41.514644622802734,36.28122329711914,32.272220611572266,0.0819963812828064,0.1236644983291626,0.49997666478157043,0.4393843114376068,0.7357956767082214,18.454818725585938,14.515094757080078,0.0819963812828064,0.1236644983291626,24.102556228637695,18.454818725585938,14.515094757080078
scene13_traj1_1__000018,0.08147602528333664,0.12295161932706833,0.8286951780319214,0.7247992753982544,1.2073007822036743,36.02156448364258,31.94632911682129,0.08147602528333664,0.12295161932706833,41.482112884521484,36.02156448364258,31.94632911682129,0.08147601038217545,0.12295161187648773,0.4982527196407318,0.4411265552043915,0.7358956336975098,18.393688201904297,14.380864143371582,0.08147601038217545,0.12295161187648773,24.124753952026367,18.393688201904297,14.380864143371582
scene13_traj1_1__000019,0.0811830461025238,0.12271492183208466,0.8318508267402649,0.7207553386688232,1.206597089767456,36.1035270690918,31.974639892578125,0.0811830461025238,0.12271492183208466,41.45673370361328,36.1035270690918,31.974639892578125,0.0811830386519432,0.12271489948034286,0.49925827980041504,0.4408087134361267,0.7361732125282288,18.33765411376953,14.244597434997559,0.0811830386519432,0.12271489948034286,24.130813598632812,18.33765411376953,14.244597434997559
scene13_traj1_1__000020,0.08138543367385864,0.12297549098730087,0.8334693908691406,0.7286182641983032,1.213039755821228,36.0992546081543,31.931358337402344,0.08138543367385864,0.12297549098730087,41.73281478881836,36.0992546081543,31.931358337402344,0.08138542622327805,0.12297546863555908,0.5001481771469116,0.4377044439315796,0.7347992062568665,18.28364372253418,14.226232528686523,0.08138542622327805,0.12297546863555908,24.081974029541016,18.28364372253418,14.226232528686523
scene13_traj1_1__000021,0.08155911415815353,0.12334926426410675,0.8361759781837463,0.7231147289276123,1.21049964427948,36.0472526550293,31.81928062438965,0.08155911415815353,0.12334926426410675,41.66404342651367,36.0472526550293,31.81928062438965,0.08155909925699234,0.12334924936294556,0.49888214468955994,0.438083291053772,0.7340248227119446,18.309337615966797,14.295419692993164,0.08155909925699234,0.12334924936294556,24.056896209716797,18.309337615966797,14.295419692993164
scene13_traj1_1__000022,0.08136366307735443,0.12290222942829132,0.8371776938438416,0.7185982465744019,1.2089974880218506,36.03179168701172,31.877920150756836,0.08136366307735443,0.12290222942829132,41.54190444946289,36.03179168701172,31.877920150756836,0.08136364072561264,0.12290222197771072,0.49898990988731384,0.43599173426628113,0.7323670387268066,18.22493553161621,14.174510955810547,0.08136364072561264,0.12290222197771072,23.990476608276367,18.22493553161621,14.174510955810547
scene13_traj1_1__000023,0.08111675828695297,0.12283416092395782,0.8361653685569763,0.719376802444458,1.2078136205673218,36.0735969543457,31.773487091064453,0.08111675828695297,0.12283416092395782,41.60974884033203,36.0735969543457,31.773487091064453,0.08111674338579178,0.12283413857221603,0.5025912523269653,0.43914616107940674,0.7377044558525085,18.466279983520508,14.32491683959961,0.08111674338579178,0.12283413857221603,24.19121551513672,18.466279983520508,14.32491683959961
scene13_traj1_1__000024,0.0811036080121994,0.1226973757147789,0.83145672082901,0.7236943244934082,1.2079764604568481,36.04182815551758,31.813138961791992,0.0811036080121994,0.1226973757147789,41.602088928222656,36.04182815551758,31.813138961791992,0.08110359311103821,0.12269735336303711,0.501542329788208,0.44018104672431946,0.7379193305969238,18.40854263305664,14.258913040161133,0.08110359311103821,0.12269735336303711,24.202119827270508,18.40854263305664,14.258913040161133
scene13_traj1_1__000025,0.08045663684606552,0.12186470627784729,0.8340086936950684,0.7198411226272583,1.2049914598464966,35.78136444091797,31.419435501098633,0.08045663684606552,0.12186470627784729,41.5385627746582,35.78136444091797,31.419435501098633,0.08045662939548492,0.1218646913766861,0.49852535128593445,0.43861716985702515,0.7341628670692444,18.293283462524414,14.144058227539062,0.08045662939548492,0.1218646913766861,24.06291961669922,18.293283462524414,14.144058227539062
scene13_traj1_1__000026,0.0807592049241066,0.12219887971878052,0.8359518051147461,0.7163640856742859,1.2058967351913452,35.82582092285156,31.444135665893555,0.0807592049241066,0.12219887971878052,41.548301696777344,35.82582092285156,31.444135665893555,0.0807591900229454,0.12219887226819992,0.5004820823669434,0.4396200180053711,0.7364848852157593,18.356138229370117,14.200117111206055,0.0807591900229454,0.12219887226819992,24.131580352783203,18.356138229370117,14.200117111206055
scene13_traj1_1__000027,0.08018404245376587,0.12166920304298401,0.8348658084869385,0.7143742442131042,1.2037338018417358,35.99585723876953,31.74932861328125,0.08018404245376587,0.12166920304298401,41.45725631713867,35.99585723876953,31.74932861328125,0.08018402010202408,0.12166918814182281,0.5035128593444824,0.4428134560585022,0.7413504123687744,18.50686264038086,14.280548095703125,0.08018402010202408,0.12166918814182281,24.304332733154297,18.50686264038086,14.280548095703125
scene13_traj1_1__000028,0.08017098158597946,0.12153077870607376,0.8355087637901306,0.7125560641288757,1.203961730003357,36.118099212646484,31.922714233398438,0.08017098158597946,0.12153077870607376,41.44911575317383,36.118099212646484,31.922714233398438,0.08017097413539886,0.12153075635433197,0.5033048987388611,0.4441148340702057,0.741934061050415,18.563159942626953,14.347206115722656,0.08017097413539886,0.12153075635433197,24.340856552124023,18.563159942626953,14.347206115722656
scene13_traj1_1__000029,0.08088286966085434,0.1226385310292244,0.834234893321991,0.7150508761405945,1.205289363861084,35.90962600708008,31.644657135009766,0.08088286966085434,0.1226385310292244,41.4744758605957,35.90962600708008,31.644657135009766,0.08088286221027374,0.1226385161280632,0.501620352268219,0.44499897956848145,0.7413280606269836,18.57221794128418,14.369340896606445,0.08088286221027374,0.1226385161280632,24.316728591918945,18.57221794128418,14.369340896606445
scene13_traj1_1__000030,0.0807357057929039,0.12217698246240616,0.8368129134178162,0.7191749215126038,1.2103198766708374,36.264183044433594,32.166473388671875,0.0807357057929039,0.12217698246240616,41.67256546020508,36.264183044433594,32.166473388671875,0.08073567599058151,0.12217696756124496,0.5056281685829163,0.4464971423149109,0.745210587978363,18.672630310058594,14.489035606384277,0.08073567599058151,0.12217696756124496,24.462671279907227,18.672630310058594,14.489035606384277
scene13_traj1_1__000031,0.0802040621638298,0.12148686498403549,0.8303321599960327,0.7109094262123108,1.1985971927642822,35.565696716308594,31.183809280395508,0.0802040621638298,0.12148686498403549,41.21092987060547,35.565696716308594,31.183809280395508,0.08020404726266861,0.1214868575334549,0.5027677416801453,0.44631409645080566,0.7427548170089722,18.450307846069336,14.100371360778809,0.08020404726266861,0.1214868575334549,24.370140075683594,18.450307846069336,14.100371360778809
scene13_traj1_1__000032,0.08013851940631866,0.1215134859085083,0.8343825936317444,0.7149844765663147,1.2037954330444336,35.988189697265625,31.76822280883789,0.08013851940631866,0.1215134859085083,41.48387145996094,35.988189697265625,31.76822280883789,0.08013851195573807,0.1215134710073471,0.503606915473938,0.4490264654159546,0.7454487085342407,18.570261001586914,14.219738960266113,0.08013851195573807,0.1215134710073471,24.468914031982422,18.570261001586914,14.219738960266113
scene13_traj1_1__000033,0.07964988052845001,0.12098195403814316,0.8385450839996338,0.7077412605285645,1.2026872634887695,35.73067855834961,31.42371368408203,0.07964988052845001,0.12098195403814316,41.414329528808594,35.73067855834961,31.42371368408203,0.07964986562728882,0.12098194658756256,0.5029933452606201,0.44925692677497864,0.7454045414924622,18.603046417236328,14.292801856994629,0.07964986562728882,0.12098194658756256,24.46982192993164,18.603046417236328,14.292801856994629
scene13_traj1_1__000034,0.07843609899282455,0.11919964104890823,0.8407610654830933,0.7008053660392761,1.1969740390777588,35.22476577758789,30.60782814025879,0.07843609899282455,0.11919964104890823,41.266990661621094,35.22476577758789,30.60782814025879,0.07843608409166336,0.11919961869716644,0.501652181148529,0.4519430100917816,0.7452051639556885,18.431447982788086,13.768668174743652,0.07843608409166336,0.11919961869716644,24.493637084960938,18.431447982788086,13.768668174743652
scene13_traj1_1__000035,0.07822127640247345,0.11855404078960419,0.8301064372062683,0.6977214813232422,1.1869103908538818,34.981117248535156,30.499832153320312,0.07822127640247345,0.11855404078960419,40.864097595214844,34.981117248535156,30.499832153320312,0.07822125405073166,0.118554025888443,0.5024872422218323,0.4551537036895752,0.7472925186157227,18.496862411499023,13.829191207885742,0.07822125405073166,0.118554025888443,24.56938362121582,18.496862411499023,13.829191207885742
scene13_traj1_1__000036,0.07771821320056915,0.118198461830616,0.8321463465690613,0.7128152847290039,1.2015409469604492,35.65863037109375,31.211618423461914,0.07771821320056915,0.118198461830616,41.41568374633789,35.65863037109375,31.211618423461914,0.07771819829940796,0.1181984469294548,0.5020663142204285,0.4602491557598114,0.7509351372718811,18.522666931152344,13.736846923828125,0.07771819829940796,0.1181984469294548,24.71589469909668,18.522666931152344,13.736846923828125
scene13_traj1_1__000037,0.07680393755435944,0.11691328138113022,0.850436806678772,0.6944273710250854,1.2007770538330078,35.43589782714844,30.786609649658203,0.07680393755435944,0.11691328138113022,41.41880798339844,35.43589782714844,30.786609649658203,0.07680392265319824,0.11691326647996902,0.5005584955215454,0.45822200179100037,0.7489557266235352,18.399431228637695,13.46324348449707,0.07680392265319824,0.11691326647996902,24.645429611206055,18.399431228637695,13.46324348449707
scene13_traj1_1__000038,0.07556942105293274,0.11484572291374207,0.8464254140853882,0.6995977759361267,1.2009687423706055,35.33281326293945,30.496767044067383,0.07556942105293274,0.11484572291374207,41.4370231628418,35.33281326293945,30.496767044067383,0.07556939125061035,0.11484570056200027,0.5031407475471497,0.4600400924682617,0.7513262033462524,18.468265533447266,13.53266716003418,0.07556939125061035,0.11484570056200027,24.742958068847656,18.468265533447266,13.53266716003418
scene13_traj1_1__000039,0.07549703866243362,0.11493930965662003,0.8533957600593567,0.7025561332702637,1.2092608213424683,35.92593765258789,31.257274627685547,0.07549703866243362,0.11493930965662003,41.76941680908203,35.92593765258789,31.257274627685547,0.07549700886011124,0.11493927985429764,0.5032973289489746,0.4598187208175659,0.7520352005958557,18.53432273864746,13.626752853393555,0.07549700886011124,0.11493927985429764,24.75080108642578,18.53432273864746,13.626752853393555
scene13_traj1_1__000040,0.0751182958483696,0.11454399675130844,0.8582749366760254,0.6891394853591919,1.201651692390442,35.4837760925293,30.754953384399414,0.0751182958483696,0.11454399675130844,41.49126052856445,35.4837760925293,30.754953384399414,0.075118288397789,0.11454398185014725,0.5038725137710571,0.4622059762477875,0.7542107105255127,18.56978416442871,13.560491561889648,0.075118288397789,0.11454398185014725,24.84934425354004,18.56978416442871,13.560491561889648
scene13_traj1_1__000041,0.07498136162757874,0.11425953358411789,0.8573761582374573,0.6942654848098755,1.2050997018814087,35.56487274169922,30.869192123413086,0.07498136162757874,0.11425953358411789,41.58820343017578,35.56487274169922,30.869192123413086,0.07498135417699814,0.1142595186829567,0.5036158561706543,0.4626236855983734,0.7540749907493591,18.578323364257812,13.612034797668457,0.07498135417699814,0.1142595186829567,24.847143173217773,18.578323364257812,13.612034797668457
scene13_traj1_1__000042,0.07524769753217697,0.1146080419421196,0.8574038147926331,0.6998940706253052,1.210234522819519,35.88904571533203,31.210859298706055,0.07524769753217697,0.1146080419421196,41.7899055480957,35.88904571533203,31.210859298706055,0.07524768263101578,0.1146080270409584,0.5053586363792419,0.4645451307296753,0.7571268677711487,18.735881805419922,13.760540008544922,0.07524768263101578,0.1146080270409584,24.9545955657959,18.735881805419922,13.760540008544922
scene13_traj1_1__000043,0.07497339695692062,0.11399610340595245,0.8592144250869751,0.710115373134613,1.2210626602172852,36.650089263916016,32.31637954711914,0.07497339695692062,0.11399610340595245,42.18534851074219,36.650089263916016,32.31637954711914,0.07497338950634003,0.11399608105421066,0.5069817304611206,0.46416446566581726,0.7579445242881775,18.910207748413086,13.993038177490234,0.07497338950634003,0.11399608105421066,25.003768920898438,18.910207748413086,13.993038177490234
scene13_traj1_1__000044,0.07504800707101822,0.11421661078929901,0.8597934246063232,0.7156457901000977,1.2252660989761353,36.754295349121094,32.300071716308594,0.07504800707101822,0.11421661078929901,42.34663009643555,36.754295349121094,32.300071716308594,0.07504797726869583,0.11421658843755722,0.5065527558326721,0.46665239334106445,0.7590333223342896,18.881542205810547,13.886616706848145,0.07504797726869583,0.11421658843755722,25.04038429260254,18.881542205810547,13.886616706848145
scene13_traj1_1__000045,0.07466541975736618,0.11371227353811264,0.8677257895469666,0.7098779678344727,1.2280751466751099,36.90756607055664,32.57416915893555,0.07466541975736618,0.11371227353811264,42.45515441894531,36.90756607055664,32.57416915893555,0.07466541230678558,0.11371225118637085,0.5069621205329895,0.46625229716300964,0.7596127390861511,19.002437591552734,13.976719856262207,0.07466541230678558,0.11371225118637085,25.043773651123047,19.002437591552734,13.976719856262207
scene13_traj1_1__000046,0.07469490170478821,0.11375013738870621,0.8620591163635254,0.7106291055679321,1.2230488061904907,36.63884353637695,32.23887634277344,0.07469490170478821,0.11375013738870621,42.29783248901367,36.63884353637695,32.23887634277344,0.07469489425420761,0.11375012248754501,0.5088294744491577,0.46812549233436584,0.7622300386428833,19.025554656982422,14.038043022155762,0.07469489425420761,0.11375012248754501,25.152524948120117,19.025554656982422,14.038043022155762
scene13_traj1_1__000047,0.07402943819761276,0.1128535270690918,0.8634653687477112,0.704447329044342,1.219742774963379,36.453758239746094,31.909658432006836,0.07402943819761276,0.1128535270690918,42.17229461669922,36.453758239746094,31.909658432006836,0.07402943074703217,0.1128535121679306,0.5074611306190491,0.4667624235153198,0.7601863741874695,18.918542861938477,13.83116340637207,0.07402943074703217,0.1128535121679306,25.079710006713867,18.918542861938477,13.83116340637207
scene13_traj1_1__000048,0.07425960898399353,0.11317729204893112,0.85811847448349,0.7097970247268677,1.2193480730056763,36.43297576904297,31.90505599975586,0.07425960898399353,0.11317729204893112,42.170860290527344,36.43297576904297,31.90505599975586,0.07425960153341293,0.11317728459835052,0.5086692571640015,0.4663847088813782,0.7606063485145569,18.965085983276367,13.95514965057373,0.07425960153341293,0.11317728459835052,25.10728645324707,18.965085983276367,13.95514965057373
scene13_traj1_1__000049,0.07391626387834549,0.11286335438489914,0.8633875846862793,0.7006701827049255,1.2153129577636719,36.21923828125,31.626676559448242,0.07391626387834549,0.11286335438489914,42.03289031982422,36.21923828125,31.626676559448242,0.07391625642776489,0.11286333203315735,0.5088822245597839,0.4676724374294281,0.7618112564086914,19.010162353515625,14.000554084777832,0.07391625642776489,0.11286333203315735,25.152816772460938,19.010162353515625,14.000554084777832
scene13_traj1_1__000050,0.07426701486110687,0.11319625377655029,0.8652475476264954,0.7031988501548767,1.2194446325302124,36.488807678222656,31.996137619018555,0.07426701486110687,0.11319625377655029,42.18297576904297,36.488807678222656,31.996137619018555,0.07426699995994568,0.1131962388753891,0.5114291906356812,0.46931955218315125,0.7652440071105957,19.15571403503418,14.113085746765137,0.07426699995994568,0.1131962388753891,25.272518157958984,19.15571403503418,14.113085746765137
scene13_traj1_1__000051,0.07423584163188934,0.11328814178705215,0.8654601573944092,0.7137469053268433,1.2280353307724,37.02391815185547,32.689735412597656,0.07423584163188934,0.11328814178705215,42.52312469482422,37.02391815185547,32.689735412597656,0.07423581928014755,0.11328811943531036,0.5108631253242493,0.4699177145957947,0.7649979591369629,19.206207275390625,14.221282005310059,0.07423581928014755,0.11328811943531036,25.261953353881836,19.206207275390625,14.221282005310059
scene13_traj1_1__000052,0.07398805767297745,0.11335352808237076,0.8602093458175659,0.7067262530326843,1.2189306020736694,36.58574295043945,32.23054122924805,0.07398805767297745,0.11335352808237076,42.15251159667969,36.58574295043945,32.23054122924805,0.07398803532123566,0.11335350573062897,0.5127744078636169,0.47074195742607117,0.7671569585800171,19.294464111328125,14.183837890625,0.07398803532123566,0.11335350573062897,25.34893035888672,19.294464111328125,14.183837890625
scene13_traj1_1__000053,0.07372719794511795,0.11258257925510406,0.8616663217544556,0.7050634622573853,1.2175519466400146,36.40720748901367,31.839935302734375,0.07372719794511795,0.11258257925510406,42.122337341308594,36.40720748901367,31.839935302734375,0.07372718304395676,0.11258256435394287,0.5130993127822876,0.4690816104412079,0.7657958269119263,19.209026336669922,14.065703392028809,0.07372718304395676,0.11258256435394287,25.31495475769043,19.209026336669922,14.065703392028809
scene13_traj1_1__000054,0.07331714034080505,0.11192299425601959,0.8675622940063477,0.7036215662956238,1.2214783430099487,36.916866302490234,32.62038040161133,0.07331714034080505,0.11192299425601959,42.24628829956055,36.916866302490234,32.62038040161133,0.07331712543964386,0.1119229793548584,0.5141078233718872,0.4708225429058075,0.7685704827308655,19.375347137451172,14.289243698120117,0.07331712543964386,0.1119229793548584,25.40931510925293,19.375347137451172,14.289243698120117
scene13_traj1_1__000055,0.07339940965175629,0.11195899546146393,0.8670752048492432,0.708223283290863,1.2252172231674194,37.075923919677734,32.71426773071289,0.07339940965175629,0.11195899546146393,42.41045379638672,37.075923919677734,32.71426773071289,0.07339940220117569,0.11195897310972214,0.5130307078361511,0.46913713216781616,0.7660490274429321,19.295345306396484,14.204916000366211,0.07339940220117569,0.11195897310972214,25.304101943969727,19.295345306396484,14.204916000366211
scene13_traj1_1__000056,0.07360067218542099,0.11219090968370438,0.8660599589347839,0.6967979073524475,1.215884804725647,36.505184173583984,32.014102935791016,0.07360067218542099,0.11219090968370438,42.042110443115234,36.505184173583984,32.014102935791016,0.0736006572842598,0.11219089478254318,0.5147403478622437,0.47145044803619385,0.7692237496376038,19.424219131469727,14.276726722717285,0.0736006572842598,0.11219089478254318,25.436992645263672,19.424219131469727,14.276726722717285
scene13_traj1_1__000057,0.07316844165325165,0.1116398349404335,0.8724459409713745,0.6953200697898865,1.2188657522201538,36.604732513427734,32.1082763671875,0.07316844165325165,0.1116398349404335,42.198856353759766,36.604732513427734,32.1082763671875,0.07316841930150986,0.11163980513811111,0.5145903825759888,0.47129738330841064,0.7691723108291626,19.4924373626709,14.307647705078125,0.07316841930150986,0.11163980513811111,25.442495346069336,19.4924373626709,14.307647705078125
scene13_traj1_1__000058,0.0735691487789154,0.11223132163286209,0.8662636280059814,0.7015005946159363,1.2202457189559937,36.795989990234375,32.337745666503906,0.0735691487789154,0.11223132163286209,42.219764709472656,36.795989990234375,32.337745666503906,0.07356912642717361,0.1122312992811203,0.5151410102844238,0.4753439128398895,0.7722893357276917,19.575891494750977,14.395404815673828,0.07356912642717361,0.1122312992811203,25.559703826904297,19.575891494750977,14.395404815673828
scene13_traj1_1__000059,0.07346814125776291,0.11199703812599182,0.8687282800674438,0.7041277885437012,1.2234798669815063,36.92845916748047,32.65252685546875,0.07346814125776291,0.11199703812599182,42.32723617553711,36.92845916748047,32.65252685546875,0.07346812635660172,0.11199702322483063,0.5136922001838684,0.4736589193344116,0.7701870203018188,19.5214786529541,14.327496528625488,0.07346812635660172,0.11199702322483063,25.473968505859375,19.5214786529541,14.327496528625488
scene13_traj1_1__000060,0.07362513989210129,0.11221403628587723,0.8770098686218262,0.7072632908821106,1.2327098846435547,37.62119674682617,33.55030059814453,0.07362513989210129,0.11221403628587723,42.66175842285156,37.62119674682617,33.55030059814453,0.07362513244152069,0.11221402138471603,0.5168445706367493,0.4744308292865753,0.7728168368339539,19.720430374145508,14.569108009338379,0.07362513244152069,0.11221402138471603,25.57684326171875,19.720430374145508,14.569108009338379
scene13_traj1_1__000061,0.07362964749336243,0.11204149574041367,0.867824375629425,0.7183671593666077,1.2341029644012451,37.72526168823242,33.64179611206055,0.07362964749336243,0.11204149574041367,42.694847106933594,37.72526168823242,33.64179611206055,0.07362964004278183,0.11204147338867188,0.5184199213981628,0.47474902868270874,0.7746609449386597,19.815227508544922,14.669663429260254,0.07362964004278183,0.11204147338867188,25.649707794189453,19.815227508544922,14.669663429260254
scene13_traj1_1__000062,0.07349372655153275,0.11185331642627716,0.8760684132575989,0.7130618095397949,1.2354973554611206,37.69491195678711,33.4442024230957,0.07349372655153275,0.11185331642627716,42.785614013671875,37.69491195678711,33.4442024230957,0.07349371910095215,0.11185328662395477,0.5186668634414673,0.4762009084224701,0.7759443521499634,19.88956069946289,14.764894485473633,0.07349371910095215,0.11185328662395477,25.70083236694336,19.88956069946289,14.764894485473633
scene13_traj1_1__000063,0.07421226054430008,0.11284537613391876,0.8699975609779358,0.706016480922699,1.2252570390701294,37.08964920043945,32.73820114135742,0.07421226054430008,0.11284537613391876,42.436561584472656,37.08964920043945,32.73820114135742,0.07421225309371948,0.11284536123275757,0.5191941857337952,0.4775901436805725,0.7772092223167419,19.910945892333984,14.789229393005371,0.07421225309371948,0.11284536123275757,25.748292922973633,19.910945892333984,14.789229393005371
scene13_traj1_1__000064,0.07460063695907593,0.11341582238674164,0.8742653131484985,0.7061392664909363,1.228877305984497,37.57649612426758,33.31839370727539,0.07460063695907593,0.11341582238674164,42.579856872558594,37.57649612426758,33.31839370727539,0.07460062205791473,0.11341580748558044,0.5204355120658875,0.47546491026878357,0.7765359282493591,19.968482971191406,14.853279113769531,0.07460062205791473,0.11341580748558044,25.71759796142578,19.968482971191406,14.853279113769531
scene13_traj1_1__000065,0.07474715262651443,0.1138860359787941,0.8751145601272583,0.7023865580558777,1.226609230041504,37.57019805908203,33.32097244262695,0.07474715262651443,0.1138860359787941,42.496238708496094,37.57019805908203,33.32097244262695,0.07474714517593384,0.1138860210776329,0.5191211104393005,0.4698285460472107,0.7720839381217957,19.91923713684082,14.89452838897705,0.07474714517593384,0.1138860210776329,25.54196548461914,19.91923713684082,14.89452838897705
scene13_traj1_1__000066,0.07469192892313004,0.11354902386665344,0.8725498914718628,0.7064514756202698,1.2286028861999512,37.59719467163086,33.404571533203125,0.07469192892313004,0.11354902386665344,42.523292541503906,37.59719467163086,33.404571533203125,0.07469191402196884,0.11354900896549225,0.5190171003341675,0.4719802737236023,0.7733616232872009,19.96211814880371,14.979724884033203,0.07469191402196884,0.11354900896549225,25.60700035095215,19.96211814880371,14.979724884033203
scene13_traj1_1__000067,0.07502026110887527,0.1143408864736557,0.8657693862915039,0.7077201008796692,1.222570776939392,37.19276809692383,32.88113784790039,0.07502026110887527,0.1143408864736557,42.34346389770508,37.19276809692383,32.88113784790039,0.07502023875713348,0.1143408715724945,0.5229454040527344,0.47267916798591614,0.7771312594413757,20.04425048828125,15.033703804016113,0.07502023875713348,0.1143408715724945,25.717914581298828,20.04425048828125,15.033703804016113
scene13_traj1_1__000068,0.07493184506893158,0.11387679725885391,0.870948314666748,0.7096697092056274,1.2287423610687256,37.51496505737305,33.22001266479492,0.07493184506893158,0.11387679725885391,42.55329895019531,37.51496505737305,33.22001266479492,0.07493183016777039,0.11387679725885391,0.5204629302024841,0.4704703688621521,0.773922860622406,19.985122680664062,14.979459762573242,0.07493183016777039,0.11387679725885391,25.605867385864258,19.985122680664062,14.979459762573242
scene13_traj1_1__000069,0.0749908909201622,0.11423201858997345,0.8687097430229187,0.7036721110343933,1.2228260040283203,37.0940055847168,32.65617370605469,0.0749908909201622,0.11423201858997345,42.297271728515625,37.0940055847168,32.65617370605469,0.0749908834695816,0.11423199623823166,0.5204333662986755,0.4721752405166626,0.774865448474884,20.01691246032715,14.94678020477295,0.0749908834695816,0.11423199623823166,25.658355712890625,20.01691246032715,14.94678020477295
scene13_traj1_1__000070,0.07540244609117508,0.11464294046163559,0.8684043884277344,0.7214788794517517,1.2377294301986694,38.04927444458008,33.985939025878906,0.07540244609117508,0.11464294046163559,42.88796615600586,38.04927444458008,33.985939025878906,0.07540243119001389,0.1146429255604744,0.5211625099182129,0.4708751142024994,0.7746868133544922,20.11726188659668,15.168928146362305,0.07540243119001389,0.1146429255604744,25.64119529724121,20.11726188659668,15.168928146362305
scene13_traj1_1__000071,0.07557134330272675,0.11495966464281082,0.8683865070343018,0.7015527486801147,1.2209457159042358,37.380699157714844,33.24577713012695,0.07557134330272675,0.11495966464281082,42.26219177246094,37.380699157714844,33.24577713012695,0.07557133585214615,0.11495964974164963,0.5216521620750427,0.4713904857635498,0.7754237055778503,20.222074508666992,15.362238883972168,0.07557133585214615,0.11495964974164963,25.687253952026367,20.222074508666992,15.362238883972168
scene13_traj1_1__000072,0.07539580762386322,0.11471927165985107,0.8685123324394226,0.6989145278930664,1.2187772989273071,37.219818115234375,33.064884185791016,0.07539580762386322,0.11471927165985107,42.17898178100586,37.219818115234375,33.064884185791016,0.07539579272270203,0.11471925675868988,0.5231491923332214,0.47101619839668274,0.7765608429908752,20.274545669555664,15.325350761413574,0.07539579272270203,0.11471925675868988,25.713146209716797,20.274545669555664,15.325350761413574
scene13_traj1_1__000073,0.07540902495384216,0.1146506741642952,0.8680758476257324,0.698312520980835,1.217594861984253,37.25163269042969,33.06757736206055,0.07540902495384216,0.1146506741642952,42.153045654296875,37.25163269042969,33.06757736206055,0.07540900260210037,0.114650659263134,0.5240607857704163,0.4729367196559906,0.778611421585083,20.361438751220703,15.390338897705078,0.07540900260210037,0.114650659263134,25.804969787597656,20.361438751220703,15.390338897705078
scene13_traj1_1__000074,0.07490189373493195,0.11392871290445328,0.8715603947639465,0.6997077465057373,1.2223209142684937,37.68575668334961,33.73115921020508,0.07490189373493195,0.11392871290445328,42.32442092895508,37.68575668334961,33.73115921020508,0.07490187138319016,0.11392869800329208,0.5261102318763733,0.4740833044052124,0.7807943820953369,20.453325271606445,15.483745574951172,0.07490187138319016,0.11392869800329208,25.894807815551758,20.453325271606445,15.483745574951172
scene13_traj1_1__000075,0.0747191309928894,0.11384105682373047,0.8667324781417847,0.7016854286193848,1.220022439956665,37.32649612426758,33.25343704223633,0.0747191309928894,0.11384105682373047,42.19624328613281,37.32649612426758,33.25343704223633,0.07471911609172821,0.11384104937314987,0.5278027057647705,0.4750433564186096,0.7832584381103516,20.622583389282227,15.723784446716309,0.07471911609172821,0.11384104937314987,25.96695327758789,20.622583389282227,15.723784446716309
scene13_traj1_1__000076,0.07518977671861649,0.1143447682261467,0.8773029446601868,0.7056366801261902,1.2313823699951172,38.307186126708984,34.57419204711914,0.07518977671861649,0.1143447682261467,42.70257568359375,38.307186126708984,34.57419204711914,0.07518976926803589,0.1143447533249855,0.5268054604530334,0.47661811113357544,0.7831955552101135,20.804101943969727,16.021774291992188,0.07518976926803589,0.1143447533249855,26.00908088684082,20.804101943969727,16.021774291992188
scene13_traj1_1__000077,0.07523474842309952,0.11429520696401596,0.8806571960449219,0.6984597444534302,1.2291423082351685,38.16154098510742,34.25437545776367,0.07523474842309952,0.11429520696401596,42.605831146240234,38.16154098510742,34.25437545776367,0.07523472607135773,0.11429519206285477,0.5273598432540894,0.47561225295066833,0.7823723554611206,20.71240234375,15.899504661560059,0.07523472607135773,0.11429519206285477,25.97587776184082,20.71240234375,15.899504661560059
scene13_traj1_1__000078,0.07503033429384232,0.11404574662446976,0.8791034817695618,0.6974581480026245,1.226728916168213,38.114830017089844,34.20344924926758,0.07503033429384232,0.11404574662446976,42.52827072143555,38.114830017089844,34.20344924926758,0.07503031939268112,0.11404573917388916,0.5297650694847107,0.47836440801620483,0.7863756418228149,20.914024353027344,16.09579849243164,0.07503031939268112,0.11404573917388916,26.126678466796875,20.914024353027344,16.09579849243164
scene13_traj1_1__000079,0.07492250949144363,0.1136673092842102,0.8814220428466797,0.6968784928321838,1.2280333042144775,38.4028205871582,34.68198013305664,0.07492250949144363,0.1136673092842102,42.52404022216797,38.4028205871582,34.68198013305664,0.07492250204086304,0.11366730183362961,0.5305549502372742,0.47770217061042786,0.7862793803215027,20.997051239013672,16.17261505126953,0.07492250204086304,0.11366730183362961,26.151981353759766,20.997051239013672,16.17261505126953
scene13_traj1_1__000080,0.07480058819055557,0.11348109692335129,0.8833985924720764,0.7015520334243774,1.2340567111968994,38.589908599853516,34.823158264160156,0.07480058819055557,0.11348109692335129,42.7933235168457,38.589908599853516,34.823158264160156,0.07480058073997498,0.11348108947277069,0.5303786396980286,0.480911523103714,0.7882001996040344,21.189815521240234,16.417081832885742,0.07480058073997498,0.11348108947277069,26.206478118896484,21.189815521240234,16.417081832885742
scene13_traj1_1__000081,0.07452581077814102,0.11293213069438934,0.8824276924133301,0.7132046818733215,1.2423306703567505,38.719337463378906,34.826786041259766,0.07452581077814102,0.11293213069438934,43.098392486572266,38.719337463378906,34.826786041259766,0.07452581077814102,0.11293210834264755,0.5308329463005066,0.47869670391082764,0.7869752645492554,21.227895736694336,16.524362564086914,0.07452581077814102,0.11293210834264755,26.1656494140625,21.227895736694336,16.524362564086914
scene13_traj1_1__000082,0.07457290589809418,0.11315153539180756,0.8832857012748718,0.7045537233352661,1.2356420755386353,38.635807037353516,34.87602996826172,0.07457290589809418,0.11315153539180756,42.88201141357422,38.635807037353516,34.87602996826172,0.07457289844751358,0.11315152794122696,0.5319919586181641,0.48081234097480774,0.7896828055381775,21.41132164001465,16.719860076904297,0.07457289844751358,0.11315152794122696,26.271312713623047,21.41132164001465,16.719860076904297
scene13_traj1_1__000083,0.07454987615346909,0.1130586490035057,0.8739917278289795,0.7008182406425476,1.2233775854110718,37.78867721557617,33.84309387207031,0.07454987615346909,0.1130586490035057,42.33652114868164,37.78867721557617,33.84309387207031,0.07454986870288849,0.11305862665176392,0.5316129922866821,0.480762243270874,0.7891148328781128,21.327213287353516,16.604433059692383,0.07454986870288849,0.11305862665176392,26.256933212280273,21.327213287353516,16.604433059692383
scene13_traj1_1__000084,0.07450331747531891,0.11302121728658676,0.8848369717597961,0.6990956664085388,1.2313250303268433,38.352542877197266,34.370277404785156,0.07450331747531891,0.11302121728658676,42.736114501953125,38.352542877197266,34.370277404785156,0.07450329512357712,0.11302120238542557,0.5313726663589478,0.48141956329345703,0.7892085909843445,21.375410079956055,16.686491012573242,0.07450329512357712,0.11302120238542557,26.25889015197754,21.375410079956055,16.686491012573242
scene13_traj1_1__000085,0.07412686198949814,0.11244868487119675,0.8812577128410339,0.7155369520187378,1.2416750192642212,38.727073669433594,34.915626525878906,0.07412686198949814,0.11244868487119675,43.08681869506836,38.727073669433594,34.915626525878906,0.07412684708833694,0.11244867742061615,0.5318014025688171,0.4883539080619812,0.7948682904243469,21.68848419189453,17.106924057006836,0.07412684708833694,0.11244867742061615,26.496885299682617,21.68848419189453,17.106924057006836
scene13_traj1_1__000086,0.07399887591600418,0.11228983849287033,0.8862985372543335,0.7128693461418152,1.2440097332000732,39.10546112060547,35.41554641723633,0.07399887591600418,0.11228983849287033,43.19418716430664,39.10546112060547,35.41554641723633,0.07399886101484299,0.11228982359170914,0.5329137444496155,0.4859958291053772,0.7939429879188538,21.747257232666016,17.21593475341797,0.07399886101484299,0.11228982359170914,26.46182632446289,21.747257232666016,17.21593475341797
scene13_traj1_1__000087,0.07385463267564774,0.11207351088523865,0.8885351419448853,0.7059736251831055,1.2412432432174683,38.87473678588867,35.18546676635742,0.07385463267564774,0.11207351088523865,43.08143997192383,38.87473678588867,35.18546676635742,0.07385462522506714,0.11207349598407745,0.5338058471679688,0.4855504035949707,0.7940765023231506,21.666851043701172,17.08635902404785,0.07385462522506714,0.11207349598407745,26.439327239990234,21.666851043701172,17.08635902404785
scene13_traj1_1__000088,0.07336165755987167,0.11125189810991287,0.8899518251419067,0.7105115652084351,1.2453298568725586,39.080841064453125,35.59866714477539,0.07336165755987167,0.11125189810991287,43.18550109863281,39.080841064453125,35.59866714477539,0.07336165010929108,0.11125189065933228,0.5345586538314819,0.4879477024078369,0.7966020107269287,21.91289710998535,17.453447341918945,0.07336165010929108,0.11125189065933228,26.569854736328125,21.91289710998535,17.453447341918945
scene13_traj1_1__000089,0.07336507737636566,0.1112457737326622,0.88922518491745,0.7118571996688843,1.2473450899124146,39.36196517944336,35.98080062866211,0.07336507737636566,0.1112457737326622,43.283756256103516,39.36196517944336,35.98080062866211,0.07336506247520447,0.11124575883150101,0.5369381904602051,0.49229639768600464,0.8016026020050049,22.139324188232422,17.732624053955078,0.07336506247520447,0.11124575883150101,26.747547149658203,22.139324188232422,17.732624053955078
scene13_traj1_1__000090,0.0735716000199318,0.11163006722927094,0.8930250406265259,0.7141057252883911,1.2514017820358276,39.50194549560547,36.0284423828125,0.0735716000199318,0.11163006722927094,43.45816421508789,39.50194549560547,36.0284423828125,0.0735715925693512,0.11163005232810974,0.538510262966156,0.48917707800865173,0.8000085949897766,22.24629020690918,17.91241455078125,0.0735715925693512,0.11163005232810974,26.688907623291016,22.24629020690918,17.91241455078125
scene13_traj1_1__000091,0.0735490620136261,0.11146257817745209,0.8933496475219727,0.711219310760498,1.2493609189987183,39.359230041503906,35.87104415893555,0.0735490620136261,0.11146257817745209,43.38601303100586,39.359230041503906,35.87104415893555,0.0735490471124649,0.1114625558257103,0.5373181700706482,0.4898914098739624,0.7998352646827698,22.13504409790039,17.729223251342773,0.0735490471124649,0.1114625558257103,26.682716369628906,22.13504409790039,17.729223251342773
scene13_traj1_1__000092,0.07314492762088776,0.11071303486824036,0.8919185996055603,0.7189538478851318,1.2556931972503662,39.85406494140625,36.448333740234375,0.07314492762088776,0.11071303486824036,43.64177703857422,39.85406494140625,36.448333740234375,0.07314491271972656,0.11071302741765976,0.5377797484397888,0.4935334026813507,0.8022140860557556,22.330753326416016,18.017555236816406,0.07314491271972656,0.11071302741765976,26.785451889038086,22.330753326416016,18.017555236816406
scene13_traj1_1__000093,0.07309321314096451,0.11079499870538712,0.8859608769416809,0.7223999500274658,1.2524158954620361,39.518775939941406,36.18815994262695,0.07309321314096451,0.11079499870538712,43.45872497558594,39.518775939941406,36.18815994262695,0.07309320569038391,0.11079496890306473,0.5401468873023987,0.4953609108924866,0.805587887763977,22.54208755493164,18.277240753173828,0.07309320569038391,0.11079496890306473,26.922521591186523,22.54208755493164,18.277240753173828
scene13_traj1_1__000094,0.0727875754237175,0.11022110283374786,0.89801025390625,0.7097752690315247,1.2496894598007202,39.7122688293457,36.50323486328125,0.0727875754237175,0.11022110283374786,43.42150115966797,39.7122688293457,36.50323486328125,0.0727875679731369,0.11022108793258667,0.5393733382225037,0.49803611636161804,0.806634783744812,22.832185745239258,18.846893310546875,0.0727875679731369,0.11022108793258667,26.989463806152344,22.832185745239258,18.846893310546875
scene13_traj1_1__000095,0.07298164069652557,0.11059387028217316,0.9002419114112854,0.7053313851356506,1.2496026754379272,39.90943908691406,36.77108383178711,0.07298164069652557,0.11059387028217316,43.41741180419922,39.90943908691406,36.77108383178711,0.07298163324594498,0.11059386283159256,0.5425952076911926,0.49879753589630127,0.8096827268600464,22.92951202392578,18.90559959411621,0.07298163324594498,0.11059386283159256,27.093387603759766,22.92951202392578,18.90559959411621
scene13_traj1_1__000096,0.07333101332187653,0.11096520721912384,0.8936781287193298,0.706889271736145,1.2435928583145142,39.63689422607422,36.501739501953125,0.07333101332187653,0.11096520721912384,43.18021011352539,39.63689422607422,36.501739501953125,0.07333099842071533,0.11096519976854324,0.5415046811103821,0.4965169131755829,0.8069449663162231,22.94792366027832,19.069429397583008,0.07333099842071533,0.11096519976854324,27.008045196533203,22.94792366027832,19.069429397583008
scene13_traj1_1__000097,0.07277515530586243,0.11022352427244186,0.8980616331100464,0.6941078305244446,1.2384504079818726,39.14219284057617,35.8017578125,0.07277515530586243,0.11022352427244186,43.00552749633789,39.14219284057617,35.8017578125,0.07277514785528183,0.11022351682186127,0.5371652841567993,0.49501678347587585,0.8026902675628662,22.622112274169922,18.63482093811035,0.07277514785528183,0.11022351682186127,26.846765518188477,22.622112274169922,18.63482093811035
scene13_traj1_1__000098,0.0724935382604599,0.11000492423772812,0.8985430002212524,0.7004981637001038,1.2440978288650513,39.43752670288086,36.2318000793457,0.0724935382604599,0.11000492423772812,43.24871826171875,39.43752670288086,36.2318000793457,0.0724935233592987,0.11000490933656693,0.5387530326843262,0.4922698140144348,0.8021467328071594,22.594024658203125,18.600595474243164,0.0724935233592987,0.11000490933656693,26.804439544677734,22.594024658203125,18.600595474243164
scene13_traj1_1__000099,0.07230602204799652,0.10991319268941879,0.899684488773346,0.7033810615539551,1.2469452619552612,39.51814270019531,36.248924255371094,0.07230602204799652,0.10991319268941879,43.35110855102539,39.51814270019531,36.248924255371094,0.07230602204799652,0.1099131852388382,0.5372885465621948,0.4944433867931366,0.8023001551628113,22.509191513061523,18.480749130249023,0.07230602204799652,0.1099131852388382,26.804216384887695,22.509191513061523,18.480749130249023
scene13_traj1_1__000100,0.07199735194444656,0.10934790968894958,0.8977488279342651,0.7023285031318665,1.2444137334823608,39.40107727050781,36.084075927734375,0.07199735194444656,0.10934790968894958,43.24036407470703,39.40107727050781,36.084075927734375,0.07199734449386597,0.10934789478778839,0.5379090309143066,0.4948647916316986,0.8040818572044373,22.570919036865234,18.439861297607422,0.07199734449386597,0.10934789478778839,26.865211486816406,22.570919036865234,18.439861297607422
scene13_traj1_1__000101,0.07266317307949066,0.1104755699634552,0.9002536535263062,0.7092306017875671,1.2509006261825562,39.79811096191406,36.5240364074707,0.07266317307949066,0.1104755699634552,43.52885818481445,39.79811096191406,36.5240364074707,0.07266316562891006,0.1104755625128746,0.5383235812187195,0.494607150554657,0.8037183880805969,22.658620834350586,18.673828125,0.07266316562891006,0.1104755625128746,26.87042236328125,22.658620834350586,18.673828125
scene13_traj1_1__000102,0.07235386222600937,0.11007065325975418,0.8970582485198975,0.7093055248260498,1.248754858970642,39.5927619934082,36.32150650024414,0.07235386222600937,0.11007065325975418,43.391544342041016,39.5927619934082,36.32150650024414,0.07235385477542877,0.11007063835859299,0.5390348434448242,0.4954257607460022,0.8048042058944702,22.73488426208496,18.72129249572754,0.07235385477542877,0.11007063835859299,26.897249221801758,22.73488426208496,18.72129249572754
scene13_traj1_1__000103,0.07207291573286057,0.10956814885139465,0.8986808061599731,0.7133833169937134,1.2541661262512207,40.02677917480469,36.97093200683594,0.07207291573286057,0.10956814885139465,43.59125900268555,40.02677917480469,36.97093200683594,0.07207290828227997,0.10956814140081406,0.5409854650497437,0.49640795588493347,0.8068991303443909,22.808935165405273,18.77881622314453,0.07207290828227997,0.10956814140081406,26.97918701171875,22.808935165405273,18.77881622314453
scene13_traj1_1__000104,0.07252117246389389,0.11023986339569092,0.8981492519378662,0.7006652355194092,1.2430977821350098,39.37467575073242,36.133113861083984,0.07252117246389389,0.11023986339569092,43.19181442260742,39.37467575073242,36.133113861083984,0.0725211650133133,0.11023984849452972,0.5388603210449219,0.4944990277290344,0.8039993643760681,22.586366653442383,18.513273239135742,0.0725211650133133,0.11023984849452972,26.87172508239746,22.586366653442383,18.513273239135742
scene13_traj1_1__000105,0.0720934346318245,0.1096302792429924,0.9013696312904358,0.7024706602096558,1.2466837167739868,39.62214279174805,36.43065643310547,0.0720934346318245,0.1096302792429924,43.33993911743164,39.62214279174805,36.43065643310547,0.0720934271812439,0.1096302717924118,0.5399187803268433,0.49437573552131653,0.804882287979126,22.670198440551758,18.773088455200195,0.0720934271812439,0.1096302717924118,26.912837982177734,22.670198440551758,18.773088455200195
scene13_traj1_1__000106,0.07230719923973083,0.11004788428544998,0.9030444622039795,0.6952211260795593,1.2435129880905151,39.49927520751953,36.287776947021484,0.07230719923973083,0.11004788428544998,43.18052673339844,39.49927520751953,36.287776947021484,0.07230718433856964,0.11004786938428879,0.5393334031105042,0.49454930424690247,0.8046095967292786,22.641998291015625,18.63574981689453,0.07230718433856964,0.11004786938428879,26.888072967529297,22.641998291015625,18.63574981689453
scene13_traj1_1__000107,0.07248517870903015,0.11055643111467361,0.8993764519691467,0.6910952925682068,1.2371656894683838,39.253273010253906,36.12900924682617,0.07248517870903015,0.11055643111467361,42.94340896606445,39.253273010253906,36.12900924682617,0.07248517125844955,0.11055640876293182,0.540937066078186,0.49713730812072754,0.8076881766319275,22.76639175415039,18.79635238647461,0.07248517125844955,0.11055640876293182,27.006765365600586,22.76639175415039,18.79635238647461
scene13_traj1_1__000108,0.07216888666152954,0.11004536598920822,0.899573564529419,0.6963326334953308,1.2422230243682861,39.487953186035156,36.433128356933594,0.07216888666152954,0.11004536598920822,43.11320877075195,39.487953186035156,36.433128356933594,0.07216887921094894,0.11004535108804703,0.5389912128448486,0.4953947365283966,0.8050177097320557,22.703956604003906,18.81568145751953,0.07216887921094894,0.11004535108804703,26.901227951049805,22.703956604003906,18.81568145751953
scene13_traj1_1__000109,0.07209371030330658,0.11003894358873367,0.9040204882621765,0.7041062116622925,1.251869559288025,39.91170883178711,36.98747253417969,0.07209371030330658,0.11003894358873367,43.413002014160156,39.91170883178711,36.98747253417969,0.07209370285272598,0.11003892868757248,0.540472686290741,0.49706873297691345,0.8071100115776062,22.872756958007812,19.059431076049805,0.07209370285272598,0.11003892868757248,26.98126220703125,22.872756958007812,19.059431076049805
scene13_traj1_1__000110,0.07135537266731262,0.1091279610991478,0.9090193510055542,0.7044898867607117,1.2573426961898804,40.41642761230469,37.684078216552734,0.07135537266731262,0.1091279610991478,43.64447784423828,40.41642761230469,37.684078216552734,0.07135537266731262,0.109127938747406,0.5410708785057068,0.5007867813110352,0.8104873299598694,23.108488082885742,19.456222534179688,0.07135537266731262,0.109127938747406,27.113492965698242,23.108488082885742,19.456222534179688
scene13_traj1_1__000111,0.07114749401807785,0.10879423469305038,0.9091240167617798,0.7041773796081543,1.2559691667556763,40.41775894165039,37.768455505371094,0.07114749401807785,0.10879423469305038,43.6408805847168,40.41775894165039,37.768455505371094,0.07114749401807785,0.10879422724246979,0.5423761010169983,0.4984518587589264,0.8097174167633057,23.07212257385254,19.404186248779297,0.07114749401807785,0.10879422724246979,27.074174880981445,23.07212257385254,19.404186248779297
scene13_traj1_1__000112,0.07128137350082397,0.10905608534812927,0.9052839279174805,0.7061793208122253,1.2555078268051147,40.26004409790039,37.56056213378906,0.07128137350082397,0.10905608534812927,43.5411491394043,40.26004409790039,37.56056213378906,0.07128135859966278,0.10905607044696808,0.5423676371574402,0.49861305952072144,0.8089622855186462,23.119333267211914,19.62860107421875,0.07128135859966278,0.10905607044696808,27.074249267578125,23.119333267211914,19.62860107421875
scene13_traj1_1__000113,0.07118464261293411,0.10872063785791397,0.9114215970039368,0.7087991833686829,1.2612333297729492,40.6671142578125,38.062740325927734,0.07118464261293411,0.10872063785791397,43.810279846191406,40.6671142578125,38.062740325927734,0.07118464261293411,0.10872063040733337,0.5427713394165039,0.49720433354377747,0.8088034391403198,23.189393997192383,19.76163673400879,0.07118464261293411,0.10872063040733337,27.05202293395996,23.189393997192383,19.76163673400879
scene13_traj1_1__000114,0.07143077254295349,0.1090606227517128,0.909298300743103,0.6985426545143127,1.2519619464874268,39.97279739379883,37.2531852722168,0.07143077254295349,0.1090606227517128,43.38862609863281,39.97279739379883,37.2531852722168,0.0714307650923729,0.1090606078505516,0.5423890948295593,0.5015310645103455,0.8116796016693115,23.258886337280273,19.801225662231445,0.0714307650923729,0.1090606078505516,27.19499397277832,23.258886337280273,19.801225662231445
scene13_traj1_1__000115,0.07132057845592499,0.10903862118721008,0.9074707627296448,0.7008209824562073,1.251037836074829,40.16923904418945,37.50298309326172,0.07132057845592499,0.10903862118721008,43.40108871459961,40.16923904418945,37.50298309326172,0.07132057100534439,0.10903859883546829,0.5448970198631287,0.5015156865119934,0.8136993646621704,23.434585571289062,20.112010955810547,0.07132057100534439,0.10903859883546829,27.258398056030273,23.434585571289062,20.112010955810547
scene13_traj1_1__000116,0.07185577601194382,0.1095840334892273,0.9131832718849182,0.6982613205909729,1.2528449296951294,40.06448745727539,37.270381927490234,0.07185577601194382,0.1095840334892273,43.51893615722656,40.06448745727539,37.270381927490234,0.07185576856136322,0.1095840260386467,0.5419871211051941,0.49810272455215454,0.8085827231407166,23.329769134521484,20.1329288482666,0.07185576856136322,0.1095840260386467,27.065570831298828,23.329769134521484,20.1329288482666
scene13_traj1_1__000117,0.07119233161211014,0.10863111913204193,0.9084142446517944,0.7116085290908813,1.2604656219482422,40.56509017944336,38.05912780761719,0.07119233161211014,0.10863111913204193,43.76811599731445,40.56509017944336,38.05912780761719,0.07119232416152954,0.10863110423088074,0.5434755086898804,0.49895143508911133,0.8106132745742798,23.38901138305664,20.25604248046875,0.07119232416152954,0.10863110423088074,27.132034301757812,23.38901138305664,20.25604248046875
scene13_traj1_1__000118,0.0713011771440506,0.10872893035411835,0.9081256985664368,0.7051674723625183,1.2556626796722412,40.33146286010742,37.86573028564453,0.0713011771440506,0.10872893035411835,43.54820251464844,40.33146286010742,37.86573028564453,0.07130115479230881,0.10872891545295715,0.5421898365020752,0.4986167550086975,0.8097289800643921,23.35906410217285,20.216915130615234,0.07130115479230881,0.10872891545295715,27.11112403869629,23.35906410217285,20.216915130615234
scene13_traj1_1__000119,0.071288101375103,0.10866286605596542,0.9072096943855286,0.7039304971694946,1.2541016340255737,40.21977233886719,37.637298583984375,0.071288101375103,0.10866286605596542,43.458290100097656,40.21977233886719,37.637298583984375,0.0712880864739418,0.10866285115480423,0.542907178401947,0.4967133104801178,0.8080361485481262,23.25253677368164,20.060693740844727,0.0712880864739418,0.10866285115480423,27.039743423461914,23.25253677368164,20.060693740844727
scene13_traj1_1__000120,0.07163887470960617,0.10854793339967728,0.9038103818893433,0.709445059299469,1.2591646909713745,40.39352798461914,38.0038948059082,0.07163887470960617,0.10854793339967728,43.59690475463867,40.39352798461914,38.0038948059082,0.07163887470960617,0.10854791849851608,0.5423712730407715,0.49736589193344116,0.8078738451004028,23.383455276489258,20.393110275268555,0.07163887470960617,0.10854791849851608,27.05323600769043,23.383455276489258,20.393110275268555
scene13_traj1_1__000121,0.07165578007698059,0.10862239450216293,0.9051076173782349,0.7014347314834595,1.2503033876419067,39.93602752685547,37.27013397216797,0.07165578007698059,0.10862239450216293,43.30132293701172,39.93602752685547,37.27013397216797,0.0716557726264,0.10862238705158234,0.5410531163215637,0.4938254952430725,0.8045949935913086,23.141191482543945,19.94794464111328,0.0716557726264,0.10862238705158234,26.940845489501953,23.141191482543945,19.94794464111328
scene13_traj1_1__000122,0.07235632091760635,0.10949265956878662,0.8994958400726318,0.6971515417098999,1.2417776584625244,39.6047248840332,37.035125732421875,0.07235632091760635,0.10949265956878662,42.9652099609375,39.6047248840332,37.035125732421875,0.07235631346702576,0.10949264466762543,0.5396088361740112,0.49055925011634827,0.8008305430412292,22.96397590637207,19.824689865112305,0.07235631346702576,0.10949264466762543,26.79477310180664,22.96397590637207,19.824689865112305
scene13_traj1_1__000123,0.07258773595094681,0.10964081436395645,0.8978723287582397,0.6922987699508667,1.237627625465393,39.34585952758789,36.73572540283203,0.07258773595094681,0.10964081436395645,42.777854919433594,39.34585952758789,36.73572540283203,0.07258772850036621,0.10964081436395645,0.5389469861984253,0.4911712110042572,0.8006694912910461,22.966957092285156,19.78289794921875,0.07258772850036621,0.10964081436395645,26.804964065551758,22.966957092285156,19.78289794921875
scene13_traj1_1__000124,0.07310527563095093,0.10997983068227768,0.8941692113876343,0.7041109800338745,1.2448960542678833,39.87507247924805,37.56901168823242,0.07310527563095093,0.10997983068227768,43.06196212768555,39.87507247924805,37.56901168823242,0.07310526072978973,0.10997981578111649,0.5411431193351746,0.4947657883167267,0.8048343658447266,23.2636661529541,20.1479549407959,0.07310526072978973,0.10997981578111649,26.96961784362793,23.2636661529541,20.1479549407959
scene13_traj1_1__000125,0.0741887241601944,0.1117963194847107,0.8893499374389648,0.7118024230003357,1.247157335281372,39.88516616821289,37.63313674926758,0.0741887241601944,0.1117963194847107,43.08341598510742,39.88516616821289,37.63313674926758,0.0741887092590332,0.1117963045835495,0.5408516526222229,0.48996448516845703,0.8012362122535706,23.258848190307617,20.280078887939453,0.0741887092590332,0.1117963045835495,26.837825775146484,23.258848190307617,20.280078887939453
scene13_traj1_1__000126,0.07429330050945282,0.11183416843414307,0.8890476822853088,0.7233399152755737,1.256942629814148,40.44623947143555,38.23409652709961,0.07429330050945282,0.11183416843414307,43.47198486328125,40.44623947143555,38.23409652709961,0.07429330050945282,0.11183416098356247,0.5428615808486938,0.48983627557754517,0.8032666444778442,23.22102165222168,20.19693946838379,0.07429330050945282,0.11183416098356247,26.888076782226562,23.22102165222168,20.19693946838379
scene13_traj1_1__000127,0.07486633211374283,0.11270195245742798,0.8864503502845764,0.7092753052711487,1.242987871170044,39.553707122802734,37.16254425048828,0.07486633211374283,0.11270195245742798,42.93185806274414,39.553707122802734,37.16254425048828,0.07486631721258163,0.11270194500684738,0.5425590872764587,0.48699232935905457,0.8009082674980164,23.188282012939453,20.25348472595215,0.07486631721258163,0.11270194500684738,26.798730850219727,23.188282012939453,20.25348472595215
scene13_traj1_1__000128,0.0754307433962822,0.11369099467992783,0.8885705471038818,0.709454357624054,1.2442948818206787,39.807090759277344,37.505645751953125,0.0754307433962822,0.11369099467992783,43.0130500793457,39.807090759277344,37.505645751953125,0.075430728495121,0.11369097232818604,0.5442193746566772,0.4900411069393158,0.8043963313102722,23.326990127563477,20.469833374023438,0.075430728495121,0.11369097232818604,26.933109283447266,23.326990127563477,20.469833374023438
scene13_traj1_1__000129,0.07436688989400864,0.11210862547159195,0.8935840129852295,0.704104483127594,1.242599606513977,39.83329772949219,37.46467971801758,0.07436688989400864,0.11210862547159195,43.0019645690918,39.83329772949219,37.46467971801758,0.07436687499284744,0.11210861802101135,0.5466705560684204,0.49601855874061584,0.8106186389923096,23.841773986816406,21.07023811340332,0.07436687499284744,0.11210861802101135,27.195409774780273,23.841773986816406,21.07023811340332
scene13_traj1_1__000130,0.07452855259180069,0.11203835159540176,0.8955774307250977,0.708112895488739,1.2473876476287842,40.27321243286133,38.00503921508789,0.07452855259180069,0.11203835159540176,43.24409484863281,40.27321243286133,38.00503921508789,0.0745285376906395,0.11203833669424057,0.5502593517303467,0.5023728013038635,0.8179107308387756,24.350919723510742,21.84991455078125,0.0745285376906395,0.11203833669424057,27.476961135864258,24.350919723510742,21.84991455078125
scene13_traj1_1__000131,0.07547731697559357,0.11276507377624512,0.8981710076332092,0.7152421474456787,1.2542070150375366,40.914794921875,38.95711898803711,0.07547731697559357,0.11276507377624512,43.45103454589844,40.914794921875,38.95711898803711,0.07547730952501297,0.11276506632566452,0.5494878888130188,0.5053766965866089,0.8191424608230591,24.53761863708496,22.026079177856445,0.07547730952501297,0.11276506632566452,27.563655853271484,24.53761863708496,22.026079177856445
scene13_traj1_1__000132,0.07519296556711197,0.11234758049249649,0.9015499949455261,0.7031180262565613,1.2471729516983032,40.671504974365234,38.64115524291992,0.07519296556711197,0.11234758049249649,43.20576477050781,40.671504974365234,38.64115524291992,0.07519295811653137,0.1123475655913353,0.5512471199035645,0.5051695704460144,0.8196438550949097,24.640544891357422,22.08856964111328,0.07519295811653137,0.1123475655913353,27.580886840820312,24.640544891357422,22.08856964111328
scene13_traj1_1__000133,0.07630143314599991,0.11396002024412155,0.8959125280380249,0.7057287693023682,1.2442740201950073,40.54448318481445,38.57440948486328,0.07630143314599991,0.11396002024412155,43.1159553527832,40.54448318481445,38.57440948486328,0.07630142569541931,0.11396000534296036,0.5522482395172119,0.5057505965232849,0.8210697770118713,24.755525588989258,22.304534912109375,0.07630142569541931,0.11396000534296036,27.64879035949707,24.755525588989258,22.304534912109375
scene13_traj1_1__000134,0.07583585381507874,0.11332523077726364,0.9024271965026855,0.7125902771949768,1.255380630493164,41.16993713378906,39.2903938293457,0.07583585381507874,0.11332523077726364,43.529014587402344,41.16993713378906,39.2903938293457,0.07583584636449814,0.11332523077726364,0.5526555180549622,0.5066394805908203,0.8221332430839539,24.88231658935547,22.490922927856445,0.07583584636449814,0.11332523077726364,27.685630798339844,24.88231658935547,22.490922927856445
scene13_traj1_1__000135,0.07520821690559387,0.11252779513597488,0.9040406346321106,0.7038387656211853,1.2473281621932983,40.68717956542969,38.58932876586914,0.07520821690559387,0.11252779513597488,43.27509307861328,40.68717956542969,38.58932876586914,0.07520820945501328,0.1125277653336525,0.5520650744438171,0.5087032318115234,0.8237568140029907,24.83087158203125,22.3719539642334,0.07520820945501328,0.1125277653336525,27.723072052001953,24.83087158203125,22.3719539642334
scene13_traj1_1__000136,0.07500709593296051,0.11238415539264679,0.9020071029663086,0.7030751705169678,1.2455745935440063,40.416786193847656,38.31461715698242,0.07500709593296051,0.11238415539264679,43.21379470825195,40.416786193847656,38.31461715698242,0.07500708848237991,0.1123841404914856,0.5541336536407471,0.5082680583000183,0.8254895806312561,24.837326049804688,22.33807945251465,0.07500708848237991,0.1123841404914856,27.75222396850586,24.837326049804688,22.33807945251465
scene13_traj1_1__000137,0.07521192729473114,0.11287977546453476,0.9017649292945862,0.7029756307601929,1.2465033531188965,40.3310661315918,38.063114166259766,0.07521192729473114,0.11287977546453476,43.24542999267578,40.3310661315918,38.063114166259766,0.07521191984415054,0.11287976801395416,0.5546176433563232,0.5038978457450867,0.8225114941596985,24.781558990478516,22.42938232421875,0.07521191984415054,0.11287976801395416,27.646095275878906,24.781558990478516,22.42938232421875
scene13_traj1_1__000138,0.07487618923187256,0.11252158135175705,0.900421142578125,0.699956476688385,1.242803692817688,40.33494567871094,38.12520980834961,0.07487618923187256,0.11252158135175705,43.120208740234375,40.33494567871094,38.12520980834961,0.07487618178129196,0.11252156645059586,0.5543094277381897,0.5047934055328369,0.8234415650367737,24.760826110839844,22.40253257751465,0.07487618178129196,0.11252156645059586,27.688518524169922,24.760826110839844,22.40253257751465
scene13_traj1_1__000139,0.07475542277097702,0.11225558817386627,0.9006649851799011,0.6999500393867493,1.2422494888305664,40.25252151489258,38.005096435546875,0.07475542277097702,0.11225558817386627,43.11330795288086,40.25252151489258,38.005096435546875,0.07475541532039642,0.11225557327270508,0.5543914437294006,0.5033780336380005,0.8221662640571594,24.796602249145508,22.447994232177734,0.07475541532039642,0.11225557327270508,27.627050399780273,24.796602249145508,22.447994232177734
scene13_traj1_1__000140,0.07407207041978836,0.11158270388841629,0.8994374871253967,0.6965807676315308,1.2413303852081299,40.136871337890625,37.9039192199707,0.07407207041978836,0.11158270388841629,42.94805145263672,40.136871337890625,37.9039192199707,0.07407206296920776,0.1115826889872551,0.5545229315757751,0.5000601410865784,0.8199890851974487,24.60027313232422,22.289331436157227,0.07407206296920776,0.1115826889872551,27.53786849975586,24.60027313232422,22.289331436157227
scene13_traj1_1__000141,0.07409121096134186,0.11186425387859344,0.9008086919784546,0.6911354660987854,1.2378451824188232,39.895389556884766,37.72899627685547,0.07409121096134186,0.11186425387859344,42.84397506713867,39.895389556884766,37.72899627685547,0.07409119606018066,0.11186423897743225,0.5535145998001099,0.49912750720977783,0.8189064860343933,24.54935646057129,22.2999267578125,0.07409119606018066,0.11186423897743225,27.499427795410156,24.54935646057129,22.2999267578125
scene13_traj1_1__000142,0.07359617948532104,0.1110432967543602,0.8974247574806213,0.7025678157806396,1.2424184083938599,40.080440521240234,38.0427360534668,0.07359617948532104,0.1110432967543602,43.046695709228516,40.080440521240234,38.0427360534668,0.07359617203474045,0.11104327440261841,0.5556752681732178,0.49597302079200745,0.8183584213256836,24.549156188964844,22.359535217285156,0.07359617203474045,0.11104327440261841,27.46978759765625,24.549156188964844,22.359535217285156
scene13_traj1_1__000143,0.0734875351190567,0.11088506132364273,0.8982506394386292,0.7053431272506714,1.2482353448867798,40.11896514892578,38.019474029541016,0.0734875351190567,0.11088506132364273,43.239627838134766,40.11896514892578,38.019474029541016,0.07348752021789551,0.11088503897190094,0.5534985661506653,0.49554964900016785,0.8164999485015869,24.45683479309082,22.265277862548828,0.07348752021789551,0.11088503897190094,27.37966537475586,24.45683479309082,22.265277862548828
scene13_traj1_1__000144,0.0733630582690239,0.11116258800029755,0.8982371091842651,0.7029526829719543,1.245100975036621,40.20576477050781,38.224090576171875,0.0733630582690239,0.11116258800029755,43.122623443603516,40.20576477050781,38.224090576171875,0.0733630508184433,0.11116257309913635,0.5566170811653137,0.49156060814857483,0.8163561820983887,24.452436447143555,22.34835433959961,0.0733630508184433,0.11116257309913635,27.37191390991211,24.452436447143555,22.34835433959961
scene13_traj1_1__000145,0.07274364680051804,0.11034882068634033,0.891973078250885,0.7005192637443542,1.2376182079315186,39.7026481628418,37.54621887207031,0.07274364680051804,0.11034882068634033,42.79294204711914,39.7026481628418,37.54621887207031,0.07274362444877625,0.11034880578517914,0.5559510588645935,0.49235817790031433,0.816602349281311,24.334638595581055,22.204151153564453,0.07274362444877625,0.11034880578517914,27.340784072875977,24.334638595581055,22.204151153564453
scene13_traj1_1__000146,0.07138197869062424,0.10868452489376068,0.8961620926856995,0.723000168800354,1.260071873664856,40.700042724609375,38.65959167480469,0.07138197869062424,0.10868452489376068,43.55544662475586,40.700042724609375,38.65959167480469,0.07138196378946304,0.10868450254201889,0.5543349385261536,0.48761144280433655,0.811918318271637,23.896455764770508,21.466596603393555,0.07138196378946304,0.10868450254201889,27.140804290771484,23.896455764770508,21.466596603393555
scene13_traj1_1__000147,0.07153318077325821,0.10930731892585754,0.8929380774497986,0.7206188440322876,1.2563912868499756,40.317325592041016,38.385074615478516,0.07153318077325821,0.10930731892585754,43.45718765258789,40.317325592041016,38.385074615478516,0.07153316587209702,0.10930731147527695,0.5528022646903992,0.4843372404575348,0.8096598386764526,23.50783920288086,20.946868896484375,0.07153316587209702,0.10930731147527695,26.99729347229004,23.50783920288086,20.946868896484375
scene13_traj1_1__000148,0.07151509821414948,0.10900702327489853,0.8908807635307312,0.7112776637077332,1.247767686843872,39.77546310424805,37.71792984008789,0.07151509821414948,0.10900702327489853,43.117557525634766,39.77546310424805,37.71792984008789,0.07151509821414948,0.10900700837373734,0.5512182712554932,0.4815956652164459,0.8057736754417419,23.382164001464844,20.865842819213867,0.07151509821414948,0.10900700837373734,26.84810447692871,23.382164001464844,20.865842819213867
scene13_traj1_1__000149,0.07102550566196442,0.10823529213666916,0.8917891383171082,0.7149323225021362,1.250468134880066,39.496944427490234,37.05117416381836,0.07102550566196442,0.10823529213666916,43.220672607421875,39.496944427490234,37.05117416381836,0.07102549821138382,0.10823527723550797,0.5514013767242432,0.4806523621082306,0.8057295680046082,23.330167770385742,20.700782775878906,0.07102549821138382,0.10823527723550797,26.8316650390625,23.330167770385742,20.700782775878906
scene13_traj1_1__000150,0.07089217007160187,0.10809461772441864,0.8873449563980103,0.7257130742073059,1.2564690113067627,39.787017822265625,37.44691848754883,0.07089217007160187,0.10809461772441864,43.42533874511719,39.787017822265625,37.44691848754883,0.07089215517044067,0.10809461772441864,0.552566409111023,0.4822983145713806,0.8075831532478333,23.381282806396484,20.840517044067383,0.07089215517044067,0.10809461772441864,26.9041748046875,23.381282806396484,20.840517044067383
scene13_traj1_1__000151,0.07009327411651611,0.10713835805654526,0.8925943374633789,0.7162235379219055,1.251142144203186,39.77297592163086,37.558353424072266,0.07009327411651611,0.10713835805654526,43.28193664550781,39.77297592163086,37.558353424072266,0.07009325921535492,0.10713834315538406,0.5509315133094788,0.4809642732143402,0.8056797981262207,23.175207138061523,20.55560302734375,0.07009325921535492,0.10713834315538406,26.82585334777832,23.175207138061523,20.55560302734375
scene13_traj1_1__000152,0.06960286945104599,0.10651089251041412,0.8949426412582397,0.7154549360275269,1.2523901462554932,39.758785247802734,37.50906753540039,0.06960286945104599,0.10651089251041412,43.288822174072266,39.758785247802734,37.50906753540039,0.0696028545498848,0.10651088505983353,0.5531980991363525,0.4845948815345764,0.8105101585388184,23.306991577148438,20.59054946899414,0.0696028545498848,0.10651088505983353,27.003597259521484,23.306991577148438,20.59054946899414
scene13_traj1_1__000153,0.06848959624767303,0.10525833070278168,0.8890885710716248,0.7124512195587158,1.2480143308639526,39.19139099121094,36.648746490478516,0.06848959624767303,0.10525833070278168,43.01875305175781,39.19139099121094,36.648746490478516,0.06848957389593124,0.10525830835103989,0.5541261434555054,0.48305797576904297,0.8099784255027771,23.244577407836914,20.379819869995117,0.06848957389593124,0.10525830835103989,26.975391387939453,23.244577407836914,20.379819869995117
scene13_traj1_1__000154,0.06839491426944733,0.10516860336065292,0.8908286690711975,0.70964515209198,1.2473423480987549,39.20915985107422,36.65835189819336,0.06839491426944733,0.10516860336065292,42.94801330566406,39.20915985107422,36.65835189819336,0.06839489936828613,0.10516858100891113,0.5558069944381714,0.47814837098121643,0.8074616193771362,23.11110496520996,20.264118194580078,0.06839489936828613,0.10516858100891113,26.889019012451172,23.11110496520996,20.264118194580078
scene13_traj1_1__000155,0.06807474046945572,0.10443127900362015,0.8932481408119202,0.709892988204956,1.2502808570861816,39.276424407958984,36.692378997802734,0.06807474046945572,0.10443127900362015,43.09720993041992,39.276424407958984,36.692378997802734,0.06807473301887512,0.10443127155303955,0.5546351075172424,0.47909221053123474,0.8071051836013794,23.04681396484375,20.155698776245117,0.06807473301887512,0.10443127155303955,26.855382919311523,23.04681396484375,20.155698776245117
scene13_traj1_1__000156,0.06438630074262619,0.09959243983030319,0.9067605137825012,0.7178829312324524,1.2657674551010132,39.91706848144531,37.027164459228516,0.06438630074262619,0.09959243983030319,43.76457214355469,39.91706848144531,37.027164459228516,0.0643862932920456,0.09959243983030319,0.5608826875686646,0.4898321032524109,0.819693922996521,23.791208267211914,21.077415466308594,0.0643862932920456,0.09959243983030319,27.318870544433594,23.791208267211914,21.077415466308594
scene13_traj1_1__000157,0.06339368224143982,0.09841245412826538,0.9076198935508728,0.7027314901351929,1.252431035041809,39.32966232299805,36.45777130126953,0.06339368224143982,0.09841245412826538,43.24458312988281,39.32966232299805,36.45777130126953,0.06339366734027863,0.09841243177652359,0.5591779351234436,0.4907335042953491,0.8197882175445557,23.691049575805664,20.902111053466797,0.06339366734027863,0.09841243177652359,27.320070266723633,23.691049575805664,20.902111053466797
scene13_traj1_1__000158,0.06322450935840607,0.09868311882019043,0.9296972155570984,0.6735514402389526,1.2486191987991333,39.4681510925293,36.830684661865234,0.06322450935840607,0.09868311882019043,43.173240661621094,39.4681510925293,36.830684661865234,0.06322449445724487,0.09868310391902924,0.5634552240371704,0.49582937359809875,0.827131986618042,24.320117950439453,21.999671936035156,0.06322449445724487,0.09868310391902924,27.59998893737793,24.320117950439453,21.999671936035156
scene13_traj1_1__000159,0.06460943818092346,0.10080639272928238,0.9231849908828735,0.6911799907684326,1.25517737865448,40.20259094238281,37.93670654296875,0.06460943818092346,0.10080639272928238,43.480838775634766,40.20259094238281,37.93670654296875,0.06460943073034286,0.10080637782812119,0.5631738901138306,0.4994250535964966,0.8287085890769958,24.659160614013672,22.57242774963379,0.06460943073034286,0.10080637782812119,27.686185836791992,24.659160614013672,22.57242774963379
scene13_traj1_1__000160,0.06494827568531036,0.10057374089956284,0.9170802235603333,0.6991211175918579,1.2577617168426514,40.72214889526367,38.846065521240234,0.06494827568531036,0.10057374089956284,43.57600784301758,40.72214889526367,38.846065521240234,0.06494826823472977,0.10057372599840164,0.5676289200782776,0.5037856101989746,0.8354859352111816,25.288698196411133,23.592815399169922,0.06494826823472977,0.10057372599840164,27.971200942993164,25.288698196411133,23.592815399169922
scene13_traj1_1__000161,0.06657033413648605,0.10272476077079773,0.9192180633544922,0.6904755234718323,1.2506074905395508,40.420631408691406,38.2779426574707,0.06657033413648605,0.10272476077079773,43.35435485839844,40.420631408691406,38.2779426574707,0.06657032668590546,0.10272473841905594,0.573366641998291,0.5109333992004395,0.845007061958313,26.17384147644043,25.024749755859375,0.06657032668590546,0.10272473841905594,28.36994743347168,26.17384147644043,25.024749755859375
scene13_traj1_1__000162,0.06740671396255493,0.10387421399354935,0.9220810532569885,0.6849895715713501,1.2488571405410767,40.37498092651367,38.20204162597656,0.06740671396255493,0.10387421399354935,43.33381271362305,40.37498092651367,38.20204162597656,0.06740670651197433,0.10387419909238815,0.5749674439430237,0.5122936964035034,0.8471284508705139,26.26620101928711,25.165454864501953,0.06740670651197433,0.10387419909238815,28.434267044067383,26.26620101928711,25.165454864501953
scene13_traj1_1__000163,0.06737801432609558,0.10327000170946121,0.9253133535385132,0.6931341290473938,1.2579609155654907,41.452674865722656,40.066715240478516,0.06737801432609558,0.10327000170946121,43.66311264038086,41.452674865722656,40.066715240478516,0.06737800687551498,0.10326999425888062,0.5759565830230713,0.5175057649612427,0.8508687019348145,26.841365814208984,26.109987258911133,0.06737800687551498,0.10326999425888062,28.624765396118164,26.841365814208984,26.109987258911133
scene13_traj1_1__000164,0.06789150834083557,0.103938527405262,0.9279728531837463,0.7097776532173157,1.270724892616272,42.20145034790039,40.98761749267578,0.06789150834083557,0.103938527405262,44.2476921081543,42.20145034790039,40.98761749267578,0.06789149343967438,0.1039385199546814,0.5767179727554321,0.5213764309883118,0.8541255593299866,27.064607620239258,26.518260955810547,0.06789149343967438,0.1039385199546814,28.765758514404297,27.064607620239258,26.518260955810547
scene13_traj1_1__000165,0.06770288199186325,0.10354079306125641,0.9336045980453491,0.6919538378715515,1.26289963722229,41.86710739135742,40.506202697753906,0.06770288199186325,0.10354079306125641,43.98836135864258,41.86710739135742,40.506202697753906,0.06770287454128265,0.10354077816009521,0.5842583179473877,0.5291112065315247,0.8650240898132324,28.034055709838867,27.914411544799805,0.06770287454128265,0.10354077816009521,29.24605369567871,28.034055709838867,27.914411544799805
scene13_traj1_1__000166,0.06643351167440414,0.1018291711807251,0.944031298160553,0.7080214023590088,1.2831048965454102,43.20703125,42.45362091064453,0.06643351167440414,0.1018291711807251,44.74863815307617,43.20703125,42.45362091064453,0.06643350422382355,0.1018291637301445,0.5839529633522034,0.5362582802772522,0.8700653910636902,28.219196319580078,28.09624481201172,0.06643350422382355,0.1018291637301445,29.419410705566406,28.219196319580078,28.09624481201172
scene13_traj1_1__000167,0.06636995077133179,0.10165705531835556,0.9452188611030579,0.7137477993965149,1.2887815237045288,43.656497955322266,42.91170120239258,0.06636995077133179,0.10165705531835556,45.02896499633789,43.656497955322266,42.91170120239258,0.06636994332075119,0.10165704041719437,0.5831775069236755,0.537714958190918,0.8705525994300842,28.235078811645508,28.074569702148438,0.06636994332075119,0.10165704041719437,29.42856216430664,28.235078811645508,28.074569702148438
scene13_traj1_1__000168,0.06591086834669113,0.10091539472341537,0.9452641606330872,0.6973856091499329,1.2756402492523193,42.63137435913086,41.47667694091797,0.06591086834669113,0.10091539472341537,44.54035568237305,42.63137435913086,41.47667694091797,0.06591086834669113,0.10091537982225418,0.5847022533416748,0.5392013788223267,0.8730788826942444,28.437711715698242,28.24177360534668,0.06591086834669113,0.10091537982225418,29.49873161315918,28.437711715698242,28.24177360534668
scene13_traj1_1__000169,0.06648972630500793,0.10215006023645401,0.9476064443588257,0.6865708231925964,1.2703077793121338,42.33100509643555,41.01443099975586,0.06648972630500793,0.10215006023645401,44.33788299560547,42.33100509643555,41.01443099975586,0.06648971885442734,0.10215004533529282,0.5832884907722473,0.5430892109870911,0.8747513294219971,28.533212661743164,28.2315616607666,0.06648971885442734,0.10215004533529282,29.583940505981445,28.533212661743164,28.2315616607666
scene13_traj1_1__000170,0.06622790545225143,0.10146846622228622,0.9465352296829224,0.6969586610794067,1.277068018913269,42.6753044128418,41.45649337768555,0.06622790545225143,0.10146846622228622,44.60759735107422,42.6753044128418,41.45649337768555,0.06622790545225143,0.10146845132112503,0.5847434401512146,0.5453449487686157,0.8770617842674255,28.59530258178711,28.30865478515625,0.06622790545225143,0.10146845132112503,29.66143798828125,28.59530258178711,28.30865478515625
scene13_traj1_1__000171,0.0669427216053009,0.10182610899209976,0.9499536752700806,0.6897485256195068,1.2740516662597656,42.31385803222656,40.60499572753906,0.0669427216053009,0.10182610899209976,44.542293548583984,42.31385803222656,40.60499572753906,0.0669427141547203,0.10182609409093857,0.5855177640914917,0.5480189919471741,0.8796638250350952,28.72344970703125,27.993694305419922,0.0669427141547203,0.10182609409093857,29.790136337280273,28.72344970703125,27.993694305419922
scene13_traj1_1__000172,0.06732655316591263,0.10213633626699448,0.9453707337379456,0.7013375163078308,1.2792927026748657,42.803558349609375,41.410709381103516,0.06732655316591263,0.10213633626699448,44.70223617553711,42.803558349609375,41.410709381103516,0.06732655316591263,0.10213632136583328,0.5859561562538147,0.5489569902420044,0.8802040219306946,28.728479385375977,28.04422950744629,0.06732655316591263,0.10213632136583328,29.833324432373047,28.728479385375977,28.04422950744629
scene13_traj1_1__000173,0.06753730028867722,0.10280471295118332,0.9444870352745056,0.6827924251556396,1.2639787197113037,41.59274673461914,39.39816665649414,0.06753730028867722,0.10280471295118332,44.101871490478516,41.59274673461914,39.39816665649414,0.06753728538751602,0.10280470550060272,0.5816246271133423,0.5404894948005676,0.8707772493362427,27.941776275634766,26.635637283325195,0.06753728538751602,0.10280470550060272,29.433027267456055,27.941776275634766,26.635637283325195
scene13_traj1_1__000174,0.06696726381778717,0.10244289040565491,0.9404301643371582,0.7034314274787903,1.2773985862731934,42.0721321105957,39.581512451171875,0.06696726381778717,0.10244289040565491,44.66167449951172,42.0721321105957,39.581512451171875,0.06696724891662598,0.10244287550449371,0.5741522908210754,0.53458571434021,0.8616846203804016,26.84815216064453,24.538253784179688,0.06696724891662598,0.10244287550449371,29.022659301757812,26.84815216064453,24.538253784179688
scene13_traj1_1__000175,0.06681942194700241,0.10275094956159592,0.9284157752990723,0.6894493103027344,1.2570397853851318,40.35708236694336,37.34917449951172,0.06681942194700241,0.10275094956159592,43.757774353027344,40.35708236694336,37.34917449951172,0.06681940704584122,0.10275093466043472,0.5682709813117981,0.5250242352485657,0.850626528263092,25.881378173828125,22.85184669494629,0.06681940704584122,0.10275093466043472,28.57490348815918,25.881378173828125,22.85184669494629
scene13_traj1_1__000176,0.0680181011557579,0.10427165776491165,0.9137853980064392,0.6968771815299988,1.2531005144119263,40.18832015991211,37.03013610839844,0.0680181011557579,0.10427165776491165,43.518463134765625,40.18832015991211,37.03013610839844,0.06801808625459671,0.10427164286375046,0.5593968629837036,0.5089006423950195,0.832631528377533,24.534685134887695,20.89685821533203,0.06801808625459671,0.10427164286375046,27.873497009277344,24.534685134887695,20.89685821533203
scene13_traj1_1__000177,0.0692237839102745,0.10586947202682495,0.9014758467674255,0.6950035095214844,1.2409671545028687,38.98402786254883,35.09263229370117,0.0692237839102745,0.10586947202682495,43.042762756347656,38.98402786254883,35.09263229370117,0.06922376900911331,0.10586945712566376,0.5539878010749817,0.4997536838054657,0.8223682045936584,23.719158172607422,19.741580963134766,0.06922376900911331,0.10586945712566376,27.46977996826172,23.719158172607422,19.741580963134766
scene13_traj1_1__000178,0.07189612835645676,0.10989835858345032,0.8821799755096436,0.7083811163902283,1.2360869646072388,38.69211959838867,35.072967529296875,0.07189612835645676,0.10989835858345032,42.76347732543945,38.69211959838867,35.072967529296875,0.07189612090587616,0.10989834368228912,0.5461050271987915,0.4889259934425354,0.8084136843681335,22.6828556060791,18.60392189025879,0.07189612090587616,0.10989834368228912,26.92026710510254,22.6828556060791,18.60392189025879
scene13_traj1_1__000179,0.07267318665981293,0.11138072609901428,0.870710015296936,0.7036717534065247,1.2229206562042236,37.61735534667969,33.86984634399414,0.07267318665981293,0.11138072609901428,42.13919448852539,37.61735534667969,33.86984634399414,0.07267317920923233,0.11138070374727249,0.5415966510772705,0.48160144686698914,0.7998060584068298,22.302955627441406,18.337486267089844,0.07267317920923233,0.11138070374727249,26.5850830078125,22.302955627441406,18.337486267089844
scene13_traj1_1__000180,0.07330586016178131,0.11196787655353546,0.8773190379142761,0.7207888960838318,1.2431840896606445,39.12922668457031,35.880149841308594,0.07330586016178131,0.11196787655353546,42.91743087768555,39.12922668457031,35.880149841308594,0.07330585271120071,0.11196786165237427,0.5434319376945496,0.476225346326828,0.7974085211753845,22.267032623291016,18.524999618530273,0.07330585271120071,0.11196786165237427,26.462017059326172,22.267032623291016,18.524999618530273
scene13_traj1_1__000181,0.07424776256084442,0.11326482146978378,0.8734467029571533,0.7332479953765869,1.25225830078125,39.86588668823242,37.11540603637695,0.07424776256084442,0.11326482146978378,43.1872673034668,39.86588668823242,37.11540603637695,0.07424774765968323,0.11326480656862259,0.541508138179779,0.46739768981933594,0.7896112203598022,21.931364059448242,18.424602508544922,0.07424774765968323,0.11326480656862259,26.129682540893555,21.931364059448242,18.424602508544922
scene13_traj1_1__000182,0.07423002272844315,0.11327502876520157,0.8704235553741455,0.7399203181266785,1.2544082403182983,39.790863037109375,36.876731872558594,0.07423002272844315,0.11327502876520157,43.2830696105957,39.790863037109375,36.876731872558594,0.07423001527786255,0.11327502131462097,0.5441191792488098,0.4660882353782654,0.7909237146377563,21.979555130004883,18.48972511291504,0.07423001527786255,0.11327502131462097,26.17865562438965,21.979555130004883,18.48972511291504
scene13_traj1_1__000183,0.07423626631498337,0.11355815082788467,0.8684021234512329,0.7222411632537842,1.237383484840393,38.64586639404297,35.514488220214844,0.07423626631498337,0.11355815082788467,42.597869873046875,38.64586639404297,35.514488220214844,0.07423625886440277,0.11355813592672348,0.5387661457061768,0.46073439717292786,0.7829105854034424,21.54936981201172,18.004398345947266,0.07423625886440277,0.11355813592672348,25.875205993652344,21.54936981201172,18.004398345947266
scene13_traj1_1__000184,0.07448622584342957,0.1136990562081337,0.8582299947738647,0.7035935521125793,1.2139177322387695,37.2266845703125,34.08240509033203,0.07448622584342957,0.1136990562081337,41.7027587890625,37.2266845703125,34.08240509033203,0.07448621094226837,0.1136990338563919,0.5358672142028809,0.4538814425468445,0.7766561508178711,21.032432556152344,17.481937408447266,0.07448621094226837,0.1136990338563919,25.594438552856445,21.032432556152344,17.481937408447266
scene13_traj1_1__000185,0.07474938780069351,0.11421126127243042,0.8529617786407471,0.7261519432067871,1.2305686473846436,38.29304504394531,35.790706634521484,0.07474938780069351,0.11421126127243042,42.29389572143555,38.29304504394531,35.790706634521484,0.07474938035011292,0.11421124637126923,0.5371166467666626,0.4527971148490906,0.7767638564109802,21.154348373413086,17.805648803710938,0.07474938035011292,0.11421124637126923,25.57244300842285,21.154348373413086,17.805648803710938
scene13_traj1_1__000186,0.07449597865343094,0.11382435262203217,0.8589980006217957,0.7115412354469299,1.222253441810608,37.833587646484375,35.2286376953125,0.07449597865343094,0.11382435262203217,41.99101257324219,37.833587646484375,35.2286376953125,0.07449596375226974,0.11382433027029037,0.5399224162101746,0.45060673356056213,0.7778295278549194,21.19573211669922,17.839723587036133,0.07449596375226974,0.11382433027029037,25.605484008789062,21.19573211669922,17.839723587036133
scene13_traj1_1__000187,0.0743078738451004,0.11361254751682281,0.8582651019096375,0.719215989112854,1.2279328107833862,37.93114471435547,35.22644805908203,0.0743078738451004,0.11361254751682281,42.148223876953125,37.93114471435547,35.22644805908203,0.0743078663945198,0.11361254006624222,0.5394977331161499,0.4536167085170746,0.7797977328300476,21.22408676147461,17.792463302612305,0.0743078663945198,0.11361254006624222,25.6849422454834,21.22408676147461,17.792463302612305
scene13_traj1_1__000188,0.07362154126167297,0.11252411454916,0.8657274842262268,0.7066459059715271,1.2226778268814087,37.88986587524414,35.22210693359375,0.07362154126167297,0.11252411454916,41.95933532714844,37.88986587524414,35.22210693359375,0.07362153381109238,0.11252409964799881,0.5409852862358093,0.4509768486022949,0.7790009379386902,21.294612884521484,18.04568099975586,0.07362153381109238,0.11252409964799881,25.6632080078125,21.294612884521484,18.04568099975586
scene13_traj1_1__000189,0.07309003919363022,0.11177756637334824,0.8661848306655884,0.705880343914032,1.221367597579956,38.00243377685547,35.39179992675781,0.07309003919363022,0.11177756637334824,41.992130279541016,38.00243377685547,35.39179992675781,0.07309003174304962,0.11177755147218704,0.542489230632782,0.4545993506908417,0.7818950414657593,21.363698959350586,18.03924560546875,0.07309003174304962,0.11177755147218704,25.783979415893555,21.363698959350586,18.03924560546875
scene13_traj1_1__000190,0.07293651252985,0.11134981364011765,0.867973804473877,0.7283560037612915,1.2436798810958862,39.100582122802734,36.79224395751953,0.07293651252985,0.11134981364011765,42.7326545715332,39.100582122802734,36.79224395751953,0.07293649017810822,0.11134979128837585,0.5445224046707153,0.45575782656669617,0.7852091193199158,21.4884033203125,18.101057052612305,0.07293649017810822,0.11134979128837585,25.91022491455078,21.4884033203125,18.101057052612305
scene13_traj1_1__000191,0.07234705239534378,0.11072216182947159,0.8655352592468262,0.7338529825210571,1.2472188472747803,39.392330169677734,37.040958404541016,0.07234705239534378,0.11072216182947159,42.853511810302734,39.392330169677734,37.040958404541016,0.07234704494476318,0.11072215437889099,0.5450549721717834,0.45626482367515564,0.7856982946395874,21.40043067932129,17.94141387939453,0.07234704494476318,0.11072215437889099,25.92152214050293,21.40043067932129,17.94141387939453
scene13_traj1_1__000192,0.07203391939401627,0.11030223220586777,0.8675457835197449,0.7148358225822449,1.232952356338501,38.30267333984375,35.67536163330078,0.07203391939401627,0.11030223220586777,42.29344177246094,38.30267333984375,35.67536163330078,0.07203391194343567,0.11030222475528717,0.544660210609436,0.45362958312034607,0.7838655114173889,21.30423927307129,17.81089210510254,0.07203391194343567,0.11030222475528717,25.84926414489746,21.30423927307129,17.81089210510254
scene13_traj1_1__000193,0.07151371240615845,0.10955760627985,0.8692896366119385,0.7221618294715881,1.2406500577926636,38.783912658691406,36.300479888916016,0.07151371240615845,0.10955760627985,42.657676696777344,38.783912658691406,36.300479888916016,0.07151370495557785,0.10955759882926941,0.5457261800765991,0.4516356885433197,0.7833653092384338,21.155366897583008,17.674150466918945,0.07151370495557785,0.10955759882926941,25.798229217529297,21.155366897583008,17.674150466918945
scene13_traj1_1__000194,0.06920965015888214,0.10697737336158752,0.8603659868240356,0.7276769280433655,1.2377697229385376,37.921295166015625,34.87389373779297,0.06920965015888214,0.10697737336158752,42.4764518737793,37.921295166015625,34.87389373779297,0.06920964270830154,0.10697737336158752,0.54281085729599,0.45440948009490967,0.7823237776756287,20.816993713378906,17.08086585998535,0.06920964270830154,0.10697737336158752,25.757394790649414,20.816993713378906,17.08086585998535
scene13_traj1_1__000195,0.06643792241811752,0.10366880893707275,0.8704127073287964,0.7131132483482361,1.2327418327331543,37.0761604309082,33.39337921142578,0.06643792241811752,0.10366880893707275,42.40083694458008,37.0761604309082,33.39337921142578,0.06643791496753693,0.10366880148649216,0.5406937599182129,0.4576171636581421,0.7823467254638672,20.436416625976562,16.36478614807129,0.06643791496753693,0.10366880148649216,25.75848388671875,20.436416625976562,16.36478614807129
scene13_traj1_1__000196,0.06430540233850479,0.10150908678770065,0.8803889155387878,0.7340500950813293,1.2590835094451904,38.59169006347656,35.312808990478516,0.06430540233850479,0.10150908678770065,43.37471389770508,38.59169006347656,35.312808990478516,0.0643053948879242,0.10150907188653946,0.5386744737625122,0.4650455713272095,0.7865327000617981,20.254474639892578,16.116071701049805,0.0643053948879242,0.10150907188653946,25.888526916503906,20.254474639892578,16.116071701049805
scene13_traj1_1__000197,0.06408201158046722,0.10095016658306122,0.8864301443099976,0.7258707880973816,1.25801420211792,38.548057556152344,35.148780822753906,0.06408201158046722,0.10095016658306122,43.35045623779297,38.548057556152344,35.148780822753906,0.06408200412988663,0.10095015913248062,0.5366144776344299,0.4639844596385956,0.7832093834877014,20.23484992980957,16.08376693725586,0.06408200412988663,0.10095015913248062,25.77191162109375,20.23484992980957,16.08376693725586
scene13_traj1_1__000198,0.06222632899880409,0.09882444888353348,0.8982264995574951,0.7387852668762207,1.2795007228851318,40.2193603515625,37.24329376220703,0.06222632899880409,0.09882444888353348,44.268131256103516,40.2193603515625,37.24329376220703,0.0622263178229332,0.09882443398237228,0.5384801626205444,0.4675850570201874,0.7870345115661621,20.223676681518555,15.943750381469727,0.0622263178229332,0.09882443398237228,25.90277862548828,20.223676681518555,15.943750381469727
scene13_traj1_1__000199,0.06157850846648216,0.09841928631067276,0.8988773822784424,0.6987645626068115,1.2456943988800049,37.53615951538086,33.63533401489258,0.06157850846648216,0.09841928631067276,42.95833969116211,37.53615951538086,33.63533401489258,0.061578501015901566,0.09841927886009216,0.537639856338501,0.4727821946144104,0.7901396155357361,20.161802291870117,15.813838958740234,0.061578501015901566,0.09841927886009216,26.0235652923584,20.161802291870117,15.813838958740234
scene13_traj1_1__000200,0.06011576950550079,0.09694065898656845,0.9063672423362732,0.7015187740325928,1.2543233633041382,37.61412048339844,33.63351058959961,0.06011576950550079,0.09694065898656845,43.350337982177734,37.61412048339844,33.63351058959961,0.0601157620549202,0.09694064408540726,0.5363709330558777,0.4791569411754608,0.7937138676643372,20.350797653198242,16.09243392944336,0.0601157620549202,0.09694064408540726,26.178251266479492,20.350797653198242,16.09243392944336
scene13_traj1_1__000201,0.05993510037660599,0.09695030748844147,0.9221495389938354,0.70818692445755,1.2744061946868896,39.50822448730469,36.12405014038086,0.05993510037660599,0.09695030748844147,44.185096740722656,39.50822448730469,36.12405014038086,0.059935085475444794,0.09695030003786087,0.5375596880912781,0.4874800145626068,0.8010528683662415,20.805482864379883,16.821216583251953,0.059935085475444794,0.09695030003786087,26.442256927490234,20.805482864379883,16.821216583251953
scene13_traj1_1__000202,0.05985449627041817,0.09697543829679489,0.9182653427124023,0.7106478810310364,1.2728183269500732,39.12950897216797,35.63531494140625,0.05985449627041817,0.09697543829679489,44.0730094909668,39.12950897216797,35.63531494140625,0.05985448509454727,0.0969754233956337,0.5390884876251221,0.48591935634613037,0.8009807467460632,20.911245346069336,16.982332229614258,0.05985448509454727,0.0969754233956337,26.459300994873047,20.911245346069336,16.982332229614258
scene13_traj1_1__000203,0.05949403718113899,0.09677550196647644,0.9287357926368713,0.677258312702179,1.2514960765838623,37.51561737060547,33.056915283203125,0.05949403718113899,0.09677550196647644,43.315364837646484,37.51561737060547,33.056915283203125,0.0594940222799778,0.09677549451589584,0.5385664701461792,0.49242645502090454,0.8060951828956604,21.150476455688477,17.201549530029297,0.0594940222799778,0.09677549451589584,26.665626525878906,21.150476455688477,17.201549530029297
scene13_traj1_1__000204,0.05930830538272858,0.09664277732372284,0.9404243230819702,0.673611044883728,1.2585231065750122,38.11848449707031,33.83941650390625,0.05930830538272858,0.09664277732372284,43.65607452392578,38.11848449707031,33.83941650390625,0.05930829793214798,0.09664276987314224,0.5377620458602905,0.494778573513031,0.8076242208480835,21.250150680541992,17.40648078918457,0.05930829793214798,0.09664276987314224,26.707992553710938,21.250150680541992,17.40648078918457
scene13_traj1_1__000205,0.05984495207667351,0.0972757413983345,0.9388287663459778,0.6733793616294861,1.2575501203536987,38.03960418701172,33.581787109375,0.05984495207667351,0.0972757413983345,43.64657211303711,38.03960418701172,33.581787109375,0.05984494462609291,0.0972757339477539,0.5414075255393982,0.49963322281837463,0.8141260147094727,21.65040397644043,17.84839630126953,0.05984494462609291,0.0972757339477539,26.951475143432617,21.65040397644043,17.84839630126953
scene13_traj1_1__000206,0.05939539149403572,0.09663187712430954,0.9484589695930481,0.6717048287391663,1.2614537477493286,38.47687530517578,34.108001708984375,0.05939539149403572,0.09663187712430954,43.859214782714844,38.47687530517578,34.108001708984375,0.059395384043455124,0.09663186222314835,0.5432385206222534,0.5027353167533875,0.8184049725532532,21.87465476989746,18.077192306518555,0.059395384043455124,0.09663186222314835,27.117300033569336,21.87465476989746,18.077192306518555
scene13_traj1_1__000207,0.05953535437583923,0.09702873229980469,0.9468603134155273,0.666083574295044,1.2568122148513794,38.279335021972656,33.84934616088867,0.05953535437583923,0.09702873229980469,43.62616729736328,38.279335021972656,33.84934616088867,0.059535346925258636,0.0970287173986435,0.5427045226097107,0.5016710758209229,0.8168511986732483,21.874053955078125,18.119178771972656,0.059535346925258636,0.0970287173986435,27.06864356994629,21.874053955078125,18.119178771972656
scene13_traj1_1__000208,0.059995152056217194,0.09737624228000641,0.9457083940505981,0.693719208240509,1.2776979207992554,39.73164367675781,35.702335357666016,0.059995152056217194,0.09737624228000641,44.4874267578125,39.73164367675781,35.702335357666016,0.0599951408803463,0.09737623482942581,0.5422915816307068,0.4996519386768341,0.8147228360176086,21.73209571838379,17.887041091918945,0.0599951408803463,0.09737623482942581,26.99539566040039,21.73209571838379,17.887041091918945
scene13_traj1_1__000209,0.05966901406645775,0.09704972803592682,0.943962574005127,0.6837806105613708,1.2688448429107666,38.79191970825195,34.331851959228516,0.05966901406645775,0.09704972803592682,44.072906494140625,38.79191970825195,34.331851959228516,0.05966900661587715,0.09704970568418503,0.5394473075866699,0.4986129701137543,0.8119065761566162,21.62035369873047,17.622142791748047,0.05966900661587715,0.09704970568418503,26.902883529663086,21.62035369873047,17.622142791748047
scene13_traj1_1__000210,0.05998162180185318,0.09765343368053436,0.940112292766571,0.6973256468772888,1.2755978107452393,39.442100524902344,35.158992767333984,0.05998162180185318,0.09765343368053436,44.39737319946289,39.442100524902344,35.158992767333984,0.059981610625982285,0.09765341877937317,0.5393351316452026,0.49866393208503723,0.8119868636131287,21.439117431640625,17.173187255859375,0.059981610625982285,0.09765341877937317,26.90152931213379,21.439117431640625,17.173187255859375
scene13_traj1_1__000211,0.062037695199251175,0.10063506662845612,0.9343722462654114,0.7087059617042542,1.2838770151138306,40.302711486816406,36.56044387817383,0.062037695199251175,0.10063506662845612,44.66486740112305,40.302711486816406,36.56044387817383,0.062037695199251175,0.10063505172729492,0.5350667238235474,0.49178066849708557,0.8033554553985596,20.811996459960938,16.365541458129883,0.062037695199251175,0.10063505172729492,26.569229125976562,20.811996459960938,16.365541458129883
scene13_traj1_1__000212,0.06197705119848251,0.10081662982702255,0.9367992877960205,0.6971262693405151,1.2763431072235107,39.667171478271484,35.82087707519531,0.06197705119848251,0.10081662982702255,44.358402252197266,39.667171478271484,35.82087707519531,0.06197703629732132,0.10081661492586136,0.5324066877365112,0.4927675426006317,0.802249550819397,20.739774703979492,16.188188552856445,0.06197703629732132,0.10081661492586136,26.517581939697266,20.739774703979492,16.188188552856445
scene13_traj1_1__000213,0.062208954244852066,0.10129742324352264,0.9364174008369446,0.6833184957504272,1.2633893489837646,38.7241325378418,34.44517135620117,0.062208954244852066,0.10129742324352264,43.884822845458984,38.7241325378418,34.44517135620117,0.06220893934369087,0.10129740834236145,0.5325643420219421,0.4896138608455658,0.8004159331321716,20.457597732543945,15.701155662536621,0.06220893934369087,0.10129740834236145,26.4456729888916,20.457597732543945,15.701155662536621
scene13_traj1_1__000214,0.06246473640203476,0.10160350054502487,0.9331724643707275,0.6841326951980591,1.2617162466049194,38.48228073120117,34.08523941040039,0.06246473640203476,0.10160350054502487,43.84542465209961,38.48228073120117,34.08523941040039,0.06246473267674446,0.10160347819328308,0.5334769487380981,0.4909636676311493,0.8023204803466797,20.486669540405273,15.639912605285645,0.06246473267674446,0.10160347819328308,26.502389907836914,20.486669540405273,15.639912605285645
scene13_traj1_1__000215,0.06235726922750473,0.10123037546873093,0.9345008730888367,0.674007773399353,1.2533334493637085,37.790287017822266,33.01560974121094,0.06235726922750473,0.10123037546873093,43.53636169433594,37.790287017822266,33.01560974121094,0.06235725060105324,0.10123036056756973,0.5334784388542175,0.4919944405555725,0.8032627105712891,20.383752822875977,15.41920280456543,0.06235725060105324,0.10123036056756973,26.542434692382812,20.383752822875977,15.41920280456543
scene13_traj1_1__000216,0.06274773925542831,0.10196930915117264,0.9364194273948669,0.6726078391075134,1.2536195516586304,37.4487419128418,32.16486358642578,0.06274773925542831,0.10196930915117264,43.634761810302734,37.4487419128418,32.16486358642578,0.06274772435426712,0.10196928679943085,0.5311380624771118,0.4915437400341034,0.8010150194168091,20.34815216064453,15.289778709411621,0.06274772435426712,0.10196928679943085,26.44170379638672,20.34815216064453,15.289778709411621
scene13_traj1_1__000217,0.06265044957399368,0.1018371433019638,0.9337964057922363,0.6702331304550171,1.2484768629074097,37.00530242919922,31.567886352539062,0.06265044957399368,0.1018371433019638,43.38699722290039,37.00530242919922,31.567886352539062,0.06265044212341309,0.10183712840080261,0.5310400128364563,0.49009788036346436,0.8002134561538696,20.180089950561523,15.043679237365723,0.06265044212341309,0.10183712840080261,26.421371459960938,20.180089950561523,15.043679237365723
scene13_traj1_1__000218,0.06281527131795883,0.10238339751958847,0.9331403970718384,0.6716404557228088,1.250396490097046,37.237606048583984,31.91213035583496,0.06281527131795883,0.10238339751958847,43.4446907043457,37.237606048583984,31.91213035583496,0.06281526386737823,0.10238338261842728,0.529587984085083,0.4891393780708313,0.7978000640869141,20.080669403076172,14.884297370910645,0.06281526386737823,0.10238338261842728,26.329347610473633,20.080669403076172,14.884297370910645
scene13_traj1_1__000219,0.06291962414979935,0.10237614065408707,0.9245744943618774,0.6810280084609985,1.250158429145813,37.17616271972656,32.12417221069336,0.06291962414979935,0.10237614065408707,43.42262268066406,37.17616271972656,32.12417221069336,0.06291960924863815,0.10237613320350647,0.5317767262458801,0.49035319685935974,0.8008910417556763,20.302621841430664,15.099326133728027,0.06291960924863815,0.10237613320350647,26.431398391723633,20.302621841430664,15.099326133728027
scene13_traj1_1__000220,0.06306639313697815,0.10277082771062851,0.9367750287055969,0.6680817604064941,1.2480911016464233,36.984310150146484,31.511381149291992,0.06306639313697815,0.10277082771062851,43.41195297241211,36.984310150146484,31.511381149291992,0.06306638568639755,0.10277081280946732,0.527595043182373,0.49157461524009705,0.7984039783477783,20.06285858154297,14.67784309387207,0.06306638568639755,0.10277081280946732,26.339067459106445,20.06285858154297,14.67784309387207
scene13_traj1_1__000221,0.06332825124263763,0.10285253822803497,0.9350132942199707,0.6752398014068604,1.2537120580673218,37.76791000366211,32.78813171386719,0.06332825124263763,0.10285253822803497,43.63503646850586,37.76791000366211,32.78813171386719,0.06332823634147644,0.10285251587629318,0.5293630957603455,0.49057620763778687,0.7993212342262268,20.03644561767578,14.592745780944824,0.06332823634147644,0.10285251587629318,26.354244232177734,20.03644561767578,14.592745780944824
scene13_traj1_1__000222,0.06328209489583969,0.10293394327163696,0.9430030584335327,0.6665965914726257,1.253579020500183,37.823829650878906,32.94556427001953,0.06328209489583969,0.10293394327163696,43.662269592285156,37.823829650878906,32.94556427001953,0.0632820799946785,0.10293392837047577,0.5288931131362915,0.4899055063724518,0.7981742024421692,19.93304443359375,14.482640266418457,0.0632820799946785,0.10293392837047577,26.30683135986328,19.93304443359375,14.482640266418457
scene13_traj1_1__000223,0.06395220756530762,0.10403691232204437,0.9277793169021606,0.6572697758674622,1.2325087785720825,36.15849685668945,30.435007095336914,0.06395220756530762,0.10403691232204437,42.86262130737305,36.15849685668945,30.435007095336914,0.06395220011472702,0.10403690487146378,0.5268480777740479,0.48643791675567627,0.7941854596138,19.74924087524414,14.35011100769043,0.06395220011472702,0.10403690487146378,26.154701232910156,19.74924087524414,14.35011100769043
scene13_traj1_1__000224,0.06373748928308487,0.10381287336349487,0.9284601807594299,0.6551809310913086,1.2326711416244507,36.084259033203125,30.416706085205078,0.06373748928308487,0.10381287336349487,42.852508544921875,36.084259033203125,30.416706085205078,0.06373747438192368,0.10381285101175308,0.522965669631958,0.48256903886795044,0.788165807723999,19.3188419342041,13.884300231933594,0.06373747438192368,0.10381285101175308,25.934864044189453,19.3188419342041,13.884300231933594
scene13_traj1_1__000225,0.06527892500162125,0.10575848817825317,0.9256268739700317,0.6662939190864563,1.2360845804214478,36.59248733520508,31.55569076538086,0.06527892500162125,0.10575848817825317,42.93218994140625,36.59248733520508,31.55569076538086,0.06527891755104065,0.10575846582651138,0.5189039707183838,0.47874194383621216,0.7813472747802734,19.040075302124023,13.555779457092285,0.06527891755104065,0.10575846582651138,25.685245513916016,19.040075302124023,13.555779457092285
scene13_traj1_1__000226,0.06668797880411148,0.10720089823007584,0.9114573001861572,0.6763139367103577,1.2359967231750488,36.346702575683594,31.157867431640625,0.06668797880411148,0.10720089823007584,42.8802375793457,36.346702575683594,31.157867431640625,0.06668795645236969,0.10720088332891464,0.5214139819145203,0.4806011915206909,0.7843380570411682,19.406007766723633,14.022797584533691,0.06668795645236969,0.10720088332891464,25.82082748413086,19.406007766723633,14.022797584533691
scene13_traj1_1__000227,0.0667007640004158,0.10679540038108826,0.9091516733169556,0.6723871827125549,1.2298603057861328,36.05605697631836,30.75039291381836,0.0667007640004158,0.10679540038108826,42.68302536010742,36.05605697631836,30.75039291381836,0.0667007565498352,0.10679537802934647,0.5239371657371521,0.4812879264354706,0.78662109375,19.584291458129883,14.268980026245117,0.0667007565498352,0.10679537802934647,25.909137725830078,19.584291458129883,14.268980026245117
scene13_traj1_1__000228,0.06658622622489929,0.10614686459302902,0.9137362837791443,0.6671568751335144,1.2290998697280884,36.31013488769531,30.949296951293945,0.06658622622489929,0.10614686459302902,42.65605163574219,36.31013488769531,30.949296951293945,0.0665862113237381,0.10614683479070663,0.5221309661865234,0.4817788600921631,0.7855779528617859,19.586627960205078,14.176176071166992,0.0665862113237381,0.10614683479070663,25.893510818481445,19.586627960205078,14.176176071166992
scene13_traj1_1__000229,0.0669785812497139,0.10623764991760254,0.9177855849266052,0.7011772394180298,1.259819746017456,38.425926208496094,33.95256805419922,0.0669785812497139,0.10623764991760254,43.82826614379883,38.425926208496094,33.95256805419922,0.0669785737991333,0.10623763501644135,0.5214402079582214,0.4774169921875,0.7810469269752502,19.45366859436035,14.03890323638916,0.0669785737991333,0.10623763501644135,25.729787826538086,19.45366859436035,14.03890323638916
scene13_traj1_1__000230,0.06860724091529846,0.10825509577989578,0.9149566292762756,0.6853160858154297,1.2464569807052612,37.64854431152344,33.24894714355469,0.06860724091529846,0.10825509577989578,43.2789421081543,37.64854431152344,33.24894714355469,0.06860722601413727,0.10825508832931519,0.5167243480682373,0.4759959280490875,0.7756063342094421,19.216060638427734,13.89703369140625,0.06860722601413727,0.10825508832931519,25.541400909423828,19.216060638427734,13.89703369140625
scene13_traj1_1__000231,0.0704057514667511,0.10979270190000534,0.877572774887085,0.7102499008178711,1.2362886667251587,36.917808532714844,32.30556869506836,0.0704057514667511,0.10979270190000534,42.852813720703125,36.917808532714844,32.30556869506836,0.07040572911500931,0.10979268699884415,0.5148366093635559,0.47201481461524963,0.7709077000617981,19.090251922607422,13.816288948059082,0.07040572911500931,0.10979268699884415,25.418909072875977,19.090251922607422,13.816288948059082
scene13_traj1_1__000232,0.06982632726430893,0.10895713418722153,0.8684341907501221,0.713775634765625,1.2311705350875854,36.78691482543945,32.11198425292969,0.06982632726430893,0.10895713418722153,42.625946044921875,36.78691482543945,32.11198425292969,0.06982631981372833,0.10895711928606033,0.5163164734840393,0.47325563430786133,0.7725025415420532,19.203773498535156,13.88302993774414,0.06982631981372833,0.10895711928606033,25.49527359008789,19.203773498535156,13.88302993774414
scene13_traj1_1__000233,0.07276231795549393,0.11237096041440964,0.8675463795661926,0.7122254371643066,1.228533387184143,37.098262786865234,32.407047271728516,0.07276231795549393,0.11237096041440964,42.55744171142578,37.098262786865234,32.407047271728516,0.07276229560375214,0.11237093806266785,0.5113692283630371,0.46299639344215393,0.7614762187004089,19.00937843322754,13.844901084899902,0.07276229560375214,0.11237093806266785,25.10658073425293,19.00937843322754,13.844901084899902
scene13_traj1_1__000234,0.07545202970504761,0.11680138111114502,0.8600864410400391,0.7234184741973877,1.2309486865997314,37.226531982421875,32.850128173828125,0.07545202970504761,0.11680138111114502,42.58345413208008,37.226531982421875,32.850128173828125,0.07545202225446701,0.11680136620998383,0.5057345032691956,0.4516449570655823,0.7492076754570007,18.516468048095703,13.665522575378418,0.07545202225446701,0.11680136620998383,24.623498916625977,18.516468048095703,13.665522575378418
scene13_traj1_1__000235,0.07855893671512604,0.12195926904678345,0.840395987033844,0.7352895736694336,1.2294458150863647,36.4708251953125,32.197654724121094,0.07855893671512604,0.12195926904678345,42.37556838989258,36.4708251953125,32.197654724121094,0.07855891436338425,0.12195926159620285,0.513516902923584,0.43393030762672424,0.7433359622955322,18.435169219970703,14.62471866607666,0.07855891436338425,0.12195926159620285,24.26038932800293,18.435169219970703,14.62471866607666
scene13_traj1_1__000236,0.0790124237537384,0.12242332845926285,0.8398205637931824,0.7379313111305237,1.2279490232467651,36.575897216796875,32.29117202758789,0.0790124237537384,0.12242332845926285,42.464820861816406,36.575897216796875,32.29117202758789,0.0790124163031578,0.12242332100868225,0.5214818716049194,0.4299192428588867,0.7470651268959045,18.84136962890625,15.358439445495605,0.0790124163031578,0.12242332100868225,24.346914291381836,18.84136962890625,15.358439445495605
scene13_traj1_1__000237,0.07979703694581985,0.12311916053295135,0.83551025390625,0.7422288060188293,1.2294973134994507,36.830291748046875,32.729034423828125,0.07979703694581985,0.12311916053295135,42.42490005493164,36.830291748046875,32.729034423828125,0.07979702949523926,0.12311915308237076,0.5208793878555298,0.4292585849761963,0.7456861734390259,18.808368682861328,15.307971954345703,0.07979702949523926,0.12311915308237076,24.296648025512695,18.808368682861328,15.307971954345703
scene13_traj1_1__000238,0.07928967475891113,0.12272023409605026,0.8319613337516785,0.7278583645820618,1.2152552604675293,35.29039764404297,30.891334533691406,0.07928967475891113,0.12272023409605026,41.85133361816406,35.29039764404297,30.891334533691406,0.07928966730833054,0.12272021919488907,0.5231090784072876,0.4276484251022339,0.7466185688972473,19.015756607055664,15.811739921569824,0.07928966730833054,0.12272021919488907,24.327659606933594,19.015756607055664,15.811739921569824
scene13_traj1_1__000239,0.08033274859189987,0.12431766837835312,0.8421605825424194,0.7011683583259583,1.1992409229278564,34.78641891479492,30.095396041870117,0.08033274859189987,0.12431766837835312,41.362857818603516,34.78641891479492,30.095396041870117,0.08033273369073868,0.12431764602661133,0.5181722044944763,0.42251238226890564,0.7380729913711548,18.468502044677734,15.229220390319824,0.08033273369073868,0.12431764602661133,24.016565322875977,18.468502044677734,15.229220390319824
scene13_traj1_1__000240,0.0800011083483696,0.12438317388296127,0.8370057940483093,0.7141146659851074,1.206246256828308,34.655921936035156,30.222021102905273,0.0800011083483696,0.12438317388296127,41.43164825439453,34.655921936035156,30.222021102905273,0.080001100897789,0.12438315898180008,0.5180315375328064,0.4199744462966919,0.736571729183197,18.402244567871094,15.309831619262695,0.080001100897789,0.12438315898180008,23.946916580200195,18.402244567871094,15.309831619262695
scene13_traj1_1__000241,0.081516794860363,0.12627947330474854,0.8274646401405334,0.6979705691337585,1.1854761838912964,33.46991729736328,28.979257583618164,0.081516794860363,0.12627947330474854,40.768035888671875,33.46991729736328,28.979257583618164,0.08151677250862122,0.12627945840358734,0.5155777931213379,0.41764017939567566,0.7319411039352417,18.204164505004883,15.282383918762207,0.08151677250862122,0.12627945840358734,23.76085090637207,18.204164505004883,15.282383918762207
scene13_traj1_1__000242,0.08197914808988571,0.12695088982582092,0.8233147263526917,0.6944787502288818,1.1796799898147583,33.317237854003906,28.898765563964844,0.08197914808988571,0.12695088982582092,40.539451599121094,33.317237854003906,28.898765563964844,0.08197914063930511,0.12695087492465973,0.5185744762420654,0.41634348034858704,0.7337357401847839,18.25107765197754,15.319506645202637,0.08197914063930511,0.12695087492465973,23.8341064453125,18.25107765197754,15.319506645202637
scene13_traj1_1__000243,0.0834546834230423,0.12837384641170502,0.8222763538360596,0.7045938372612,1.1867808103561401,33.58330154418945,29.20228385925293,0.0834546834230423,0.12837384641170502,40.67555236816406,33.58330154418945,29.20228385925293,0.0834546759724617,0.12837381660938263,0.5158205628395081,0.4102379381656647,0.7265760898590088,18.091999053955078,15.311403274536133,0.0834546759724617,0.12837381660938263,23.57445526123047,18.091999053955078,15.311403274536133
scene13_traj1_1__000244,0.08398019522428513,0.12824496626853943,0.8177881240844727,0.6928372383117676,1.1685470342636108,32.427024841308594,28.32006072998047,0.08398019522428513,0.12824496626853943,40.027854919433594,32.427024841308594,28.32006072998047,0.08398018032312393,0.12824495136737823,0.5133460760116577,0.40809088945388794,0.7221355438232422,18.043357849121094,15.358262062072754,0.08398018032312393,0.12824495136737823,23.424203872680664,18.043357849121094,15.358262062072754
scene13_traj1_1__000245,0.08551348000764847,0.1298515498638153,0.8113589286804199,0.6737583875656128,1.1495471000671387,31.550621032714844,27.40328598022461,0.08551348000764847,0.1298515498638153,39.36372756958008,31.550621032714844,27.40328598022461,0.08551346510648727,0.1298515349626541,0.5112689733505249,0.40357571840286255,0.7169948220252991,17.82094955444336,15.18691349029541,0.08551346510648727,0.1298515349626541,23.262828826904297,17.82094955444336,15.18691349029541
scene13_traj1_1__000246,0.08481822162866592,0.12919631600379944,0.8135322332382202,0.7152330279350281,1.1860357522964478,33.31053161621094,29.20219612121582,0.08481822162866592,0.12919631600379944,40.6329231262207,33.31053161621094,29.20219612121582,0.08481820672750473,0.12919628620147705,0.5077528357505798,0.4028165638446808,0.7135579586029053,17.53447914123535,14.85058307647705,0.08481820672750473,0.12919628620147705,23.099912643432617,17.53447914123535,14.85058307647705
scene13_traj1_1__000247,0.08516154438257217,0.12947091460227966,0.8108556866645813,0.7009825706481934,1.170883297920227,32.663726806640625,28.692461013793945,0.08516154438257217,0.12947091460227966,40.07557678222656,32.663726806640625,28.692461013793945,0.08516153693199158,0.12947089970111847,0.5056477189064026,0.40523669123649597,0.7134497165679932,17.502185821533203,14.814770698547363,0.08516153693199158,0.12947089970111847,23.110795974731445,17.502185821533203,14.814770698547363
scene13_traj1_1__000248,0.08273103088140488,0.12808386981487274,0.8319318890571594,0.689836323261261,1.1827539205551147,33.02834701538086,28.946367263793945,0.08273103088140488,0.12808386981487274,40.56338882446289,33.02834701538086,28.946367263793945,0.08273101598024368,0.12808384001255035,0.5017419457435608,0.41161397099494934,0.7162846326828003,17.054183959960938,14.144145011901855,0.08273101598024368,0.12808384001255035,23.21287727355957,17.054183959960938,14.144145011901855
scene13_traj1_1__000249,0.08020889759063721,0.12665864825248718,0.8577471971511841,0.6695618033409119,1.18468177318573,32.42391586303711,27.973602294921875,0.08020889759063721,0.12665864825248718,40.68545150756836,32.42391586303711,27.973602294921875,0.08020888268947601,0.126658633351326,0.4944117069244385,0.4191644787788391,0.7155042886734009,16.1177978515625,12.900400161743164,0.08020888268947601,0.126658633351326,23.195024490356445,16.1177978515625,12.900400161743164
scene13_traj1_1__000250,0.07913386076688766,0.12535418570041656,0.8560556769371033,0.6629721522331238,1.1801813840866089,31.975831985473633,27.54755401611328,0.07913386076688766,0.12535418570041656,40.567108154296875,31.975831985473633,27.54755401611328,0.07913383841514587,0.12535417079925537,0.49829724431037903,0.4193706214427948,0.7193560600280762,16.180248260498047,12.885129928588867,0.07913383841514587,0.12535417079925537,23.336820602416992,16.180248260498047,12.885129928588867
scene13_traj1_1__000251,0.07820173352956772,0.12446339428424835,0.8600916862487793,0.6476050615310669,1.169396996498108,31.170310974121094,26.301998138427734,0.07820173352956772,0.12446339428424835,40.191471099853516,31.170310974121094,26.301998138427734,0.07820172607898712,0.12446337193250656,0.49736809730529785,0.42184320092201233,0.720745325088501,16.081462860107422,12.750802993774414,0.07820172607898712,0.12446337193250656,23.395755767822266,16.081462860107422,12.750802993774414
scene13_traj1_1__000252,0.07856078445911407,0.1250157654285431,0.8633027076721191,0.6494492292404175,1.1739649772644043,31.387550354003906,26.590904235839844,0.07856078445911407,0.1250157654285431,40.33917999267578,31.387550354003906,26.590904235839844,0.07856075465679169,0.1250157505273819,0.4953215718269348,0.42156359553337097,0.7185354232788086,16.028594970703125,12.643049240112305,0.07856075465679169,0.1250157505273819,23.303010940551758,16.028594970703125,12.643049240112305
scene13_traj1_1__000253,0.07979587465524673,0.12631188333034515,0.8567901253700256,0.6510266065597534,1.1696553230285645,31.240785598754883,26.467321395874023,0.07979587465524673,0.12631188333034515,40.182003021240234,31.240785598754883,26.467321395874023,0.07979585975408554,0.12631186842918396,0.49609819054603577,0.4195151925086975,0.7176213264465332,15.927284240722656,12.58923625946045,0.07979585975408554,0.12631186842918396,23.286663055419922,15.927284240722656,12.58923625946045
scene13_traj1_1__000254,0.0806426852941513,0.12788332998752594,0.8555915951728821,0.6552050113677979,1.1714212894439697,31.237045288085938,26.454696655273438,0.0806426852941513,0.12788332998752594,40.17179870605469,31.237045288085938,26.454696655273438,0.08064266294240952,0.12788331508636475,0.49578621983528137,0.4168742001056671,0.7157818675041199,15.908405303955078,12.542929649353027,0.08064266294240952,0.12788331508636475,23.227066040039062,15.908405303955078,12.542929649353027
scene13_traj1_1__000255,0.08041691780090332,0.1280186027288437,0.8591127991676331,0.6703936457633972,1.1883596181869507,32.41698455810547,27.568084716796875,0.08041691780090332,0.1280186027288437,40.834598541259766,32.41698455810547,27.568084716796875,0.08041690289974213,0.1280185878276825,0.4938960373401642,0.4225706160068512,0.7182210087776184,15.89579963684082,12.308831214904785,0.08041690289974213,0.1280185878276825,23.346332550048828,15.89579963684082,12.308831214904785
scene13_traj1_1__000256,0.08000020682811737,0.12809190154075623,0.8644724488258362,0.651826798915863,1.1770445108413696,31.753767013549805,26.56951141357422,0.08000020682811737,0.12809190154075623,40.45903778076172,31.753767013549805,26.56951141357422,0.08000019937753677,0.12809190154075623,0.4914155602455139,0.42626962065696716,0.7180647850036621,15.748120307922363,12.029975891113281,0.08000019937753677,0.12809190154075623,23.367658615112305,15.748120307922363,12.029975891113281
scene13_traj1_1__000257,0.07927816361188889,0.12771853804588318,0.881141722202301,0.662316620349884,1.1995704174041748,32.859169006347656,27.601640701293945,0.07927816361188889,0.12771853804588318,41.30258560180664,32.859169006347656,27.601640701293945,0.07927814871072769,0.12771853804588318,0.49208730459213257,0.4329957962036133,0.7243516445159912,15.829179763793945,11.970415115356445,0.07927814871072769,0.12771853804588318,23.591739654541016,15.829179763793945,11.970415115356445
scene13_traj1_1__000258,0.07388023287057877,0.12216148525476456,0.9047812819480896,0.6551217436790466,1.2111767530441284,32.98439025878906,26.701210021972656,0.07388023287057877,0.12216148525476456,41.86751937866211,32.98439025878906,26.701210021972656,0.07388021796941757,0.12216146290302277,0.5046576857566833,0.447618305683136,0.7469629049301147,16.400270462036133,12.063464164733887,0.07388021796941757,0.12216146290302277,24.410686492919922,16.400270462036133,12.063464164733887
scene13_traj1_1__000259,0.06924410909414291,0.11574463546276093,0.9210431575775146,0.6341589093208313,1.2078752517700195,32.32057189941406,24.625141143798828,0.06924410909414291,0.11574463546276093,41.94717788696289,32.32057189941406,24.625141143798828,0.06924410164356232,0.11574461311101913,0.5114997625350952,0.45848602056503296,0.7615715265274048,16.653614044189453,11.662096977233887,0.06924410164356232,0.11574461311101913,24.96148109436035,16.653614044189453,11.662096977233887
scene13_traj1_1__000260,0.06583347916603088,0.11066479980945587,0.9344891309738159,0.636979341506958,1.2198373079299927,33.09034729003906,25.181411743164062,0.06583347916603088,0.11066479980945587,42.39472961425781,33.09034729003906,25.181411743164062,0.06583347171545029,0.11066478490829468,0.5145522356033325,0.46505337953567505,0.7690616846084595,16.78608512878418,11.509024620056152,0.06583347171545029,0.11066478490829468,25.2271728515625,16.78608512878418,11.509024620056152
scene13_traj1_1__000261,0.06416837871074677,0.10731274634599686,0.9394121170043945,0.6383596658706665,1.2240070104599,33.37102127075195,25.313386917114258,0.06416837871074677,0.10731274634599686,42.573062896728516,33.37102127075195,25.313386917114258,0.06416837126016617,0.10731272399425507,0.512332022190094,0.466568261384964,0.7680081129074097,16.64335060119629,11.223706245422363,0.06416837126016617,0.10731272399425507,25.212173461914062,16.64335060119629,11.223706245422363
scene13_traj1_1__000262,0.06452396512031555,0.10800733417272568,0.9362360239028931,0.640927255153656,1.2239755392074585,33.42378616333008,25.400232315063477,0.06452396512031555,0.10800733417272568,42.60418701171875,33.42378616333008,25.400232315063477,0.06452395766973495,0.10800731182098389,0.5129601359367371,0.4689919948577881,0.7705166339874268,16.654266357421875,11.207213401794434,0.06452395766973495,0.10800731182098389,25.304773330688477,16.654266357421875,11.207213401794434
scene13_traj1_1__000263,0.06593314558267593,0.10944431275129318,0.9292318224906921,0.6619325280189514,1.237748622894287,34.58150100708008,27.49896240234375,0.06593314558267593,0.10944431275129318,43.01280212402344,34.58150100708008,27.49896240234375,0.06593313068151474,0.10944429039955139,0.5074305534362793,0.4621647596359253,0.7603471279144287,16.432031631469727,11.175774574279785,0.06593313068151474,0.10944429039955139,24.918872833251953,16.432031631469727,11.175774574279785
scene13_traj2_1__000000,0.0670778751373291,0.11057033389806747,0.9469665884971619,0.7009167075157166,1.2906272411346436,37.44080352783203,30.587682723999023,0.0670778751373291,0.11057033389806747,45.06097412109375,37.44080352783203,30.587682723999023,0.06707786023616791,0.11057031154632568,0.4687960147857666,0.4820021092891693,0.7414318919181824,15.256153106689453,9.02603530883789,0.06707786023616791,0.11057031154632568,24.238988876342773,15.256153106689453,9.02603530883789
scene13_traj2_1__000001,0.0666666105389595,0.11045071482658386,0.9430069923400879,0.7029384970664978,1.2883734703063965,37.23374938964844,30.858415603637695,0.0666666105389595,0.11045071482658386,44.95865249633789,37.23374938964844,30.858415603637695,0.06666658818721771,0.11045069247484207,0.47183889150619507,0.4823993444442749,0.7440283298492432,15.220293998718262,9.050034523010254,0.06666658818721771,0.11045069247484207,24.34242057800293,15.220293998718262,9.050034523010254
scene13_traj2_1__000002,0.06654048711061478,0.10989955067634583,0.9449812173843384,0.7059550285339355,1.293982982635498,37.63882827758789,31.243480682373047,0.06654048711061478,0.10989955067634583,45.15806198120117,37.63882827758789,31.243480682373047,0.06654047966003418,0.10989954322576523,0.4721423089504242,0.4795624613761902,0.7419382333755493,15.244034767150879,9.123376846313477,0.06654047966003418,0.10989954322576523,24.256750106811523,15.244034767150879,9.123376846313477
scene13_traj2_1__000003,0.06735703349113464,0.11145404726266861,0.941131591796875,0.700176477432251,1.2848364114761353,36.879146575927734,30.15756607055664,0.06735703349113464,0.11145404726266861,44.80120086669922,36.879146575927734,30.15756607055664,0.06735701858997345,0.11145403981208801,0.4706343710422516,0.476514995098114,0.7379891872406006,15.00615406036377,8.986475944519043,0.06735701858997345,0.11145403981208801,24.123754501342773,15.00615406036377,8.986475944519043
scene13_traj2_1__000004,0.06716987490653992,0.11160723865032196,0.9394555687904358,0.7022954225540161,1.2862558364868164,37.061500549316406,30.70328140258789,0.06716987490653992,0.11160723865032196,44.82863235473633,37.061500549316406,30.70328140258789,0.06716987490653992,0.11160722374916077,0.47042956948280334,0.47804784774780273,0.7392280697822571,15.017085075378418,9.025212287902832,0.06716987490653992,0.11160722374916077,24.176286697387695,15.017085075378418,9.025212287902832
scene13_traj2_1__000005,0.06770256161689758,0.11229780316352844,0.9403030872344971,0.7160683274269104,1.2977018356323242,37.6748161315918,31.44266700744629,0.06770256161689758,0.11229780316352844,45.25508499145508,37.6748161315918,31.44266700744629,0.06770254671573639,0.11229778826236725,0.4708705246448517,0.47771167755126953,0.7389315366744995,15.056742668151855,9.052035331726074,0.06770254671573639,0.11229778826236725,24.172840118408203,15.056742668151855,9.052035331726074
scene13_traj2_1__000006,0.06692945957183838,0.11058163642883301,0.9400150179862976,0.7130455374717712,1.2948548793792725,37.47679138183594,31.325836181640625,0.06692945957183838,0.11058163642883301,45.13692092895508,37.47679138183594,31.325836181640625,0.06692945212125778,0.11058162897825241,0.4711354374885559,0.47601959109306335,0.738105833530426,14.963774681091309,8.996134757995605,0.06692945212125778,0.11058162897825241,24.136201858520508,14.963774681091309,8.996134757995605
scene13_traj2_1__000007,0.06758963316679001,0.11183954775333405,0.9362894296646118,0.710003137588501,1.2889139652252197,37.13486862182617,31.1573429107666,0.06758963316679001,0.11183954775333405,44.8746452331543,37.13486862182617,31.1573429107666,0.06758961826562881,0.11183953285217285,0.4713517129421234,0.4708268642425537,0.7339330911636353,14.85167121887207,9.068074226379395,0.06758961826562881,0.11183953285217285,23.985057830810547,14.85167121887207,9.068074226379395
scene13_traj2_1__000008,0.06719563156366348,0.11133939772844315,0.9350310564041138,0.7138597965240479,1.291271448135376,37.34363555908203,31.440711975097656,0.06719563156366348,0.11133939772844315,44.9742431640625,37.34363555908203,31.440711975097656,0.06719562411308289,0.11133938282728195,0.47228559851646423,0.4721786379814148,0.7354953289031982,14.888237953186035,9.011327743530273,0.06719562411308289,0.11133938282728195,24.05461883544922,14.888237953186035,9.011327743530273
scene13_traj2_1__000009,0.06725175678730011,0.11116849631071091,0.9337689280509949,0.7116434574127197,1.288652777671814,37.177650451660156,31.384689331054688,0.06725175678730011,0.11116849631071091,44.848289489746094,37.177650451660156,31.384689331054688,0.06725174933671951,0.11116847395896912,0.47102081775665283,0.468686044216156,0.7314676642417908,14.792356491088867,9.096013069152832,0.06725174933671951,0.11116847395896912,23.90037727355957,14.792356491088867,9.096013069152832
scene13_traj2_1__000010,0.06674068421125412,0.11025744676589966,0.9345457553863525,0.7099898457527161,1.287986397743225,37.11796951293945,31.300140380859375,0.06674068421125412,0.11025744676589966,44.824424743652344,37.11796951293945,31.300140380859375,0.06674066931009293,0.11025743186473846,0.4728729724884033,0.46888965368270874,0.7330356240272522,14.78549575805664,9.074201583862305,0.06674066931009293,0.11025743186473846,23.96000099182129,14.78549575805664,9.074201583862305
scene13_traj2_1__000011,0.06758721172809601,0.1120319589972496,0.9366136193275452,0.7064719200134277,1.2858805656433105,36.96767807006836,31.197105407714844,0.06758721172809601,0.1120319589972496,44.768760681152344,36.96767807006836,31.197105407714844,0.06758719682693481,0.11203193664550781,0.47322872281074524,0.46790027618408203,0.7324754595756531,14.791183471679688,9.094449043273926,0.06758719682693481,0.11203193664550781,23.931411743164062,14.791183471679688,9.094449043273926
scene13_traj2_1__000012,0.06776563078165054,0.1125868707895279,0.9374479651451111,0.7078836560249329,1.2871763706207275,37.00306701660156,31.32478141784668,0.06776563078165054,0.1125868707895279,44.783565521240234,37.00306701660156,31.32478141784668,0.06776560842990875,0.1125868409872055,0.4716707170009613,0.46780064702033997,0.7312228679656982,14.65266227722168,9.030900001525879,0.06776560842990875,0.1125868409872055,23.90939712524414,14.65266227722168,9.030900001525879
scene13_traj2_1__000013,0.06787348538637161,0.1122651994228363,0.9326635003089905,0.7062720656394958,1.2830009460449219,36.78791427612305,31.15269660949707,0.06787348538637161,0.1122651994228363,44.63642120361328,36.78791427612305,31.15269660949707,0.06787347793579102,0.1122651919722557,0.4720527231693268,0.4683586657047272,0.7320545315742493,14.698074340820312,9.02092456817627,0.06787347793579102,0.1122651919722557,23.941072463989258,14.698074340820312,9.02092456817627
scene13_traj2_1__000014,0.0678049772977829,0.11239621043205261,0.9310178160667419,0.7221233248710632,1.2942827939987183,37.5019416809082,32.2031135559082,0.0678049772977829,0.11239621043205261,45.020477294921875,37.5019416809082,32.2031135559082,0.0678049623966217,0.11239619553089142,0.47223442792892456,0.4637564420700073,0.7280873656272888,14.590455055236816,9.104253768920898,0.0678049623966217,0.11239619553089142,23.7879638671875,14.590455055236816,9.104253768920898
scene13_traj2_1__000015,0.06827401369810104,0.11289709061384201,0.9324266314506531,0.7203113436698914,1.2942124605178833,37.44730758666992,32.07044219970703,0.06827401369810104,0.11289709061384201,45.04650115966797,37.44730758666992,32.07044219970703,0.06827401369810104,0.11289709061384201,0.4743715226650238,0.46646443009376526,0.731956422328949,14.632515907287598,9.040020942687988,0.06827401369810104,0.11289709061384201,23.93682098388672,14.632515907287598,9.040020942687988
scene13_traj2_1__000016,0.06848585605621338,0.11328227818012238,0.9297738075256348,0.7024073004722595,1.2780662775039673,36.54970169067383,31.019161224365234,0.06848585605621338,0.11328227818012238,44.453514099121094,36.54970169067383,31.019161224365234,0.06848584860563278,0.11328225582838058,0.47382375597953796,0.46609076857566833,0.7312334179878235,14.623124122619629,9.091401100158691,0.06848584860563278,0.11328225582838058,23.914560317993164,14.623124122619629,9.091401100158691
scene13_traj2_1__000017,0.0687408521771431,0.11447593569755554,0.928728461265564,0.7022851705551147,1.275771975517273,36.180423736572266,30.523590087890625,0.0687408521771431,0.11447593569755554,44.36998748779297,36.180423736572266,30.523590087890625,0.0687408372759819,0.11447592079639435,0.47361260652542114,0.4638073742389679,0.7290242314338684,14.46366024017334,8.977416038513184,0.0687408372759819,0.11447592079639435,23.837722778320312,14.46366024017334,8.977416038513184
scene13_traj2_1__000018,0.06928205490112305,0.1154533252120018,0.9309449791908264,0.710670530796051,1.2844717502593994,36.84562683105469,31.445125579833984,0.06928205490112305,0.1154533252120018,44.66995620727539,36.84562683105469,31.445125579833984,0.06928203254938126,0.11545329540967941,0.47373831272125244,0.4637991487979889,0.7293618321418762,14.522943496704102,8.970331192016602,0.06928203254938126,0.11545329540967941,23.848487854003906,14.522943496704102,8.970331192016602
scene13_traj2_1__000019,0.06933189183473587,0.11594586819410324,0.9303072690963745,0.7062106132507324,1.2802892923355103,36.558937072753906,31.182897567749023,0.06933189183473587,0.11594586819410324,44.50124740600586,36.558937072753906,31.182897567749023,0.06933187693357468,0.11594585329294205,0.4740212559700012,0.4626203179359436,0.7287797927856445,14.502589225769043,8.989472389221191,0.06933187693357468,0.11594585329294205,23.826923370361328,14.502589225769043,8.989472389221191
scene13_traj2_1__000020,0.06954935193061829,0.11614254862070084,0.9306740164756775,0.7078343033790588,1.2812310457229614,36.529930114746094,31.080354690551758,0.06954935193061829,0.11614254862070084,44.530189514160156,36.529930114746094,31.080354690551758,0.06954933702945709,0.11614252626895905,0.4746307134628296,0.46190792322158813,0.7283819317817688,14.458616256713867,9.01594066619873,0.06954933702945709,0.11614252626895905,23.814136505126953,14.458616256713867,9.01594066619873
scene13_traj2_1__000021,0.06964689493179321,0.11622647196054459,0.9237955808639526,0.7276407480239868,1.2942484617233276,37.40727615356445,32.512168884277344,0.06964689493179321,0.11622647196054459,44.957889556884766,37.40727615356445,32.512168884277344,0.06964688003063202,0.11622646450996399,0.4733192026615143,0.45977798104286194,0.7251225709915161,14.335772514343262,8.9697904586792,0.06964688003063202,0.11622646450996399,23.698183059692383,14.335772514343262,8.9697904586792
scene13_traj2_1__000022,0.06964817643165588,0.1166832223534584,0.9229750037193298,0.7347727417945862,1.29771888256073,37.60266876220703,32.68406295776367,0.06964817643165588,0.1166832223534584,45.078575134277344,37.60266876220703,32.68406295776367,0.06964816153049469,0.11668320000171661,0.47588783502578735,0.45934659242630005,0.726698637008667,14.37027645111084,8.999744415283203,0.06964816153049469,0.11668320000171661,23.753002166748047,14.37027645111084,8.999744415283203
scene13_traj2_1__000023,0.07025540620088577,0.1176820620894432,0.9276675581932068,0.7229691743850708,1.2927640676498413,37.28533935546875,32.2843132019043,0.07025540620088577,0.1176820620894432,44.94868087768555,37.28533935546875,32.2843132019043,0.07025539875030518,0.11768203973770142,0.4752993583679199,0.4612012803554535,0.7271943688392639,14.319154739379883,8.911343574523926,0.07025539875030518,0.11768203973770142,23.767601013183594,14.319154739379883,8.911343574523926
scene13_traj2_1__000024,0.06941770017147064,0.11627732217311859,0.9271811842918396,0.7264302372932434,1.2934187650680542,37.378971099853516,32.44854736328125,0.06941770017147064,0.11627732217311859,44.95643997192383,37.378971099853516,32.44854736328125,0.06941769272089005,0.116277314722538,0.47578030824661255,0.45863044261932373,0.7264609932899475,14.3545503616333,8.952953338623047,0.06941769272089005,0.116277314722538,23.747116088867188,14.3545503616333,8.952953338623047
scene13_traj2_1__000025,0.06988711655139923,0.11712248623371124,0.9292802810668945,0.7166685461997986,1.2872451543807983,36.810325622558594,31.73311996459961,0.06988711655139923,0.11712248623371124,44.72837448120117,36.810325622558594,31.73311996459961,0.06988710165023804,0.11712247133255005,0.4767938256263733,0.4601370692253113,0.7283592224121094,14.418862342834473,8.987868309020996,0.06988710165023804,0.11712247133255005,23.82815170288086,14.418862342834473,8.987868309020996
scene13_traj2_1__000026,0.06961878389120102,0.11616599559783936,0.9279075264930725,0.7174119353294373,1.286727786064148,36.729766845703125,31.821470260620117,0.06961878389120102,0.11616599559783936,44.70415115356445,36.729766845703125,31.821470260620117,0.06961877644062042,0.11616598069667816,0.47579532861709595,0.45964378118515015,0.7266168594360352,14.322646141052246,8.974126815795898,0.06961877644062042,0.11616598069667816,23.76561164855957,14.322646141052246,8.974126815795898
scene13_traj2_1__000027,0.06958304345607758,0.11643963307142258,0.9228191375732422,0.7245640158653259,1.2888832092285156,37.11376953125,32.15414810180664,0.06958304345607758,0.11643963307142258,44.7534294128418,37.11376953125,32.15414810180664,0.06958302855491638,0.11643961817026138,0.477498322725296,0.45833688974380493,0.72686368227005,14.38524341583252,8.973734855651855,0.06958302855491638,0.11643961817026138,23.768064498901367,14.38524341583252,8.973734855651855
scene13_traj2_1__000028,0.06941568106412888,0.11598513275384903,0.9253700375556946,0.7174944281578064,1.284438967704773,36.84297561645508,32.1348876953125,0.06941568106412888,0.11598513275384903,44.58713150024414,36.84297561645508,32.1348876953125,0.06941568106412888,0.11598511785268784,0.47547969222068787,0.4566345810890198,0.7242016196250916,14.30465030670166,8.975028991699219,0.06941568106412888,0.11598511785268784,23.679224014282227,14.30465030670166,8.975028991699219
scene13_traj2_1__000029,0.06981921195983887,0.11657977104187012,0.9293105006217957,0.7146766185760498,1.2841520309448242,36.58591842651367,31.71746063232422,0.06981921195983887,0.11657977104187012,44.595314025878906,36.58591842651367,31.71746063232422,0.06981919705867767,0.11657976359128952,0.4772948622703552,0.4584239423274994,0.7274153828620911,14.421429634094238,9.105903625488281,0.06981919705867767,0.11657976359128952,23.79083824157715,14.421429634094238,9.105903625488281
scene13_traj2_1__000030,0.07033419609069824,0.11784564703702927,0.926007866859436,0.7143754363059998,1.282483696937561,36.411094665527344,31.319820404052734,0.07033419609069824,0.11784564703702927,44.588871002197266,36.411094665527344,31.319820404052734,0.07033418118953705,0.11784563213586807,0.47769081592559814,0.4607304036617279,0.7288678288459778,14.450469970703125,9.057028770446777,0.07033418118953705,0.11784563213586807,23.847414016723633,14.450469970703125,9.057028770446777
scene13_traj2_1__000031,0.07060061395168304,0.11882748454809189,0.9245227575302124,0.7111320495605469,1.2793160676956177,36.434085845947266,31.534278869628906,0.07060061395168304,0.11882748454809189,44.42979431152344,36.434085845947266,31.534278869628906,0.07060059905052185,0.1188274696469307,0.4780924320220947,0.45887017250061035,0.7279176115989685,14.380069732666016,8.95781135559082,0.07060059905052185,0.1188274696469307,23.806875228881836,14.380069732666016,8.95781135559082
scene13_traj2_1__000032,0.07099844515323639,0.1194881945848465,0.9279192686080933,0.7062366604804993,1.275999903678894,36.02720260620117,30.989721298217773,0.07099844515323639,0.1194881945848465,44.313209533691406,36.02720260620117,30.989721298217773,0.0709984228014946,0.1194881722331047,0.47802498936653137,0.45730799436569214,0.7270271182060242,14.48447322845459,9.082453727722168,0.0709984228014946,0.1194881722331047,23.769651412963867,14.48447322845459,9.082453727722168
scene13_traj2_1__000033,0.07076588273048401,0.11936245858669281,0.9296076893806458,0.7138877511024475,1.285478115081787,36.71376419067383,31.88868522644043,0.07076588273048401,0.11936245858669281,44.63197326660156,36.71376419067383,31.88868522644043,0.07076586782932281,0.11936245113611221,0.4787881374359131,0.4595223665237427,0.7290463447570801,14.467808723449707,9.04086685180664,0.07076586782932281,0.11936245113611221,23.854406356811523,14.467808723449707,9.04086685180664
scene13_traj2_1__000034,0.07061409950256348,0.11901422590017319,0.9256038665771484,0.7106886506080627,1.2783647775650024,36.36064529418945,31.532926559448242,0.07061409950256348,0.11901422590017319,44.361663818359375,36.36064529418945,31.532926559448242,0.07061409205198288,0.119014210999012,0.47756463289260864,0.45925000309944153,0.7279788255691528,14.448988914489746,9.073208808898926,0.07061409205198288,0.119014210999012,23.80940055847168,14.448988914489746,9.073208808898926
scene13_traj2_1__000035,0.07085824012756348,0.11923742294311523,0.9258396625518799,0.7063758373260498,1.2755208015441895,36.16044998168945,31.284276962280273,0.07085824012756348,0.11923742294311523,44.26699447631836,36.16044998168945,31.284276962280273,0.07085823267698288,0.11923741549253464,0.4764373004436493,0.45816680788993835,0.725929319858551,14.423314094543457,9.024112701416016,0.07085823267698288,0.11923741549253464,23.738113403320312,14.423314094543457,9.024112701416016
scene13_traj2_1__000036,0.07082337141036987,0.11967264115810394,0.9255642294883728,0.7118040323257446,1.279222011566162,36.39380645751953,31.600013732910156,0.07082337141036987,0.11967264115810394,44.38518142700195,36.39380645751953,31.600013732910156,0.07082336395978928,0.11967262625694275,0.47682708501815796,0.45752838253974915,0.726169228553772,14.404921531677246,9.031781196594238,0.07082336395978928,0.11967262625694275,23.736778259277344,14.404921531677246,9.031781196594238
scene13_traj2_1__000037,0.07137057185173035,0.1208622008562088,0.9281944036483765,0.7057276964187622,1.276296854019165,36.032691955566406,31.26255989074707,0.07137057185173035,0.1208622008562088,44.29960250854492,36.032691955566406,31.26255989074707,0.07137055695056915,0.12086217850446701,0.47830498218536377,0.4588620662689209,0.7279084324836731,14.54028034210205,9.132183074951172,0.07137055695056915,0.12086217850446701,23.803417205810547,14.54028034210205,9.132183074951172
scene13_traj2_1__000038,0.0713195875287056,0.12076136469841003,0.9280577898025513,0.7057862877845764,1.2756119966506958,36.08070755004883,31.374805450439453,0.0713195875287056,0.12076136469841003,44.29839324951172,36.08070755004883,31.374805450439453,0.071319580078125,0.12076134979724884,0.4775598347187042,0.4582250118255615,0.7272771000862122,14.4990816116333,9.11600399017334,0.071319580078125,0.12076134979724884,23.777637481689453,14.4990816116333,9.11600399017334
scene13_traj2_1__000039,0.07148507982492447,0.12098480761051178,0.9271590113639832,0.6978551149368286,1.2687488794326782,35.637428283691406,30.833887100219727,0.07148507982492447,0.12098480761051178,44.04264450073242,35.637428283691406,30.833887100219727,0.07148506492376328,0.12098480015993118,0.4787440598011017,0.4602501094341278,0.7301721572875977,14.541964530944824,9.150910377502441,0.07148506492376328,0.12098480015993118,23.879636764526367,14.541964530944824,9.150910377502441
scene13_traj2_1__000040,0.07152301073074341,0.12137405574321747,0.9258995056152344,0.6989797353744507,1.2677347660064697,35.540367126464844,30.74004554748535,0.07152301073074341,0.12137405574321747,43.987186431884766,35.540367126464844,30.74004554748535,0.07152300328016281,0.12137404829263687,0.47807812690734863,0.459393709897995,0.7289984226226807,14.575867652893066,9.228199005126953,0.07152300328016281,0.12137404829263687,23.839134216308594,14.575867652893066,9.228199005126953
scene13_traj2_1__000041,0.07133834064006805,0.12137328833341599,0.9281432628631592,0.6905350089073181,1.262597680091858,35.03031539916992,30.13102149963379,0.07133834064006805,0.12137328833341599,43.81040573120117,35.03031539916992,30.13102149963379,0.07133833318948746,0.1213732659816742,0.47823596000671387,0.45918986201286316,0.7290362119674683,14.599614143371582,9.177278518676758,0.07133833318948746,0.1213732659816742,23.839468002319336,14.599614143371582,9.177278518676758
scene13_traj2_1__000042,0.07128040492534637,0.12142506241798401,0.9289429187774658,0.6914674043655396,1.2624518871307373,34.976463317871094,30.0042724609375,0.07128040492534637,0.12142506241798401,43.80421829223633,34.976463317871094,30.0042724609375,0.07128039747476578,0.12142505496740341,0.4810080826282501,0.4588731527328491,0.7310190200805664,14.711353302001953,9.22631549835205,0.07128039747476578,0.12142505496740341,23.913354873657227,14.711353302001953,9.22631549835205
scene13_traj2_1__000043,0.07253394275903702,0.12326773256063461,0.9309464693069458,0.6850209832191467,1.2609140872955322,35.020362854003906,30.11387062072754,0.07253394275903702,0.12326773256063461,43.75394058227539,35.020362854003906,30.11387062072754,0.07253392040729523,0.12326772511005402,0.4815956950187683,0.46072641015052795,0.7330378890037537,14.84311580657959,9.402836799621582,0.07253392040729523,0.12326772511005402,23.98297882080078,14.84311580657959,9.402836799621582
scene13_traj2_1__000044,0.07241109013557434,0.12329407036304474,0.9288340210914612,0.6916845440864563,1.2650163173675537,35.3712272644043,30.578704833984375,0.07241109013557434,0.12329407036304474,43.87880325317383,35.3712272644043,30.578704833984375,0.07241108268499374,0.12329405546188354,0.48162662982940674,0.46035194396972656,0.7324660420417786,14.72489070892334,9.270700454711914,0.07241108268499374,0.12329405546188354,23.96244239807129,14.72489070892334,9.270700454711914
scene13_traj2_1__000045,0.07193217426538467,0.12251097708940506,0.9318886399269104,0.6965398788452148,1.2713686227798462,35.60519790649414,30.639114379882812,0.07193217426538467,0.12251097708940506,44.14951705932617,35.60519790649414,30.639114379882812,0.07193215936422348,0.12251096218824387,0.4844512939453125,0.4631452262401581,0.7366942167282104,14.8594388961792,9.358911514282227,0.07193215936422348,0.12251096218824387,24.11627197265625,14.8594388961792,9.358911514282227
scene13_traj2_1__000046,0.0718974620103836,0.12199355661869049,0.9311938881874084,0.6767417788505554,1.253727674484253,34.365543365478516,28.96868133544922,0.0718974620103836,0.12199355661869049,43.5145149230957,34.365543365478516,28.96868133544922,0.07189744710922241,0.1219935491681099,0.4835149049758911,0.46049395203590393,0.7343366146087646,14.874710083007812,9.425241470336914,0.07189744710922241,0.1219935491681099,23.99674415588379,14.874710083007812,9.425241470336914
scene13_traj2_1__000047,0.07204245775938034,0.12239263206720352,0.9305116534233093,0.6840558052062988,1.257835030555725,34.671817779541016,29.15937042236328,0.07204245775938034,0.12239263206720352,43.65319061279297,34.671817779541016,29.15937042236328,0.07204244285821915,0.12239261716604233,0.483763724565506,0.46053874492645264,0.7344810366630554,14.897798538208008,9.461804389953613,0.07204244285821915,0.12239261716604233,24.020627975463867,14.897798538208008,9.461804389953613
scene13_traj2_1__000048,0.07213708758354187,0.12269385904073715,0.9311112761497498,0.6871815919876099,1.260307788848877,34.74851989746094,29.264070510864258,0.07213708758354187,0.12269385904073715,43.72577667236328,34.74851989746094,29.264070510864258,0.07213707268238068,0.12269383668899536,0.4838496148586273,0.4639962911605835,0.7371242046356201,14.945259094238281,9.498818397521973,0.07213707268238068,0.12269383668899536,24.132837295532227,14.945259094238281,9.498818397521973
scene13_traj2_1__000049,0.07130150496959686,0.1212959885597229,0.9282432794570923,0.6981472373008728,1.268422245979309,35.44594192504883,29.9536190032959,0.07130150496959686,0.1212959885597229,44.036800384521484,35.44594192504883,29.9536190032959,0.07130149751901627,0.1212959811091423,0.4837955832481384,0.4660940170288086,0.7388418316841125,14.961782455444336,9.463476181030273,0.07130149751901627,0.1212959811091423,24.187070846557617,14.961782455444336,9.463476181030273
scene13_traj2_1__000050,0.07094809412956238,0.1212836280465126,0.930402398109436,0.709324836730957,1.2788439989089966,36.10696029663086,30.678991317749023,0.07094809412956238,0.1212836280465126,44.389915466308594,36.10696029663086,30.678991317749023,0.07094807922840118,0.121283620595932,0.4850481450557709,0.46592825651168823,0.7396258115768433,15.028297424316406,9.439330101013184,0.07094807922840118,0.121283620595932,24.21293830871582,15.028297424316406,9.439330101013184
scene13_traj2_1__000051,0.0711987242102623,0.12165606766939163,0.9331351518630981,0.7015752792358398,1.2741265296936035,35.621822357177734,30.11892318725586,0.0711987242102623,0.12165606766939163,44.24690628051758,35.621822357177734,30.11892318725586,0.0711987242102623,0.12165604531764984,0.4879256784915924,0.4665678143501282,0.742504894733429,15.209878921508789,9.726363182067871,0.0711987242102623,0.12165604531764984,24.310575485229492,15.209878921508789,9.726363182067871
scene13_traj2_1__000052,0.07128811627626419,0.12150059640407562,0.9350113868713379,0.7028399109840393,1.2760282754898071,35.56192398071289,29.979223251342773,0.07128811627626419,0.12150059640407562,44.32078552246094,35.56192398071289,29.979223251342773,0.071288101375103,0.12150057405233383,0.4883185029029846,0.46757644414901733,0.7436174750328064,15.224573135375977,9.682429313659668,0.071288101375103,0.12150057405233383,24.351892471313477,15.224573135375977,9.682429313659668
scene13_traj2_1__000053,0.0706520825624466,0.12082382291555405,0.9326496124267578,0.7144176363945007,1.286360502243042,36.403961181640625,31.29973793029785,0.0706520825624466,0.12082382291555405,44.68688201904297,36.403961181640625,31.29973793029785,0.070652075111866,0.12082380801439285,0.4888087213039398,0.4669705927371979,0.7438820004463196,15.302847862243652,9.792044639587402,0.070652075111866,0.12082380801439285,24.360450744628906,15.302847862243652,9.792044639587402
scene13_traj2_1__000054,0.07056350260972977,0.12062202394008636,0.9363541603088379,0.6933922171592712,1.2708559036254883,35.68110275268555,30.478105545043945,0.07056350260972977,0.12062202394008636,44.103294372558594,35.68110275268555,30.478105545043945,0.07056349515914917,0.12062201648950577,0.49064090847969055,0.4690660238265991,0.7469301819801331,15.321578979492188,9.738343238830566,0.07056349515914917,0.12062201648950577,24.468280792236328,15.321578979492188,9.738343238830566
scene13_traj2_1__000055,0.07008647173643112,0.1202186867594719,0.9369519948959351,0.6844837069511414,1.2646982669830322,34.996009826660156,29.522804260253906,0.07008647173643112,0.1202186867594719,43.96211624145508,34.996009826660156,29.522804260253906,0.07008646428585052,0.1202186793088913,0.4912942051887512,0.4693962633609772,0.7474819421768188,15.437551498413086,9.79902172088623,0.07008646428585052,0.1202186793088913,24.47580337524414,15.437551498413086,9.79902172088623
scene13_traj2_1__000056,0.07060050219297409,0.1215154230594635,0.9345037937164307,0.690529465675354,1.268288493156433,35.28533935546875,30.083415985107422,0.07060050219297409,0.1215154230594635,44.08452224731445,35.28533935546875,30.083415985107422,0.0706004872918129,0.12151540815830231,0.49248507618904114,0.47023341059684753,0.749584436416626,15.515511512756348,9.894491195678711,0.0706004872918129,0.12151540815830231,24.545507431030273,15.515511512756348,9.894491195678711
scene13_traj2_1__000057,0.0703425407409668,0.12133696675300598,0.9376376867294312,0.6814776062965393,1.2617076635360718,34.700279235839844,29.01603126525879,0.0703425407409668,0.12133696675300598,43.855262756347656,34.700279235839844,29.01603126525879,0.0703425258398056,0.12133695185184479,0.49438151717185974,0.47082871198654175,0.7515859007835388,15.609088897705078,9.995057106018066,0.0703425258398056,0.12133695185184479,24.621238708496094,15.609088897705078,9.995057106018066
scene13_traj2_1__000058,0.07022269815206528,0.12044142931699753,0.9386841654777527,0.6821845769882202,1.2646406888961792,34.831504821777344,29.188196182250977,0.07022269815206528,0.12044142931699753,43.997581481933594,34.831504821777344,29.188196182250977,0.07022268325090408,0.12044141441583633,0.4946958124637604,0.47288453578948975,0.7537097930908203,15.71757984161377,10.093875885009766,0.07022268325090408,0.12044141441583633,24.69415283203125,15.71757984161377,10.093875885009766
scene13_traj2_1__000059,0.06969380378723145,0.11990666389465332,0.9428530931472778,0.6656246781349182,1.251722812652588,33.88596725463867,27.952564239501953,0.06969380378723145,0.11990666389465332,43.52286911010742,33.88596725463867,27.952564239501953,0.06969379633665085,0.11990664899349213,0.4931519031524658,0.4709293246269226,0.7509629726409912,15.639117240905762,9.982046127319336,0.06969379633665085,0.11990664899349213,24.60256576538086,15.639117240905762,9.982046127319336
scene13_traj2_1__000060,0.06972866505384445,0.12016694247722626,0.9456117153167725,0.6694377660751343,1.2574725151062012,34.41147994995117,28.371538162231445,0.06972866505384445,0.12016694247722626,43.765071868896484,34.41147994995117,28.371538162231445,0.06972865760326385,0.12016692012548447,0.49604421854019165,0.47237202525138855,0.7543348073959351,15.786205291748047,10.114554405212402,0.06972865760326385,0.12016692012548447,24.710325241088867,15.786205291748047,10.114554405212402
scene13_traj2_1__000061,0.0695442333817482,0.12011173367500305,0.9459626078605652,0.6688262820243835,1.2562081813812256,34.11677169799805,27.766801834106445,0.0695442333817482,0.12011173367500305,43.7379150390625,34.11677169799805,27.766801834106445,0.0695442259311676,0.12011171877384186,0.4949427843093872,0.47534918785095215,0.7553598284721375,15.819406509399414,10.187603950500488,0.0695442259311676,0.12011171877384186,24.759784698486328,15.819406509399414,10.187603950500488
scene13_traj2_1__000062,0.06933267414569855,0.11945202201604843,0.9450519680976868,0.668674647808075,1.2564080953598022,34.281341552734375,27.988279342651367,0.06933267414569855,0.11945202201604843,43.7450065612793,34.281341552734375,27.988279342651367,0.06933265179395676,0.11945199221372604,0.4976893365383148,0.47503986954689026,0.757514476776123,15.99296760559082,10.344415664672852,0.06933265179395676,0.11945199221372604,24.829669952392578,15.99296760559082,10.344415664672852
scene13_traj2_1__000063,0.0697433277964592,0.11958940327167511,0.9414501786231995,0.6744993925094604,1.2590482234954834,34.683284759521484,28.489437103271484,0.0697433277964592,0.11958940327167511,43.84264373779297,34.683284759521484,28.489437103271484,0.069743312895298,0.11958938091993332,0.5023748874664307,0.4775146543979645,0.7635441422462463,16.27768325805664,10.579936027526855,0.069743312895298,0.11958938091993332,25.050825119018555,16.27768325805664,10.579936027526855
scene13_traj2_1__000064,0.0692586600780487,0.11914336681365967,0.9420350790023804,0.6779271960258484,1.2609167098999023,34.67460250854492,28.469697952270508,0.0692586600780487,0.11914336681365967,43.9073371887207,34.67460250854492,28.469697952270508,0.06925865262746811,0.11914335191249847,0.5015150308609009,0.4763508439064026,0.762330949306488,16.27662467956543,10.561482429504395,0.06925865262746811,0.11914335191249847,25.009775161743164,16.27662467956543,10.561482429504395
scene13_traj2_1__000065,0.06978654116392136,0.11926068365573883,0.940557599067688,0.6649893522262573,1.2498091459274292,34.12504577636719,27.882686614990234,0.06978654116392136,0.11926068365573883,43.54137420654297,34.12504577636719,27.882686614990234,0.06978652626276016,0.11926066130399704,0.5029798746109009,0.4758357107639313,0.7629973292350769,16.437110900878906,10.758121490478516,0.06978652626276016,0.11926066130399704,25.02752113342285,16.437110900878906,10.758121490478516
scene13_traj2_1__000066,0.06882387399673462,0.11716704815626144,0.9434028267860413,0.670951783657074,1.2568310499191284,34.60710525512695,28.51423454284668,0.06882387399673462,0.11716704815626144,43.791831970214844,34.60710525512695,28.51423454284668,0.06882385909557343,0.11716703325510025,0.5045385956764221,0.4772402048110962,0.7654781937599182,16.70698356628418,11.048162460327148,0.06882385909557343,0.11716703325510025,25.115564346313477,16.70698356628418,11.048162460327148
scene13_traj2_2__000000,0.06552913784980774,0.10838314890861511,0.9503358006477356,0.6669966578483582,1.2617446184158325,36.845890045166016,31.23517608642578,0.06552913784980774,0.10838314890861511,44.07917785644531,36.845890045166016,31.23517608642578,0.06552912294864655,0.10838313400745392,0.5315298438072205,0.49726277589797974,0.8030920028686523,20.35103416442871,14.665430068969727,0.06552912294864655,0.10838313400745392,26.553436279296875,20.35103416442871,14.665430068969727
scene13_traj2_2__000001,0.06591825932264328,0.10918819159269333,0.9459788203239441,0.6773383617401123,1.2665129899978638,37.0091438293457,31.4108829498291,0.06591825932264328,0.10918819159269333,44.22358322143555,37.0091438293457,31.4108829498291,0.06591825187206268,0.10918817669153214,0.5309370756149292,0.49801909923553467,0.8034638166427612,20.307048797607422,14.619388580322266,0.06591825187206268,0.10918817669153214,26.582796096801758,20.307048797607422,14.619388580322266
scene13_traj2_2__000002,0.06628622859716415,0.10975493490695953,0.9470196962356567,0.6814478635787964,1.2705086469650269,37.293609619140625,31.674976348876953,0.06628622859716415,0.10975493490695953,44.36928176879883,37.293609619140625,31.674976348876953,0.06628620624542236,0.10975492000579834,0.5304399132728577,0.49863624572753906,0.8034607768058777,20.322147369384766,14.628206253051758,0.06628620624542236,0.10975492000579834,26.578889846801758,20.322147369384766,14.628206253051758
scene13_traj2_2__000003,0.06668564677238464,0.1103416383266449,0.9444012641906738,0.68954998254776,1.27439546585083,37.65650177001953,32.132164001464844,0.06668564677238464,0.1103416383266449,44.43501281738281,37.65650177001953,32.132164001464844,0.06668563187122345,0.1103416234254837,0.5315768122673035,0.496819406747818,0.803080677986145,20.354650497436523,14.648580551147461,0.06668563187122345,0.1103416234254837,26.57368278503418,20.354650497436523,14.648580551147461
scene13_traj2_2__000004,0.0661686584353447,0.11001483350992203,0.9473446607589722,0.6862609386444092,1.273952603340149,37.577728271484375,32.058197021484375,0.0661686584353447,0.11001483350992203,44.510406494140625,37.577728271484375,32.058197021484375,0.0661686435341835,0.11001481860876083,0.5336343050003052,0.5015801191329956,0.8083516955375671,20.566131591796875,14.89145278930664,0.0661686435341835,0.11001481860876083,26.77923583984375,20.566131591796875,14.89145278930664
scene13_traj2_2__000005,0.06679970026016235,0.11109233647584915,0.9453679919242859,0.6943210363388062,1.2788323163986206,37.91611099243164,32.45228576660156,0.06679970026016235,0.11109233647584915,44.695045471191406,37.91611099243164,32.45228576660156,0.06679969280958176,0.11109232157468796,0.5329686999320984,0.49991166591644287,0.8067658543586731,20.476490020751953,14.890432357788086,0.06679969280958176,0.11109232157468796,26.708938598632812,20.476490020751953,14.890432357788086
scene13_traj2_2__000006,0.06751889735460281,0.11258645355701447,0.941981315612793,0.7059889435768127,1.2870447635650635,38.55251693725586,33.222923278808594,0.06751889735460281,0.11258645355701447,44.99367141723633,38.55251693725586,33.222923278808594,0.06751888245344162,0.11258645355701447,0.5342833399772644,0.49811866879463196,0.8061003684997559,20.423429489135742,14.778585433959961,0.06751888245344162,0.11258645355701447,26.702558517456055,20.423429489135742,14.778585433959961
scene13_traj2_2__000007,0.06751840561628342,0.11265026777982712,0.9407156109809875,0.6982675790786743,1.2799102067947388,38.0244026184082,32.680908203125,0.06751840561628342,0.11265026777982712,44.70009231567383,38.0244026184082,32.680908203125,0.06751839071512222,0.11265025287866592,0.5309579968452454,0.4980638921260834,0.8034012317657471,20.32986831665039,14.733891487121582,0.06751839071512222,0.11265025287866592,26.592674255371094,20.32986831665039,14.733891487121582
scene13_traj2_2__000008,0.06830243766307831,0.11392348259687424,0.9405542016029358,0.7011082172393799,1.282117486000061,38.18062973022461,32.91593551635742,0.06830243766307831,0.11392348259687424,44.74357986450195,38.18062973022461,32.91593551635742,0.06830242276191711,0.11392346024513245,0.5335261225700378,0.4970078766345978,0.8046232461929321,20.311176300048828,14.644929885864258,0.06830242276191711,0.11392346024513245,26.641014099121094,20.311176300048828,14.644929885864258
scene13_traj2_2__000009,0.06774192303419113,0.11309146881103516,0.9426735639572144,0.6953768730163574,1.2784817218780518,37.85714340209961,32.41402816772461,0.06774192303419113,0.11309146881103516,44.615447998046875,37.85714340209961,32.41402816772461,0.06774191558361053,0.11309144645929337,0.5343146324157715,0.4971843361854553,0.8053972721099854,20.37134552001953,14.753700256347656,0.06774191558361053,0.11309144645929337,26.664756774902344,20.37134552001953,14.753700256347656
scene13_traj2_2__000010,0.06721273064613342,0.11206043511629105,0.9484522938728333,0.6841248273849487,1.2711302042007446,37.25376892089844,31.74210548400879,0.06721273064613342,0.11206043511629105,44.37002944946289,37.25376892089844,31.74210548400879,0.06721271574497223,0.11206042766571045,0.5351160168647766,0.4991605877876282,0.807937502861023,20.521495819091797,14.95609188079834,0.06721271574497223,0.11206042766571045,26.75394630432129,20.521495819091797,14.95609188079834
scene13_traj2_2__000011,0.06739146262407303,0.11227612942457199,0.9490268230438232,0.6748508214950562,1.2634707689285278,36.72993469238281,30.89885902404785,0.06739146262407303,0.11227612942457199,44.09135437011719,36.72993469238281,30.89885902404785,0.06739144027233124,0.1122761145234108,0.5363534688949585,0.4994247853755951,0.8091078996658325,20.650606155395508,15.070960998535156,0.06739144027233124,0.1122761145234108,26.796096801757812,20.650606155395508,15.070960998535156
scene13_traj2_2__000012,0.06724416464567184,0.11228732019662857,0.9477793574333191,0.6711777448654175,1.259896159172058,36.79524230957031,31.256328582763672,0.06724416464567184,0.11228732019662857,43.9399528503418,36.79524230957031,31.256328582763672,0.06724415719509125,0.11228730529546738,0.5371552109718323,0.49907445907592773,0.8096017837524414,20.729467391967773,15.148073196411133,0.06724415719509125,0.11228730529546738,26.80864715576172,20.729467391967773,15.148073196411133
scene13_traj2_2__000013,0.06742894649505615,0.1125575602054596,0.9512105584144592,0.674169659614563,1.2651089429855347,37.10645294189453,31.33686637878418,0.06742894649505615,0.1125575602054596,44.173667907714844,37.10645294189453,31.33686637878418,0.06742893904447556,0.1125575453042984,0.5418196320533752,0.5018178820610046,0.8154736161231995,21.02131462097168,15.385663986206055,0.06742893904447556,0.1125575453042984,27.029800415039062,21.02131462097168,15.385663986206055
scene13_traj2_2__000014,0.06756604462862015,0.11277631670236588,0.9455973505973816,0.6845800876617432,1.2703694105148315,37.56667709350586,32.28515625,0.06756604462862015,0.11277631670236588,44.3121337890625,37.56667709350586,32.28515625,0.06756603717803955,0.11277630180120468,0.5398411154747009,0.5015780329704285,0.8139899969100952,20.977386474609375,15.369759559631348,0.06756603717803955,0.11277630180120468,26.989206314086914,20.977386474609375,15.369759559631348
scene13_traj2_2__000015,0.06800097972154617,0.11359603703022003,0.9484155774116516,0.6768801808357239,1.2685704231262207,37.69668197631836,32.60261154174805,0.06800097972154617,0.11359603703022003,44.251564025878906,37.69668197631836,32.60261154174805,0.06800097227096558,0.11359602212905884,0.5407886505126953,0.49969351291656494,0.8133835792541504,21.028404235839844,15.522955894470215,0.06800097227096558,0.11359602212905884,26.952787399291992,21.028404235839844,15.522955894470215
scene13_traj2_2__000016,0.06785539537668228,0.11361053586006165,0.9445621371269226,0.6892631649971008,1.2746009826660156,38.035667419433594,33.13261032104492,0.06785539537668228,0.11361053586006165,44.498165130615234,38.035667419433594,33.13261032104492,0.06785538792610168,0.11361053586006165,0.5423820614814758,0.5028429627418518,0.8174871802330017,21.16795539855957,15.51674747467041,0.06785538792610168,0.11361053586006165,27.103784561157227,21.16795539855957,15.51674747467041
scene13_traj2_2__000017,0.06807158887386322,0.11428432911634445,0.9454326629638672,0.6888092160224915,1.2763761281967163,38.26173400878906,33.444480895996094,0.06807158887386322,0.11428432911634445,44.57386016845703,38.26173400878906,33.444480895996094,0.06807158887386322,0.11428431421518326,0.5417317748069763,0.5024309754371643,0.8161128163337708,21.100372314453125,15.557861328125,0.06807158887386322,0.11428431421518326,27.062824249267578,21.100372314453125,15.557861328125
scene13_traj2_2__000018,0.06835189461708069,0.1146090179681778,0.9490149021148682,0.6755548119544983,1.2672749757766724,37.90437316894531,33.15726089477539,0.06835189461708069,0.1146090179681778,44.21315002441406,37.90437316894531,33.15726089477539,0.0683518797159195,0.114608995616436,0.5460825562477112,0.5049858093261719,0.8216944932937622,21.57428550720215,16.130632400512695,0.0683518797159195,0.114608995616436,27.272125244140625,21.57428550720215,16.130632400512695
scene13_traj2_2__000019,0.06879130750894547,0.11540856957435608,0.9490384459495544,0.6766864657402039,1.2691307067871094,38.02509307861328,33.00107192993164,0.06879130750894547,0.11540856957435608,44.3290901184082,38.02509307861328,33.00107192993164,0.06879130005836487,0.11540856212377548,0.5483185648918152,0.5113316774368286,0.8280308842658997,21.789501190185547,16.24327850341797,0.06879130005836487,0.11540856212377548,27.517330169677734,21.789501190185547,16.24327850341797
scene13_traj2_2__000020,0.06902976334095001,0.11597461253404617,0.9479880928993225,0.6874748468399048,1.2750601768493652,38.34418487548828,33.35004425048828,0.06902976334095001,0.11597461253404617,44.52422332763672,38.34418487548828,33.35004425048828,0.06902974843978882,0.11597459763288498,0.5474639534950256,0.5082578659057617,0.8250756859779358,21.8084659576416,16.313365936279297,0.06902974843978882,0.11597459763288498,27.417171478271484,21.8084659576416,16.313365936279297
scene13_traj2_2__000021,0.0692506730556488,0.11691922694444656,0.9472871422767639,0.6848931908607483,1.2737177610397339,38.13771057128906,33.32557678222656,0.0692506730556488,0.11691922694444656,44.43976593017578,38.13771057128906,33.32557678222656,0.0692506730556488,0.11691921949386597,0.5461546182632446,0.5049616694450378,0.8213229775428772,21.529926300048828,16.063814163208008,0.0692506730556488,0.11691921949386597,27.256393432617188,21.529926300048828,16.063814163208008
scene13_traj2_2__000022,0.06903351843357086,0.11640593409538269,0.9470218420028687,0.6916792392730713,1.2783914804458618,38.58085250854492,33.759822845458984,0.06903351843357086,0.11640593409538269,44.66335678100586,38.58085250854492,33.759822845458984,0.06903349608182907,0.1164059191942215,0.544224202632904,0.5037699937820435,0.8187986612319946,21.302703857421875,15.756523132324219,0.06903349608182907,0.1164059191942215,27.17080307006836,21.302703857421875,15.756523132324219
scene13_traj2_2__000023,0.0695633664727211,0.11682584881782532,0.9414564967155457,0.6972718834877014,1.2785435914993286,38.24373245239258,33.398075103759766,0.0695633664727211,0.11682584881782532,44.628517150878906,38.24373245239258,33.398075103759766,0.0695633515715599,0.11682582646608353,0.5464245676994324,0.5033859610557556,0.8202042579650879,21.42889976501465,15.888436317443848,0.0695633515715599,0.11682582646608353,27.230037689208984,21.42889976501465,15.888436317443848
scene13_traj2_2__000024,0.07032499462366104,0.11762377619743347,0.945970892906189,0.6826356053352356,1.2690976858139038,37.643821716308594,32.61338424682617,0.07032499462366104,0.11762377619743347,44.25391387939453,37.643821716308594,32.61338424682617,0.07032497972249985,0.11762375384569168,0.5453904867172241,0.5030877590179443,0.8187845349311829,21.299896240234375,15.804166793823242,0.07032497972249985,0.11762375384569168,27.17510986328125,21.299896240234375,15.804166793823242
scene13_traj2_2__000025,0.07063359767198563,0.11857220530509949,0.9474601745605469,0.6707772612571716,1.2595622539520264,36.745418548583984,31.33228874206543,0.07063359767198563,0.11857220530509949,43.92306900024414,36.745418548583984,31.33228874206543,0.07063358277082443,0.1185721904039383,0.5424349308013916,0.5014256238937378,0.8155466318130493,21.126638412475586,15.667025566101074,0.07063358277082443,0.1185721904039383,27.063602447509766,21.126638412475586,15.667025566101074
scene13_traj2_2__000026,0.07114743441343307,0.11962095648050308,0.9441745281219482,0.6677935719490051,1.2548943758010864,36.218650817871094,30.366106033325195,0.07114743441343307,0.11962095648050308,43.78855895996094,36.218650817871094,30.366106033325195,0.07114741951227188,0.11962094902992249,0.5377888679504395,0.4965328276157379,0.808152437210083,20.59324836730957,15.080121040344238,0.07114741951227188,0.11962094902992249,26.764862060546875,20.59324836730957,15.080121040344238
scene13_traj2_2__000027,0.07122986763715744,0.12009045481681824,0.9386157989501953,0.6558766961097717,1.2410922050476074,35.464332580566406,29.624473571777344,0.07122986763715744,0.12009045481681824,43.2085075378418,35.464332580566406,29.624473571777344,0.07122986018657684,0.12009042501449585,0.5381066799163818,0.49438485503196716,0.8067237734794617,20.47174072265625,14.881945610046387,0.07122986018657684,0.12009042501449585,26.71784782409668,20.47174072265625,14.881945610046387
scene13_traj2_2__000028,0.07205673307180405,0.12115448713302612,0.9407779574394226,0.6762875318527222,1.2596136331558228,36.600852966308594,31.27198600769043,0.07205673307180405,0.12115448713302612,43.884910583496094,36.600852966308594,31.27198600769043,0.07205671072006226,0.12115446478128433,0.5351494550704956,0.4923861026763916,0.8029296398162842,20.057479858398438,14.381811141967773,0.07205671072006226,0.12115446478128433,26.555208206176758,20.057479858398438,14.381811141967773
scene13_traj2_2__000029,0.07238102704286575,0.12195440381765366,0.9399716258049011,0.6675663590431213,1.251845359802246,36.183006286621094,30.660436630249023,0.07238102704286575,0.12195440381765366,43.60068893432617,36.183006286621094,30.660436630249023,0.07238101214170456,0.12195438891649246,0.534902811050415,0.4925973117351532,0.8029898405075073,20.039892196655273,14.453807830810547,0.07238101214170456,0.12195438891649246,26.566316604614258,20.039892196655273,14.453807830810547
scene13_traj2_2__000030,0.0712604895234108,0.1199164018034935,0.9412283301353455,0.6653045415878296,1.2510396242141724,35.83686065673828,29.838762283325195,0.0712604895234108,0.1199164018034935,43.64590835571289,35.83686065673828,29.838762283325195,0.0712604746222496,0.11991637945175171,0.5388126969337463,0.4955228567123413,0.8083643913269043,20.355955123901367,14.75912857055664,0.0712604746222496,0.11991637945175171,26.763933181762695,20.355955123901367,14.75912857055664
scene13_traj2_2__000031,0.07128331810235977,0.12052928656339645,0.9408186078071594,0.6867741942405701,1.2711601257324219,37.37900161743164,32.216346740722656,0.07128331810235977,0.12052928656339645,44.33161163330078,37.37900161743164,32.216346740722656,0.07128330320119858,0.12052926421165466,0.5385045409202576,0.49751242995262146,0.8092852830886841,20.335962295532227,14.72766399383545,0.07128330320119858,0.12052926421165466,26.799821853637695,20.335962295532227,14.72766399383545
scene13_traj2_2__000032,0.07123410701751709,0.12039167433977127,0.9422620534896851,0.6855138540267944,1.2719378471374512,37.56349182128906,32.628395080566406,0.07123410701751709,0.12039167433977127,44.355838775634766,37.56349182128906,32.628395080566406,0.0712340921163559,0.12039165943861008,0.5401994585990906,0.49925103783607483,0.8118688464164734,20.51241683959961,14.946261405944824,0.0712340921163559,0.12039165943861008,26.898576736450195,20.51241683959961,14.946261405944824
scene13_traj2_2__000033,0.07211574912071228,0.12197714298963547,0.9406542778015137,0.704384446144104,1.2869436740875244,38.641353607177734,34.04911422729492,0.07211574912071228,0.12197714298963547,44.91606903076172,38.641353607177734,34.04911422729492,0.07211574167013168,0.12197713553905487,0.5413549542427063,0.4963722825050354,0.8111997842788696,20.436466217041016,14.801512718200684,0.07211574167013168,0.12197713553905487,26.86250877380371,20.436466217041016,14.801512718200684
scene13_traj2_2__000034,0.07245712727308273,0.12331529706716537,0.9420166015625,0.6526894569396973,1.24393630027771,35.51787185668945,30.192493438720703,0.07245712727308273,0.12331529706716537,43.30632781982422,35.51787185668945,30.192493438720703,0.07245711982250214,0.12331528216600418,0.538400411605835,0.4961521625518799,0.808296263217926,20.177051544189453,14.58501148223877,0.07245711982250214,0.12331528216600418,26.73994255065918,20.177051544189453,14.58501148223877
scene13_traj2_2__000035,0.07256179302930832,0.12445598840713501,0.9432201981544495,0.6659096479415894,1.2554601430892944,36.230316162109375,31.1345157623291,0.07256179302930832,0.12445598840713501,43.758174896240234,36.230316162109375,31.1345157623291,0.07256177067756653,0.12445598095655441,0.5376359224319458,0.4947638213634491,0.8061567544937134,19.91132926940918,14.251652717590332,0.07256177067756653,0.12445598095655441,26.644737243652344,19.91132926940918,14.251652717590332
scene13_traj2_2__000036,0.07326852530241013,0.12570610642433167,0.9441556334495544,0.6821117401123047,1.2680612802505493,36.35219192504883,30.982135772705078,0.07326852530241013,0.12570610642433167,44.22564697265625,36.35219192504883,30.982135772705078,0.07326851040124893,0.12570609152317047,0.5359554886817932,0.4950711727142334,0.8052206635475159,19.64662742614746,13.906445503234863,0.07326851040124893,0.12570609152317047,26.62413787841797,19.64662742614746,13.906445503234863
scene13_traj2_2__000037,0.07351483404636383,0.1264159083366394,0.9436960220336914,0.6795321702957153,1.2659467458724976,36.55658721923828,31.41194725036621,0.07351483404636383,0.1264159083366394,44.13697052001953,36.55658721923828,31.41194725036621,0.07351482659578323,0.1264158934354782,0.5373457074165344,0.4940110146999359,0.8053506016731262,19.616281509399414,13.877476692199707,0.07351482659578323,0.1264158934354782,26.610361099243164,19.616281509399414,13.877476692199707
scene13_traj2_2__000038,0.07412078231573105,0.12703633308410645,0.9406605958938599,0.6842700242996216,1.267501950263977,36.358089447021484,30.998437881469727,0.07412078231573105,0.12703633308410645,44.17148971557617,36.358089447021484,30.998437881469727,0.07412077486515045,0.12703631818294525,0.5320929884910583,0.49501848220825195,0.8018324375152588,19.39412498474121,13.703397750854492,0.07412077486515045,0.12703631818294525,26.49063491821289,19.39412498474121,13.703397750854492
scene13_traj2_2__000039,0.07306654751300812,0.12512469291687012,0.9416455626487732,0.6692588925361633,1.2569527626037598,35.86385726928711,30.8018741607666,0.07306654751300812,0.12512469291687012,43.7515869140625,35.86385726928711,30.8018741607666,0.07306654006242752,0.12512467801570892,0.5313933491706848,0.48843511939048767,0.7970537543296814,19.190940856933594,13.540475845336914,0.07306654006242752,0.12512467801570892,26.28985595703125,19.190940856933594,13.540475845336914
scene13_traj2_2__000040,0.07241810113191605,0.12322898954153061,0.9320951700210571,0.6636418700218201,1.2437655925750732,35.39842224121094,30.29959487915039,0.07241810113191605,0.12322898954153061,43.22431182861328,35.39842224121094,30.29959487915039,0.07241809368133545,0.12322896718978882,0.530117928981781,0.4876643419265747,0.7956590056419373,19.113731384277344,13.478839874267578,0.07241809368133545,0.12322896718978882,26.249319076538086,19.113731384277344,13.478839874267578
scene13_traj2_2__000041,0.07350397109985352,0.12279827892780304,0.9300228357315063,0.6649945974349976,1.2432854175567627,35.40932083129883,30.297550201416016,0.07350397109985352,0.12279827892780304,43.17969512939453,35.40932083129883,30.297550201416016,0.07350394874811172,0.12279826402664185,0.5269767045974731,0.4819389879703522,0.7892153859138489,19.106595993041992,13.524979591369629,0.07350394874811172,0.12279826402664185,26.011455535888672,19.106595993041992,13.524979591369629
scene13_traj2_2__000042,0.07357247918844223,0.12293519079685211,0.9252210259437561,0.6588342785835266,1.234640121459961,34.967960357666016,29.715410232543945,0.07357247918844223,0.12293519079685211,42.851070404052734,34.967960357666016,29.715410232543945,0.07357247173786163,0.12293516844511032,0.5269574522972107,0.4812547266483307,0.788608729839325,19.118236541748047,13.632539749145508,0.07357247173786163,0.12293516844511032,26.003433227539062,19.118236541748047,13.632539749145508
scene13_traj2_2__000043,0.07566843926906586,0.12475179880857468,0.925423800945282,0.6739563941955566,1.2434080839157104,35.48759841918945,30.176944732666016,0.07566843926906586,0.12475179880857468,43.15803146362305,35.48759841918945,30.176944732666016,0.07566842436790466,0.12475177645683289,0.5256361365318298,0.47767457365989685,0.7843369245529175,19.26288604736328,13.780949592590332,0.07566842436790466,0.12475177645683289,25.868276596069336,19.26288604736328,13.780949592590332
scene13_traj2_2__000044,0.07737533748149872,0.12685692310333252,0.9075625538825989,0.6488574147224426,1.2085033655166626,33.87095642089844,28.372058868408203,0.07737533748149872,0.12685692310333252,41.839847564697266,33.87095642089844,28.372058868408203,0.07737531512975693,0.12685690820217133,0.5209180116653442,0.4751453399658203,0.7784143686294556,19.081905364990234,13.746440887451172,0.07737531512975693,0.12685690820217133,25.67694854736328,19.081905364990234,13.746440887451172
scene13_traj2_2__000045,0.07888645678758621,0.12794794142246246,0.8932631611824036,0.6845302581787109,1.2262572050094604,34.99137496948242,29.696386337280273,0.07888645678758621,0.12794794142246246,42.45142364501953,34.99137496948242,29.696386337280273,0.07888643443584442,0.12794791162014008,0.5131799578666687,0.4703371524810791,0.7683124542236328,18.643295288085938,13.288493156433105,0.07888643443584442,0.12794791162014008,25.311946868896484,18.643295288085938,13.288493156433105
scene13_traj2_2__000046,0.07962778955698013,0.12868322432041168,0.8910314440727234,0.671462893486023,1.2124276161193848,34.34968566894531,29.02338409423828,0.07962778955698013,0.12868322432041168,41.950828552246094,34.34968566894531,29.02338409423828,0.07962778210639954,0.1286831945180893,0.5107166767120361,0.46935492753982544,0.7656936049461365,18.511188507080078,13.11017894744873,0.07962778210639954,0.1286831945180893,25.213850021362305,18.511188507080078,13.11017894744873
scene13_traj2_2__000047,0.08064063638448715,0.1300410032272339,0.8914660811424255,0.6833804845809937,1.224351167678833,35.17188262939453,30.255523681640625,0.08064063638448715,0.1300410032272339,42.3544921875,35.17188262939453,30.255523681640625,0.08064063638448715,0.1300409883260727,0.5104370713233948,0.46835723519325256,0.764366865158081,18.46626853942871,13.044146537780762,0.08064063638448715,0.1300409883260727,25.16439437866211,18.46626853942871,13.044146537780762
scene13_traj2_2__000048,0.08061964809894562,0.130289226770401,0.8884441256523132,0.6934695839881897,1.2316601276397705,35.681095123291016,30.88008689880371,0.08061964809894562,0.130289226770401,42.593467712402344,35.681095123291016,30.88008689880371,0.08061964064836502,0.1302892118692398,0.5057669878005981,0.46577346324920654,0.7586821913719177,18.242616653442383,12.81811237335205,0.08061964064836502,0.1302892118692398,24.96675682067871,18.242616653442383,12.81811237335205
scene13_traj2_2__000049,0.08080941438674927,0.1310218870639801,0.8864442706108093,0.7070306539535522,1.242140531539917,36.24483108520508,31.762845993041992,0.08080941438674927,0.1310218870639801,42.94532012939453,36.24483108520508,31.762845993041992,0.08080940693616867,0.1310218721628189,0.5078950524330139,0.4651806056499481,0.7599928975105286,18.247482299804688,12.776688575744629,0.08080940693616867,0.1310218721628189,25.017309188842773,18.247482299804688,12.776688575744629
scene13_traj2_2__000050,0.08088385313749313,0.13057227432727814,0.886050283908844,0.7095301151275635,1.2412610054016113,35.7434196472168,30.797801971435547,0.08088385313749313,0.13057227432727814,42.933929443359375,35.7434196472168,30.797801971435547,0.08088383823633194,0.13057225942611694,0.5015699863433838,0.45806944370269775,0.749549388885498,17.743989944458008,12.434528350830078,0.08088383823633194,0.13057225942611694,24.617773056030273,17.743989944458008,12.434528350830078
scene13_traj2_2__000051,0.08205455541610718,0.13323503732681274,0.8806239366531372,0.7080392241477966,1.2378801107406616,35.67301559448242,31.0772705078125,0.08205455541610718,0.13323503732681274,42.72447204589844,35.67301559448242,31.0772705078125,0.08205453306436539,0.13323502242565155,0.4994131028652191,0.4566344618797302,0.7463350892066956,17.333858489990234,12.006747245788574,0.08205453306436539,0.13323502242565155,24.515960693359375,17.333858489990234,12.006747245788574
scene13_traj2_2__000052,0.08224944770336151,0.13384026288986206,0.8816795945167542,0.7072567939758301,1.2376275062561035,35.56467056274414,30.895246505737305,0.08224944770336151,0.13384026288986206,42.718414306640625,35.56467056274414,30.895246505737305,0.08224943280220032,0.13384023308753967,0.497853547334671,0.4556981325149536,0.7446311116218567,17.239118576049805,11.934988021850586,0.08224943280220032,0.13384023308753967,24.4494686126709,17.239118576049805,11.934988021850586
scene13_traj2_2__000053,0.08171457052230835,0.13245226442813873,0.8797650933265686,0.7083361744880676,1.2368462085723877,35.42045211791992,30.741029739379883,0.08171457052230835,0.13245226442813873,42.70197677612305,35.42045211791992,30.741029739379883,0.08171455562114716,0.13245224952697754,0.4947353005409241,0.4529360830783844,0.7397300601005554,16.925193786621094,11.625418663024902,0.08171455562114716,0.13245224952697754,24.285181045532227,16.925193786621094,11.625418663024902
scene13_traj2_2__000054,0.08160791546106339,0.13251499831676483,0.878023087978363,0.7007406949996948,1.2292492389678955,34.967987060546875,30.275835037231445,0.08160791546106339,0.13251499831676483,42.40375900268555,34.967987060546875,30.275835037231445,0.0816078931093216,0.13251498341560364,0.49187731742858887,0.4513573944568634,0.7363681793212891,16.734039306640625,11.464686393737793,0.0816078931093216,0.13251498341560364,24.1477108001709,16.734039306640625,11.464686393737793
scene13_traj2_2__000055,0.08192858099937439,0.1329411417245865,0.8807599544525146,0.6861073970794678,1.2182561159133911,34.06623840332031,29.14801025390625,0.08192858099937439,0.1329411417245865,42.01063919067383,34.06623840332031,29.14801025390625,0.0819285660982132,0.1329411268234253,0.48916611075401306,0.4480362832546234,0.7318602800369263,16.434667587280273,11.229386329650879,0.0819285660982132,0.1329411268234253,23.98106575012207,16.434667587280273,11.229386329650879
scene13_traj2_2__000056,0.08109650015830994,0.13129626214504242,0.8797343969345093,0.6890415549278259,1.2206114530563354,34.21055603027344,29.312070846557617,0.08109650015830994,0.13129626214504242,42.10658645629883,34.21055603027344,29.312070846557617,0.08109648525714874,0.13129624724388123,0.4861491620540619,0.44553762674331665,0.7269222736358643,16.351015090942383,11.143263816833496,0.08109648525714874,0.13129624724388123,23.813968658447266,16.351015090942383,11.143263816833496
scene13_traj2_2__000057,0.08130993694067001,0.1314740777015686,0.878779947757721,0.6912671327590942,1.221648097038269,34.24992370605469,29.334421157836914,0.08130993694067001,0.1314740777015686,42.12733459472656,34.24992370605469,29.334421157836914,0.08130992203950882,0.1314740628004074,0.48549649119377136,0.44554728269577026,0.726677417755127,16.321170806884766,11.237893104553223,0.08130992203950882,0.1314740628004074,23.801000595092773,16.321170806884766,11.237893104553223
scene13_traj2_2__000058,0.08115925639867783,0.13119833171367645,0.8781780004501343,0.6976884603500366,1.2261548042297363,34.62640380859375,29.756723403930664,0.08115925639867783,0.13119833171367645,42.33539962768555,34.62640380859375,29.756723403930664,0.08115924894809723,0.13119831681251526,0.4855014979839325,0.4448157846927643,0.7261075377464294,16.288230895996094,11.094093322753906,0.08115924894809723,0.13119831681251526,23.788606643676758,16.288230895996094,11.094093322753906
scene13_traj2_2__000059,0.08064693957567215,0.13019482791423798,0.8788264393806458,0.6998529434204102,1.228257417678833,34.738277435302734,29.677017211914062,0.08064693957567215,0.13019482791423798,42.437774658203125,34.738277435302734,29.677017211914062,0.08064690977334976,0.13019481301307678,0.4864674508571625,0.4466813802719116,0.7282006740570068,16.427833557128906,11.283365249633789,0.08064690977334976,0.13019481301307678,23.864656448364258,16.427833557128906,11.283365249633789
scene13_traj2_2__000060,0.07915756851434708,0.12760581076145172,0.8794150948524475,0.7044619917869568,1.2339129447937012,35.25517654418945,30.413448333740234,0.07915756851434708,0.12760581076145172,42.63945388793945,35.25517654418945,30.413448333740234,0.07915756106376648,0.12760579586029053,0.4847729504108429,0.44842177629470825,0.727977991104126,16.416719436645508,11.253463745117188,0.07915756106376648,0.12760579586029053,23.85309410095215,16.416719436645508,11.253463745117188
scene13_traj2_2__000061,0.07902038097381592,0.12727636098861694,0.8800387382507324,0.7048988342285156,1.2343018054962158,35.122127532958984,30.15884780883789,0.07902038097381592,0.12727636098861694,42.67228698730469,35.122127532958984,30.15884780883789,0.07902037352323532,0.12727634608745575,0.48162293434143066,0.444800466299057,0.7224439382553101,16.062515258789062,11.068014144897461,0.07902037352323532,0.12727634608745575,23.648313522338867,16.062515258789062,11.068014144897461
scene13_traj2_2__000062,0.07941273599863052,0.12809208035469055,0.8825727701187134,0.7066725492477417,1.2374017238616943,35.15910720825195,30.08145523071289,0.07941273599863052,0.12809208035469055,42.792701721191406,35.15910720825195,30.08145523071289,0.07941272109746933,0.12809206545352936,0.48267918825149536,0.4464942216873169,0.7247964143753052,16.179357528686523,11.107848167419434,0.07941272109746933,0.12809206545352936,23.74127960205078,16.179357528686523,11.107848167419434
scene13_traj2_2__000063,0.07911711186170578,0.12778344750404358,0.8826654553413391,0.7129669785499573,1.243728518486023,35.49357604980469,30.63304901123047,0.07911711186170578,0.12778344750404358,43.01219940185547,35.49357604980469,30.63304901123047,0.07911709696054459,0.12778343260288239,0.4800178110599518,0.4456690847873688,0.7217015624046326,15.883957862854004,10.87710952758789,0.07911709696054459,0.12778343260288239,23.627765655517578,15.883957862854004,10.87710952758789
scene13_traj2_2__000064,0.07797877490520477,0.12574660778045654,0.8894744515419006,0.7081652879714966,1.2462475299835205,35.38115310668945,30.763599395751953,0.07797877490520477,0.12574660778045654,43.097747802734375,35.38115310668945,30.763599395751953,0.07797876745462418,0.12574657797813416,0.4772936701774597,0.4453549385070801,0.7187219858169556,15.433642387390137,10.425575256347656,0.07797876745462418,0.12574657797813416,23.503108978271484,15.433642387390137,10.425575256347656
scene13_traj2_2__000065,0.07810132950544357,0.125360906124115,0.8900977969169617,0.7015629410743713,1.240332007408142,34.75768280029297,30.0209903717041,0.07810132950544357,0.125360906124115,42.899898529052734,34.75768280029297,30.0209903717041,0.07810129970312119,0.1253608763217926,0.47390785813331604,0.44725731015205383,0.7172932624816895,15.07575511932373,10.049583435058594,0.07810129970312119,0.1253608763217926,23.464448928833008,15.07575511932373,10.049583435058594
scene13_traj2_2__000066,0.0774298757314682,0.12432931363582611,0.8923918008804321,0.7063606381416321,1.2463014125823975,35.07875061035156,30.288503646850586,0.0774298757314682,0.12432931363582611,43.1658935546875,35.07875061035156,30.288503646850586,0.0774298682808876,0.12432929128408432,0.4753304421901703,0.4460703730583191,0.7170978784561157,15.060450553894043,10.060639381408691,0.0774298682808876,0.12432929128408432,23.45156478881836,15.060450553894043,10.060639381408691
scene13_traj2_2__000067,0.07674742490053177,0.12335605919361115,0.8948646783828735,0.7008408904075623,1.2429620027542114,34.64055252075195,29.799943923950195,0.07674742490053177,0.12335605919361115,43.02742004394531,34.64055252075195,29.799943923950195,0.07674741744995117,0.12335603684186935,0.46767908334732056,0.4420173466205597,0.7078450918197632,14.631558418273926,9.75772476196289,0.07674741744995117,0.12335603684186935,23.116680145263672,14.631558418273926,9.75772476196289
scene13_traj2_2__000068,0.07762455195188522,0.12499893456697464,0.8909358978271484,0.7181164622306824,1.2558954954147339,35.86907196044922,31.286949157714844,0.07762455195188522,0.12499893456697464,43.520042419433594,35.86907196044922,31.286949157714844,0.07762452960014343,0.12499892711639404,0.46910688281059265,0.4444959759712219,0.7105615139007568,14.700591087341309,9.775599479675293,0.07762452960014343,0.12499892711639404,23.22210693359375,14.700591087341309,9.775599479675293
scene13_traj2_2__000069,0.07559959590435028,0.1212567463517189,0.888875424861908,0.7086743712425232,1.2462835311889648,35.34644317626953,30.6790828704834,0.07559959590435028,0.1212567463517189,43.19572067260742,35.34644317626953,30.6790828704834,0.07559958100318909,0.12125673145055771,0.4674672484397888,0.44354966282844543,0.7085545063018799,14.872174263000488,10.026863098144531,0.07559958100318909,0.12125673145055771,23.130752563476562,14.872174263000488,10.026863098144531
scene13_traj2_2__000070,0.07499042898416519,0.12114879488945007,0.8868393898010254,0.7221361398696899,1.2559977769851685,36.29865264892578,31.705488204956055,0.07499042898416519,0.12114879488945007,43.60781478881836,36.29865264892578,31.705488204956055,0.0749904215335846,0.12114877998828888,0.4692925810813904,0.4502371549606323,0.7149121761322021,15.306925773620605,10.418851852416992,0.0749904215335846,0.12114877998828888,23.34262466430664,15.306925773620605,10.418851852416992
scene13_traj2_2__000071,0.07437319308519363,0.11996655911207199,0.8905358910560608,0.7289974093437195,1.26485276222229,36.78556442260742,32.09915542602539,0.07437319308519363,0.11996655911207199,43.95425033569336,36.78556442260742,32.09915542602539,0.07437317818403244,0.1199665367603302,0.4684942960739136,0.44958361983299255,0.7137539982795715,15.263837814331055,10.317876815795898,0.07437317818403244,0.1199665367603302,23.29187774658203,15.263837814331055,10.317876815795898
scene13_traj2_2__000072,0.0738070160150528,0.11929762363433838,0.8877843618392944,0.7257823944091797,1.2599310874938965,36.50754928588867,31.938735961914062,0.0738070160150528,0.11929762363433838,43.75731658935547,36.50754928588867,31.938735961914062,0.0738070011138916,0.11929761618375778,0.4654712975025177,0.45310401916503906,0.714026689529419,15.087715148925781,10.108912467956543,0.0738070011138916,0.11929761618375778,23.3305606842041,15.087715148925781,10.108912467956543
scene13_traj2_2__000073,0.07430281490087509,0.12018386274576187,0.8895368576049805,0.7304285764694214,1.2653930187225342,36.66798400878906,32.21378707885742,0.07430281490087509,0.12018386274576187,43.95772171020508,36.66798400878906,32.21378707885742,0.0743027925491333,0.12018385529518127,0.4627087414264679,0.45016995072364807,0.7096959352493286,14.884943962097168,9.998013496398926,0.0743027925491333,0.12018385529518127,23.151185989379883,14.884943962097168,9.998013496398926
scene13_traj2_2__000074,0.07445569336414337,0.11993283033370972,0.8873295783996582,0.7294092178344727,1.2623389959335327,36.44988250732422,31.94988250732422,0.07445569336414337,0.11993283033370972,43.82868194580078,36.44988250732422,31.94988250732422,0.07445567846298218,0.11993281543254852,0.46159958839416504,0.4505959153175354,0.7088431119918823,14.815581321716309,9.934142112731934,0.07445567846298218,0.11993281543254852,23.13833999633789,14.815581321716309,9.934142112731934
scene13_traj2_2__000075,0.07399952411651611,0.1193525567650795,0.8876531720161438,0.7311955094337463,1.264115333557129,36.637454986572266,32.226078033447266,0.07399952411651611,0.1193525567650795,43.88907241821289,36.637454986572266,32.226078033447266,0.07399950921535492,0.11935253441333771,0.46165764331817627,0.4504655599594116,0.7088654041290283,14.834733009338379,10.002290725708008,0.07399950921535492,0.11935253441333771,23.12651252746582,14.834733009338379,10.002290725708008
scene13_traj2_2__000076,0.07414980977773666,0.12022409588098526,0.886864423751831,0.7334477305412292,1.2647782564163208,36.616050720214844,32.04737854003906,0.07414980977773666,0.12022409588098526,43.95008087158203,36.616050720214844,32.04737854003906,0.07414979487657547,0.12022408843040466,0.4620077908039093,0.45156607031822205,0.7099765539169312,14.84531307220459,9.878963470458984,0.07414979487657547,0.12022408843040466,23.17099380493164,14.84531307220459,9.878963470458984
scene13_traj2_2__000077,0.07341074198484421,0.11876357346773148,0.8861627578735352,0.7359055876731873,1.2650609016418457,36.66944885253906,32.04261016845703,0.07341074198484421,0.11876357346773148,43.98725891113281,36.66944885253906,32.04261016845703,0.07341074198484421,0.11876355111598969,0.4613737463951111,0.4532209038734436,0.7108497023582458,14.838113784790039,9.973962783813477,0.07341074198484421,0.11876355111598969,23.213457107543945,14.838113784790039,9.973962783813477
scene13_traj2_2__000078,0.07240257412195206,0.1170300543308258,0.8923235535621643,0.7423496246337891,1.2752761840820312,37.194000244140625,32.66541290283203,0.07240257412195206,0.1170300543308258,44.37371063232422,37.194000244140625,32.66541290283203,0.07240255922079086,0.11703003942966461,0.46354585886001587,0.45349445939064026,0.7127097845077515,14.921504974365234,10.052787780761719,0.07240255922079086,0.11703003942966461,23.24972915649414,14.921504974365234,10.052787780761719
scene13_traj2_2__000079,0.07109019160270691,0.11506634205579758,0.8907685875892639,0.7344972491264343,1.2675145864486694,36.867515563964844,32.28675842285156,0.07109019160270691,0.11506634205579758,44.08855056762695,36.867515563964844,32.28675842285156,0.07109017670154572,0.11506633460521698,0.4639430046081543,0.4553929567337036,0.71454918384552,15.003425598144531,10.06546688079834,0.07109017670154572,0.11506633460521698,23.326784133911133,15.003425598144531,10.06546688079834
scene13_traj2_2__000080,0.07085870206356049,0.1151634156703949,0.8976557850837708,0.7308972477912903,1.270031213760376,36.88501739501953,32.29655075073242,0.07085870206356049,0.1151634156703949,44.19579315185547,36.88501739501953,32.29655075073242,0.07085868716239929,0.1151634082198143,0.4634876251220703,0.45950621366500854,0.7174371480941772,15.001108169555664,10.035707473754883,0.07085868716239929,0.1151634082198143,23.4215145111084,15.001108169555664,10.035707473754883
scene13_traj2_2__000081,0.07094526290893555,0.11520922183990479,0.9011763334274292,0.7366036772727966,1.2771315574645996,37.207557678222656,32.70067596435547,0.07094526290893555,0.11520922183990479,44.50599670410156,37.207557678222656,32.70067596435547,0.07094524055719376,0.11520920693874359,0.46261048316955566,0.46023446321487427,0.716752290725708,15.001009941101074,10.023097038269043,0.07094524055719376,0.11520920693874359,23.401790618896484,15.001009941101074,10.023097038269043
scene13_traj2_2__000082,0.0715603232383728,0.1162533387541771,0.8928343057632446,0.744774580001831,1.2765674591064453,36.933982849121094,32.26263427734375,0.0715603232383728,0.1162533387541771,44.42332077026367,36.933982849121094,32.26263427734375,0.07156030833721161,0.1162533164024353,0.4597890079021454,0.45743465423583984,0.7123411297798157,14.640386581420898,9.683219909667969,0.07156030833721161,0.1162533164024353,23.26544761657715,14.640386581420898,9.683219909667969
scene13_traj2_2__000083,0.07203643023967743,0.11691964417695999,0.888557493686676,0.7425901889801025,1.272281289100647,36.5998420715332,31.87165641784668,0.07203643023967743,0.11691964417695999,44.202388763427734,36.5998420715332,31.87165641784668,0.07203642278909683,0.1169196292757988,0.45877233147621155,0.45265451073646545,0.7077668905258179,14.384520530700684,9.490999221801758,0.07203642278909683,0.1169196292757988,23.11552619934082,14.384520530700684,9.490999221801758
scene13_traj2_2__000084,0.0727497786283493,0.11885256320238113,0.8947464823722839,0.7443420886993408,1.277726411819458,36.66300964355469,31.896949768066406,0.0727497786283493,0.11885256320238113,44.3878173828125,36.66300964355469,31.896949768066406,0.07274976372718811,0.11885254085063934,0.45848193764686584,0.4485034942626953,0.7046237587928772,14.206454277038574,9.297247886657715,0.07274976372718811,0.11885254085063934,22.99964141845703,14.206454277038574,9.297247886657715
scene13_traj2_2__000085,0.07269424945116043,0.1190917044878006,0.8925793766975403,0.7348676919937134,1.2711125612258911,36.626670837402344,32.0579948425293,0.07269424945116043,0.1190917044878006,44.10364532470703,36.626670837402344,32.0579948425293,0.07269424200057983,0.1190916895866394,0.45837703347206116,0.4481331706047058,0.7042067050933838,14.078062057495117,9.272101402282715,0.07269424200057983,0.1190916895866394,22.986818313598633,14.078062057495117,9.272101402282715
scene13_traj2_2__000086,0.07404958456754684,0.12077479809522629,0.8914986848831177,0.729942798614502,1.26590895652771,36.24909973144531,31.76255226135254,0.07404958456754684,0.12077479809522629,43.896060943603516,36.24909973144531,31.76255226135254,0.07404957711696625,0.12077479064464569,0.45642346143722534,0.4477977752685547,0.7023888230323792,14.02358627319336,9.187167167663574,0.07404957711696625,0.12077479064464569,22.928586959838867,14.02358627319336,9.187167167663574
scene13_traj2_2__000087,0.07470627129077911,0.12231221050024033,0.8897343277931213,0.7316247820854187,1.2671680450439453,36.09678268432617,31.624425888061523,0.07470627129077911,0.12231221050024033,43.87429428100586,36.09678268432617,31.624425888061523,0.07470625638961792,0.12231218814849854,0.45694783329963684,0.4457981586456299,0.7007523775100708,13.78591537475586,9.006209373474121,0.07470625638961792,0.12231218814849854,22.873964309692383,13.78591537475586,9.006209373474121
scene13_traj2_2__000088,0.07516179978847504,0.12335983663797379,0.8908721208572388,0.7336204648017883,1.2703601121902466,36.43122863769531,32.095706939697266,0.07516179978847504,0.12335983663797379,43.98738479614258,36.43122863769531,32.095706939697266,0.07516179233789444,0.12335982918739319,0.4561329483985901,0.4442329704761505,0.6989535689353943,13.745036125183105,8.97702407836914,0.07516179233789444,0.12335982918739319,22.8009090423584,13.745036125183105,8.97702407836914
scene13_traj2_2__000089,0.07787863910198212,0.1279463768005371,0.8873629570007324,0.733344554901123,1.2683837413787842,36.314308166503906,32.00078582763672,0.07787863910198212,0.1279463768005371,43.85213851928711,36.314308166503906,32.00078582763672,0.07787863165140152,0.12794636189937592,0.45678049325942993,0.4438439905643463,0.6984457969665527,13.634417533874512,8.894168853759766,0.07787863165140152,0.12794636189937592,22.800559997558594,13.634417533874512,8.894168853759766
scene13_traj2_2__000090,0.0785512775182724,0.1286165565252304,0.8899211883544922,0.7208452224731445,1.2585076093673706,35.68185043334961,31.341943740844727,0.0785512775182724,0.1286165565252304,43.53361892700195,35.68185043334961,31.341943740844727,0.0785512700676918,0.1286165565252304,0.4572147727012634,0.4450482130050659,0.7000166177749634,13.641757011413574,8.867671966552734,0.0785512700676918,0.1286165565252304,22.869354248046875,13.641757011413574,8.867671966552734
scene13_traj2_2__000091,0.07884496450424194,0.1291203796863556,0.8900888562202454,0.7291234135627747,1.2660245895385742,36.18856430053711,31.840070724487305,0.07884496450424194,0.1291203796863556,43.80632400512695,36.18856430053711,31.840070724487305,0.07884495705366135,0.1291203647851944,0.45650386810302734,0.4431767463684082,0.6980894804000854,13.6463623046875,8.902631759643555,0.07884495705366135,0.1291203647851944,22.80119514465332,13.6463623046875,8.902631759643555
scene13_traj2_2__000092,0.07906419783830643,0.1289149522781372,0.8904820084571838,0.7291975021362305,1.2638905048370361,35.750911712646484,31.32516860961914,0.07906419783830643,0.1289149522781372,43.75730514526367,35.750911712646484,31.32516860961914,0.07906418293714523,0.12891492247581482,0.4551572799682617,0.44014474749565125,0.694879949092865,13.521635055541992,8.854082107543945,0.07906418293714523,0.12891492247581482,22.678089141845703,13.521635055541992,8.854082107543945
scene13_traj2_2__000093,0.07969451695680618,0.1288619339466095,0.8842257261276245,0.7233763337135315,1.2554422616958618,35.443702697753906,31.052074432373047,0.07969451695680618,0.1288619339466095,43.40975570678711,35.443702697753906,31.052074432373047,0.07969449460506439,0.1288619190454483,0.45075979828834534,0.43977591395378113,0.6911032795906067,13.464137077331543,8.845013618469238,0.07969449460506439,0.1288619190454483,22.564315795898438,13.464137077331543,8.845013618469238
scene13_traj2_2__000094,0.08251594007015228,0.13299033045768738,0.8834850788116455,0.7251339554786682,1.255882978439331,35.42646789550781,30.952316284179688,0.08251594007015228,0.13299033045768738,43.45551300048828,35.42646789550781,30.952316284179688,0.08251594007015228,0.13299031555652618,0.44975653290748596,0.43737006187438965,0.6884409189224243,13.322006225585938,8.779365539550781,0.08251594007015228,0.13299031555652618,22.460363388061523,13.322006225585938,8.779365539550781
scene13_traj2_2__000095,0.08224824070930481,0.1330374777317047,0.8808207511901855,0.7205011248588562,1.2503856420516968,35.21635818481445,30.837581634521484,0.08224824070930481,0.1330374777317047,43.206398010253906,35.21635818481445,30.837581634521484,0.08224823325872421,0.13303746283054352,0.4502120316028595,0.4340602457523346,0.6862413883209229,13.287631034851074,8.764266014099121,0.08224823325872421,0.13303746283054352,22.392118453979492,13.287631034851074,8.764266014099121
scene13_traj2_2__000096,0.08292359858751297,0.13452453911304474,0.8845529556274414,0.7194311022758484,1.2531840801239014,35.28006362915039,30.896142959594727,0.08292359858751297,0.13452453911304474,43.35186767578125,35.28006362915039,30.896142959594727,0.08292357623577118,0.13452452421188354,0.44818371534347534,0.43416523933410645,0.6846079230308533,13.198590278625488,8.671406745910645,0.08292357623577118,0.13452452421188354,22.31721305847168,13.198590278625488,8.671406745910645
scene13_traj2_2__000097,0.08431582152843475,0.13740979135036469,0.8867761492729187,0.7106776833534241,1.245843768119812,34.61619186401367,30.19734001159668,0.08431582152843475,0.13740979135036469,43.04460906982422,34.61619186401367,30.19734001159668,0.08431581407785416,0.1374097615480423,0.4501076340675354,0.43462494015693665,0.6871250867843628,13.232417106628418,8.680961608886719,0.08431581407785416,0.1374097615480423,22.420469284057617,13.232417106628418,8.680961608886719
scene13_traj2_2__000098,0.08612176030874252,0.1420310139656067,0.8890974521636963,0.719037652015686,1.2557331323623657,34.97401809692383,30.59453582763672,0.08612176030874252,0.1420310139656067,43.34756088256836,34.97401809692383,30.59453582763672,0.08612174540758133,0.1420309990644455,0.45236942172050476,0.4361186921596527,0.6897614598274231,13.236966133117676,8.612156867980957,0.08612174540758133,0.1420309990644455,22.5072078704834,13.236966133117676,8.612156867980957
scene13_traj2_2__000099,0.08469021320343018,0.14102639257907867,0.9019914269447327,0.6871992349624634,1.2349472045898438,33.074851989746094,27.918283462524414,0.08469021320343018,0.14102639257907867,42.65319061279297,33.074851989746094,27.918283462524414,0.08469021320343018,0.14102637767791748,0.4570878744125366,0.4417259991168976,0.698150098323822,13.29100513458252,8.570794105529785,0.08469021320343018,0.14102637767791748,22.804065704345703,13.29100513458252,8.570794105529785
scene13_traj2_2__000100,0.08507904410362244,0.1429467350244522,0.9030342102050781,0.6850916147232056,1.2362951040267944,33.23380661010742,28.22545051574707,0.08507904410362244,0.1429467350244522,42.669593811035156,33.23380661010742,28.22545051574707,0.08507903665304184,0.14294670522212982,0.45985710620880127,0.4430214762687683,0.7014906406402588,13.356501579284668,8.59368896484375,0.08507903665304184,0.14294670522212982,22.908645629882812,13.356501579284668,8.59368896484375
scene13_traj2_2__000101,0.08486778289079666,0.1428525298833847,0.9052214026451111,0.694112241268158,1.245476245880127,33.77279281616211,28.750425338745117,0.08486778289079666,0.1428525298833847,42.992942810058594,33.77279281616211,28.750425338745117,0.08486776053905487,0.1428525149822235,0.46059492230415344,0.4433433711528778,0.7024332880973816,13.439044952392578,8.650792121887207,0.08486776053905487,0.1428525149822235,22.947294235229492,13.439044952392578,8.650792121887207
scene13_traj2_2__000102,0.08503830432891846,0.14315225183963776,0.9043054580688477,0.6922560334205627,1.2428897619247437,33.620269775390625,28.586326599121094,0.08503830432891846,0.14315225183963776,42.91728973388672,33.620269775390625,28.586326599121094,0.08503828197717667,0.14315223693847656,0.4623590409755707,0.44228294491767883,0.7033531665802002,13.500470161437988,8.703356742858887,0.08503828197717667,0.14315223693847656,22.96862030029297,13.500470161437988,8.703356742858887
scene13_traj2_2__000103,0.08554879575967789,0.14206185936927795,0.9036556482315063,0.6749557852745056,1.2274595499038696,32.79499816894531,27.773578643798828,0.08554879575967789,0.14206185936927795,42.37351608276367,32.79499816894531,27.773578643798828,0.0855487808585167,0.14206184446811676,0.46012622117996216,0.44263604283332825,0.7018696069717407,13.509812355041504,8.755475044250488,0.0855487808585167,0.14206184446811676,22.91647720336914,13.509812355041504,8.755475044250488
scene13_traj2_2__000104,0.08548863977193832,0.1417888104915619,0.9004546999931335,0.6926776766777039,1.2416408061981201,33.97146224975586,29.45775604248047,0.08548863977193832,0.1417888104915619,42.87434768676758,33.97146224975586,29.45775604248047,0.08548863232135773,0.1417887955904007,0.46023350954055786,0.4419544041156769,0.7011608481407166,13.71764850616455,9.03504753112793,0.08548863232135773,0.1417887955904007,22.890838623046875,13.71764850616455,9.03504753112793
scene13_traj2_2__000105,0.08507091552019119,0.13897889852523804,0.8941600918769836,0.6939247846603394,1.2381764650344849,34.18555450439453,29.82076644897461,0.08507091552019119,0.13897889852523804,42.77800750732422,34.18555450439453,29.82076644897461,0.0850709080696106,0.13897888362407684,0.4570882320404053,0.43715062737464905,0.6951293349266052,13.824750900268555,9.204096794128418,0.0850709080696106,0.13897888362407684,22.668176651000977,13.824750900268555,9.204096794128418
scene13_traj2_2__000106,0.08487880975008011,0.13885615766048431,0.8959122896194458,0.6989564299583435,1.2430340051651,34.33388900756836,29.784305572509766,0.08487880975008011,0.13885615766048431,42.97937774658203,34.33388900756836,29.784305572509766,0.08487880229949951,0.13885615766048431,0.4591289162635803,0.44163528084754944,0.7003506422042847,13.94882869720459,9.251317024230957,0.08487880229949951,0.13885615766048431,22.865833282470703,13.94882869720459,9.251317024230957
scene13_traj2_2__000107,0.08639107644557953,0.1402708739042282,0.8887574672698975,0.6894558072090149,1.2294560670852661,33.64462661743164,29.24240493774414,0.08639107644557953,0.1402708739042282,42.478485107421875,33.64462661743164,29.24240493774414,0.08639106899499893,0.14027085900306702,0.4566787779331207,0.43805888295173645,0.6956415176391602,13.779871940612793,9.148736000061035,0.08639106899499893,0.14027085900306702,22.709150314331055,13.779871940612793,9.148736000061035
scene13_traj2_2__000108,0.08605276793241501,0.1381249874830246,0.8778972625732422,0.7285993099212646,1.2546390295028687,35.709075927734375,31.799837112426758,0.08605276793241501,0.1381249874830246,43.386375427246094,35.709075927734375,31.799837112426758,0.08605276048183441,0.1381249725818634,0.4526110291481018,0.43724730610847473,0.6911174654960632,13.751781463623047,9.224161148071289,0.08605276048183441,0.1381249725818634,22.555007934570312,13.751781463623047,9.224161148071289
scene13_traj2_2__000109,0.08967823535203934,0.14421851933002472,0.8787869811058044,0.7223148345947266,1.2489187717437744,35.10433578491211,31.128599166870117,0.08967823535203934,0.14421851933002472,43.167076110839844,35.10433578491211,31.128599166870117,0.08967822790145874,0.14421850442886353,0.45007607340812683,0.4368951916694641,0.6890371441841125,13.724566459655762,9.26400089263916,0.08967822790145874,0.14421850442886353,22.49965476989746,13.724566459655762,9.26400089263916
scene13_traj2_2__000110,0.09019290655851364,0.14433547854423523,0.8782326579093933,0.7206264138221741,1.2482283115386963,35.318058013916016,31.35506820678711,0.09019290655851364,0.14433547854423523,43.15056228637695,35.318058013916016,31.35506820678711,0.09019290655851364,0.14433546364307404,0.45302703976631165,0.43750807642936707,0.6917492747306824,13.8073091506958,9.2342529296875,0.09019290655851364,0.14433546364307404,22.59173011779785,13.8073091506958,9.2342529296875
scene13_traj2_2__000111,0.09050220996141434,0.14558297395706177,0.8760030269622803,0.7129927277565002,1.2405526638031006,34.8644905090332,30.878475189208984,0.09050220996141434,0.14558297395706177,42.82745361328125,34.8644905090332,30.878475189208984,0.09050220251083374,0.14558294415473938,0.4506915211677551,0.43605950474739075,0.6889356970787048,13.713871002197266,9.180051803588867,0.09050220251083374,0.14558294415473938,22.494239807128906,13.713871002197266,9.180051803588867
scene13_traj2_2__000112,0.08954333513975143,0.14478597044944763,0.884562611579895,0.6902267932891846,1.2265173196792603,33.498538970947266,29.25786590576172,0.08954333513975143,0.14478597044944763,42.314117431640625,33.498538970947266,29.25786590576172,0.08954332768917084,0.14478594064712524,0.4542814791202545,0.43567249178886414,0.691946804523468,13.824409484863281,9.317665100097656,0.08954332768917084,0.14478594064712524,22.58572769165039,13.824409484863281,9.317665100097656
scene13_traj2_2__000113,0.08996310085058212,0.14734095335006714,0.886620819568634,0.6669051051139832,1.2087582349777222,32.385643005371094,27.737611770629883,0.08996310085058212,0.14734095335006714,41.651092529296875,32.385643005371094,27.737611770629883,0.08996308594942093,0.14734090864658356,0.45807692408561707,0.43867236375808716,0.6983214616775513,13.821171760559082,9.196112632751465,0.08996308594942093,0.14734090864658356,22.801586151123047,13.821171760559082,9.196112632751465
scene13_traj2_2__000114,0.09054256975650787,0.1504182666540146,0.8935621976852417,0.6653912663459778,1.2144334316253662,32.29499435424805,27.55548858642578,0.09054256975650787,0.1504182666540146,41.90845489501953,32.29499435424805,27.55548858642578,0.09054255485534668,0.1504182368516922,0.462569922208786,0.4410858750343323,0.7037701606750488,13.908254623413086,9.215473175048828,0.09054255485534668,0.1504182368516922,22.972627639770508,13.908254623413086,9.215473175048828
scene13_traj2_2__000115,0.0891653522849083,0.14778311550617218,0.9010065197944641,0.6744615435600281,1.2232394218444824,32.42189025878906,27.37294578552246,0.0891653522849083,0.14778311550617218,42.2083740234375,32.42189025878906,27.37294578552246,0.0891653448343277,0.147783100605011,0.4604227542877197,0.4397543668746948,0.7016413807868958,13.826560974121094,9.12373161315918,0.0891653448343277,0.147783100605011,22.895404815673828,13.826560974121094,9.12373161315918
scene13_traj2_2__000116,0.08951928466558456,0.1483210176229477,0.897078275680542,0.6772849559783936,1.2248985767364502,32.869468688964844,28.165618896484375,0.08951928466558456,0.1483210176229477,42.27116775512695,32.869468688964844,28.165618896484375,0.08951927721500397,0.1483210027217865,0.46258744597435,0.44333741068840027,0.7058097124099731,13.915409088134766,9.190739631652832,0.08951927721500397,0.1483210027217865,23.048643112182617,13.915409088134766,9.190739631652832
scene13_traj2_2__000117,0.09181509166955948,0.14935791492462158,0.8811642527580261,0.6905508637428284,1.2206859588623047,32.79585266113281,28.205202102661133,0.09181509166955948,0.14935791492462158,41.98262023925781,32.79585266113281,28.205202102661133,0.09181506931781769,0.1493578851222992,0.45282721519470215,0.4321884214878082,0.6886033415794373,13.574278831481934,9.133195877075195,0.09181506931781769,0.1493578851222992,22.459774017333984,13.574278831481934,9.133195877075195
scene13_traj2_2__000118,0.0929483100771904,0.14868420362472534,0.8662899136543274,0.6780683398246765,1.2014284133911133,32.50576400756836,28.16318130493164,0.0929483100771904,0.14868420362472534,41.294803619384766,32.50576400756836,28.16318130493164,0.0929483026266098,0.14868417382240295,0.449161171913147,0.42586731910705566,0.6807808876037598,13.451598167419434,9.064814567565918,0.0929483026266098,0.14868417382240295,22.195241928100586,13.451598167419434,9.064814567565918
scene13_traj2_2__000119,0.09108913689851761,0.14494381844997406,0.8641479015350342,0.7046313881874084,1.222299337387085,33.87032699584961,29.504043579101562,0.09108913689851761,0.14494381844997406,42.051780700683594,33.87032699584961,29.504043579101562,0.09108912199735641,0.14494380354881287,0.44559553265571594,0.4250759482383728,0.676703155040741,13.352413177490234,9.029656410217285,0.09108912199735641,0.14494380354881287,22.0587158203125,13.352413177490234,9.029656410217285
scene13_traj2_2__000120,0.0912792906165123,0.14498686790466309,0.8647871017456055,0.7155026793479919,1.231703758239746,34.364891052246094,30.037445068359375,0.0912792906165123,0.14498686790466309,42.4172477722168,34.364891052246094,30.037445068359375,0.0912792757153511,0.1449868530035019,0.44253575801849365,0.42457887530326843,0.6741336584091187,13.281997680664062,8.994834899902344,0.0912792757153511,0.1449868530035019,21.96452522277832,13.281997680664062,8.994834899902344
scene13_traj2_2__000121,0.09147769212722778,0.14533992111682892,0.8581452965736389,0.7145481109619141,1.2260764837265015,34.307228088378906,29.793399810791016,0.09147769212722778,0.14533992111682892,42.241825103759766,34.307228088378906,29.793399810791016,0.0914776548743248,0.14533990621566772,0.4415597915649414,0.4217735528945923,0.6711299419403076,13.264659881591797,9.007116317749023,0.0914776548743248,0.14533990621566772,21.84754753112793,13.264659881591797,9.007116317749023
scene13_traj2_2__000122,0.08650784194469452,0.13717517256736755,0.8664023876190186,0.7292762398719788,1.2428687810897827,35.00985336303711,30.35275650024414,0.08650784194469452,0.13717517256736755,42.991600036621094,35.00985336303711,30.35275650024414,0.08650781959295273,0.13717515766620636,0.4405028522014618,0.43358728289604187,0.6789672374725342,13.598841667175293,9.084248542785645,0.08650781959295273,0.13717515766620636,22.118013381958008,13.598841667175293,9.084248542785645
scene13_traj2_2__000123,0.08483624458312988,0.13463625311851501,0.8751064538955688,0.7330287098884583,1.2534458637237549,35.2568244934082,30.460142135620117,0.08483624458312988,0.13463625311851501,43.49897384643555,35.2568244934082,30.460142135620117,0.08483623713254929,0.13463622331619263,0.4452124238014221,0.4427802562713623,0.6898432970046997,13.859410285949707,9.199636459350586,0.08483623713254929,0.13463622331619263,22.490251541137695,13.859410285949707,9.199636459350586
scene13_traj2_2__000124,0.0827244371175766,0.13317574560642242,0.8844498991966248,0.7182790637016296,1.25080144405365,35.25389862060547,30.690658569335938,0.0827244371175766,0.13317574560642242,43.33486557006836,35.25389862060547,30.690658569335938,0.08272441476583481,0.13317573070526123,0.45143023133277893,0.44428420066833496,0.6958631873130798,13.805679321289062,9.115052223205566,0.08272441476583481,0.13317573070526123,22.721731185913086,13.805679321289062,9.115052223205566
scene13_traj2_2__000125,0.08255425095558167,0.13310711085796356,0.885831892490387,0.7268062233924866,1.2577439546585083,35.7386474609375,31.196571350097656,0.08255425095558167,0.13310711085796356,43.60212707519531,35.7386474609375,31.196571350097656,0.08255424350500107,0.13310709595680237,0.4521382749080658,0.44159233570098877,0.6946831345558167,13.901631355285645,9.255776405334473,0.08255424350500107,0.13310709595680237,22.66939353942871,13.901631355285645,9.255776405334473
scene13_traj2_2__000126,0.07965032756328583,0.12848374247550964,0.8898352980613708,0.717877984046936,1.254215955734253,35.251773834228516,30.63504409790039,0.07965032756328583,0.12848374247550964,43.39914321899414,35.251773834228516,30.63504409790039,0.07965032011270523,0.12848374247550964,0.45588311553001404,0.4473956823348999,0.7017835378646851,13.877531051635742,9.069055557250977,0.07965032011270523,0.12848374247550964,22.93950080871582,13.877531051635742,9.069055557250977
scene13_traj2_2__000127,0.07752883434295654,0.12567539513111115,0.8955108523368835,0.7145538330078125,1.2574456930160522,35.49167251586914,30.789161682128906,0.07752883434295654,0.12567539513111115,43.5490837097168,35.49167251586914,30.789161682128906,0.07752881944179535,0.12567538022994995,0.4566122591495514,0.44580554962158203,0.7004992365837097,13.774089813232422,8.972376823425293,0.07752881944179535,0.12567538022994995,22.87123680114746,13.774089813232422,8.972376823425293
scene13_traj2_2__000128,0.07517645508050919,0.12191786617040634,0.9031441807746887,0.7128741145133972,1.2612580060958862,35.64495086669922,30.8502140045166,0.07517645508050919,0.12191786617040634,43.733089447021484,35.64495086669922,30.8502140045166,0.0751764252781868,0.12191784381866455,0.4604138433933258,0.4504655599594116,0.7068458795547485,13.944851875305176,9.08015251159668,0.0751764252781868,0.12191784381866455,23.090347290039062,13.944851875305176,9.08015251159668
scene13_traj2_2__000129,0.0718250498175621,0.11675950884819031,0.9052631258964539,0.7223857641220093,1.271069884300232,36.23637008666992,31.42437744140625,0.0718250498175621,0.11675950884819031,44.064273834228516,36.23637008666992,31.42437744140625,0.0718250423669815,0.11675949394702911,0.4644843637943268,0.45701539516448975,0.7147939801216125,14.10573959350586,9.14366626739502,0.0718250423669815,0.11675949394702911,23.37717628479004,14.10573959350586,9.14366626739502
scene13_traj2_2__000130,0.07191221415996552,0.1162022054195404,0.9028955698013306,0.7237069010734558,1.2699905633926392,36.352054595947266,31.624927520751953,0.07191221415996552,0.1162022054195404,44.027530670166016,36.352054595947266,31.624927520751953,0.07191220670938492,0.11620218306779861,0.4639022648334503,0.4542500078678131,0.7120275497436523,14.122117042541504,9.222455978393555,0.07191220670938492,0.11620218306779861,23.281583786010742,14.122117042541504,9.222455978393555
scene13_traj2_2__000131,0.07016871869564056,0.11466416716575623,0.9039598703384399,0.7229057550430298,1.2715952396392822,36.709781646728516,32.19294738769531,0.07016871869564056,0.11466416716575623,44.12207794189453,36.709781646728516,32.19294738769531,0.07016870379447937,0.11466415971517563,0.46856629848480225,0.45879051089286804,0.7192717790603638,14.436026573181152,9.352231979370117,0.07016870379447937,0.11466415971517563,23.524513244628906,14.436026573181152,9.352231979370117
scene13_traj2_2__000132,0.06751995533704758,0.11120776832103729,0.9083045721054077,0.7298458218574524,1.2793858051300049,37.16670608520508,32.63994598388672,0.06751995533704758,0.11120776832103729,44.45254898071289,37.16670608520508,32.63994598388672,0.06751994788646698,0.1112077608704567,0.4731835126876831,0.4611099660396576,0.7254070043563843,14.706518173217773,9.532066345214844,0.06751994788646698,0.1112077608704567,23.73399543762207,14.706518173217773,9.532066345214844
scene13_traj2_2__000133,0.06524398177862167,0.1071745753288269,0.9185766577720642,0.7360072135925293,1.2935752868652344,38.18400192260742,33.42191696166992,0.06524398177862167,0.1071745753288269,45.036293029785156,38.18400192260742,33.42191696166992,0.06524397432804108,0.10717455297708511,0.47922036051750183,0.4675591289997101,0.7350444793701172,15.137076377868652,9.826786041259766,0.06524397432804108,0.10717455297708511,24.0551700592041,15.137076377868652,9.826786041259766
scene13_traj2_2__000134,0.0632692202925682,0.10312509536743164,0.9202886819839478,0.728441596031189,1.2891794443130493,37.82752990722656,32.952484130859375,0.0632692202925682,0.10312509536743164,44.91328048706055,37.82752990722656,32.952484130859375,0.06326920539140701,0.10312508046627045,0.4800245463848114,0.4709334671497345,0.7383314371109009,15.340889930725098,9.928704261779785,0.06326920539140701,0.10312508046627045,24.18640899658203,15.340889930725098,9.928704261779785
scene13_traj2_2__000135,0.06246405094861984,0.1015811339020729,0.9207001328468323,0.7322892546653748,1.2926353216171265,38.049293518066406,33.21506881713867,0.06246405094861984,0.1015811339020729,45.069129943847656,38.049293518066406,33.21506881713867,0.06246403604745865,0.10158111900091171,0.4815517067909241,0.4707987308502197,0.7392826080322266,15.34803581237793,9.969945907592773,0.06246403604745865,0.10158111900091171,24.216156005859375,15.34803581237793,9.969945907592773
scene13_traj2_2__000136,0.0612795427441597,0.10009626299142838,0.9250686168670654,0.7331154942512512,1.2992562055587769,38.735103607177734,34.29021072387695,0.0612795427441597,0.10009626299142838,45.318031311035156,38.735103607177734,34.29021072387695,0.0612795390188694,0.10009624809026718,0.48518094420433044,0.4737049639225006,0.7444373369216919,15.487428665161133,9.986897468566895,0.0612795390188694,0.10009624809026718,24.4000244140625,15.487428665161133,9.986897468566895
scene13_traj2_2__000137,0.06037794053554535,0.09807591885328293,0.9216954112052917,0.7251167297363281,1.2890843152999878,38.11145782470703,33.386085510253906,0.06037794053554535,0.09807591885328293,44.91705322265625,38.11145782470703,33.386085510253906,0.06037793681025505,0.09807590395212173,0.4847172498703003,0.4720994532108307,0.7426670789718628,15.385217666625977,9.93259334564209,0.06037793681025505,0.09807590395212173,24.336090087890625,15.385217666625977,9.93259334564209
scene13_traj2_2__000138,0.058862920850515366,0.09546006470918655,0.9261516332626343,0.740010142326355,1.3035645484924316,38.79668045043945,34.03167724609375,0.058862920850515366,0.09546006470918655,45.454345703125,38.79668045043945,34.03167724609375,0.05886290967464447,0.09546005725860596,0.4855358898639679,0.47300559282302856,0.7441375255584717,15.467340469360352,9.994368553161621,0.05886290967464447,0.09546005725860596,24.378990173339844,15.467340469360352,9.994368553161621
scene13_traj2_2__000139,0.059313882142305374,0.096232108771801,0.9263647198677063,0.7421778440475464,1.3052879571914673,38.69670486450195,33.979122161865234,0.059313882142305374,0.096232108771801,45.50540542602539,38.69670486450195,33.979122161865234,0.05931387469172478,0.0962320938706398,0.4838736057281494,0.47074905037879944,0.7409804463386536,15.340773582458496,9.84974479675293,0.05931387469172478,0.0962320938706398,24.267587661743164,15.340773582458496,9.84974479675293
scene13_traj2_2__000140,0.05911460891366005,0.09564278274774551,0.9274032115936279,0.736646831035614,1.3017808198928833,38.52443313598633,33.63913345336914,0.05911460891366005,0.09564278274774551,45.37895965576172,38.52443313598633,33.63913345336914,0.059114594012498856,0.09564277529716492,0.4831276535987854,0.47063690423965454,0.7402540445327759,15.271611213684082,9.845876693725586,0.059114594012498856,0.09564277529716492,24.235754013061523,15.271611213684082,9.845876693725586
scene13_traj2_2__000141,0.06064219772815704,0.09825284034013748,0.9204707741737366,0.7272587418556213,1.2889349460601807,38.00084686279297,33.198299407958984,0.06064219772815704,0.09825284034013748,44.898380279541016,38.00084686279297,33.198299407958984,0.06064218282699585,0.09825282543897629,0.4819822907447815,0.4697745144367218,0.7388995289802551,15.241724967956543,9.83141040802002,0.06064218282699585,0.09825282543897629,24.203378677368164,15.241724967956543,9.83141040802002
scene14_traj1_1__000000,0.13627290725708008,0.19795691967010498,0.7603902220726013,0.7221946120262146,1.1562612056732178,33.49309539794922,30.057918548583984,0.13627290725708008,0.19795691967010498,39.255943298339844,33.49309539794922,30.057918548583984,0.13627289235591888,0.1979569047689438,0.5717862844467163,0.4332682192325592,0.7958411574363708,21.618093490600586,19.598148345947266,0.13627289235591888,0.1979569047689438,26.17534065246582,21.618093490600586,19.598148345947266
scene14_traj1_1__000001,0.1373724639415741,0.19886672496795654,0.7651858329772949,0.735797643661499,1.171852946281433,34.46717834472656,31.186969757080078,0.1373724639415741,0.19886672496795654,39.83705139160156,34.46717834472656,31.186969757080078,0.1373724341392517,0.19886672496795654,0.5835990905761719,0.45113706588745117,0.8148436546325684,22.780765533447266,20.961069107055664,0.1373724341392517,0.19886672496795654,26.947017669677734,22.780765533447266,20.961069107055664
scene14_traj1_1__000002,0.13662974536418915,0.1980060487985611,0.7600978016853333,0.7431511282920837,1.1754610538482666,34.74567413330078,31.52618408203125,0.13662974536418915,0.1980060487985611,39.97236633300781,34.74567413330078,31.52618408203125,0.13662973046302795,0.1980060338973999,0.5735215544700623,0.435285747051239,0.7991820573806763,21.824995040893555,19.836231231689453,0.13662973046302795,0.1980060338973999,26.30405044555664,21.824995040893555,19.836231231689453
scene14_traj1_1__000003,0.13678015768527985,0.19814929366111755,0.7664850950241089,0.7207916975021362,1.1625365018844604,34.05973434448242,30.832998275756836,0.13678015768527985,0.19814929366111755,39.5145149230957,34.05973434448242,30.832998275756836,0.13678015768527985,0.19814926385879517,0.5690798759460449,0.42638951539993286,0.7911603450775146,21.370525360107422,19.300907135009766,0.13678015768527985,0.19814926385879517,25.967914581298828,21.370525360107422,19.300907135009766
scene14_traj1_1__000004,0.13700392842292786,0.1986723244190216,0.7701478004455566,0.7086637616157532,1.1536608934402466,33.554752349853516,30.17855453491211,0.13700392842292786,0.1986723244190216,39.216552734375,33.554752349853516,30.17855453491211,0.13700392842292786,0.1986723095178604,0.5772122740745544,0.4366520047187805,0.8032888770103455,22.04258155822754,20.127838134765625,0.13700392842292786,0.1986723095178604,26.462261199951172,22.04258155822754,20.127838134765625
scene14_traj1_1__000005,0.1385554075241089,0.20034022629261017,0.7679246068000793,0.7245911359786987,1.1649917364120483,34.57821273803711,31.32744598388672,0.1385554075241089,0.20034022629261017,39.609798431396484,34.57821273803711,31.32744598388672,0.1385553926229477,0.20034021139144897,0.5911030769348145,0.4495152235031128,0.8206247687339783,23.149965286254883,21.41817855834961,0.1385553926229477,0.20034021139144897,27.1527156829834,23.149965286254883,21.41817855834961
scene14_traj1_1__000006,0.13713210821151733,0.19834138453006744,0.7629352807998657,0.7320060729980469,1.1671520471572876,34.45148468017578,31.30913734436035,0.13713210821151733,0.19834138453006744,39.62913513183594,34.45148468017578,31.30913734436035,0.13713210821151733,0.19834136962890625,0.5763052105903625,0.43172886967658997,0.799670934677124,21.858829498291016,19.83946418762207,0.13713210821151733,0.19834136962890625,26.281652450561523,21.858829498291016,19.83946418762207
scene14_traj1_1__000007,0.1363118588924408,0.19714681804180145,0.7648080587387085,0.7414106726646423,1.178491234779358,34.964393615722656,31.968692779541016,0.1363118588924408,0.19714681804180145,40.02802276611328,34.964393615722656,31.968692779541016,0.1363118439912796,0.19714681804180145,0.56876140832901,0.42431798577308655,0.7896170616149902,21.347776412963867,19.284252166748047,0.1363118439912796,0.19714681804180145,25.88932991027832,21.347776412963867,19.284252166748047
scene14_traj1_1__000008,0.13710905611515045,0.1983220875263214,0.7636181712150574,0.7297868728637695,1.1669832468032837,34.578609466552734,31.50960350036621,0.13710905611515045,0.1983220875263214,39.62531280517578,34.578609466552734,31.50960350036621,0.13710902631282806,0.1983220875263214,0.5803467631340027,0.4344876706600189,0.8041905760765076,22.17609405517578,20.26510238647461,0.13710902631282806,0.1983220875263214,26.46647834777832,22.17609405517578,20.26510238647461
scene14_traj1_1__000009,0.1377541571855545,0.1978071928024292,0.7590958476066589,0.7551116347312927,1.184341549873352,35.56406784057617,32.59532928466797,0.1377541571855545,0.1978071928024292,40.285648345947266,35.56406784057617,32.59532928466797,0.1377541571855545,0.197807177901268,0.5895119309425354,0.44501107931137085,0.817682147026062,22.973569869995117,21.177587509155273,0.1377541571855545,0.197807177901268,26.98472023010254,22.973569869995117,21.177587509155273
scene14_traj1_1__000010,0.13657604157924652,0.19656267762184143,0.7588313817977905,0.7567574977874756,1.187126874923706,35.61742401123047,32.754608154296875,0.13657604157924652,0.19656267762184143,40.34843444824219,35.61742401123047,32.754608154296875,0.13657602667808533,0.19656267762184143,0.5751002430915833,0.42976924777030945,0.7981228828430176,21.7537784576416,19.715686798095703,0.13657602667808533,0.19656267762184143,26.21839141845703,21.7537784576416,19.715686798095703
scene14_traj1_1__000011,0.13640496134757996,0.19664447009563446,0.759072482585907,0.7478835582733154,1.178309679031372,35.010337829589844,31.996139526367188,0.13640496134757996,0.19664447009563446,40.03970718383789,35.010337829589844,31.996139526367188,0.13640494644641876,0.19664447009563446,0.5727694034576416,0.4239189922809601,0.7921048402786255,21.548402786254883,19.5582275390625,0.13640494644641876,0.19664447009563446,25.996376037597656,21.548402786254883,19.5582275390625
scene14_traj1_1__000012,0.137568399310112,0.19846904277801514,0.7575740218162537,0.7324066162109375,1.1633535623550415,34.397212982177734,31.2441349029541,0.137568399310112,0.19846904277801514,39.46501922607422,34.397212982177734,31.2441349029541,0.1375683844089508,0.19846904277801514,0.5899360775947571,0.4446951746940613,0.8163600564002991,23.093542098999023,21.387731552124023,0.1375683844089508,0.19846904277801514,27.00007438659668,23.093542098999023,21.387731552124023
scene14_traj1_1__000013,0.13773004710674286,0.19784697890281677,0.7591113448143005,0.7627813220024109,1.190754771232605,35.9738655090332,33.05022048950195,0.13773004710674286,0.19784697890281677,40.51323318481445,35.9738655090332,33.05022048950195,0.13773003220558167,0.19784697890281677,0.5893823504447937,0.44373008608818054,0.817274808883667,22.84382438659668,20.956668853759766,0.13773003220558167,0.19784697890281677,26.941661834716797,22.84382438659668,20.956668853759766
scene14_traj1_1__000014,0.13616225123405457,0.19613535702228546,0.7594166994094849,0.7523738145828247,1.1827746629714966,35.55940246582031,32.66097640991211,0.13616225123405457,0.19613535702228546,40.23688507080078,35.55940246582031,32.66097640991211,0.13616223633289337,0.19613535702228546,0.5720832943916321,0.4234885275363922,0.7914717793464661,21.5216064453125,19.494951248168945,0.13616223633289337,0.19613535702228546,25.936603546142578,21.5216064453125,19.494951248168945
scene14_traj1_1__000015,0.13627126812934875,0.1964477002620697,0.7631822228431702,0.7356927394866943,1.1706147193908691,34.70232391357422,31.53367042541504,0.13627126812934875,0.1964477002620697,39.80462646484375,34.70232391357422,31.53367042541504,0.13627123832702637,0.1964476853609085,0.5726136565208435,0.4267113208770752,0.7932800054550171,21.634275436401367,19.653446197509766,0.13627123832702637,0.1964476853609085,26.035661697387695,21.634275436401367,19.653446197509766
scene14_traj1_1__000016,0.13742712140083313,0.1977042853832245,0.7637988924980164,0.7346096634864807,1.1699739694595337,34.95278549194336,31.73423957824707,0.13742712140083313,0.1977042853832245,39.80821228027344,34.95278549194336,31.73423957824707,0.13742712140083313,0.1977042704820633,0.588915228843689,0.4487914443016052,0.8180508613586426,23.086463928222656,21.357547760009766,0.13742712140083313,0.1977042704820633,27.056453704833984,23.086463928222656,21.357547760009766
scene14_traj1_1__000017,0.13604065775871277,0.1958066076040268,0.7629024386405945,0.751287579536438,1.1835353374481201,35.74651336669922,32.748878479003906,0.13604065775871277,0.1958066076040268,40.32835006713867,35.74651336669922,32.748878479003906,0.13604065775871277,0.1958065927028656,0.5797062516212463,0.4353882074356079,0.8051726222038269,22.202322006225586,20.22933006286621,0.13604065775871277,0.1958065927028656,26.478376388549805,22.202322006225586,20.22933006286621
scene14_traj1_1__000018,0.13525670766830444,0.19474759697914124,0.7647275328636169,0.7396447658538818,1.1761364936828613,35.08063888549805,31.999746322631836,0.13525670766830444,0.19474759697914124,40.02842330932617,35.08063888549805,31.999746322631836,0.13525670766830444,0.19474758207798004,0.5716257095336914,0.42614641785621643,0.7925708889961243,21.529163360595703,19.46375274658203,0.13525670766830444,0.19474758207798004,25.99419593811035,21.529163360595703,19.46375274658203
scene14_traj1_1__000019,0.13598527014255524,0.1959683746099472,0.76639324426651,0.7297636270523071,1.1690237522125244,34.65781784057617,31.500864028930664,0.13598527014255524,0.1959683746099472,39.73223114013672,34.65781784057617,31.500864028930664,0.13598525524139404,0.195968359708786,0.5806280374526978,0.4341089129447937,0.8043363690376282,22.297483444213867,20.421199798583984,0.13598525524139404,0.195968359708786,26.474872589111328,22.297483444213867,20.421199798583984
scene14_traj1_1__000020,0.13676442205905914,0.19679848849773407,0.7654305100440979,0.7290448546409607,1.166357398033142,34.78673553466797,31.563467025756836,0.13676442205905914,0.19679848849773407,39.688148498535156,34.78673553466797,31.563467025756836,0.13676442205905914,0.19679847359657288,0.5928348302841187,0.4522707462310791,0.8231830596923828,23.457860946655273,21.764404296875,0.13676442205905914,0.19679847359657288,27.24770164489746,23.457860946655273,21.764404296875
scene14_traj1_1__000021,0.13577459752559662,0.19532087445259094,0.7607104182243347,0.7393553853034973,1.1722396612167358,35.04751968383789,32.02243423461914,0.13577459752559662,0.19532087445259094,39.84275436401367,35.04751968383789,32.02243423461914,0.13577459752559662,0.19532085955142975,0.5796768665313721,0.4350423812866211,0.8047397136688232,22.241966247558594,20.334758758544922,0.13577459752559662,0.19532085955142975,26.458864212036133,22.241966247558594,20.334758758544922
scene14_traj1_1__000022,0.13415193557739258,0.19351939857006073,0.7625289559364319,0.7375662326812744,1.1725012063980103,34.89912796020508,31.85127830505371,0.13415193557739258,0.19351939857006073,39.80847930908203,34.89912796020508,31.85127830505371,0.13415193557739258,0.19351938366889954,0.5741360187530518,0.4316374361515045,0.7987984418869019,21.825063705444336,19.78512954711914,0.13415193557739258,0.19351938366889954,26.236452102661133,21.825063705444336,19.78512954711914
scene14_traj1_1__000023,0.13398274779319763,0.19361892342567444,0.7757807970046997,0.7424852252006531,1.1870826482772827,35.72256851196289,32.76670455932617,0.13398274779319763,0.19361892342567444,40.44123077392578,35.72256851196289,32.76670455932617,0.13398274779319763,0.19361890852451324,0.5771458148956299,0.4314122200012207,0.8012293577194214,22.037092208862305,20.11146354675293,0.13398274779319763,0.19361890852451324,26.315181732177734,22.037092208862305,20.11146354675293
scene14_traj1_1__000024,0.13497139513492584,0.19488997757434845,0.7714742422103882,0.7275401949882507,1.169536828994751,34.86772155761719,31.660417556762695,0.13497139513492584,0.19488997757434845,39.78166961669922,34.86772155761719,31.660417556762695,0.13497139513492584,0.19488996267318726,0.5905880331993103,0.4509080648422241,0.8211028575897217,23.31105613708496,21.59313201904297,0.13497139513492584,0.19488996267318726,27.1861572265625,23.31105613708496,21.59313201904297
scene14_traj1_1__000025,0.13371272385120392,0.19257594645023346,0.7685151100158691,0.7619515657424927,1.1975854635238647,36.346309661865234,33.33378982543945,0.13371272385120392,0.19257594645023346,40.86589813232422,36.346309661865234,33.33378982543945,0.13371270895004272,0.19257593154907227,0.586846113204956,0.44519466161727905,0.8174875974655151,22.790409088134766,20.895652770996094,0.13371270895004272,0.19257593154907227,26.94721221923828,22.790409088134766,20.895652770996094
scene14_traj1_1__000026,0.13263778388500214,0.19176216423511505,0.7725120186805725,0.7534978985786438,1.1931917667388916,36.0322151184082,33.045894622802734,0.13263778388500214,0.19176216423511505,40.7077751159668,36.0322151184082,33.045894622802734,0.13263776898384094,0.19176214933395386,0.5757172107696533,0.43324118852615356,0.8013400435447693,21.85859489440918,19.764972686767578,0.13263776898384094,0.19176214933395386,26.319032669067383,21.85859489440918,19.764972686767578
scene14_traj1_1__000027,0.13221831619739532,0.1918075680732727,0.7760992050170898,0.746022641658783,1.1911386251449585,35.885894775390625,32.912471771240234,0.13221831619739532,0.1918075680732727,40.609134674072266,35.885894775390625,32.912471771240234,0.13221830129623413,0.1918075680732727,0.5749438405036926,0.4324050545692444,0.8002741932868958,21.92385482788086,19.906780242919922,0.13221830129623413,0.1918075680732727,26.288415908813477,21.92385482788086,19.906780242919922
scene14_traj1_1__000028,0.13261494040489197,0.19177564978599548,0.7752955555915833,0.7260845899581909,1.1715517044067383,34.9696159362793,31.711807250976562,0.13261494040489197,0.19177564978599548,39.90541076660156,34.9696159362793,31.711807250976562,0.13261492550373077,0.19177564978599548,0.5881001949310303,0.45089542865753174,0.8196979761123657,23.114896774291992,21.38982582092285,0.13261492550373077,0.19177564978599548,27.11603546142578,23.114896774291992,21.38982582092285
scene14_traj1_1__000029,0.13334275782108307,0.1924828439950943,0.7785317897796631,0.7382223010063171,1.1850699186325073,35.94741439819336,32.91020584106445,0.13334275782108307,0.1924828439950943,40.43323516845703,35.94741439819336,32.91020584106445,0.13334274291992188,0.1924828439950943,0.5912273526191711,0.4549972116947174,0.8261011242866516,23.352458953857422,21.50484275817871,0.13334274291992188,0.1924828439950943,27.319704055786133,23.352458953857422,21.50484275817871
scene14_traj1_1__000030,0.13181377947330475,0.19074952602386475,0.7792127728462219,0.7402665019035339,1.1878960132598877,35.898494720458984,32.84014892578125,0.13181377947330475,0.19074952602386475,40.5220947265625,35.898494720458984,32.84014892578125,0.13181377947330475,0.19074952602386475,0.5788470506668091,0.44194963574409485,0.8088792562484741,22.348255157470703,20.359243392944336,0.13181377947330475,0.19074952602386475,26.648971557617188,22.348255157470703,20.359243392944336
scene14_traj1_1__000031,0.1315383017063141,0.19106093049049377,0.7777161598205566,0.7316186428070068,1.1794190406799316,35.29573440551758,32.052001953125,0.1315383017063141,0.19106093049049377,40.254119873046875,35.29573440551758,32.052001953125,0.1315383017063141,0.19106091558933258,0.572457492351532,0.43614378571510315,0.8006381988525391,21.870561599731445,19.770933151245117,0.1315383017063141,0.19106091558933258,26.320323944091797,21.870561599731445,19.770933151245117
scene14_traj1_1__000032,0.13132385909557343,0.19082364439964294,0.7794890999794006,0.7264723181724548,1.1756712198257446,35.078453063964844,31.886672973632812,0.13132385909557343,0.19082364439964294,40.06889724731445,35.078453063964844,31.886672973632812,0.13132382929325104,0.19082361459732056,0.5758035182952881,0.44008156657218933,0.8045148849487305,22.126773834228516,20.095067977905273,0.13132382929325104,0.19082361459732056,26.48472023010254,22.126773834228516,20.095067977905273
scene14_traj1_1__000033,0.13235212862491608,0.1919613629579544,0.7795265316963196,0.728381335735321,1.177124261856079,35.146888732910156,31.847272872924805,0.13235212862491608,0.1919613629579544,40.136024475097656,35.146888732910156,31.847272872924805,0.13235211372375488,0.1919613629579544,0.5849710702896118,0.4538319706916809,0.8202524185180664,22.989688873291016,21.101299285888672,0.13235211372375488,0.1919613629579544,27.125883102416992,22.989688873291016,21.101299285888672
scene14_traj1_1__000034,0.13181112706661224,0.1921011060476303,0.7853171825408936,0.7472926378250122,1.198656678199768,36.35567855834961,33.172889709472656,0.13181112706661224,0.1921011060476303,40.98976516723633,36.35567855834961,33.172889709472656,0.13181111216545105,0.1921011060476303,0.5898449420928955,0.46376803517341614,0.8310452699661255,23.369163513183594,21.409709930419922,0.13181111216545105,0.1921011060476303,27.51508903503418,23.369163513183594,21.409709930419922
scene14_traj1_1__000035,0.13128086924552917,0.19195298850536346,0.7816179990768433,0.7481362223625183,1.1967073678970337,36.14889907836914,32.875343322753906,0.13128086924552917,0.19195298850536346,40.93708038330078,36.14889907836914,32.875343322753906,0.13128085434436798,0.19195298850536346,0.5782470703125,0.44921597838401794,0.8143472671508789,22.374971389770508,20.205617904663086,0.13128085434436798,0.19195298850536346,26.831562042236328,22.374971389770508,20.205617904663086
scene14_traj1_1__000036,0.13130724430084229,0.19260329008102417,0.7841527462005615,0.7455396056175232,1.197731852531433,35.95218276977539,32.62676239013672,0.13130724430084229,0.19260329008102417,40.97056198120117,35.95218276977539,32.62676239013672,0.1313072293996811,0.19260327517986298,0.5748134851455688,0.4473074674606323,0.8106352686882019,22.076156616210938,19.751131057739258,0.1313072293996811,0.19260327517986298,26.690750122070312,22.076156616210938,19.751131057739258
scene14_traj1_1__000037,0.13096000254154205,0.19257709383964539,0.7822403311729431,0.7263967990875244,1.1789906024932861,35.02764129638672,31.533550262451172,0.13096000254154205,0.19257709383964539,40.242374420166016,35.02764129638672,31.533550262451172,0.13096000254154205,0.1925770789384842,0.5809719562530518,0.45296671986579895,0.8179405927658081,22.737117767333984,20.656700134277344,0.13096000254154205,0.1925770789384842,27.015628814697266,22.737117767333984,20.656700134277344
scene14_traj1_1__000038,0.13091851770877838,0.1928660273551941,0.7941272854804993,0.744371235370636,1.203692078590393,36.520694732666016,32.9958610534668,0.13091851770877838,0.1928660273551941,41.27548599243164,36.520694732666016,32.9958610534668,0.1309185028076172,0.1928660273551941,0.5952944755554199,0.4759504199028015,0.8443299531936646,24.076431274414062,22.0546932220459,0.1309185028076172,0.1928660273551941,28.015172958374023,24.076431274414062,22.0546932220459
scene14_traj1_1__000039,0.12938639521598816,0.1912822127342224,0.7930405139923096,0.739071249961853,1.1992849111557007,36.220924377441406,32.73660659790039,0.12938639521598816,0.1912822127342224,41.081398010253906,36.220924377441406,32.73660659790039,0.12938639521598816,0.1912822127342224,0.582532525062561,0.459262877702713,0.8249760270118713,22.8105411529541,20.481653213500977,0.12938639521598816,0.1912822127342224,27.244298934936523,22.8105411529541,20.481653213500977
scene14_traj1_1__000040,0.12896306812763214,0.19066141545772552,0.796241044998169,0.7347540259361267,1.1972941160202026,35.77374267578125,32.149574279785156,0.12896306812763214,0.19066141545772552,41.01960372924805,35.77374267578125,32.149574279785156,0.12896305322647095,0.19066140055656433,0.5778135061264038,0.4555171728134155,0.8186997175216675,22.508852005004883,20.20596694946289,0.12896305322647095,0.19066140055656433,27.01471519470215,22.508852005004883,20.20596694946289
scene14_traj1_1__000041,0.1287805587053299,0.19063827395439148,0.7957352995872498,0.7116993069648743,1.1766387224197388,34.70376968383789,30.731460571289062,0.1287805587053299,0.19063827395439148,40.28532409667969,34.70376968383789,30.731460571289062,0.1287805587053299,0.19063827395439148,0.5859038233757019,0.46463871002197266,0.8295716643333435,23.187450408935547,21.03545570373535,0.1287805587053299,0.19063827395439148,27.469097137451172,23.187450408935547,21.03545570373535
scene14_traj1_1__000042,0.12882360816001892,0.18997958302497864,0.7940356135368347,0.7364265322685242,1.197662591934204,36.11195755004883,32.50102615356445,0.12882360816001892,0.18997958302497864,41.06303024291992,36.11195755004883,32.50102615356445,0.12882359325885773,0.18997956812381744,0.5923563241958618,0.47412940859794617,0.8410747647285461,23.79205322265625,21.73134994506836,0.12882359325885773,0.18997956812381744,27.877151489257812,23.79205322265625,21.73134994506836
scene14_traj1_1__000043,0.12711073458194733,0.1876017302274704,0.7897430658340454,0.7318665981292725,1.1916126012802124,35.561588287353516,32.015769958496094,0.12711073458194733,0.1876017302274704,40.7820930480957,35.561588287353516,32.015769958496094,0.12711071968078613,0.1876017153263092,0.5780086517333984,0.45762673020362854,0.8199199438095093,22.517967224121094,20.14111328125,0.12711071968078613,0.1876017153263092,27.03813934326172,22.517967224121094,20.14111328125
scene14_traj1_1__000044,0.12691427767276764,0.18770524859428406,0.7915369868278503,0.7160188555717468,1.1791225671768188,34.803138732910156,31.104909896850586,0.12691427767276764,0.18770524859428406,40.30591583251953,34.803138732910156,31.104909896850586,0.12691427767276764,0.18770524859428406,0.5776418447494507,0.4583999812602997,0.8195803761482239,22.611774444580078,20.32234764099121,0.12691427767276764,0.18770524859428406,27.050827026367188,22.611774444580078,20.32234764099121
scene14_traj1_1__000045,0.12756378948688507,0.18856006860733032,0.801977813243866,0.7236338257789612,1.1913642883300781,35.92289733886719,32.27085876464844,0.12756378948688507,0.18856006860733032,40.85679626464844,35.92289733886719,32.27085876464844,0.12756378948688507,0.18856006860733032,0.595913827419281,0.48490116000175476,0.8498070240020752,24.334089279174805,22.315763473510742,0.12756378948688507,0.18856006860733032,28.283693313598633,24.334089279174805,22.315763473510742
scene14_traj1_1__000046,0.12672269344329834,0.18752287328243256,0.7934786677360535,0.7381350994110107,1.1982132196426392,35.95948028564453,32.39863967895508,0.12672269344329834,0.18752287328243256,41.060787200927734,35.95948028564453,32.39863967895508,0.12672269344329834,0.18752287328243256,0.5826480984687805,0.46549805998802185,0.8301330208778381,23.00353240966797,20.689767837524414,0.12672269344329834,0.18752287328243256,27.422082901000977,23.00353240966797,20.689767837524414
scene14_traj1_1__000047,0.12532739341259003,0.1859641820192337,0.7977656126022339,0.7095937728881836,1.1774225234985352,34.76871871948242,30.995784759521484,0.12532739341259003,0.1859641820192337,40.25593948364258,34.76871871948242,30.995784759521484,0.12532737851142883,0.1859641820192337,0.5788993239402771,0.460906058549881,0.8230019211769104,22.71811294555664,20.35415267944336,0.12532737851142883,0.1859641820192337,27.17732810974121,22.71811294555664,20.35415267944336
scene14_traj1_1__000048,0.1263895183801651,0.18729102611541748,0.8045861721038818,0.7028681039810181,1.1753547191619873,34.89668655395508,30.97549057006836,0.1263895183801651,0.18729102611541748,40.27204895019531,34.89668655395508,30.97549057006836,0.1263895183801651,0.1872910112142563,0.5903112888336182,0.480691522359848,0.8427197337150574,23.96568489074707,21.919504165649414,0.1263895183801651,0.1872910112142563,28.032184600830078,23.96568489074707,21.919504165649414
scene14_traj1_1__000049,0.125894233584404,0.18598423898220062,0.8037059903144836,0.7384557127952576,1.2069112062454224,36.74066925048828,33.297611236572266,0.125894233584404,0.18598423898220062,41.4306640625,36.74066925048828,33.297611236572266,0.125894233584404,0.18598423898220062,0.5925585627555847,0.4737524688243866,0.8429368138313293,23.71216583251953,21.561059951782227,0.125894233584404,0.18598423898220062,27.9095401763916,23.71216583251953,21.561059951782227
scene14_traj1_1__000050,0.12413902580738068,0.1840665340423584,0.8058184385299683,0.7257963418960571,1.1987402439117432,36.16917419433594,32.60840606689453,0.12413902580738068,0.1840665340423584,41.156089782714844,36.16917419433594,32.60840606689453,0.12413901835680008,0.1840665340423584,0.5802558660507202,0.46246668696403503,0.8252982497215271,22.738744735717773,20.337955474853516,0.12413901835680008,0.1840665340423584,27.223281860351562,22.738744735717773,20.337955474853516
scene14_traj1_1__000051,0.12460688501596451,0.1847948580980301,0.8079267740249634,0.7120026350021362,1.1870591640472412,35.45226287841797,31.735502243041992,0.12460688501596451,0.1847948580980301,40.74266052246094,35.45226287841797,31.735502243041992,0.12460688501596451,0.1847948580980301,0.5849094390869141,0.4711482524871826,0.8337584733963013,23.33662223815918,21.090749740600586,0.12460688501596451,0.1847948580980301,27.610027313232422,23.33662223815918,21.090749740600586
scene14_traj1_1__000052,0.12475904077291489,0.18450114130973816,0.8058319687843323,0.7226819396018982,1.1934549808502197,36.02897262573242,32.34524154663086,0.12475904077291489,0.18450114130973816,40.94469451904297,36.02897262573242,32.34524154663086,0.12475904077291489,0.18450112640857697,0.5975301265716553,0.48596101999282837,0.8523778915405273,24.433319091796875,22.42670440673828,0.12475904077291489,0.18450112640857697,28.35930824279785,24.433319091796875,22.42670440673828
scene14_traj1_1__000053,0.123324453830719,0.18252570927143097,0.8035741448402405,0.7377040982246399,1.2063357830047607,36.74923324584961,33.22647476196289,0.123324453830719,0.18252570927143097,41.46235275268555,36.74923324584961,33.22647476196289,0.1233244314789772,0.18252570927143097,0.5863552093505859,0.4682714641094208,0.834241509437561,23.27527618408203,20.99031639099121,0.1233244314789772,0.18252570927143097,27.576810836791992,23.27527618408203,20.99031639099121
scene14_traj1_1__000054,0.12274328619241714,0.18205052614212036,0.8045953512191772,0.7255629897117615,1.1963342428207397,35.895267486572266,32.1381950378418,0.12274328619241714,0.18205052614212036,41.08380889892578,35.895267486572266,32.1381950378418,0.12274327129125595,0.18205052614212036,0.5808593034744263,0.4641076624393463,0.8270465731620789,22.828250885009766,20.434539794921875,0.12274327129125595,0.18205052614212036,27.30168914794922,22.828250885009766,20.434539794921875
scene14_traj1_1__000055,0.12335404753684998,0.1829489767551422,0.8103042244911194,0.7157953977584839,1.191839337348938,35.64091491699219,31.78097915649414,0.12335404753684998,0.1829489767551422,40.92259979248047,35.64091491699219,31.78097915649414,0.12335403263568878,0.18294896185398102,0.5913398265838623,0.4799124598503113,0.844774603843689,23.87116050720215,21.691471099853516,0.12335403263568878,0.18294896185398102,28.04111671447754,23.87116050720215,21.691471099853516
scene14_traj1_1__000056,0.1232711598277092,0.18197385966777802,0.8069843053817749,0.7330992221832275,1.203842043876648,36.51588439941406,32.804378509521484,0.1232711598277092,0.18197385966777802,41.386940002441406,36.51588439941406,32.804378509521484,0.123271144926548,0.18197384476661682,0.5938563346862793,0.47974345088005066,0.8479726910591125,24.016693115234375,21.845232009887695,0.123271144926548,0.18197384476661682,28.107816696166992,24.016693115234375,21.845232009887695
scene14_traj1_1__000057,0.12213268876075745,0.18090318143367767,0.805668294429779,0.7221247553825378,1.1927907466888428,35.767208099365234,31.84612464904785,0.12213268876075745,0.18090318143367767,40.915828704833984,35.767208099365234,31.84612464904785,0.12213267385959625,0.18090316653251648,0.5834773778915405,0.4675462245941162,0.832067608833313,23.09548568725586,20.692886352539062,0.12213267385959625,0.18090316653251648,27.506072998046875,23.09548568725586,20.692886352539062
scene14_traj1_1__000058,0.12237666547298431,0.18162915110588074,0.804226279258728,0.7089101672172546,1.1799938678741455,34.973793029785156,30.911409378051758,0.12237666547298431,0.18162915110588074,40.45050811767578,34.973793029785156,30.911409378051758,0.12237665057182312,0.18162913620471954,0.5870913863182068,0.47233307361602783,0.8370743989944458,23.448646545410156,21.177900314331055,0.12237665057182312,0.18162913620471954,27.726594924926758,23.448646545410156,21.177900314331055
scene14_traj1_1__000059,0.12329206615686417,0.18234437704086304,0.8067496418952942,0.7111271023750305,1.1832184791564941,35.43449401855469,31.514455795288086,0.12329206615686417,0.18234437704086304,40.52426528930664,35.43449401855469,31.514455795288086,0.12329205125570297,0.18234437704086304,0.5990229845046997,0.48840007185935974,0.8553524017333984,24.55855369567871,22.517675399780273,0.12329205125570297,0.18234437704086304,28.479045867919922,24.55855369567871,22.517675399780273
scene14_traj1_1__000060,0.12152259051799774,0.17976690828800201,0.8062568306922913,0.7248862981796265,1.1977158784866333,36.10136032104492,32.45283889770508,0.12152259051799774,0.17976690828800201,41.06062698364258,36.10136032104492,32.45283889770508,0.12152259051799774,0.17976689338684082,0.584463357925415,0.4703458845615387,0.834225594997406,23.18077850341797,20.88006591796875,0.12152259051799774,0.17976689338684082,27.585140228271484,23.18077850341797,20.88006591796875
scene14_traj1_1__000061,0.12247832864522934,0.1805066615343094,0.8077672719955444,0.7175835371017456,1.190762996673584,35.88353729248047,32.06532287597656,0.12247832864522934,0.1805066615343094,40.84738540649414,35.88353729248047,32.06532287597656,0.12247832864522934,0.1805066466331482,0.5968714952468872,0.4873299300670624,0.8530438542366028,24.460575103759766,22.41986846923828,0.12247832864522934,0.1805066466331482,28.381784439086914,24.460575103759766,22.41986846923828
scene14_traj1_1__000062,0.12118817120790482,0.17822788655757904,0.8047759532928467,0.7413023114204407,1.2115410566329956,37.19269561767578,33.75485610961914,0.12118817120790482,0.17822788655757904,41.63930892944336,37.19269561767578,33.75485610961914,0.12118817120790482,0.17822788655757904,0.595405101776123,0.4768838882446289,0.8475145697593689,23.93526268005371,21.621723175048828,0.12118817120790482,0.17822788655757904,28.04918098449707,23.93526268005371,21.621723175048828
scene14_traj1_1__000063,0.12003133445978165,0.1767943799495697,0.8037458658218384,0.7313712239265442,1.2007046937942505,36.382747650146484,32.87368392944336,0.12003133445978165,0.1767943799495697,41.15961837768555,36.382747650146484,32.87368392944336,0.12003133445978165,0.1767943799495697,0.5835418701171875,0.46540242433547974,0.8308315873146057,23.112550735473633,20.763853073120117,0.12003133445978165,0.1767943799495697,27.414810180664062,23.112550735473633,20.763853073120117
scene14_traj1_1__000064,0.11955659836530685,0.17533472180366516,0.8065065145492554,0.7303485870361328,1.201280117034912,36.51523971557617,32.82135009765625,0.11955659836530685,0.17533472180366516,41.20832061767578,36.51523971557617,32.82135009765625,0.11955658346414566,0.17533472180366516,0.59304279088974,0.47855621576309204,0.8459846377372742,23.974796295166016,21.86089324951172,0.11955658346414566,0.17533472180366516,28.04473114013672,23.974796295166016,21.86089324951172
scene14_traj1_1__000065,0.11990276724100113,0.17488054931163788,0.801645815372467,0.7393292188644409,1.2050437927246094,36.92084503173828,33.379615783691406,0.11990276724100113,0.17488054931163788,41.35392379760742,36.92084503173828,33.379615783691406,0.11990275233983994,0.17488054931163788,0.5989649891853333,0.4804767370223999,0.8526896238327026,24.407424926757812,22.369630813598633,0.11990275233983994,0.17488054931163788,28.271034240722656,24.407424926757812,22.369630813598633
scene14_traj1_1__000066,0.11906056106090546,0.1744185835123062,0.802263081073761,0.7394968271255493,1.206926703453064,36.914981842041016,33.46834945678711,0.11906056106090546,0.1744185835123062,41.38661193847656,36.914981842041016,33.46834945678711,0.11906056106090546,0.17441856861114502,0.5860294699668884,0.46813398599624634,0.8346723914146423,23.290802001953125,20.993122100830078,0.11906056106090546,0.17441856861114502,27.578304290771484,23.290802001953125,20.993122100830078
scene14_traj1_1__000067,0.1196514144539833,0.17567510902881622,0.8022615313529968,0.7175072431564331,1.1863938570022583,35.71237564086914,31.97870445251465,0.1196514144539833,0.17567510902881622,40.64470672607422,35.71237564086914,31.97870445251465,0.11965140700340271,0.17567509412765503,0.588272213935852,0.4716300070285797,0.8374133706092834,23.523523330688477,21.359071731567383,0.11965140700340271,0.17567509412765503,27.703359603881836,23.523523330688477,21.359071731567383
scene14_traj1_1__000068,0.12085381895303726,0.1768750548362732,0.8065809607505798,0.7199605107307434,1.1919409036636353,36.14279556274414,32.49584197998047,0.12085381895303726,0.1768750548362732,40.81828689575195,36.14279556274414,32.49584197998047,0.12085381895303726,0.1768750548362732,0.5990779399871826,0.48520028591156006,0.8535148501396179,24.569425582885742,22.65585708618164,0.12085381895303726,0.1768750548362732,28.373842239379883,24.569425582885742,22.65585708618164
scene14_traj1_1__000069,0.11973382532596588,0.17493440210819244,0.8027881383895874,0.7409014105796814,1.2074753046035767,37.10454559326172,33.74417495727539,0.11973382532596588,0.17493440210819244,41.430076599121094,37.10454559326172,33.74417495727539,0.11973381787538528,0.17493440210819244,0.589612603187561,0.468860924243927,0.8385369777679443,23.600509643554688,21.426944732666016,0.11973381787538528,0.17493440210819244,27.696020126342773,23.600509643554688,21.426944732666016
scene14_traj1_1__000070,0.11753731220960617,0.17217649519443512,0.8072683215141296,0.7367717623710632,1.207194447517395,36.71857833862305,33.128265380859375,0.11753731220960617,0.17217649519443512,41.42352294921875,36.71857833862305,33.128265380859375,0.11753730475902557,0.17217648029327393,0.5833069682121277,0.46236440539360046,0.8277103304862976,23.0885009765625,20.87656021118164,0.11753730475902557,0.17217648029327393,27.300430297851562,23.0885009765625,20.87656021118164
scene14_traj1_1__000071,0.1180407702922821,0.1726446896791458,0.8043122887611389,0.7151606678962708,1.18507981300354,35.67268753051758,31.94731903076172,0.1180407702922821,0.1726446896791458,40.5886344909668,35.67268753051758,31.94731903076172,0.1180407702922821,0.17264467477798462,0.5933717489242554,0.473939448595047,0.8427353501319885,23.972503662109375,21.955944061279297,0.1180407702922821,0.17264467477798462,27.890153884887695,23.972503662109375,21.955944061279297
scene14_traj1_1__000072,0.11748495697975159,0.17120656371116638,0.8003029227256775,0.7366249561309814,1.201676845550537,36.888893127441406,33.48835372924805,0.11748495697975159,0.17120656371116638,41.20357131958008,36.888893127441406,33.48835372924805,0.11748494952917099,0.1712065488100052,0.6011128425598145,0.4804086685180664,0.8541919589042664,24.491561889648438,22.48674201965332,0.11748494952917099,0.1712065488100052,28.30131721496582,24.491561889648438,22.48674201965332
scene14_traj1_1__000073,0.11616821587085724,0.16991208493709564,0.8044180274009705,0.7256469130516052,1.1949174404144287,36.24795913696289,32.56538391113281,0.11616821587085724,0.16991208493709564,40.94907760620117,36.24795913696289,32.56538391113281,0.11616820096969604,0.16991207003593445,0.5880064964294434,0.46593162417411804,0.8345332145690918,23.40058135986328,21.216859817504883,0.11616820096969604,0.16991207003593445,27.547367095947266,23.40058135986328,21.216859817504883
scene14_traj1_1__000074,0.11454709619283676,0.16763439774513245,0.8068966865539551,0.7240322828292847,1.1952917575836182,36.164588928222656,32.394493103027344,0.11454709619283676,0.16763439774513245,41.031280517578125,36.164588928222656,32.394493103027344,0.11454709619283676,0.16763438284397125,0.5881872177124023,0.4686078131198883,0.8368399143218994,23.458038330078125,21.26942253112793,0.11454709619283676,0.16763438284397125,27.631839752197266,23.458038330078125,21.26942253112793
scene14_traj1_1__000075,0.11500944942235947,0.16849803924560547,0.8097900152206421,0.7061846256256104,1.1790157556533813,35.513607025146484,31.506488800048828,0.11500944942235947,0.16849803924560547,40.48966979980469,35.513607025146484,31.506488800048828,0.11500942707061768,0.16849802434444427,0.6009396910667419,0.48822733759880066,0.8563811182975769,24.802127838134766,22.958492279052734,0.11500942707061768,0.16849802434444427,28.4894962310791,24.802127838134766,22.958492279052734
scene14_traj1_1__000076,0.11416464298963547,0.16685886681079865,0.8010668158531189,0.7286179661750793,1.1941614151000977,36.52332305908203,32.91919708251953,0.11416464298963547,0.16685886681079865,40.97370529174805,36.52332305908203,32.91919708251953,0.11416464298963547,0.16685886681079865,0.6017171740531921,0.4781593680381775,0.8535780906677246,24.46578025817871,22.47408103942871,0.11416464298963547,0.16685886681079865,28.25521469116211,24.46578025817871,22.47408103942871
scene14_traj1_1__000077,0.11284404247999191,0.16507850587368011,0.8060629367828369,0.7258180379867554,1.1956017017364502,36.27649688720703,32.448951721191406,0.11284404247999191,0.16507850587368011,41.0245475769043,36.27649688720703,32.448951721191406,0.11284402757883072,0.16507849097251892,0.5869213342666626,0.4687676727771759,0.8352769017219543,23.416898727416992,21.174978256225586,0.11284402757883072,0.16507849097251892,27.58404541015625,23.416898727416992,21.174978256225586
scene14_traj1_1__000078,0.11299579590559006,0.1655842363834381,0.8035644292831421,0.7210766673088074,1.1880580186843872,36.08484649658203,32.336177825927734,0.11299579590559006,0.1655842363834381,40.7160758972168,36.08484649658203,32.336177825927734,0.11299578845500946,0.16558422148227692,0.599839448928833,0.47847676277160645,0.8507529497146606,24.39623260498047,22.425579071044922,0.11299578845500946,0.16558422148227692,28.199073791503906,24.39623260498047,22.425579071044922
scene14_traj1_1__000079,0.11232326179742813,0.16364967823028564,0.808552622795105,0.7328503727912903,1.2027541399002075,37.06672286987305,33.4585075378418,0.11232326179742813,0.16364967823028564,41.28731155395508,37.06672286987305,33.4585075378418,0.11232326179742813,0.16364966332912445,0.6096157431602478,0.4919741153717041,0.868941068649292,25.31249237060547,23.435924530029297,0.11232326179742813,0.16364966332912445,28.861215591430664,25.31249237060547,23.435924530029297
scene14_traj1_1__000080,0.11023403704166412,0.16135014593601227,0.8091169595718384,0.7382305860519409,1.208808422088623,37.249847412109375,33.6639289855957,0.11023403704166412,0.16135014593601227,41.530330657958984,37.249847412109375,33.6639289855957,0.11023402959108353,0.16135013103485107,0.5958099961280823,0.47591373324394226,0.8485205173492432,24.132116317749023,21.95523452758789,0.11023402959108353,0.16135013103485107,28.042198181152344,24.132116317749023,21.95523452758789
scene14_traj1_1__000081,0.10961590707302094,0.1605173945426941,0.8090463876724243,0.7248157262802124,1.1955536603927612,36.45279312133789,32.50263595581055,0.10961590707302094,0.1605173945426941,41.076026916503906,36.45279312133789,32.50263595581055,0.10961589217185974,0.1605173796415329,0.5944502353668213,0.47333991527557373,0.8445247411727905,23.96570587158203,21.845022201538086,0.10961589217185974,0.1605173796415329,27.898780822753906,23.96570587158203,21.845022201538086
scene14_traj1_1__000082,0.1106012687087059,0.16183942556381226,0.8142807483673096,0.7055607438087463,1.18288254737854,35.85580825805664,31.942977905273438,0.1106012687087059,0.16183942556381226,40.593257904052734,35.85580825805664,31.942977905273438,0.1106012687087059,0.16183941066265106,0.6081275343894958,0.49025338888168335,0.8660059571266174,25.269208908081055,23.470687866210938,0.1106012687087059,0.16183941066265106,28.774681091308594,25.269208908081055,23.470687866210938
scene14_traj1_1__000083,0.11003009229898453,0.1607225239276886,0.8131885528564453,0.7297723889350891,1.2044976949691772,37.276649475097656,33.62616729736328,0.11003009229898453,0.1607225239276886,41.38031005859375,37.276649475097656,33.62616729736328,0.11003007739782333,0.1607224941253662,0.6137415170669556,0.48991844058036804,0.8716284036636353,25.407901763916016,23.581321716308594,0.11003007739782333,0.1607224941253662,28.90737533569336,25.407901763916016,23.581321716308594
scene14_traj1_1__000084,0.10751271992921829,0.1570350080728531,0.8118157982826233,0.7376748919487,1.2101914882659912,37.37562561035156,33.74341583251953,0.10751271992921829,0.1570350080728531,41.57615280151367,37.37562561035156,33.74341583251953,0.1075127124786377,0.1570349931716919,0.5986540913581848,0.4788615107536316,0.8537797331809998,24.4582576751709,22.39183235168457,0.1075127124786377,0.1570349931716919,28.233861923217773,24.4582576751709,22.39183235168457
scene14_traj1_1__000085,0.10601481050252914,0.15529969334602356,0.8147413730621338,0.7239156365394592,1.2008554935455322,36.76772689819336,32.940006256103516,0.10601481050252914,0.15529969334602356,41.261993408203125,36.76772689819336,32.940006256103516,0.10601481050252914,0.15529969334602356,0.5981481671333313,0.47561654448509216,0.8509805798530579,24.191932678222656,22.010093688964844,0.10601481050252914,0.15529969334602356,28.105239868164062,24.191932678222656,22.010093688964844
scene14_traj1_1__000086,0.1058005765080452,0.15508140623569489,0.8157787919044495,0.711848258972168,1.1906780004501343,36.415409088134766,32.54115295410156,0.1058005765080452,0.15508140623569489,40.88981246948242,36.415409088134766,32.54115295410156,0.105800561606884,0.15508140623569489,0.6036023497581482,0.4846744239330292,0.8600608110427856,24.831256866455078,22.831220626831055,0.105800561606884,0.15508140623569489,28.49064826965332,24.831256866455078,22.831220626831055
scene14_traj1_1__000087,0.10662543773651123,0.15636421740055084,0.8151711821556091,0.7181614637374878,1.1955260038375854,36.86045455932617,33.12247848510742,0.10662543773651123,0.15636421740055084,41.07559585571289,36.86045455932617,33.12247848510742,0.10662543773651123,0.15636420249938965,0.6201591491699219,0.49821949005126953,0.8810999393463135,26.001171112060547,24.255064010620117,0.10662543773651123,0.15636420249938965,29.29660987854004,26.001171112060547,24.255064010620117
scene14_traj1_1__000088,0.10479339957237244,0.1534775346517563,0.8185712099075317,0.712139368057251,1.1928021907806396,36.648502349853516,32.800289154052734,0.10479339957237244,0.1534775346517563,41.00934982299805,36.648502349853516,32.800289154052734,0.10479339212179184,0.1534775346517563,0.6095409989356995,0.4885127544403076,0.8685084581375122,25.287260055541992,23.381446838378906,0.10479339212179184,0.1534775346517563,28.78059959411621,25.287260055541992,23.381446838378906
scene14_traj1_1__000089,0.10290169715881348,0.15080435574054718,0.8206106424331665,0.7082407474517822,1.1918716430664062,36.40593338012695,32.293701171875,0.10290169715881348,0.15080435574054718,41.013370513916016,36.40593338012695,32.293701171875,0.10290169715881348,0.150804340839386,0.6015576720237732,0.4821245074272156,0.8580628633499146,24.58046531677246,22.406755447387695,0.10290169715881348,0.150804340839386,28.376564025878906,24.58046531677246,22.406755447387695
scene14_traj1_1__000090,0.10211710631847382,0.15030767023563385,0.8222476243972778,0.7137287259101868,1.1965200901031494,36.50999069213867,32.40764617919922,0.10211710631847382,0.15030767023563385,41.14509582519531,36.50999069213867,32.40764617919922,0.10211710631847382,0.15030767023563385,0.6060713529586792,0.4859163761138916,0.8638566732406616,24.993330001831055,22.932435989379883,0.10211710631847382,0.15030767023563385,28.60795021057129,24.993330001831055,22.932435989379883
scene14_traj1_1__000091,0.10382536053657532,0.15212275087833405,0.8252997994422913,0.7129914164543152,1.198403239250183,37.05188751220703,33.17346954345703,0.10382536053657532,0.15212275087833405,41.26771545410156,37.05188751220703,33.17346954345703,0.10382533818483353,0.15212275087833405,0.6223065853118896,0.5065889358520508,0.8891537189483643,26.38628578186035,24.637928009033203,0.10382533818483353,0.15212275087833405,29.60959815979004,26.38628578186035,24.637928009033203
scene14_traj1_1__000092,0.10220184177160263,0.14987273514270782,0.824706494808197,0.7303125858306885,1.2132935523986816,37.750953674316406,33.94404220581055,0.10220184177160263,0.14987273514270782,41.817474365234375,37.750953674316406,33.94404220581055,0.10220182687044144,0.14987273514270782,0.6149116158485413,0.4927241802215576,0.876272439956665,25.581377029418945,23.61797332763672,0.10220182687044144,0.14987273514270782,29.03605842590332,25.581377029418945,23.61797332763672
scene14_traj1_1__000093,0.0996284931898117,0.14651116728782654,0.8275671005249023,0.7131220698356628,1.2001465559005737,36.84413146972656,32.78648376464844,0.0996284931898117,0.14651116728782654,41.31964111328125,36.84413146972656,32.78648376464844,0.09962848573923111,0.14651116728782654,0.6055437326431274,0.4844095706939697,0.8637562990188599,24.971569061279297,22.837825775146484,0.09962848573923111,0.14651116728782654,28.581811904907227,24.971569061279297,22.837825775146484
scene14_traj1_1__000094,0.0984421968460083,0.14452935755252838,0.8294970989227295,0.7129891514778137,1.1999424695968628,36.95675277709961,32.82615280151367,0.0984421968460083,0.14452935755252838,41.368221282958984,36.95675277709961,32.82615280151367,0.0984421893954277,0.144529327750206,0.618353545665741,0.497409850358963,0.8821506500244141,25.972463607788086,24.02883529663086,0.0984421893954277,0.144529327750206,29.28931427001953,25.972463607788086,24.02883529663086
scene14_traj1_1__000095,0.09883328527212143,0.1446976512670517,0.829322099685669,0.7444669008255005,1.2286804914474487,38.76730728149414,35.07215881347656,0.09883328527212143,0.1446976512670517,42.4720458984375,38.76730728149414,35.07215881347656,0.09883328527212143,0.1446976363658905,0.6292339563369751,0.506889820098877,0.8979253172874451,26.728883743286133,24.936565399169922,0.09883328527212143,0.1446976363658905,29.830961227416992,26.728883743286133,24.936565399169922
scene14_traj1_1__000096,0.09722071141004562,0.1427588015794754,0.83318692445755,0.7330431938171387,1.2227530479431152,38.13032913208008,34.25300216674805,0.09722071141004562,0.1427588015794754,42.22896957397461,38.13032913208008,34.25300216674805,0.09722068905830383,0.1427588015794754,0.6108944416046143,0.49029800295829773,0.8726069927215576,25.334041595458984,23.180938720703125,0.09722068905830383,0.1427588015794754,28.8823299407959,25.334041595458984,23.180938720703125
scene14_traj1_1__000097,0.09762974828481674,0.14392206072807312,0.8271938562393188,0.711086630821228,1.198286533355713,36.69670867919922,32.47268295288086,0.09762974828481674,0.14392206072807312,41.273616790771484,36.69670867919922,32.47268295288086,0.09762974828481674,0.14392206072807312,0.6129330396652222,0.4929109811782837,0.8747667074203491,25.559036254882812,23.515029907226562,0.09762974828481674,0.14392206072807312,29.01382827758789,25.559036254882812,23.515029907226562
scene14_traj1_1__000098,0.09957778453826904,0.14641883969306946,0.8299158215522766,0.7129916548728943,1.2018426656723022,37.14259719848633,33.04802703857422,0.09957778453826904,0.14641883969306946,41.449188232421875,37.14259719848633,33.04802703857422,0.09957778453826904,0.14641882479190826,0.6275495290756226,0.5112087726593018,0.8969770669937134,26.877342224121094,25.217365264892578,0.09957778453826904,0.14641882479190826,29.85064125061035,26.877342224121094,25.217365264892578
scene14_traj1_1__000099,0.09898632764816284,0.14651381969451904,0.8251274228096008,0.7219544649124146,1.2064794301986694,37.129756927490234,32.83621597290039,0.09898632764816284,0.14651381969451904,41.67003631591797,37.129756927490234,32.83621597290039,0.09898632019758224,0.14651380479335785,0.6119807958602905,0.4974048435688019,0.8773702383041382,25.585166931152344,23.572036743164062,0.09898632019758224,0.14651380479335785,29.090974807739258,25.585166931152344,23.572036743164062
scene14_traj1_1__000100,0.09820239245891571,0.14555153250694275,0.8230118751525879,0.7132484316825867,1.1966021060943604,36.52442169189453,32.215187072753906,0.09820239245891571,0.14555153250694275,41.23236083984375,36.52442169189453,32.215187072753906,0.09820237010717392,0.14555151760578156,0.6089920997619629,0.4900379478931427,0.8693865537643433,25.14968490600586,22.953588485717773,0.09820237010717392,0.14555151760578156,28.798616409301758,25.14968490600586,22.953588485717773
scene14_traj1_1__000101,0.1002168357372284,0.14815844595432281,0.8256562352180481,0.7010025978088379,1.1870169639587402,36.30957794189453,32.14889907836914,0.1002168357372284,0.14815844595432281,40.8623161315918,36.30957794189453,32.14889907836914,0.1002168282866478,0.14815844595432281,0.6247572302818298,0.5135084390640259,0.8951284885406494,26.821544647216797,25.15156364440918,0.1002168282866478,0.14815844595432281,29.85457992553711,26.821544647216797,25.15156364440918
scene14_traj1_1__000102,0.09920988976955414,0.14679497480392456,0.8288320302963257,0.7171100378036499,1.2050857543945312,37.26605224609375,33.23382568359375,0.09920988976955414,0.14679497480392456,41.52021789550781,37.26605224609375,33.23382568359375,0.09920988231897354,0.14679497480392456,0.6158108711242676,0.5008376240730286,0.8828441500663757,25.917787551879883,23.957244873046875,0.09920988231897354,0.14679497480392456,29.3200740814209,25.917787551879883,23.957244873046875
scene14_traj1_1__000103,0.0978500172495842,0.14479343593120575,0.8243681788444519,0.7194668054580688,1.2025163173675537,36.86672592163086,32.69226837158203,0.0978500172495842,0.14479343593120575,41.43661880493164,36.86672592163086,32.69226837158203,0.0978500172495842,0.14479342103004456,0.6076030731201172,0.489719033241272,0.8690119981765747,25.166154861450195,23.001657485961914,0.0978500172495842,0.14479342103004456,28.77652931213379,25.166154861450195,23.001657485961914
scene14_traj1_1__000104,0.09894350171089172,0.14662320911884308,0.8307545781135559,0.7111347317695618,1.1993498802185059,36.69485092163086,32.531944274902344,0.09894350171089172,0.14662320911884308,41.28702926635742,36.69485092163086,32.531944274902344,0.09894349426031113,0.14662319421768188,0.6134342551231384,0.49651485681533813,0.877018392086029,25.687091827392578,23.70472526550293,0.09894349426031113,0.14662319421768188,29.10028076171875,25.687091827392578,23.70472526550293
scene14_traj1_1__000105,0.10015946626663208,0.14836610853672028,0.8306304216384888,0.7145935893058777,1.2034156322479248,37.22000503540039,33.15324401855469,0.10015946626663208,0.14836610853672028,41.45438003540039,37.22000503540039,33.15324401855469,0.10015945136547089,0.14836610853672028,0.6252673268318176,0.5143836736679077,0.8970358371734619,26.775571823120117,24.963348388671875,0.10015945136547089,0.14836610853672028,29.881118774414062,26.775571823120117,24.963348388671875
scene14_traj1_1__000106,0.09827011078596115,0.14582964777946472,0.8290562629699707,0.7169468998908997,1.2042714357376099,37.08847427368164,33.040592193603516,0.09827011078596115,0.14582964777946472,41.505924224853516,37.08847427368164,33.040592193603516,0.09827011078596115,0.14582963287830353,0.6082914471626282,0.49271276593208313,0.8709972500801086,25.274017333984375,23.110170364379883,0.09827011078596115,0.14582963287830353,28.849634170532227,25.274017333984375,23.110170364379883
scene14_traj1_1__000107,0.09733077883720398,0.1447845846414566,0.8275220394134521,0.7276520133018494,1.210944414138794,37.22135543823242,33.07893753051758,0.09733077883720398,0.1447845846414566,41.74372100830078,37.22135543823242,33.07893753051758,0.09733077883720398,0.1447845697402954,0.6038492918014526,0.4890451431274414,0.8646126985549927,24.854806900024414,22.49627685546875,0.09733077883720398,0.1447845697402954,28.620336532592773,24.854806900024414,22.49627685546875
scene14_traj1_1__000108,0.09805914759635925,0.14580443501472473,0.8308213949203491,0.7152115702629089,1.2024779319763184,37.01920700073242,32.954444885253906,0.09805914759635925,0.14580443501472473,41.43006896972656,37.01920700073242,32.954444885253906,0.09805914014577866,0.14580442011356354,0.618694543838501,0.5098161101341248,0.8883810639381409,26.33856201171875,24.427433013916016,0.09805914014577866,0.14580442011356354,29.600576400756836,26.33856201171875,24.427433013916016
scene14_traj1_1__000109,0.09766775369644165,0.14515270292758942,0.8343263268470764,0.7364936470985413,1.224910020828247,38.26622009277344,34.41520309448242,0.09766775369644165,0.14515270292758942,42.27300262451172,38.26622009277344,34.41520309448242,0.09766775369644165,0.14515270292758942,0.6122899651527405,0.4979729652404785,0.8780761957168579,25.662616729736328,23.51975440979004,0.09766775369644165,0.14515270292758942,29.10696029663086,25.662616729736328,23.51975440979004
scene14_traj1_1__000110,0.0952056422829628,0.1421167552471161,0.83768630027771,0.7367034554481506,1.2278082370758057,38.16639709472656,34.25713348388672,0.0952056422829628,0.1421167552471161,42.42007827758789,38.16639709472656,34.25713348388672,0.0952056348323822,0.1421167552471161,0.6018843650817871,0.4930463433265686,0.8650587201118469,24.970930099487305,22.62172508239746,0.0952056348323822,0.1421167552471161,28.641685485839844,24.970930099487305,22.62172508239746
scene14_traj1_1__000111,0.09529615193605423,0.14196182787418365,0.8372023701667786,0.7301726937294006,1.220760703086853,38.062713623046875,34.26877212524414,0.09529615193605423,0.14196182787418365,42.076473236083984,38.062713623046875,34.26877212524414,0.09529615193605423,0.14196181297302246,0.6169171333312988,0.5117712020874023,0.889221727848053,26.371896743774414,24.30465316772461,0.09529615193605423,0.14196181297302246,29.631519317626953,26.371896743774414,24.30465316772461
scene14_traj1_1__000112,0.09305702894926071,0.13844414055347443,0.8393903970718384,0.7417446970939636,1.2332448959350586,38.96846389770508,35.265384674072266,0.09305702894926071,0.13844414055347443,42.67168426513672,38.96846389770508,35.265384674072266,0.09305702894926071,0.13844414055347443,0.6219717860221863,0.5106335282325745,0.8934652209281921,26.438140869140625,24.29753875732422,0.09305702894926071,0.13844414055347443,29.701860427856445,26.438140869140625,24.29753875732422
scene14_traj1_1__000113,0.09111214429140091,0.1360667198896408,0.8367196321487427,0.7391418218612671,1.2283271551132202,38.45269012451172,34.51935577392578,0.09111214429140091,0.1360667198896408,42.48184585571289,38.45269012451172,34.51935577392578,0.09111214429140091,0.13606669008731842,0.608053982257843,0.4987504482269287,0.8745802044868469,25.3658504486084,22.955272674560547,0.09111214429140091,0.13606669008731842,29.005395889282227,25.3658504486084,22.955272674560547
scene14_traj1_1__000114,0.09048130363225937,0.13503512740135193,0.8399173021316528,0.7363391518592834,1.2278937101364136,38.372501373291016,34.29792022705078,0.09048130363225937,0.13503512740135193,42.4787712097168,38.372501373291016,34.29792022705078,0.09048129618167877,0.13503512740135193,0.6108057498931885,0.501703143119812,0.8784084916114807,25.59621238708496,23.180126190185547,0.09048129618167877,0.13503512740135193,29.157997131347656,25.59621238708496,23.180126190185547
scene14_traj1_1__000115,0.09221810847520828,0.13750405609607697,0.8394157886505127,0.7235032320022583,1.2156566381454468,37.95848083496094,33.751163482666016,0.09221810847520828,0.13750405609607697,42.06125259399414,37.95848083496094,33.751163482666016,0.09221810847520828,0.13750405609607697,0.6237356662750244,0.5189951658248901,0.8982426524162292,26.755098342895508,24.62019920349121,0.09221810847520828,0.13750405609607697,29.95523452758789,26.755098342895508,24.62019920349121
scene14_traj1_1__000116,0.0902058407664299,0.13437844812870026,0.8396487236022949,0.7338201403617859,1.224560260772705,38.389503479003906,34.24380111694336,0.0902058407664299,0.13437844812870026,42.46299362182617,38.389503479003906,34.24380111694336,0.0902058407664299,0.13437843322753906,0.6169585585594177,0.509495735168457,0.8879523873329163,26.17027473449707,23.86013412475586,0.0902058407664299,0.13437843322753906,29.49234962463379,26.17027473449707,23.86013412475586
scene14_traj1_1__000117,0.08867105096578598,0.13240410387516022,0.8396452069282532,0.7264075875282288,1.2183223962783813,38.14227294921875,34.115394592285156,0.08867105096578598,0.13240410387516022,42.16770935058594,38.14227294921875,34.115394592285156,0.08867104351520538,0.13240408897399902,0.6082372069358826,0.4997665286064148,0.875105082988739,25.35541343688965,22.807767868041992,0.08867104351520538,0.13240408897399902,29.01653289794922,25.35541343688965,22.807767868041992
scene14_traj1_1__000118,0.08853510767221451,0.1324222832918167,0.8364182114601135,0.7334104776382446,1.2220802307128906,38.23707580566406,34.19866943359375,0.08853510767221451,0.1324222832918167,42.29964828491211,38.23707580566406,34.19866943359375,0.08853510767221451,0.13242226839065552,0.6122186183929443,0.5031124353408813,0.8795754909515381,25.557605743408203,23.01237678527832,0.08853510767221451,0.13242226839065552,29.20583152770996,25.557605743408203,23.01237678527832
scene14_traj1_1__000119,0.08987949043512344,0.13431312143802643,0.8401062488555908,0.7369881868362427,1.228063941001892,38.82344055175781,35.06046676635742,0.08987949043512344,0.13431312143802643,42.518585205078125,38.82344055175781,35.06046676635742,0.08987949043512344,0.13431312143802643,0.6225635409355164,0.5224906802177429,0.8998638391494751,26.72942352294922,24.413320541381836,0.08987949043512344,0.13431312143802643,30.007083892822266,26.72942352294922,24.413320541381836
scene14_traj1_1__000120,0.08917372673749924,0.13271589577198029,0.8368549346923828,0.7370361089706421,1.2275291681289673,38.79701232910156,35.03122329711914,0.08917372673749924,0.13271589577198029,42.44450378417969,38.79701232910156,35.03122329711914,0.08917372673749924,0.1327158808708191,0.621536135673523,0.5125308632850647,0.8940539956092834,26.391319274902344,24.021757125854492,0.08917372673749924,0.1327158808708191,29.72884750366211,26.391319274902344,24.021757125854492
scene14_traj1_1__000121,0.08710930496454239,0.12972912192344666,0.8357974886894226,0.7431837320327759,1.230218768119812,38.60649871826172,34.60407638549805,0.08710930496454239,0.12972912192344666,42.58858871459961,38.60649871826172,34.60407638549805,0.0871092826128006,0.12972910702228546,0.6104108095169067,0.499165415763855,0.8753060102462769,25.480527877807617,22.947965621948242,0.0871092826128006,0.12972910702228546,29.0400390625,25.480527877807617,22.947965621948242
scene14_traj1_1__000122,0.08754277974367142,0.13018305599689484,0.8341898918151855,0.7224849462509155,1.212310791015625,37.8345947265625,33.61941146850586,0.08754277974367142,0.13018305599689484,41.91121292114258,37.8345947265625,33.61941146850586,0.08754277229309082,0.13018304109573364,0.6159971952438354,0.5066788196563721,0.8839232325553894,25.938995361328125,23.483171463012695,0.08754277229309082,0.13018304109573364,29.40746307373047,25.938995361328125,23.483171463012695
scene14_traj1_1__000123,0.08899063616991043,0.1320965588092804,0.8334343433380127,0.7259483337402344,1.2141934633255005,38.32991409301758,34.601844787597656,0.08899063616991043,0.1320965588092804,41.9662971496582,38.32991409301758,34.601844787597656,0.08899063616991043,0.1320965588092804,0.6298245787620544,0.5211313366889954,0.9042437672615051,27.0404109954834,24.79954719543457,0.08899063616991043,0.1320965588092804,30.166671752929688,27.0404109954834,24.79954719543457
scene14_traj1_1__000124,0.08669988811016083,0.12867248058319092,0.8322092890739441,0.731877326965332,1.218219518661499,38.28725814819336,34.547019958496094,0.08669988811016083,0.12867248058319092,42.069419860839844,38.28725814819336,34.547019958496094,0.08669988811016083,0.12867246568202972,0.6146615743637085,0.5037698745727539,0.8810951709747314,25.789365768432617,23.28382110595703,0.08669988811016083,0.12867246568202972,29.269088745117188,25.789365768432617,23.28382110595703
scene14_traj1_1__000125,0.08599422872066498,0.12744399905204773,0.8219040632247925,0.7375285029411316,1.2142009735107422,38.22850799560547,34.33063888549805,0.08599422872066498,0.12744399905204773,41.94466781616211,38.22850799560547,34.33063888549805,0.08599421381950378,0.12744398415088654,0.6088466048240662,0.49470993876457214,0.8703917860984802,25.17256736755371,22.49920654296875,0.08599421381950378,0.12744398415088654,28.871936798095703,25.17256736755371,22.49920654296875
scene14_traj1_1__000126,0.08872141689062119,0.1314021497964859,0.8231134414672852,0.7266693711280823,1.2050729990005493,37.67648696899414,33.653995513916016,0.08872141689062119,0.1314021497964859,41.593780517578125,37.67648696899414,33.653995513916016,0.08872140198945999,0.1314021497964859,0.6205142736434937,0.5119646787643433,0.8897669911384583,26.2500057220459,23.699247360229492,0.08872140198945999,0.1314021497964859,29.670021057128906,26.2500057220459,23.699247360229492
scene14_traj1_1__000127,0.08860047906637192,0.13083793222904205,0.8203954696655273,0.7436861991882324,1.2179607152938843,38.4918212890625,34.63212203979492,0.08860047906637192,0.13083793222904205,42.12432861328125,38.4918212890625,34.63212203979492,0.08860047161579132,0.13083793222904205,0.6231400370597839,0.5045284032821655,0.8887874484062195,26.138566970825195,23.726301193237305,0.08860047161579132,0.13083793222904205,29.515390396118164,26.138566970825195,23.726301193237305
scene14_traj1_1__000128,0.08786281943321228,0.13010677695274353,0.8207423090934753,0.7277235388755798,1.2045003175735474,37.68918228149414,33.64017868041992,0.08786281943321228,0.13010677695274353,41.60628890991211,37.68918228149414,33.64017868041992,0.08786279708147049,0.13010676205158234,0.610974907875061,0.49383649230003357,0.8720938563346863,25.302040100097656,22.724918365478516,0.08786279708147049,0.13010676205158234,28.931989669799805,25.302040100097656,22.724918365478516
scene14_traj1_1__000129,0.08880455791950226,0.13139432668685913,0.8235011100769043,0.7216871976852417,1.2031770944595337,37.8720703125,34.002593994140625,0.08880455791950226,0.13139432668685913,41.593353271484375,37.8720703125,34.002593994140625,0.08880455791950226,0.13139431178569794,0.616351306438446,0.5061054229736328,0.8841251730918884,25.9168758392334,23.325519561767578,0.08880455791950226,0.13139431178569794,29.399566650390625,25.9168758392334,23.325519561767578
scene14_traj1_1__000130,0.09152209013700485,0.13514024019241333,0.8313095569610596,0.7206219434738159,1.210404634475708,38.548160552978516,34.938499450683594,0.09152209013700485,0.13514024019241333,41.8788948059082,38.548160552978516,34.938499450683594,0.09152209013700485,0.13514024019241333,0.6337723135948181,0.5254431962966919,0.9110853672027588,27.437572479248047,25.23960304260254,0.09152209013700485,0.13514024019241333,30.41730499267578,27.437572479248047,25.23960304260254
scene14_traj1_1__000131,0.090724878013134,0.13356857001781464,0.8229519128799438,0.7381979823112488,1.2185797691345215,39.248008728027344,36.17434310913086,0.090724878013134,0.13356857001781464,42.13847732543945,39.248008728027344,36.17434310913086,0.090724878013134,0.13356857001781464,0.6246482133865356,0.507679283618927,0.8930965065956116,26.483078002929688,24.149044036865234,0.090724878013134,0.13356857001781464,29.695632934570312,26.483078002929688,24.149044036865234
scene14_traj1_1__000132,0.08981038630008698,0.13185758888721466,0.8195793032646179,0.7324467301368713,1.2097421884536743,38.55018997192383,35.056488037109375,0.08981038630008698,0.13185758888721466,41.821083068847656,38.55018997192383,35.056488037109375,0.08981037884950638,0.13185758888721466,0.613046407699585,0.5037704110145569,0.8810755014419556,25.84895133972168,23.380643844604492,0.08981037884950638,0.13185758888721466,29.26557159423828,25.84895133972168,23.380643844604492
scene14_traj1_1__000133,0.09050250053405762,0.13268312811851501,0.817051351070404,0.7309219837188721,1.2060858011245728,38.36701583862305,34.78527069091797,0.09050250053405762,0.13268312811851501,41.6807975769043,38.36701583862305,34.78527069091797,0.09050250053405762,0.13268311321735382,0.6191519498825073,0.5129175186157227,0.890956699848175,26.451570510864258,23.981409072875977,0.09050250053405762,0.13268311321735382,29.685932159423828,26.451570510864258,23.981409072875977
scene14_traj1_1__000134,0.09222454577684402,0.1353665292263031,0.8247472047805786,0.7351056337356567,1.215484857559204,38.94894790649414,35.58329772949219,0.09222454577684402,0.1353665292263031,42.000553131103516,38.94894790649414,35.58329772949219,0.09222454577684402,0.1353665292263031,0.6322996616363525,0.5162810683250427,0.904028594493866,27.179140090942383,25.006881713867188,0.09222454577684402,0.1353665292263031,30.12664031982422,27.179140090942383,25.006881713867188
scene14_traj1_1__000135,0.09089089184999466,0.1337926685810089,0.8213323950767517,0.736623227596283,1.215990424156189,38.928321838378906,35.6594352722168,0.09089089184999466,0.1337926685810089,42.000511169433594,38.928321838378906,35.6594352722168,0.09089089184999466,0.13379265367984772,0.6191663146018982,0.5036072134971619,0.8862379789352417,26.130577087402344,23.6855411529541,0.09089089184999466,0.13379265367984772,29.467296600341797,26.130577087402344,23.6855411529541
scene14_traj1_1__000136,0.09064667671918869,0.13387469947338104,0.826318621635437,0.7292786836624146,1.2140307426452637,38.91903305053711,35.606842041015625,0.09064667671918869,0.13387469947338104,41.9819450378418,38.91903305053711,35.606842041015625,0.09064667671918869,0.13387468457221985,0.6197007298469543,0.5036851763725281,0.8865400552749634,26.161624908447266,23.6872615814209,0.09064667671918869,0.13387468457221985,29.457605361938477,26.161624908447266,23.6872615814209
scene14_traj1_1__000137,0.0915495753288269,0.13523447513580322,0.8312216401100159,0.7271140217781067,1.2151618003845215,39.01932907104492,35.592384338378906,0.0915495753288269,0.13523447513580322,42.050048828125,39.01932907104492,35.592384338378906,0.0915495753288269,0.13523446023464203,0.6321597099304199,0.5235840678215027,0.9084139466285706,27.336767196655273,25.116405487060547,0.0915495753288269,0.13523446023464203,30.304218292236328,27.336767196655273,25.116405487060547
scene14_traj1_1__000138,0.09026291221380234,0.1333758682012558,0.8267978429794312,0.722730278968811,1.207237958908081,38.603946685791016,35.224056243896484,0.09026291221380234,0.1333758682012558,41.70718002319336,38.603946685791016,35.224056243896484,0.09026291221380234,0.1333758682012558,0.627892017364502,0.5094553828239441,0.8967813849449158,26.712665557861328,24.424762725830078,0.09026291221380234,0.1333758682012558,29.852645874023438,26.712665557861328,24.424762725830078
scene14_traj1_1__000139,0.08837918192148209,0.13121122121810913,0.823516845703125,0.7302504777908325,1.2114858627319336,38.68146896362305,35.16389465332031,0.08837918192148209,0.13121122121810913,41.89894485473633,38.68146896362305,35.16389465332031,0.08837918192148209,0.13121120631694794,0.6139528155326843,0.5005179643630981,0.8792062997817993,25.75348663330078,23.161357879638672,0.08837918192148209,0.13121120631694794,29.205692291259766,25.75348663330078,23.161357879638672
scene14_traj1_1__000140,0.08821268379688263,0.13112352788448334,0.8344970345497131,0.7096487283706665,1.2033919095993042,38.42716598510742,34.89791488647461,0.08821268379688263,0.13112352788448334,41.63054275512695,38.42716598510742,34.89791488647461,0.08821267634630203,0.13112352788448334,0.6249080896377563,0.5159479379653931,0.8977025747299194,26.718093872070312,24.232194900512695,0.08821267634630203,0.13112352788448334,29.937328338623047,26.718093872070312,24.232194900512695
scene14_traj1_1__000141,0.08742004632949829,0.13002654910087585,0.8299256563186646,0.7205643653869629,1.2078697681427002,38.47916030883789,34.69452667236328,0.08742004632949829,0.13002654910087585,41.84141159057617,38.47916030883789,34.69452667236328,0.08742004632949829,0.13002654910087585,0.6353753805160522,0.5218700170516968,0.9106894135475159,27.393964767456055,25.193302154541016,0.08742004632949829,0.13002654910087585,30.367103576660156,27.393964767456055,25.193302154541016
scene14_traj1_1__000142,0.08444657176733017,0.12592484056949615,0.8341081738471985,0.7272718548774719,1.2155743837356567,38.86579895019531,35.27318572998047,0.08444657176733017,0.12592484056949615,42.124324798583984,38.86579895019531,35.27318572998047,0.08444656431674957,0.12592484056949615,0.6194117069244385,0.5054246783256531,0.8871912956237793,26.083118438720703,23.404142379760742,0.08444656431674957,0.12592484056949615,29.485681533813477,26.083118438720703,23.404142379760742
scene14_traj1_1__000143,0.08435141295194626,0.12567290663719177,0.8255751729011536,0.7172166705131531,1.202080249786377,38.306640625,34.72230529785156,0.08435141295194626,0.12567290663719177,41.58610534667969,38.306640625,34.72230529785156,0.08435140550136566,0.12567289173603058,0.6159196496009827,0.5067887306213379,0.8844810724258423,25.90158462524414,23.157827377319336,0.08435140550136566,0.12567289173603058,29.428417205810547,25.90158462524414,23.157827377319336
scene14_traj1_1__000144,0.08510342985391617,0.12711191177368164,0.8335070610046387,0.7154658436775208,1.2052446603775024,38.60605239868164,35.017086029052734,0.08510342985391617,0.12711191177368164,41.690879821777344,38.60605239868164,35.017086029052734,0.08510340750217438,0.12711189687252045,0.6316609978675842,0.5244413018226624,0.9080671668052673,27.128219604492188,24.627538681030273,0.08510340750217438,0.12711189687252045,30.29543685913086,27.128219604492188,24.627538681030273
scene14_traj1_1__000145,0.08154764771461487,0.122020423412323,0.8313066363334656,0.7327432036399841,1.217841386795044,38.767066955566406,34.992225646972656,0.08154764771461487,0.122020423412323,42.125343322753906,38.767066955566406,34.992225646972656,0.08154764026403427,0.1220204159617424,0.6195501089096069,0.5096129179000854,0.8897178769111633,26.149822235107422,23.468469619750977,0.08154764026403427,0.1220204159617424,29.611713409423828,26.149822235107422,23.468469619750977
scene14_traj1_1__000146,0.08036524802446365,0.12057390064001083,0.8375089764595032,0.7560343146324158,1.2418620586395264,40.231388092041016,37.111385345458984,0.08036524802446365,0.12057390064001083,43.0178337097168,40.231388092041016,37.111385345458984,0.08036524802446365,0.12057389318943024,0.6118226051330566,0.5033848881721497,0.8786036968231201,25.34564208984375,22.31020164489746,0.08036524802446365,0.12057389318943024,29.17831802368164,25.34564208984375,22.31020164489746
scene14_traj1_1__000147,0.08360205590724945,0.125409796833992,0.8367981314659119,0.7194424867630005,1.2107336521148682,38.2835578918457,34.41900634765625,0.08360205590724945,0.125409796833992,41.858158111572266,38.2835578918457,34.41900634765625,0.08360205590724945,0.125409796833992,0.620574414730072,0.5171166062355042,0.8936601281166077,26.15570640563965,23.23224639892578,0.08360205590724945,0.125409796833992,29.76311683654785,26.15570640563965,23.23224639892578
scene14_traj1_1__000148,0.08154253661632538,0.12280523777008057,0.8317906260490417,0.7275190353393555,1.2134207487106323,38.324951171875,34.409114837646484,0.08154253661632538,0.12280523777008057,41.94230651855469,38.324951171875,34.409114837646484,0.08154253661632538,0.12280523031949997,0.6175455451011658,0.5040857195854187,0.8830603957176208,25.64497184753418,22.744306564331055,0.08154253661632538,0.12280523031949997,29.31496810913086,25.64497184753418,22.744306564331055
scene14_traj1_1__000149,0.0799870491027832,0.12071304023265839,0.8351827263832092,0.7217199206352234,1.2115108966827393,37.9488639831543,33.62156677246094,0.0799870491027832,0.12071304023265839,41.9511833190918,37.9488639831543,33.62156677246094,0.0799870416522026,0.12071304023265839,0.6123707890510559,0.5015965700149536,0.8776945471763611,25.29572105407715,22.246017456054688,0.0799870416522026,0.12071304023265839,29.12017822265625,25.29572105407715,22.246017456054688
scene14_traj1_1__000150,0.08124660700559616,0.12260373681783676,0.8384509086608887,0.702237069606781,1.1980869770050049,37.587154388427734,33.39035415649414,0.08124660700559616,0.12260373681783676,41.393550872802734,37.587154388427734,33.39035415649414,0.08124660700559616,0.12260373681783676,0.6260176301002502,0.5224905014038086,0.901580810546875,26.403343200683594,23.263277053833008,0.08124660700559616,0.12260373681783676,30.06576919555664,26.403343200683594,23.263277053833008
scene14_traj1_1__000151,0.0781092494726181,0.11823169142007828,0.843890368938446,0.7160997986793518,1.2134826183319092,38.410396575927734,34.48715591430664,0.0781092494726181,0.11823169142007828,42.031497955322266,38.410396575927734,34.48715591430664,0.0781092420220375,0.11823169142007828,0.6156002283096313,0.5137441754341125,0.8877027630805969,25.732723236083984,22.541515350341797,0.0781092420220375,0.11823169142007828,29.501508712768555,25.732723236083984,22.541515350341797
scene14_traj1_1__000152,0.07537660002708435,0.11469604074954987,0.8528758883476257,0.7063478231430054,1.2128559350967407,38.332733154296875,34.4620475769043,0.07537660002708435,0.11469604074954987,41.936458587646484,38.332733154296875,34.4620475769043,0.07537658512592316,0.11469602584838867,0.6102675795555115,0.5081800818443298,0.8805223107337952,25.15077018737793,21.545501708984375,0.07537658512592316,0.11469602584838867,29.249794006347656,25.15077018737793,21.545501708984375
scene14_traj1_1__000153,0.07475938647985458,0.11399268358945847,0.8510555028915405,0.7125858068466187,1.2154312133789062,38.67588806152344,34.840267181396484,0.07475938647985458,0.11399268358945847,42.02804183959961,38.67588806152344,34.840267181396484,0.07475937902927399,0.11399268358945847,0.6186074614524841,0.5221839547157288,0.8965665102005005,26.07795524597168,22.715429306030273,0.07475937902927399,0.11399268358945847,29.81170654296875,26.07795524597168,22.715429306030273
scene14_traj1_1__000154,0.07145342230796814,0.10906828194856644,0.8611750602722168,0.7104834914207458,1.2206429243087769,38.845115661621094,34.881309509277344,0.07145342230796814,0.10906828194856644,42.26335906982422,38.845115661621094,34.881309509277344,0.07145341485738754,0.10906826704740524,0.6123806238174438,0.5124621987342834,0.8842893838882446,25.397972106933594,21.616762161254883,0.07145341485738754,0.10906826704740524,29.412038803100586,25.397972106933594,21.616762161254883
scene14_traj1_1__000155,0.07164012640714645,0.1093427985906601,0.8609303832054138,0.70602947473526,1.2171196937561035,38.98041915893555,35.36396026611328,0.07164012640714645,0.1093427985906601,42.16139221191406,38.98041915893555,35.36396026611328,0.07164011150598526,0.1093427911400795,0.615751326084137,0.5214492678642273,0.8933663368225098,25.746639251708984,21.832494735717773,0.07164011150598526,0.1093427911400795,29.758142471313477,25.746639251708984,21.832494735717773
scene14_traj1_1__000156,0.07041940093040466,0.10854977369308472,0.8669233322143555,0.7221035957336426,1.235304832458496,39.79018020629883,35.66208267211914,0.07041940093040466,0.10854977369308472,42.85231018066406,39.79018020629883,35.66208267211914,0.07041940093040466,0.10854977369308472,0.6294042468070984,0.5352978706359863,0.9148672819137573,27.024538040161133,23.760934829711914,0.07041940093040466,0.10854977369308472,30.501985549926758,27.024538040161133,23.760934829711914
scene14_traj1_1__000157,0.06863553822040558,0.10632709413766861,0.8740813136100769,0.7270128726959229,1.243971824645996,40.300743103027344,36.691410064697266,0.06863553822040558,0.10632709413766861,43.23061752319336,40.300743103027344,36.691410064697266,0.06863553822040558,0.10632708668708801,0.6184460520744324,0.5247598886489868,0.8986480832099915,26.000076293945312,22.165328979492188,0.06863553822040558,0.10632708668708801,29.944425582885742,26.000076293945312,22.165328979492188
scene14_traj1_1__000158,0.06848759204149246,0.1066468358039856,0.8720679879188538,0.7075680494308472,1.228560447692871,39.59134292602539,35.92593765258789,0.06848759204149246,0.1066468358039856,42.64032745361328,39.59134292602539,35.92593765258789,0.06848756968975067,0.106646828353405,0.6258482933044434,0.527999997138977,0.9071930050849915,26.59930992126465,23.086803436279297,0.06848756968975067,0.106646828353405,30.273853302001953,26.59930992126465,23.086803436279297
scene14_traj1_1__000159,0.07279719412326813,0.1126214936375618,0.8734113574028015,0.6982971429824829,1.2227455377578735,39.51204299926758,35.7525520324707,0.07279719412326813,0.1126214936375618,42.438533782958984,39.51204299926758,35.7525520324707,0.07279719412326813,0.1126214936375618,0.6400906443595886,0.5399544835090637,0.9283040761947632,27.870986938476562,25.061279296875,0.07279719412326813,0.1126214936375618,31.01397705078125,27.870986938476562,25.061279296875
scene14_traj1_1__000160,0.07386897504329681,0.11395587027072906,0.871603786945343,0.6973114609718323,1.221792459487915,39.28293228149414,35.25761032104492,0.07386897504329681,0.11395587027072906,42.45579528808594,39.28293228149414,35.25761032104492,0.07386897504329681,0.11395586282014847,0.6329802870750427,0.5292839407920837,0.9148312211036682,27.275352478027344,24.524660110473633,0.07386897504329681,0.11395586282014847,30.533416748046875,27.275352478027344,24.524660110473633
scene14_traj1_1__000161,0.07487613707780838,0.11445242911577225,0.8579591512680054,0.7296940088272095,1.236588478088379,40.54158020019531,37.415626525878906,0.07487613707780838,0.11445242911577225,42.960670471191406,40.54158020019531,37.415626525878906,0.07487613707780838,0.11445242166519165,0.6299343705177307,0.5262203216552734,0.9108970761299133,27.238319396972656,24.718290328979492,0.07487613707780838,0.11445242166519165,30.41080093383789,27.238319396972656,24.718290328979492
scene14_traj1_1__000162,0.07757601141929626,0.11850263923406601,0.858769953250885,0.7240918874740601,1.233412265777588,40.34465789794922,37.06223678588867,0.07757601141929626,0.11850263923406601,42.81034469604492,40.34465789794922,37.06223678588867,0.07757600396871567,0.11850263178348541,0.6411389708518982,0.5408807396888733,0.9292743802070618,28.14151954650879,25.70343017578125,0.07757600396871567,0.11850263178348541,31.12572479248047,28.14151954650879,25.70343017578125
scene14_traj1_1__000163,0.07954517006874084,0.1213127076625824,0.860426664352417,0.7298018336296082,1.2396003007888794,40.814842224121094,37.74684143066406,0.07954517006874084,0.1213127076625824,43.101802825927734,40.814842224121094,37.74684143066406,0.07954517006874084,0.1213127076625824,0.6529810428619385,0.541281521320343,0.9394854307174683,28.86409568786621,26.869565963745117,0.07954517006874084,0.1213127076625824,31.48139762878418,28.86409568786621,26.869565963745117
scene14_traj1_1__000164,0.07960537821054459,0.12076355516910553,0.8633025288581848,0.7147557139396667,1.231005072593689,40.255271911621094,37.0384407043457,0.07960537821054459,0.12076355516910553,42.772071838378906,40.255271911621094,37.0384407043457,0.07960537821054459,0.12076354771852493,0.6385268568992615,0.528791606426239,0.9200977087020874,27.919322967529297,25.830596923828125,0.07960537821054459,0.12076354771852493,30.758983612060547,27.919322967529297,25.830596923828125
scene14_traj1_1__000165,0.08212069422006607,0.12429312616586685,0.8568960428237915,0.7174655199050903,1.2292016744613647,40.23871612548828,36.89319610595703,0.08212069422006607,0.12429312616586685,42.72905731201172,40.23871612548828,36.89319610595703,0.08212068676948547,0.12429311126470566,0.6450797319412231,0.5383914709091187,0.9327517747879028,28.676254272460938,26.77050018310547,0.08212068676948547,0.12429311126470566,31.269453048706055,28.676254272460938,26.77050018310547
scene14_traj1_1__000166,0.08562013506889343,0.1294592022895813,0.8528981804847717,0.7401540279388428,1.2444347143173218,41.27084732055664,38.3534049987793,0.08562013506889343,0.1294592022895813,43.29435729980469,41.27084732055664,38.3534049987793,0.08562012761831284,0.1294591873884201,0.6606569886207581,0.5515345335006714,0.9537554383277893,29.870361328125,28.23446273803711,0.08562012761831284,0.1294591873884201,32.071773529052734,29.870361328125,28.23446273803711
scene14_traj1_1__000167,0.0843934565782547,0.12738759815692902,0.8591931462287903,0.7362441420555115,1.2470077276229858,41.452186584472656,38.76673889160156,0.0843934565782547,0.12738759815692902,43.377845764160156,41.452186584472656,38.76673889160156,0.0843934416770935,0.12738758325576782,0.6546172499656677,0.5391790866851807,0.9420051574707031,29.19970703125,27.475719451904297,0.0843934416770935,0.12738758325576782,31.576126098632812,29.19970703125,27.475719451904297
scene14_traj1_1__000168,0.08589576929807663,0.12999477982521057,0.8615157008171082,0.7257896661758423,1.2388602495193481,40.780426025390625,37.66827392578125,0.08589576929807663,0.12999477982521057,43.08869934082031,40.780426025390625,37.66827392578125,0.08589576184749603,0.12999476492404938,0.6448149085044861,0.531329870223999,0.9287475943565369,28.47372817993164,26.440034866333008,0.08589576184749603,0.12999476492404938,31.075666427612305,28.47372817993164,26.440034866333008
scene14_traj1_1__000169,0.08994714915752411,0.1352069228887558,0.8462883234024048,0.7344591021537781,1.2344346046447754,40.48875427246094,37.21059036254883,0.08994714915752411,0.1352069228887558,42.82334899902344,40.48875427246094,37.21059036254883,0.08994714170694351,0.1352069228887558,0.6551110744476318,0.5451312065124512,0.9464317560195923,29.422311782836914,27.667774200439453,0.08994714170694351,0.1352069228887558,31.76451301574707,29.422311782836914,27.667774200439453
scene14_traj1_1__000170,0.09020218998193741,0.13544180989265442,0.856173574924469,0.7361169457435608,1.244289755821228,41.2934684753418,38.648780822753906,0.09020218998193741,0.13544180989265442,43.28498840332031,41.2934684753418,38.648780822753906,0.09020218998193741,0.13544180989265442,0.65813809633255,0.5424038767814636,0.9474469423294067,29.483779907226562,27.80133056640625,0.09020218998193741,0.13544180989265442,31.762651443481445,29.483779907226562,27.80133056640625
scene14_traj1_1__000171,0.0942290797829628,0.14079631865024567,0.8396917581558228,0.744450032711029,1.2379099130630493,40.69453048706055,37.542335510253906,0.0942290797829628,0.14079631865024567,43.01327896118164,40.69453048706055,37.542335510253906,0.0942290872335434,0.14079628884792328,0.6473942399024963,0.5313008427619934,0.9318423867225647,28.61045265197754,26.61188316345215,0.0942290872335434,0.14079628884792328,31.169633865356445,28.61045265197754,26.61188316345215
scene14_traj1_1__000172,0.09519458562135696,0.14215783774852753,0.8412561416625977,0.7474597096443176,1.2423067092895508,40.889583587646484,37.77281188964844,0.09519458562135696,0.14215783774852753,43.16289520263672,40.889583587646484,37.77281188964844,0.09519458562135696,0.14215782284736633,0.6473973393440247,0.538944661617279,0.9362787008285522,28.88230323791504,26.918134689331055,0.09519458562135696,0.14215782284736633,31.380268096923828,28.88230323791504,26.918134689331055
scene14_traj1_1__000173,0.09922083467245102,0.14813078939914703,0.8463451862335205,0.7220185995101929,1.2245116233825684,39.84383010864258,36.599388122558594,0.09922083467245102,0.14813078939914703,42.501312255859375,39.84383010864258,36.599388122558594,0.09922083467245102,0.14813078939914703,0.669693112373352,0.5426467061042786,0.9564091563224792,30.06919288635254,28.703140258789062,0.09922083467245102,0.14813078939914703,32.08070755004883,30.06919288635254,28.703140258789062
scene14_traj1_1__000174,0.10218474268913269,0.15371470153331757,0.8284682035446167,0.7398900985717773,1.223646879196167,39.398624420166016,35.603492736816406,0.10218474268913269,0.15371470153331757,42.51065444946289,39.398624420166016,35.603492736816406,0.10218474268913269,0.15371468663215637,0.6442939043045044,0.5219212174415588,0.9229238033294678,28.02202606201172,25.866191864013672,0.10218474268913269,0.15371468663215637,30.82462501525879,28.02202606201172,25.866191864013672
scene14_traj1_1__000175,0.1029675304889679,0.15551525354385376,0.8357823491096497,0.7355634570121765,1.2279553413391113,39.67416763305664,36.302581787109375,0.1029675304889679,0.15551525354385376,42.513084411621094,39.67416763305664,36.302581787109375,0.1029675304889679,0.15551525354385376,0.6408679485321045,0.5175496339797974,0.9168317914009094,27.65420150756836,25.431394577026367,0.1029675304889679,0.15551525354385376,30.593975067138672,27.65420150756836,25.431394577026367
scene14_traj1_1__000176,0.10536596179008484,0.15852688252925873,0.8216357827186584,0.7309218645095825,1.2110986709594727,38.661346435546875,35.203369140625,0.10536596179008484,0.15852688252925873,41.8230094909668,38.661346435546875,35.203369140625,0.10536595433950424,0.15852688252925873,0.642687976360321,0.5225992202758789,0.9174174070358276,27.83016586303711,25.88984489440918,0.10536595433950424,0.15852688252925873,30.67731285095215,27.83016586303711,25.88984489440918
scene14_traj1_1__000177,0.10542195290327072,0.15807346999645233,0.8147088885307312,0.7338797450065613,1.2073918581008911,38.22428894042969,34.70136642456055,0.10542195290327072,0.15807346999645233,41.661136627197266,38.22428894042969,34.70136642456055,0.10542195290327072,0.15807345509529114,0.6350647211074829,0.5068507194519043,0.9016187787055969,26.913652420043945,24.753984451293945,0.10542195290327072,0.15807345509529114,30.019699096679688,26.913652420043945,24.753984451293945
scene14_traj1_1__000178,0.10365773737430573,0.15490660071372986,0.8096661567687988,0.7306447625160217,1.2020584344863892,37.76340103149414,33.899253845214844,0.10365773737430573,0.15490660071372986,41.501834869384766,37.76340103149414,33.899253845214844,0.10365773737430573,0.15490660071372986,0.6140729188919067,0.48723500967025757,0.8704755306243896,25.27727699279785,22.816261291503906,0.10365773737430573,0.15490660071372986,28.864736557006836,25.27727699279785,22.816261291503906
scene14_traj1_1__000179,0.10319226235151291,0.1539878249168396,0.800894558429718,0.7129088640213013,1.1814191341400146,36.482749938964844,32.13874053955078,0.10319226235151291,0.1539878249168396,40.727535247802734,36.482749938964844,32.13874053955078,0.10319225490093231,0.1539878100156784,0.6155394315719604,0.49590131640434265,0.8763642907142639,25.688671112060547,23.33734703063965,0.10319225490093231,0.1539878100156784,29.13840103149414,25.688671112060547,23.33734703063965
scene14_traj1_1__000180,0.10269789397716522,0.15306508541107178,0.8066056370735168,0.7301806211471558,1.1983238458633423,37.620506286621094,33.71624755859375,0.10269789397716522,0.15306508541107178,41.33887481689453,37.620506286621094,33.71624755859375,0.10269789397716522,0.15306507050991058,0.632088303565979,0.5025048851966858,0.8943961262702942,26.58839225769043,24.495405197143555,0.10269789397716522,0.15306507050991058,29.738685607910156,26.58839225769043,24.495405197143555
scene14_traj1_1__000181,0.09636083990335464,0.14411713182926178,0.8024550080299377,0.7381866574287415,1.2020792961120605,37.60103225708008,33.51447677612305,0.09636083990335464,0.14411713182926178,41.5626335144043,37.60103225708008,33.51447677612305,0.09636083990335464,0.14411713182926178,0.610388994216919,0.48133084177970886,0.862373948097229,24.832962036132812,22.27475929260254,0.09636083990335464,0.14411713182926178,28.50902557373047,24.832962036132812,22.27475929260254
scene14_traj1_1__000182,0.09544853866100311,0.14271774888038635,0.8009291291236877,0.7427616119384766,1.2038793563842773,37.75605773925781,33.860050201416016,0.09544853866100311,0.14271774888038635,41.545372009277344,37.75605773925781,33.860050201416016,0.09544853866100311,0.14271774888038635,0.6043766736984253,0.48039695620536804,0.8572370409965515,24.438556671142578,21.66297721862793,0.09544853866100311,0.14271774888038635,28.35272979736328,24.438556671142578,21.66297721862793
scene14_traj1_1__000183,0.09549611061811447,0.14241927862167358,0.8035606741905212,0.7339404821395874,1.1970596313476562,37.46124267578125,33.56440734863281,0.09549611061811447,0.14241927862167358,41.260013580322266,37.46124267578125,33.56440734863281,0.09549610316753387,0.14241927862167358,0.6237246990203857,0.4966289699077606,0.8809258937835693,25.771915435791016,23.28689956665039,0.09549610316753387,0.14241927862167358,29.24922752380371,25.771915435791016,23.28689956665039
scene14_traj1_1__000184,0.09305641055107117,0.1394030749797821,0.8016016483306885,0.7054693698883057,1.1698076725006104,35.78975296020508,31.469209671020508,0.09305641055107117,0.1394030749797821,40.33325958251953,35.78975296020508,31.469209671020508,0.09305639564990997,0.1394030749797821,0.613142728805542,0.48709505796432495,0.8654441833496094,24.8637638092041,22.11199378967285,0.09305639564990997,0.1394030749797821,28.637121200561523,24.8637638092041,22.11199378967285
scene14_traj1_1__000185,0.0896962434053421,0.1346733570098877,0.802254319190979,0.7079861164093018,1.1744388341903687,36.099151611328125,32.22199249267578,0.0896962434053421,0.1346733570098877,40.446250915527344,36.099151611328125,32.22199249267578,0.0896962434053421,0.1346733570098877,0.6004384756088257,0.4777362644672394,0.8494662046432495,23.909393310546875,20.708677291870117,0.0896962434053421,0.1346733570098877,28.0636043548584,23.909393310546875,20.708677291870117
scene14_traj1_1__000186,0.08830474317073822,0.13276346027851105,0.8048676252365112,0.7087360620498657,1.177147626876831,36.597286224365234,32.923770904541016,0.08830474317073822,0.13276346027851105,40.630638122558594,36.597286224365234,32.923770904541016,0.08830473572015762,0.13276344537734985,0.6074491739273071,0.49339759349823,0.8649181127548218,24.50253677368164,21.114622116088867,0.08830473572015762,0.13276344537734985,28.667129516601562,24.50253677368164,21.114622116088867
scene14_traj1_1__000187,0.08916120231151581,0.1335929036140442,0.809413492679596,0.7162079811096191,1.185594081878662,37.01436996459961,33.40530014038086,0.08916120231151581,0.1335929036140442,40.90555191040039,37.01436996459961,33.40530014038086,0.08916120231151581,0.1335929036140442,0.6219638586044312,0.502240002155304,0.8823381066322327,25.57474136352539,22.578128814697266,0.08916120231151581,0.1335929036140442,29.248056411743164,25.57474136352539,22.578128814697266
scene14_traj1_1__000188,0.08474960923194885,0.12762607634067535,0.8131844997406006,0.7128036022186279,1.187724232673645,36.9937858581543,33.294620513916016,0.08474960923194885,0.12762607634067535,40.994171142578125,36.9937858581543,33.294620513916016,0.08474960923194885,0.12762607634067535,0.608955442905426,0.48928719758987427,0.8640033602714539,24.42555046081543,20.894948959350586,0.08474960923194885,0.12762607634067535,28.59444808959961,24.42555046081543,20.894948959350586
scene14_traj1_1__000189,0.08413984626531601,0.12641127407550812,0.8151852488517761,0.7051356434822083,1.1817173957824707,36.874412536621094,33.186012268066406,0.08413984626531601,0.12641127407550812,40.782527923583984,36.874412536621094,33.186012268066406,0.08413984626531601,0.12641127407550812,0.6001980304718018,0.48829448223114014,0.8563080430030823,23.880714416503906,20.04844856262207,0.08413984626531601,0.12641127407550812,28.332216262817383,23.880714416503906,20.04844856262207
scene14_traj1_1__000190,0.0846477672457695,0.1276479810476303,0.8157879710197449,0.7076035737991333,1.1861214637756348,37.073265075683594,33.32270812988281,0.0846477672457695,0.1276479810476303,40.93862533569336,37.073265075683594,33.32270812988281,0.0846477672457695,0.12764796614646912,0.6094708442687988,0.5077592730522156,0.8755165934562683,24.84893035888672,21.025196075439453,0.0846477672457695,0.12764796614646912,29.08972930908203,24.84893035888672,21.025196075439453
scene14_traj1_1__000191,0.08096924424171448,0.12245964258909225,0.8253433704376221,0.717035174369812,1.1998460292816162,37.680118560791016,33.84467315673828,0.08096924424171448,0.12245964258909225,41.391204833984375,37.680118560791016,33.84467315673828,0.08096924424171448,0.12245964258909225,0.6072902679443359,0.500083327293396,0.8694140315055847,24.520435333251953,20.6317081451416,0.08096924424171448,0.12245964258909225,28.814661026000977,24.520435333251953,20.6317081451416
scene14_traj1_1__000192,0.08008250594139099,0.12109605222940445,0.8239519596099854,0.7074907422065735,1.1910189390182495,37.179298400878906,33.345462799072266,0.08008250594139099,0.12109605222940445,41.09605407714844,37.179298400878906,33.345462799072266,0.08008250594139099,0.12109604477882385,0.6014160513877869,0.49303585290908813,0.8606134653091431,23.920358657836914,19.852235794067383,0.08008250594139099,0.12109604477882385,28.483009338378906,23.920358657836914,19.852235794067383
scene14_traj1_1__000193,0.07938782870769501,0.1204729676246643,0.8312923908233643,0.7273770570755005,1.2130993604660034,38.44336700439453,34.91987228393555,0.07938782870769501,0.1204729676246643,41.96012878417969,38.44336700439453,34.91987228393555,0.07938782870769501,0.1204729676246643,0.6014283895492554,0.4935345947742462,0.8605753183364868,24.021772384643555,19.902767181396484,0.07938782870769501,0.1204729676246643,28.50647735595703,24.021772384643555,19.902767181396484
scene14_traj1_1__000194,0.07918504625558853,0.12117443978786469,0.8333420157432556,0.7009874582290649,1.1916574239730835,36.90773391723633,32.594390869140625,0.07918504625558853,0.12117443978786469,41.173614501953125,36.90773391723633,32.594390869140625,0.07918504625558853,0.12117443233728409,0.6125260591506958,0.5107361078262329,0.8811802268028259,24.935142517089844,20.863239288330078,0.07918504625558853,0.12117443233728409,29.23579978942871,24.935142517089844,20.863239288330078
scene14_traj1_1__000195,0.07490747421979904,0.11516102403402328,0.8425230979919434,0.7186666131019592,1.2135286331176758,37.70846939086914,33.230777740478516,0.07490747421979904,0.11516102403402328,41.96490478515625,37.70846939086914,33.230777740478516,0.07490747421979904,0.11516101658344269,0.605454683303833,0.5059488415718079,0.8730824589729309,24.351579666137695,20.079635620117188,0.07490747421979904,0.11516101658344269,28.914329528808594,24.351579666137695,20.079635620117188
scene14_traj1_1__000196,0.07209820300340652,0.11267130076885223,0.8627932667732239,0.7252641320228577,1.2316229343414307,37.81364059448242,32.7140007019043,0.07209820300340652,0.11267130076885223,42.62970733642578,37.81364059448242,32.7140007019043,0.07209819555282593,0.11267130076885223,0.5952802896499634,0.49739277362823486,0.8600655794143677,23.602754592895508,19.202333450317383,0.07209819555282593,0.11267130076885223,28.44157600402832,23.602754592895508,19.202333450317383
scene14_traj1_1__000197,0.07146801799535751,0.11158429831266403,0.861018717288971,0.7302823066711426,1.2342947721481323,37.836456298828125,32.66469955444336,0.07146801799535751,0.11158429831266403,42.78623580932617,37.836456298828125,32.66469955444336,0.07146801054477692,0.11158429086208344,0.5973876714706421,0.4985085427761078,0.8620215654373169,23.63800048828125,19.127361297607422,0.07146801054477692,0.11158429086208344,28.543760299682617,23.63800048828125,19.127361297607422
scene14_traj1_1__000198,0.07087554782629013,0.11111819744110107,0.8685914874076843,0.7380121946334839,1.2475601434707642,38.50754165649414,33.40623474121094,0.07087554782629013,0.11111819744110107,43.36270523071289,38.50754165649414,33.40623474121094,0.07087554782629013,0.11111818253993988,0.6009738445281982,0.5012660026550293,0.8668631911277771,23.989572525024414,19.757122039794922,0.07087554782629013,0.11111818253993988,28.72666358947754,23.989572525024414,19.757122039794922
scene14_traj1_1__000199,0.07153096795082092,0.11236415058374405,0.8669916391372681,0.7333905696868896,1.240699291229248,38.035179138183594,32.523719787597656,0.07153096795082092,0.11236415058374405,43.094051361083984,38.035179138183594,32.523719787597656,0.07153096795082092,0.11236415058374405,0.6072814464569092,0.5127795934677124,0.8805356025695801,24.85038948059082,20.990175247192383,0.07153096795082092,0.11236415058374405,29.209293365478516,24.85038948059082,20.990175247192383
scene14_traj1_1__000200,0.07118520140647888,0.1124807670712471,0.873941957950592,0.7215827703475952,1.235203504562378,37.018714904785156,30.83699607849121,0.07118520140647888,0.1124807670712471,42.94499969482422,37.018714904785156,30.83699607849121,0.07118519395589828,0.1124807670712471,0.5977851748466492,0.5072852969169617,0.8681309223175049,24.047321319580078,19.96854019165039,0.07118519395589828,0.1124807670712471,28.787824630737305,24.047321319580078,19.96854019165039
scene14_traj1_1__000201,0.071589395403862,0.11343491077423096,0.8811234831809998,0.7114763259887695,1.2335501909255981,36.801692962646484,30.740962982177734,0.071589395403862,0.11343491077423096,42.91780090332031,36.801692962646484,30.740962982177734,0.0715893879532814,0.11343490332365036,0.5956547260284424,0.5064529180526733,0.8659972548484802,23.871984481811523,19.81406021118164,0.0715893879532814,0.11343490332365036,28.7435359954834,23.871984481811523,19.81406021118164
scene14_traj1_1__000202,0.07238839566707611,0.1147242859005928,0.8839746713638306,0.7064722776412964,1.2318867444992065,36.878204345703125,30.709196090698242,0.07238839566707611,0.1147242859005928,42.858089447021484,36.878204345703125,30.709196090698242,0.07238838821649551,0.11472427845001221,0.5943058729171753,0.5067423582077026,0.8647281527519226,23.96002769470215,20.11102867126465,0.07238838821649551,0.11472427845001221,28.697044372558594,23.96002769470215,20.11102867126465
scene14_traj1_1__000203,0.0753786489367485,0.12006981670856476,0.8859166502952576,0.7131956815719604,1.239063024520874,37.55940246582031,31.841039657592773,0.0753786489367485,0.12006981670856476,43.0796012878418,37.55940246582031,31.841039657592773,0.0753786563873291,0.12006981670856476,0.6043282151222229,0.5227746963500977,0.884994387626648,25.24022674560547,21.96697998046875,0.0753786563873291,0.12006981670856476,29.460308074951172,25.24022674560547,21.96697998046875
scene14_traj1_1__000204,0.07598602771759033,0.12123944610357285,0.886053204536438,0.7214716672897339,1.2447761297225952,37.2884407043457,31.0760498046875,0.07598602771759033,0.12123944610357285,43.3925666809082,37.2884407043457,31.0760498046875,0.07598602771759033,0.12123944610357285,0.5980386734008789,0.5131431221961975,0.8733760714530945,24.62563133239746,21.40073013305664,0.07598602771759033,0.12123944610357285,28.98870086669922,24.62563133239746,21.40073013305664
scene14_traj1_1__000205,0.0775030255317688,0.12390846759080887,0.886698305606842,0.7113534212112427,1.2390351295471191,36.78335189819336,30.51333999633789,0.0775030255317688,0.12390846759080887,43.2137336730957,36.78335189819336,30.51333999633789,0.0775030180811882,0.12390846014022827,0.5940542817115784,0.512894868850708,0.8699846863746643,24.384645462036133,21.244075775146484,0.0775030180811882,0.12390846014022827,28.875730514526367,24.384645462036133,21.244075775146484
scene14_traj1_1__000206,0.07908276468515396,0.12676915526390076,0.8919882774353027,0.7072334289550781,1.2393674850463867,37.13836669921875,31.073823928833008,0.07908276468515396,0.12676915526390076,43.32767868041992,37.13836669921875,31.073823928833008,0.07908275723457336,0.12676914036273956,0.5964276194572449,0.51754230260849,0.8738916516304016,24.726831436157227,21.717161178588867,0.07908275723457336,0.12676914036273956,29.089275360107422,24.726831436157227,21.717161178588867
scene14_traj1_1__000207,0.07991180568933487,0.12846317887306213,0.888993501663208,0.7084197402000427,1.2372124195098877,37.44001007080078,31.520986557006836,0.07991180568933487,0.12846317887306213,43.17326354980469,37.44001007080078,31.520986557006836,0.07991180568933487,0.12846316397190094,0.5988620519638062,0.5217330455780029,0.8796809315681458,25.025529861450195,22.029132843017578,0.07991180568933487,0.12846316397190094,29.321590423583984,25.025529861450195,22.029132843017578
scene14_traj1_1__000208,0.08080264180898666,0.12867777049541473,0.8790763020515442,0.7215588092803955,1.2405011653900146,37.571388244628906,31.850845336914062,0.08080264180898666,0.12867777049541473,43.23160171508789,37.571388244628906,31.850845336914062,0.08080263435840607,0.12867775559425354,0.6021614074707031,0.5223559141159058,0.8838608860969543,25.262155532836914,22.394329071044922,0.08080263435840607,0.12867775559425354,29.41277503967285,25.262155532836914,22.394329071044922
scene14_traj1_1__000209,0.08105830103158951,0.1296435445547104,0.883087694644928,0.7284772396087646,1.2497047185897827,37.76539993286133,31.581857681274414,0.08105830103158951,0.1296435445547104,43.615596771240234,37.76539993286133,31.581857681274414,0.08105829358100891,0.1296435445547104,0.5948781371116638,0.5102781653404236,0.8695957064628601,24.35326385498047,21.307064056396484,0.08105829358100891,0.1296435445547104,28.864336013793945,24.35326385498047,21.307064056396484
scene14_traj1_1__000210,0.08285290002822876,0.13229171931743622,0.8787220120429993,0.7112022638320923,1.2335561513900757,36.66388702392578,30.418167114257812,0.08285290002822876,0.13229171931743622,43.06840515136719,36.66388702392578,30.418167114257812,0.08285287767648697,0.13229171931743622,0.5937751531600952,0.50722336769104,0.8654544949531555,24.165632247924805,21.216045379638672,0.08285287767648697,0.13229171931743622,28.72715950012207,24.165632247924805,21.216045379638672
scene14_traj1_1__000211,0.08512988686561584,0.1354558914899826,0.8763901591300964,0.6884403824806213,1.2119756937026978,35.88066482543945,29.799724578857422,0.08512988686561584,0.1354558914899826,42.267799377441406,35.88066482543945,29.799724578857422,0.08512987196445465,0.1354558765888214,0.5872353315353394,0.5075737237930298,0.8588188886642456,24.11606788635254,21.41571807861328,0.08512987196445465,0.1354558765888214,28.540203094482422,24.11606788635254,21.41571807861328
scene14_traj1_1__000212,0.0862993448972702,0.13722898066043854,0.8736024498939514,0.6983347535133362,1.2176809310913086,36.4425048828125,30.41840934753418,0.0862993448972702,0.13722898066043854,42.409156799316406,36.4425048828125,30.41840934753418,0.0862993448972702,0.13722896575927734,0.5975463390350342,0.5171682238578796,0.8744896650314331,24.942811965942383,22.3467960357666,0.0862993448972702,0.13722896575927734,29.13054084777832,24.942811965942383,22.3467960357666
scene14_traj1_1__000213,0.08911310881376266,0.1420048326253891,0.8705054521560669,0.7301000952720642,1.2425415515899658,37.852630615234375,32.5042839050293,0.08911310881376266,0.1420048326253891,43.2408561706543,37.852630615234375,32.5042839050293,0.08911310881376266,0.1420048177242279,0.5986962914466858,0.510834276676178,0.8719384670257568,24.716690063476562,22.119413375854492,0.08911310881376266,0.1420048177242279,28.970760345458984,24.716690063476562,22.119413375854492
scene14_traj1_1__000214,0.08843271434307098,0.14067266881465912,0.8676992654800415,0.6932858824729919,1.2101277112960815,35.70125961303711,29.598419189453125,0.08843271434307098,0.14067266881465912,42.13587188720703,35.70125961303711,29.598419189453125,0.08843270689249039,0.14067266881465912,0.5898898243904114,0.5039923191070557,0.8597665429115295,24.038467407226562,21.291847229003906,0.08843270689249039,0.14067266881465912,28.534624099731445,24.038467407226562,21.291847229003906
scene14_traj1_1__000215,0.0913381353020668,0.1458161473274231,0.8745865821838379,0.698300302028656,1.2205735445022583,36.23537063598633,30.11961555480957,0.0913381353020668,0.1458161473274231,42.51993942260742,36.23537063598633,30.11961555480957,0.0913381353020668,0.1458161324262619,0.5913076400756836,0.5017914175987244,0.8591676354408264,23.95441436767578,21.120040893554688,0.0913381353020668,0.1458161324262619,28.52236557006836,23.95441436767578,21.120040893554688
scene14_traj1_1__000216,0.09345029294490814,0.14940492808818817,0.8758986592292786,0.6848278641700745,1.2095504999160767,35.442047119140625,29.18663215637207,0.09345029294490814,0.14940492808818817,42.15331268310547,35.442047119140625,29.18663215637207,0.09345028549432755,0.14940492808818817,0.5927603840827942,0.508855938911438,0.864802896976471,24.34298324584961,21.651363372802734,0.09345028549432755,0.14940492808818817,28.780048370361328,24.34298324584961,21.651363372802734
scene14_traj1_1__000217,0.09470424056053162,0.15136834979057312,0.8735386729240417,0.6804673075675964,1.2034425735473633,35.58728790283203,29.300485610961914,0.09470424056053162,0.15136834979057312,41.904117584228516,35.58728790283203,29.300485610961914,0.09470423310995102,0.15136834979057312,0.5989977717399597,0.5207719206809998,0.8774527907371521,25.046417236328125,22.507417678833008,0.09470423310995102,0.15136834979057312,29.313013076782227,25.046417236328125,22.507417678833008
scene14_traj1_1__000218,0.09637384116649628,0.15352001786231995,0.8714401721954346,0.7057238817214966,1.2231957912445068,36.67101287841797,30.79707145690918,0.09637384116649628,0.15352001786231995,42.638179779052734,36.67101287841797,30.79707145690918,0.09637384116649628,0.15352001786231995,0.6005606055259705,0.5127464532852173,0.8750215172767639,24.915699005126953,22.287458419799805,0.09637384116649628,0.15352001786231995,29.120594024658203,24.915699005126953,22.287458419799805
scene14_traj1_1__000219,0.09808208793401718,0.1564968228340149,0.8724579215049744,0.6813182830810547,1.2052655220031738,35.51788330078125,29.527055740356445,0.09808208793401718,0.1564968228340149,41.923194885253906,35.51788330078125,29.527055740356445,0.09808207303285599,0.1564968228340149,0.5949775576591492,0.5055165886878967,0.8657809495925903,24.310922622680664,21.49634552001953,0.09808207303285599,0.1564968228340149,28.797304153442383,24.310922622680664,21.49634552001953
scene14_traj1_1__000220,0.10055507719516754,0.16121430695056915,0.8737654089927673,0.7030190825462341,1.2231857776641846,36.424068450927734,30.78801918029785,0.10055507719516754,0.16121430695056915,42.58940887451172,36.424068450927734,30.78801918029785,0.10055506974458694,0.16121429204940796,0.5902236104011536,0.5030180811882019,0.8619388937950134,24.040124893188477,21.113956451416016,0.10055506974458694,0.16121429204940796,28.6375675201416,24.040124893188477,21.113956451416016
scene14_traj1_1__000221,0.1042555570602417,0.16709384322166443,0.8761038184165955,0.6770802736282349,1.2048414945602417,35.51557922363281,29.53352165222168,0.1042555570602417,0.16709384322166443,41.9561653137207,35.51557922363281,29.53352165222168,0.10425553470849991,0.16709384322166443,0.59855055809021,0.5126157999038696,0.8726073503494263,24.851539611816406,22.18178367614746,0.10425553470849991,0.16709384322166443,29.1106014251709,24.851539611816406,22.18178367614746
scene14_traj1_1__000222,0.10546418279409409,0.16844002902507782,0.8728955388069153,0.6985360980033875,1.2194507122039795,36.734375,31.19443130493164,0.10546418279409409,0.16844002902507782,42.46331787109375,36.734375,31.19443130493164,0.1054641604423523,0.16844001412391663,0.6073834300041199,0.5208207368850708,0.8863164782524109,25.64742088317871,23.18448257446289,0.1054641604423523,0.16844001412391663,29.598054885864258,25.64742088317871,23.18448257446289
scene14_traj1_1__000223,0.10692356526851654,0.17061415314674377,0.8742258548736572,0.7114009261131287,1.2316665649414062,37.26247024536133,32.1697998046875,0.10692356526851654,0.17061415314674377,42.85449981689453,37.26247024536133,32.1697998046875,0.10692355781793594,0.17061415314674377,0.5988425612449646,0.5056433081626892,0.8707596659660339,24.482418060302734,21.579988479614258,0.10692355781793594,0.17061415314674377,28.942161560058594,24.482418060302734,21.579988479614258
scene14_traj1_1__000224,0.10810592770576477,0.17293065786361694,0.8675026893615723,0.7195821404457092,1.2360345125198364,37.49763107299805,32.74567794799805,0.10810592770576477,0.17293065786361694,42.972442626953125,37.49763107299805,32.74567794799805,0.10810592770576477,0.17293064296245575,0.5913704633712769,0.4946606755256653,0.85784912109375,23.7691650390625,20.721023559570312,0.10810592770576477,0.17293064296245575,28.451013565063477,23.7691650390625,20.721023559570312
scene14_traj1_1__000225,0.11287035793066025,0.17893801629543304,0.8576163649559021,0.6801327466964722,1.1932896375656128,35.16472244262695,29.886058807373047,0.11287035793066025,0.17893801629543304,41.29219436645508,35.16472244262695,29.886058807373047,0.11287035793066025,0.17893800139427185,0.5892813205718994,0.4995107054710388,0.8573419451713562,23.923145294189453,21.02985191345215,0.11287035793066025,0.17893800139427185,28.527589797973633,23.923145294189453,21.02985191345215
scene14_traj1_1__000226,0.11609655618667603,0.18158617615699768,0.8489670753479004,0.6879109740257263,1.1935492753982544,35.51957702636719,30.31014060974121,0.11609655618667603,0.18158617615699768,41.275203704833984,35.51957702636719,30.31014060974121,0.11609655618667603,0.1815861612558365,0.5985055565834045,0.5153000950813293,0.873619794845581,25.124347686767578,22.60529899597168,0.11609655618667603,0.1815861612558365,29.185670852661133,25.124347686767578,22.60529899597168
scene14_traj1_1__000227,0.11598805338144302,0.18135663866996765,0.8488792777061462,0.7161199450492859,1.2185195684432983,36.94243240356445,32.311279296875,0.11598805338144302,0.18135663866996765,42.143341064453125,36.94243240356445,32.311279296875,0.11598805338144302,0.18135662376880646,0.5949368476867676,0.5006682276725769,0.863868236541748,24.388307571411133,21.575942993164062,0.11598805338144302,0.18135662376880646,28.721946716308594,24.388307571411133,21.575942993164062
scene14_traj1_1__000228,0.11711807548999786,0.1821846216917038,0.8504890203475952,0.7184604406356812,1.2211010456085205,37.192935943603516,32.81500244140625,0.11711807548999786,0.1821846216917038,42.23733901977539,37.192935943603516,32.81500244140625,0.11711806803941727,0.1821845918893814,0.5885806083679199,0.4868575930595398,0.8511462807655334,23.656574249267578,20.747819900512695,0.11711806803941727,0.1821845918893814,28.196613311767578,23.656574249267578,20.747819900512695
scene14_traj1_1__000229,0.11898072063922882,0.18422150611877441,0.8474404811859131,0.7004799246788025,1.2032958269119263,36.32279586791992,31.744693756103516,0.11898072063922882,0.18422150611877441,41.6979866027832,36.32279586791992,31.744693756103516,0.11898071318864822,0.18422147631645203,0.5869782567024231,0.48778966069221497,0.8481926321983337,23.5845947265625,20.67096519470215,0.11898071318864822,0.18422147631645203,28.157670974731445,23.5845947265625,20.67096519470215
scene14_traj1_1__000230,0.12127628922462463,0.1863146871328354,0.8393024206161499,0.7038285732269287,1.1992813348770142,36.08871841430664,31.617528915405273,0.12127628922462463,0.1863146871328354,41.329166412353516,36.08871841430664,31.617528915405273,0.12127626687288284,0.1863146722316742,0.5899653434753418,0.4964284896850586,0.8545579314231873,24.10755157470703,21.505046844482422,0.12127626687288284,0.1863146722316742,28.445945739746094,24.10755157470703,21.505046844482422
scene14_traj1_1__000231,0.12350649386644363,0.186665341258049,0.8157267570495605,0.7285230755805969,1.205734372138977,36.481040954589844,32.427242279052734,0.12350649386644363,0.186665341258049,41.422916412353516,36.481040954589844,32.427242279052734,0.12350648641586304,0.186665341258049,0.5942778587341309,0.4929342567920685,0.8560646772384644,24.31052589416504,21.894603729248047,0.12350648641586304,0.186665341258049,28.4464168548584,24.31052589416504,21.894603729248047
scene14_traj1_1__000232,0.12239278107881546,0.18530012667179108,0.8185176253318787,0.7247264981269836,1.2063220739364624,36.48263931274414,32.55759811401367,0.12239278107881546,0.18530012667179108,41.40306091308594,36.48263931274414,32.55759811401367,0.12239276617765427,0.18530012667179108,0.583384096622467,0.47342854738235474,0.8361904621124268,23.08477020263672,20.37828826904297,0.12239276617765427,0.18530012667179108,27.653474807739258,23.08477020263672,20.37828826904297
scene14_traj1_1__000233,0.12666183710098267,0.18834589421749115,0.8006239533424377,0.7075396180152893,1.1765260696411133,35.07583999633789,31.128162384033203,0.12666183710098267,0.18834589421749115,40.25252151489258,35.07583999633789,31.128162384033203,0.12666182219982147,0.18834587931632996,0.585330605506897,0.4681413769721985,0.8324679732322693,23.175317764282227,20.729454040527344,0.12666182219982147,0.18834587931632996,27.547571182250977,23.175317764282227,20.729454040527344
scene14_traj1_1__000234,0.12876051664352417,0.18939870595932007,0.7925281524658203,0.7124586701393127,1.17244291305542,34.97050476074219,31.279972076416016,0.12876051664352417,0.18939870595932007,40.06155014038086,34.97050476074219,31.279972076416016,0.12876051664352417,0.18939870595932007,0.5879582166671753,0.47508758306503296,0.835603654384613,23.649206161499023,21.546846389770508,0.12876051664352417,0.18939870595932007,27.774967193603516,23.649206161499023,21.546846389770508
scene14_traj1_1__000235,0.12824532389640808,0.1869153380393982,0.7750436067581177,0.7327435612678528,1.1744879484176636,35.03430938720703,31.616518020629883,0.12824532389640808,0.1869153380393982,40.06370544433594,35.03430938720703,31.616518020629883,0.1282453089952469,0.186915323138237,0.5831103324890137,0.4494641423225403,0.8144130706787109,22.677762985229492,20.689403533935547,0.1282453089952469,0.186915323138237,26.881946563720703,22.677762985229492,20.689403533935547
scene14_traj1_1__000236,0.12742088735103607,0.18587709963321686,0.7697058916091919,0.7345767617225647,1.1712331771850586,34.794803619384766,31.417354583740234,0.12742088735103607,0.18587709963321686,39.892555236816406,34.794803619384766,31.417354583740234,0.12742087244987488,0.18587708473205566,0.5783075094223022,0.4347030222415924,0.8007010817527771,21.9929256439209,20.00128936767578,0.12742087244987488,0.18587708473205566,26.348060607910156,21.9929256439209,20.00128936767578
scene14_traj1_1__000237,0.12744566798210144,0.18623463809490204,0.7715136408805847,0.7314806580543518,1.1707484722137451,34.591922760009766,31.11174774169922,0.12744566798210144,0.18623463809490204,39.87205123901367,34.591922760009766,31.11174774169922,0.12744565308094025,0.18623460829257965,0.5824595093727112,0.43821266293525696,0.8053411841392517,22.378599166870117,20.522438049316406,0.12744565308094025,0.18623460829257965,26.561613082885742,22.378599166870117,20.522438049316406
scene14_traj1_1__000238,0.13140583038330078,0.19150075316429138,0.7636290192604065,0.7372984290122986,1.1701340675354004,34.86241149902344,31.54132652282715,0.13140583038330078,0.19150075316429138,39.809871673583984,34.86241149902344,31.54132652282715,0.13140583038330078,0.1915007382631302,0.5983616709709167,0.45110705494880676,0.8251224756240845,23.460346221923828,21.75552749633789,0.13140583038330078,0.1915007382631302,27.321548461914062,23.460346221923828,21.75552749633789
scene14_traj1_1__000239,0.1323927640914917,0.19329595565795898,0.7605317831039429,0.7418212890625,1.1710973978042603,34.781715393066406,31.41925048828125,0.1323927640914917,0.19329595565795898,39.83328628540039,34.781715393066406,31.41925048828125,0.1323927491903305,0.1932959407567978,0.5863183736801147,0.44006291031837463,0.8095571994781494,22.460384368896484,20.55582618713379,0.1323927491903305,0.1932959407567978,26.7012882232666,22.460384368896484,20.55582618713379
scene14_traj1_1__000240,0.1311933994293213,0.1920539289712906,0.7628122568130493,0.7104211449623108,1.1457970142364502,33.03327560424805,29.385141372680664,0.1311933994293213,0.1920539289712906,38.86650848388672,33.03327560424805,29.385141372680664,0.1311933845281601,0.1920539289712906,0.5744350552558899,0.42963165044784546,0.7927005290985107,21.53229522705078,19.517793655395508,0.1311933845281601,0.1920539289712906,26.06525993347168,21.53229522705078,19.517793655395508
scene14_traj1_1__000241,0.13328911364078522,0.19522663950920105,0.7591329216957092,0.7174989581108093,1.148131251335144,33.33658218383789,29.660354614257812,0.13328911364078522,0.19522663950920105,38.97130584716797,33.33658218383789,29.660354614257812,0.13328911364078522,0.19522662460803986,0.57757967710495,0.43013373017311096,0.794318437576294,21.772417068481445,19.82978630065918,0.13328911364078522,0.19522662460803986,26.17829132080078,21.772417068481445,19.82978630065918
scene14_traj1_1__000242,0.13473986089229584,0.19637376070022583,0.7574144005775452,0.7325745820999146,1.160598635673523,34.08603286743164,30.496145248413086,0.13473986089229584,0.19637376070022583,39.3851203918457,34.08603286743164,30.496145248413086,0.13473986089229584,0.19637374579906464,0.5935907959938049,0.4425691068172455,0.815420389175415,22.89195442199707,21.065235137939453,0.13473986089229584,0.19637374579906464,26.974788665771484,22.89195442199707,21.065235137939453
scene14_traj1_1__000243,0.13809162378311157,0.2000560760498047,0.7465776205062866,0.7517372369766235,1.170386552810669,34.80110549926758,31.609760284423828,0.13809162378311157,0.2000560760498047,39.6590690612793,34.80110549926758,31.609760284423828,0.13809159398078918,0.2000560611486435,0.5804866552352905,0.4285847544670105,0.7973127961158752,21.882551193237305,19.85739517211914,0.13809159398078918,0.2000560611486435,26.226673126220703,21.882551193237305,19.85739517211914
scene14_traj1_1__000244,0.1408802717924118,0.20272061228752136,0.7372660040855408,0.7378193140029907,1.151171088218689,33.86433410644531,30.627567291259766,0.1408802717924118,0.20272061228752136,38.951560974121094,33.86433410644531,30.627567291259766,0.1408802717924118,0.20272059738636017,0.5749865770339966,0.4181400239467621,0.7860807776451111,21.311832427978516,19.25285530090332,0.1408802717924118,0.20272059738636017,25.809600830078125,21.311832427978516,19.25285530090332
scene14_traj1_1__000245,0.1418195366859436,0.20355254411697388,0.7364557385444641,0.7268845438957214,1.1403026580810547,33.33640670776367,29.99227523803711,0.1418195366859436,0.20355254411697388,38.54779052734375,33.33640670776367,29.99227523803711,0.1418195217847824,0.2035525143146515,0.579780638217926,0.4244004786014557,0.7928156852722168,21.823963165283203,19.90489959716797,0.1418195217847824,0.2035525143146515,26.130535125732422,21.823963165283203,19.90489959716797
scene14_traj1_1__000246,0.14135690033435822,0.20419564843177795,0.7413989901542664,0.726466953754425,1.1443707942962646,33.49726486206055,30.205913543701172,0.14135690033435822,0.20419564843177795,38.66781234741211,33.49726486206055,30.205913543701172,0.14135688543319702,0.20419563353061676,0.5843169093132019,0.4389268755912781,0.8046048283576965,22.37154769897461,20.46100425720215,0.14135688543319702,0.20419563353061676,26.64040184020996,22.37154769897461,20.46100425720215
scene14_traj1_1__000247,0.1404547244310379,0.20295275747776031,0.745191216468811,0.7602189183235168,1.1779096126556396,35.45090866088867,32.467281341552734,0.1404547244310379,0.20295275747776031,39.95866012573242,35.45090866088867,32.467281341552734,0.1404547244310379,0.20295275747776031,0.5816673040390015,0.43377554416656494,0.8005633354187012,22.083772659301758,20.038223266601562,0.1404547244310379,0.20295275747776031,26.391630172729492,22.083772659301758,20.038223266601562
scene14_traj1_1__000248,0.1282433271408081,0.19041165709495544,0.7764047980308533,0.7292614579200745,1.1724610328674316,33.847320556640625,29.978443145751953,0.1282433271408081,0.19041165709495544,39.94670486450195,33.847320556640625,29.978443145751953,0.12824329733848572,0.19041164219379425,0.5506618022918701,0.4348970353603363,0.7761049866676331,20.24820327758789,17.70936393737793,0.12824329733848572,0.19041164219379425,25.50760269165039,20.24820327758789,17.70936393737793
scene14_traj1_1__000249,0.11470638960599899,0.1749507337808609,0.8161203861236572,0.7053964734077454,1.1873257160186768,33.56679153442383,29.2164306640625,0.11470638960599899,0.1749507337808609,40.901248931884766,33.56679153442383,29.2164306640625,0.1147063747048378,0.1749507337808609,0.5276181697845459,0.4458773732185364,0.7626271843910217,18.761253356933594,15.640917778015137,0.1147063747048378,0.1749507337808609,25.005247116088867,18.761253356933594,15.640917778015137
scene14_traj1_1__000250,0.11203330755233765,0.17293748259544373,0.8349456191062927,0.6985440254211426,1.197084903717041,33.83169174194336,29.05718994140625,0.11203330755233765,0.17293748259544373,41.39109420776367,33.83169174194336,29.05718994140625,0.11203330010175705,0.17293745279312134,0.5312982797622681,0.4543722867965698,0.7713584899902344,19.131420135498047,15.871575355529785,0.11203330010175705,0.17293745279312134,25.346046447753906,19.131420135498047,15.871575355529785
scene14_traj1_1__000251,0.10778660327196121,0.16609397530555725,0.8395616412162781,0.7113503813743591,1.2106906175613403,34.351131439208984,29.5501651763916,0.10778660327196121,0.16609397530555725,41.89227294921875,34.351131439208984,29.5501651763916,0.10778659582138062,0.16609396040439606,0.5341765880584717,0.4623689353466034,0.7814644575119019,19.258100509643555,15.655625343322754,0.10778659582138062,0.16609396040439606,25.6629638671875,19.258100509643555,15.655625343322754
scene14_traj1_1__000252,0.1069413274526596,0.1648339182138443,0.8446068167686462,0.7120148539543152,1.2158387899398804,34.28042984008789,29.534162521362305,0.1069413274526596,0.1648339182138443,42.141666412353516,34.28042984008789,29.534162521362305,0.10694131255149841,0.1648339033126831,0.5243989825248718,0.45682838559150696,0.768767774105072,18.44676971435547,14.782081604003906,0.10694131255149841,0.1648339033126831,25.176450729370117,18.44676971435547,14.782081604003906
scene14_traj1_1__000253,0.10937785357236862,0.16922754049301147,0.8399618268013,0.6979535222053528,1.1994304656982422,33.24491500854492,28.37581443786621,0.10937785357236862,0.16922754049301147,41.57185745239258,33.24491500854492,28.37581443786621,0.10937783867120743,0.16922752559185028,0.5175751447677612,0.45380595326423645,0.7593798041343689,17.967010498046875,14.292570114135742,0.10937783867120743,0.16922752559185028,24.87895965576172,17.967010498046875,14.292570114135742
scene14_traj1_1__000254,0.11264081299304962,0.17534279823303223,0.8421941995620728,0.6917320489883423,1.1979453563690186,33.43211364746094,28.6540584564209,0.11264081299304962,0.17534279823303223,41.491214752197266,33.43211364746094,28.6540584564209,0.11264080554246902,0.17534278333187103,0.5148240327835083,0.45915207266807556,0.7603367567062378,17.881898880004883,14.051576614379883,0.11264080554246902,0.17534278333187103,24.967247009277344,17.881898880004883,14.051576614379883
scene14_traj1_1__000255,0.11640715599060059,0.18149890005588531,0.8461560010910034,0.6969479918479919,1.2054518461227417,33.87969970703125,28.942331314086914,0.11640715599060059,0.18149890005588531,41.79111862182617,33.87969970703125,28.942331314086914,0.11640714108943939,0.18149888515472412,0.5206519365310669,0.4658076763153076,0.7706989049911499,18.416015625,14.458562850952148,0.11640714108943939,0.18149888515472412,25.35686492919922,18.416015625,14.458562850952148
scene14_traj1_1__000256,0.11484876275062561,0.17974843084812164,0.8602926731109619,0.7004674673080444,1.2232176065444946,34.54159927368164,29.89937400817871,0.11484876275062561,0.17974843084812164,42.51023483276367,34.54159927368164,29.89937400817871,0.11484874039888382,0.17974841594696045,0.5117751359939575,0.46511271595954895,0.7625195980072021,17.759016036987305,13.607589721679688,0.11484874039888382,0.17974841594696045,25.019027709960938,17.759016036987305,13.607589721679688
scene14_traj1_1__000257,0.11141646653413773,0.17569975554943085,0.8759456276893616,0.7087913155555725,1.2450153827667236,34.994590759277344,30.226076126098633,0.11141646653413773,0.17569975554943085,43.39590835571289,34.994590759277344,30.226076126098633,0.11141646653413773,0.17569974064826965,0.5082973837852478,0.47303882241249084,0.7636834979057312,17.339702606201172,12.912446975708008,0.11141646653413773,0.17569974064826965,25.07162857055664,17.339702606201172,12.912446975708008
scene14_traj1_1__000258,0.09961949288845062,0.16197341680526733,0.9241288900375366,0.6836996674537659,1.2659268379211426,35.10129165649414,29.43527603149414,0.09961949288845062,0.16197341680526733,44.60700225830078,35.10129165649414,29.43527603149414,0.09961949288845062,0.16197340190410614,0.5104821920394897,0.492926687002182,0.777777910232544,17.251237869262695,12.05701732635498,0.09961949288845062,0.16197340190410614,25.555986404418945,17.251237869262695,12.05701732635498
scene14_traj1_1__000259,0.09539943188428879,0.1584319770336151,0.9534087181091309,0.6561425924301147,1.268568992614746,35.27588653564453,28.805444717407227,0.09539943188428879,0.1584319770336151,44.99220657348633,35.27588653564453,28.805444717407227,0.09539942443370819,0.1584319770336151,0.5189986228942871,0.5182591676712036,0.8052535653114319,18.6460018157959,13.040328025817871,0.09539942443370819,0.1584319770336151,26.575605392456055,18.6460018157959,13.040328025817871
scene14_traj1_1__000260,0.09074719250202179,0.15202420949935913,0.967512309551239,0.6672360301017761,1.2904067039489746,35.36630630493164,28.361051559448242,0.09074719250202179,0.15202420949935913,45.99679946899414,35.36630630493164,28.361051559448242,0.09074718505144119,0.15202417969703674,0.5225471258163452,0.5277950763702393,0.8144713640213013,18.963626861572266,13.185416221618652,0.09074718505144119,0.15202417969703674,26.8837833404541,18.963626861572266,13.185416221618652
scene14_traj1_1__000261,0.08862779289484024,0.1488586962223053,0.9786713123321533,0.6422857642173767,1.2769581079483032,34.315711975097656,26.971181869506836,0.08862779289484024,0.1488586962223053,45.54484558105469,34.315711975097656,26.971181869506836,0.08862777799367905,0.1488586813211441,0.5273529887199402,0.5247243046760559,0.8144357204437256,18.711790084838867,13.020402908325195,0.08862777799367905,0.1488586813211441,26.8415584564209,18.711790084838867,13.020402908325195
scene14_traj1_1__000262,0.08921299874782562,0.15030474960803986,0.9808540344238281,0.6454834938049316,1.2823642492294312,34.59759521484375,27.17024803161621,0.08921299874782562,0.15030474960803986,45.766048431396484,34.59759521484375,27.17024803161621,0.08921298384666443,0.15030471980571747,0.5248414874076843,0.5275833606719971,0.8147464990615845,18.53428840637207,12.814473152160645,0.08921298384666443,0.15030471980571747,26.867847442626953,18.53428840637207,12.814473152160645
scene14_traj1_1__000263,0.09118761122226715,0.1508289873600006,0.9638658761978149,0.6822625994682312,1.2990161180496216,37.1478385925293,31.071542739868164,0.09118761122226715,0.1508289873600006,46.128273010253906,37.1478385925293,31.071542739868164,0.09118759632110596,0.15082897245883942,0.5233259797096252,0.5260220766067505,0.8136720061302185,18.804065704345703,12.984572410583496,0.09118759632110596,0.15082897245883942,26.887359619140625,18.804065704345703,12.984572410583496
scene14_traj2_1__000000,0.10096481442451477,0.15727658569812775,0.8775922060012817,0.6837380528450012,1.2302052974700928,33.30024337768555,29.01974105834961,0.10096481442451477,0.15727658569812775,42.99238967895508,33.30024337768555,29.01974105834961,0.10096480697393417,0.15727657079696655,0.5029699802398682,0.468194842338562,0.7503648996353149,15.694265365600586,11.496532440185547,0.10096480697393417,0.15727657079696655,24.448692321777344,15.694265365600586,11.496532440185547
scene14_traj2_1__000001,0.10165785998106003,0.15820461511611938,0.8766211867332458,0.6793965697288513,1.2265292406082153,33.19768524169922,28.959674835205078,0.10165785998106003,0.15820461511611938,42.88096618652344,33.19768524169922,28.959674835205078,0.10165785253047943,0.1582046002149582,0.5030746459960938,0.4713669717311859,0.7532261610031128,15.857316017150879,11.689188003540039,0.10165785253047943,0.1582046002149582,24.563411712646484,15.857316017150879,11.689188003540039
scene14_traj2_1__000002,0.1025734543800354,0.15955249965190887,0.879513144493103,0.6787348985671997,1.2262226343154907,33.377296447753906,28.93060302734375,0.1025734543800354,0.15955249965190887,42.896461486816406,33.377296447753906,28.93060302734375,0.10257343202829361,0.1595524698495865,0.49596258997917175,0.4736376702785492,0.7489022612571716,15.533875465393066,11.032074928283691,0.10257343202829361,0.1595524698495865,24.448400497436523,15.533875465393066,11.032074928283691
scene14_traj2_1__000003,0.10284515470266342,0.15966123342514038,0.8814711570739746,0.6984773278236389,1.2455705404281616,34.87925338745117,30.805965423583984,0.10284515470266342,0.15966123342514038,43.60264205932617,34.87925338745117,30.805965423583984,0.10284514725208282,0.1596612185239792,0.5037588477134705,0.4776586890220642,0.7603915333747864,16.413345336914062,12.082418441772461,0.10284514725208282,0.1596612185239792,24.849489212036133,16.413345336914062,12.082418441772461
scene14_traj2_1__000004,0.10163068026304245,0.15779335796833038,0.8824474811553955,0.690809965133667,1.2407835721969604,33.96268844604492,29.75502586364746,0.10163068026304245,0.15779335796833038,43.4119758605957,33.96268844604492,29.75502586364746,0.10163066536188126,0.1577933430671692,0.4997221529483795,0.4768955111503601,0.7550199627876282,15.930444717407227,11.624788284301758,0.10163066536188126,0.1577933430671692,24.667295455932617,15.930444717407227,11.624788284301758
scene14_traj2_1__000005,0.10191253572702408,0.1584606021642685,0.8805999159812927,0.6711411476135254,1.221944808959961,32.694122314453125,28.211650848388672,0.10191253572702408,0.1584606021642685,42.72615432739258,32.694122314453125,28.211650848388672,0.10191252082586288,0.1584605872631073,0.5008928775787354,0.474001407623291,0.7531354427337646,15.675233840942383,11.347990036010742,0.10191252082586288,0.1584605872631073,24.581642150878906,15.675233840942383,11.347990036010742
scene14_traj2_1__000006,0.10172031819820404,0.15812340378761292,0.882053792476654,0.6729024052619934,1.2258644104003906,33.16718673706055,28.91660499572754,0.10172031819820404,0.15812340378761292,42.87114334106445,33.16718673706055,28.91660499572754,0.10172030329704285,0.15812337398529053,0.5007026791572571,0.47440648078918457,0.7527056336402893,15.634902954101562,11.288921356201172,0.10172030329704285,0.15812337398529053,24.566930770874023,15.634902954101562,11.288921356201172
scene14_traj2_1__000007,0.10282734036445618,0.15978476405143738,0.8763886094093323,0.6781651377677917,1.224703311920166,33.277191162109375,28.782499313354492,0.10282734036445618,0.15978476405143738,42.817970275878906,33.277191162109375,28.782499313354492,0.10282733291387558,0.15978474915027618,0.49443331360816956,0.47809451818466187,0.7507842779159546,15.516214370727539,10.958457946777344,0.10282733291387558,0.15978474915027618,24.543668746948242,15.516214370727539,10.958457946777344
scene14_traj2_1__000008,0.10308434069156647,0.1599201261997223,0.876473605632782,0.6837109923362732,1.229742407798767,33.89757537841797,29.51893424987793,0.10308434069156647,0.1599201261997223,42.95988464355469,33.89757537841797,29.51893424987793,0.10308432579040527,0.1599201112985611,0.49618229269981384,0.4819401800632477,0.7563873529434204,15.987615585327148,11.434026718139648,0.10308432579040527,0.1599201112985611,24.75350570678711,15.987615585327148,11.434026718139648
scene14_traj2_1__000009,0.10263169556856155,0.15922388434410095,0.8805255889892578,0.6880348920822144,1.237365961074829,34.155914306640625,30.037750244140625,0.10263169556856155,0.15922388434410095,43.279823303222656,34.155914306640625,30.037750244140625,0.10263167321681976,0.15922386944293976,0.4983571171760559,0.47855621576309204,0.7556251883506775,16.017309188842773,11.637171745300293,0.10263167321681976,0.15922386944293976,24.703950881958008,16.017309188842773,11.637171745300293
scene14_traj2_1__000010,0.10173672437667847,0.15802808105945587,0.8823332786560059,0.6943717002868652,1.244680643081665,34.27219009399414,30.060863494873047,0.10173672437667847,0.15802808105945587,43.57594680786133,34.27219009399414,30.060863494873047,0.10173672437667847,0.15802806615829468,0.4989486038684845,0.4780958294868469,0.7546744346618652,15.851178169250488,11.48105525970459,0.10173672437667847,0.15802806615829468,24.677288055419922,15.851178169250488,11.48105525970459
scene14_traj2_1__000011,0.10195911675691605,0.1584610641002655,0.8779274225234985,0.6851584315299988,1.2332347631454468,33.52492904663086,29.1309757232666,0.10195911675691605,0.1584610641002655,43.20281982421875,33.52492904663086,29.1309757232666,0.10195910185575485,0.1584610491991043,0.4960627555847168,0.4771983325481415,0.7510054707527161,15.455065727233887,11.01899242401123,0.10195910185575485,0.1584610491991043,24.536331176757812,15.455065727233887,11.01899242401123
scene14_traj2_1__000012,0.10264070332050323,0.15937556326389313,0.8792706727981567,0.6854281425476074,1.2337285280227661,33.616661071777344,29.028596878051758,0.10264070332050323,0.15937556326389313,43.180843353271484,33.616661071777344,29.028596878051758,0.10264069586992264,0.15937553346157074,0.4936129152774811,0.4806217551231384,0.7514986991882324,15.596321105957031,11.00024127960205,0.10264069586992264,0.15937553346157074,24.583166122436523,15.596321105957031,11.00024127960205
scene14_traj2_1__000013,0.10309223085641861,0.15992243587970734,0.8782849907875061,0.6974747180938721,1.2427630424499512,34.671051025390625,30.290531158447266,0.10309223085641861,0.15992243587970734,43.4643440246582,34.671051025390625,30.290531158447266,0.10309221595525742,0.15992242097854614,0.4993571937084198,0.4844198226928711,0.761195182800293,16.313472747802734,11.814175605773926,0.10309221595525742,0.15992242097854614,24.942852020263672,16.313472747802734,11.814175605773926
scene14_traj2_1__000014,0.10224749147891998,0.15852147340774536,0.8853181600570679,0.6949270963668823,1.2475875616073608,34.7304573059082,30.49791717529297,0.10224749147891998,0.15852147340774536,43.703086853027344,34.7304573059082,30.49791717529297,0.10224747657775879,0.15852145850658417,0.49960091710090637,0.48400256037712097,0.7603883147239685,16.246196746826172,11.737089157104492,0.10224747657775879,0.15852145850658417,24.900476455688477,16.246196746826172,11.737089157104492
scene14_traj2_1__000015,0.1015632227063179,0.15765602886676788,0.8831048607826233,0.686314046382904,1.2390447854995728,33.99578094482422,29.7067928314209,0.1015632227063179,0.15765602886676788,43.382484436035156,33.99578094482422,29.7067928314209,0.10156320035457611,0.1576560139656067,0.4976806938648224,0.4813723564147949,0.7560778260231018,15.869847297668457,11.401611328125,0.10156320035457611,0.1576560139656067,24.730680465698242,15.869847297668457,11.401611328125
scene14_traj2_1__000016,0.10139802098274231,0.15771442651748657,0.8853936791419983,0.6771464347839355,1.2331421375274658,33.50791549682617,29.20297622680664,0.10139802098274231,0.15771442651748657,43.14468765258789,33.50791549682617,29.20297622680664,0.10139801353216171,0.15771441161632538,0.49777382612228394,0.48034730553627014,0.754208505153656,15.63338565826416,11.153691291809082,0.10139801353216171,0.15771441161632538,24.657825469970703,15.63338565826416,11.153691291809082
scene14_traj2_1__000017,0.10281344503164291,0.1599458009004593,0.8798877000808716,0.6858639121055603,1.2348802089691162,33.689205169677734,28.989748001098633,0.10281344503164291,0.1599458009004593,43.27872085571289,33.689205169677734,28.989748001098633,0.10281343013048172,0.1599457859992981,0.4918164014816284,0.48442375659942627,0.7531638741493225,15.527143478393555,10.807854652404785,0.10281343013048172,0.1599457859992981,24.661231994628906,15.527143478393555,10.807854652404785
scene14_traj2_1__000018,0.10340619087219238,0.16034504771232605,0.8810450434684753,0.6957502961158752,1.2439756393432617,34.74671173095703,30.374244689941406,0.10340619087219238,0.16034504771232605,43.56483840942383,34.74671173095703,30.374244689941406,0.10340618342161179,0.16034503281116486,0.4953152537345886,0.48797622323036194,0.7601180076599121,16.058225631713867,11.339930534362793,0.10340618342161179,0.16034503281116486,24.924671173095703,16.058225631713867,11.339930534362793
scene14_traj2_1__000019,0.10223565250635147,0.15876838564872742,0.8847042918205261,0.6856507062911987,1.2399070262908936,34.26069641113281,30.0522518157959,0.10223565250635147,0.15876838564872742,43.39873504638672,34.26069641113281,30.0522518157959,0.10223564505577087,0.15876838564872742,0.4996292293071747,0.48587843775749207,0.7617810964584351,16.16933250427246,11.621657371520996,0.10223564505577087,0.15876838564872742,24.948104858398438,16.16933250427246,11.621657371520996
scene14_traj2_1__000020,0.10169824212789536,0.15793688595294952,0.8841305375099182,0.6846535205841064,1.2389203310012817,33.886985778808594,29.657123565673828,0.10169824212789536,0.15793688595294952,43.39151382446289,33.886985778808594,29.657123565673828,0.10169822722673416,0.15793685615062714,0.4971633851528168,0.48479601740837097,0.7577444911003113,15.815860748291016,11.298684120178223,0.10169822722673416,0.15793685615062714,24.807209014892578,15.815860748291016,11.298684120178223
scene14_traj2_1__000021,0.10196438431739807,0.1586848944425583,0.8838887810707092,0.6776825785636902,1.2328839302062988,33.59912872314453,29.306400299072266,0.10196438431739807,0.1586848944425583,43.13478469848633,33.59912872314453,29.306400299072266,0.10196436941623688,0.1586848497390747,0.49872887134552,0.4861988127231598,0.7603176236152649,15.89269733428955,11.282602310180664,0.10196436941623688,0.1586848497390747,24.91123390197754,15.89269733428955,11.282602310180664
scene14_traj2_1__000022,0.1025979071855545,0.15954498946666718,0.8816968202590942,0.6807767152786255,1.2313508987426758,33.82436752319336,29.25990867614746,0.1025979071855545,0.15954498946666718,43.05778121948242,33.82436752319336,29.25990867614746,0.10259789973497391,0.15954497456550598,0.490252286195755,0.48513081669807434,0.7523258924484253,15.522309303283691,10.614474296569824,0.10259789973497391,0.15954497456550598,24.660478591918945,15.522309303283691,10.614474296569824
scene14_traj2_1__000023,0.10255540162324905,0.15893587470054626,0.8859705924987793,0.698301374912262,1.2495685815811157,35.07650375366211,30.725549697875977,0.10255540162324905,0.15893587470054626,43.746395111083984,35.07650375366211,30.725549697875977,0.10255539417266846,0.15893584489822388,0.5004867911338806,0.4918583035469055,0.7683776021003723,16.66667366027832,11.976932525634766,0.10255539417266846,0.15893584489822388,25.218263626098633,16.66667366027832,11.976932525634766
scene14_traj2_1__000024,0.10118643194437027,0.15693707764148712,0.8861498236656189,0.6961211562156677,1.2498598098754883,34.703102111816406,30.386877059936523,0.10118643194437027,0.15693707764148712,43.81000518798828,34.703102111816406,30.386877059936523,0.10118641704320908,0.15693706274032593,0.4976500868797302,0.4876752495765686,0.7610797882080078,16.164915084838867,11.489653587341309,0.10118641704320908,0.15693706274032593,24.93494987487793,16.164915084838867,11.489653587341309
scene14_traj2_1__000025,0.10114502161741257,0.15694689750671387,0.8868631720542908,0.6865653395652771,1.2435836791992188,34.18354797363281,29.990854263305664,0.10114502161741257,0.15694689750671387,43.54893112182617,34.18354797363281,29.990854263305664,0.10114500671625137,0.15694689750671387,0.4992738962173462,0.48836493492126465,0.7626044750213623,16.085330963134766,11.420727729797363,0.10114500671625137,0.15694689750671387,24.991321563720703,16.085330963134766,11.420727729797363
scene14_traj2_1__000026,0.10182226449251175,0.15833254158496857,0.8873756527900696,0.671690046787262,1.2297927141189575,33.38357925415039,28.826562881469727,0.10182226449251175,0.15833254158496857,43.03716278076172,33.38357925415039,28.826562881469727,0.10182224214076996,0.15833251178264618,0.49549001455307007,0.4864253103733063,0.7574853897094727,15.715998649597168,10.95810604095459,0.10182224214076996,0.15833251178264618,24.8230037689209,15.715998649597168,10.95810604095459
scene14_traj2_1__000027,0.1030769795179367,0.1599794179201126,0.8818473219871521,0.673414945602417,1.2242385149002075,33.569480895996094,28.88776969909668,0.1030769795179367,0.1599794179201126,42.76303482055664,33.569480895996094,28.88776969909668,0.10307694971561432,0.15997940301895142,0.4918777346611023,0.48997387290000916,0.7582818865776062,15.863466262817383,10.858224868774414,0.10307694971561432,0.15997940301895142,24.903844833374023,15.863466262817383,10.858224868774414
scene14_traj2_1__000028,0.1029638797044754,0.1594061255455017,0.8833449482917786,0.6951755881309509,1.2453769445419312,35.02898406982422,30.799535751342773,0.1029638797044754,0.1594061255455017,43.60028839111328,35.02898406982422,30.799535751342773,0.1029638722538948,0.15940611064434052,0.5013291835784912,0.49104616045951843,0.7685112357139587,16.806304931640625,12.062572479248047,0.1029638722538948,0.15940611064434052,25.23641014099121,16.806304931640625,12.062572479248047
scene14_traj2_1__000029,0.10161559283733368,0.15758468210697174,0.8838419914245605,0.6824913620948792,1.236694097518921,34.16651153564453,29.913108825683594,0.10161559283733368,0.15758468210697174,43.26869201660156,34.16651153564453,29.913108825683594,0.10161558538675308,0.15758468210697174,0.49944719672203064,0.4897019863128662,0.7639473080635071,16.25679588317871,11.567096710205078,0.10161558538675308,0.15758468210697174,25.06402587890625,16.25679588317871,11.567096710205078
scene14_traj2_1__000030,0.10204390436410904,0.15854153037071228,0.881547212600708,0.6835622191429138,1.235613465309143,33.92322540283203,29.602596282958984,0.10204390436410904,0.15854153037071228,43.2576789855957,33.92322540283203,29.602596282958984,0.10204388201236725,0.1585415005683899,0.501204252243042,0.4882587492465973,0.7645053863525391,16.26799774169922,11.61795711517334,0.10204388201236725,0.1585415005683899,25.073719024658203,16.26799774169922,11.61795711517334
scene14_traj2_1__000031,0.10246016085147858,0.15921464562416077,0.8764932751655579,0.6819391846656799,1.228895664215088,33.65005874633789,28.99148941040039,0.10246016085147858,0.15921464562416077,42.99443054199219,33.65005874633789,28.99148941040039,0.10246015340089798,0.15921461582183838,0.4950310289859772,0.48924532532691956,0.7602820992469788,16.025785446166992,11.144143104553223,0.10246015340089798,0.15921461582183838,24.951274871826172,16.025785446166992,11.144143104553223
scene14_traj2_1__000032,0.10355830192565918,0.16054707765579224,0.8781166672706604,0.6858006119728088,1.2325044870376587,34.567649841308594,30.121641159057617,0.10355830192565918,0.16054707765579224,43.063716888427734,34.567649841308594,30.121641159057617,0.10355829447507858,0.16054704785346985,0.4990323781967163,0.4934803247451782,0.7684289813041687,16.677228927612305,11.719133377075195,0.10355829447507858,0.16054704785346985,25.260061264038086,16.677228927612305,11.719133377075195
scene14_traj2_1__000033,0.10212507843971252,0.15840433537960052,0.8831051588058472,0.6959705352783203,1.2452932596206665,34.90636444091797,30.60851287841797,0.10212507843971252,0.15840433537960052,43.58415222167969,34.90636444091797,30.60851287841797,0.10212507098913193,0.15840432047843933,0.5009499192237854,0.4928443729877472,0.7692149877548218,16.728670120239258,11.819291114807129,0.10212507098913193,0.15840432047843933,25.274850845336914,16.728670120239258,11.819291114807129
scene14_traj2_1__000034,0.10167405754327774,0.15792083740234375,0.8827055096626282,0.6885620355606079,1.2411541938781738,34.4691276550293,30.22223663330078,0.10167405754327774,0.15792083740234375,43.473960876464844,34.4691276550293,30.22223663330078,0.10167405754327774,0.15792082250118256,0.499782919883728,0.49098002910614014,0.765409529209137,16.349979400634766,11.52382755279541,0.10167405754327774,0.15792082250118256,25.12566566467285,16.349979400634766,11.52382755279541
scene14_traj2_1__000035,0.10165360569953918,0.15798500180244446,0.8825464248657227,0.6876203417778015,1.2385773658752441,34.200111389160156,29.859712600708008,0.10165360569953918,0.15798500180244446,43.37542724609375,34.200111389160156,29.859712600708008,0.1016535833477974,0.15798497200012207,0.4962678551673889,0.491169810295105,0.7629629373550415,16.142955780029297,11.200170516967773,0.1016535833477974,0.15798497200012207,25.058887481689453,16.142955780029297,11.200170516967773
scene14_traj2_1__000036,0.1030602976679802,0.16009320318698883,0.8796989321708679,0.6818205714225769,1.2296841144561768,34.21846008300781,29.659652709960938,0.1030602976679802,0.16009320318698883,42.98091125488281,34.21846008300781,29.659652709960938,0.1030602753162384,0.16009317338466644,0.4937598705291748,0.49456724524497986,0.7641505599021912,16.23012924194336,11.080206871032715,0.1030602753162384,0.16009317338466644,25.139259338378906,16.23012924194336,11.080206871032715
scene14_traj2_1__000037,0.10259553790092468,0.15891814231872559,0.8818206787109375,0.7118961215019226,1.2571098804473877,35.65754699707031,31.513628005981445,0.10259553790092468,0.15891814231872559,44.02122497558594,35.65754699707031,31.513628005981445,0.10259553790092468,0.15891814231872559,0.5059580206871033,0.4930765926837921,0.7744619250297546,17.248849868774414,12.54829216003418,0.10259553790092468,0.15891814231872559,25.459997177124023,17.248849868774414,12.54829216003418
scene14_traj2_1__000038,0.10205231606960297,0.1588018834590912,0.87883460521698,0.6752606630325317,1.2253094911575317,33.63220977783203,29.12222671508789,0.10205231606960297,0.1588018834590912,42.89175796508789,33.63220977783203,29.12222671508789,0.10205230116844177,0.15880186855793,0.5005260109901428,0.4895212948322296,0.7657312750816345,16.494937896728516,11.569661140441895,0.10205230116844177,0.15880186855793,25.14760971069336,16.494937896728516,11.569661140441895
scene14_traj2_1__000039,0.10153049975633621,0.1579376608133316,0.8794194459915161,0.6766856908798218,1.2267087697982788,33.42129135131836,28.517433166503906,0.10153049975633621,0.1579376608133316,42.987762451171875,33.42129135131836,28.517433166503906,0.10153049230575562,0.1579376459121704,0.4988083243370056,0.4904475212097168,0.764875590801239,16.360916137695312,11.36670207977295,0.10153049230575562,0.1579376459121704,25.1088924407959,16.360916137695312,11.36670207977295
scene14_traj2_1__000040,0.10238416492938995,0.1593816727399826,0.8800628185272217,0.6757999062538147,1.2255507707595825,33.914886474609375,29.262794494628906,0.10238416492938995,0.1593816727399826,42.8383903503418,33.914886474609375,29.262794494628906,0.10238415002822876,0.1593816578388214,0.49642205238342285,0.4950289726257324,0.7669777274131775,16.520038604736328,11.39707088470459,0.10238415002822876,0.1593816578388214,25.22062110900879,16.520038604736328,11.39707088470459
scene14_traj2_1__000041,0.10157289355993271,0.15784987807273865,0.8869752287864685,0.7005872130393982,1.251603603363037,35.408912658691406,30.835651397705078,0.10157289355993271,0.15784987807273865,43.86785888671875,35.408912658691406,30.835651397705078,0.10157288610935211,0.15784987807273865,0.5091838240623474,0.5011270046234131,0.7833604216575623,17.711284637451172,12.788426399230957,0.10157288610935211,0.15784987807273865,25.794946670532227,17.711284637451172,12.788426399230957
scene14_traj2_1__000042,0.10120357573032379,0.15742258727550507,0.879564642906189,0.6798937916755676,1.2294269800186157,34.05040740966797,29.51386260986328,0.10120357573032379,0.15742258727550507,43.053977966308594,34.05040740966797,29.51386260986328,0.1012035682797432,0.15742258727550507,0.502890408039093,0.4954552948474884,0.7726742625236511,16.927316665649414,11.886897087097168,0.1012035682797432,0.15742258727550507,25.407167434692383,16.927316665649414,11.886897087097168
scene14_traj2_1__000043,0.09928889572620392,0.15487444400787354,0.8846312761306763,0.6682816743850708,1.2248265743255615,33.635807037353516,29.015661239624023,0.09928889572620392,0.15487444400787354,42.916221618652344,33.635807037353516,29.015661239624023,0.09928888082504272,0.15487444400787354,0.5028436183929443,0.4947061538696289,0.7714722156524658,16.747722625732422,11.58743667602539,0.09928888082504272,0.15487444400787354,25.355009078979492,16.747722625732422,11.58743667602539
scene14_traj2_1__000044,0.10070335865020752,0.1570056527853012,0.883621096611023,0.6687449216842651,1.222072958946228,33.63496398925781,28.890806198120117,0.10070335865020752,0.1570056527853012,42.75265121459961,33.63496398925781,28.890806198120117,0.10070334374904633,0.15700563788414001,0.5005438327789307,0.49535152316093445,0.7702361345291138,16.735008239746094,11.506816864013672,0.10070334374904633,0.15700563788414001,25.342918395996094,16.735008239746094,11.506816864013672
scene14_traj2_1__000045,0.10085982829332352,0.15727519989013672,0.8827987313270569,0.6843960285186768,1.233632206916809,34.615203857421875,29.757665634155273,0.10085982829332352,0.15727519989013672,43.207279205322266,34.615203857421875,29.757665634155273,0.10085981339216232,0.15727517008781433,0.5033289790153503,0.5003791451454163,0.7780920267105103,17.31913948059082,11.988587379455566,0.10085981339216232,0.15727517008781433,25.628141403198242,17.31913948059082,11.988587379455566
scene14_traj2_1__000046,0.09961845725774765,0.15613819658756256,0.8815851211547852,0.6923187375068665,1.2408188581466675,34.709808349609375,30.06200408935547,0.09961845725774765,0.15613819658756256,43.50122833251953,34.709808349609375,30.06200408935547,0.09961845725774765,0.15613818168640137,0.5116822123527527,0.5028202533721924,0.7864981889724731,17.67978286743164,12.503700256347656,0.09961845725774765,0.15613818168640137,25.91423988342285,17.67978286743164,12.503700256347656
scene14_traj2_1__000047,0.09898360073566437,0.1554029881954193,0.8835360407829285,0.6826999187469482,1.2348835468292236,34.04339599609375,29.236404418945312,0.09898360073566437,0.1554029881954193,43.30817413330078,34.04339599609375,29.236404418945312,0.09898358583450317,0.15540297329425812,0.5071491599082947,0.49909311532974243,0.7787048816680908,17.140274047851562,11.934649467468262,0.09898358583450317,0.15540297329425812,25.608173370361328,17.140274047851562,11.934649467468262
scene14_traj2_1__000048,0.09923826158046722,0.1556347906589508,0.8833754062652588,0.6647818088531494,1.2194900512695312,33.27787399291992,28.374788284301758,0.09923826158046722,0.1556347906589508,42.71711349487305,33.27787399291992,28.374788284301758,0.09923824667930603,0.1556347757577896,0.5058753490447998,0.49997735023498535,0.7780914306640625,17.048254013061523,11.73544979095459,0.09923824667930603,0.1556347757577896,25.605730056762695,17.048254013061523,11.73544979095459
scene14_traj2_1__000049,0.09916828572750092,0.15585558116436005,0.886589527130127,0.6721571683883667,1.2263323068618774,33.89450454711914,28.77934455871582,0.09916828572750092,0.15585558116436005,42.95551300048828,33.89450454711914,28.77934455871582,0.09916825592517853,0.15585556626319885,0.505153238773346,0.5032632946968079,0.7811390161514282,17.2424259185791,11.78791618347168,0.09916825592517853,0.15585556626319885,25.753677368164062,17.2424259185791,11.78791618347168
scene14_traj2_1__000050,0.09837094694375992,0.15439391136169434,0.8904990553855896,0.6851944923400879,1.2400516271591187,34.89446258544922,30.098766326904297,0.09837094694375992,0.15439391136169434,43.46224594116211,34.89446258544922,30.098766326904297,0.09837093949317932,0.15439389646053314,0.5154619216918945,0.5063958764076233,0.7936632037162781,18.201454162597656,12.998451232910156,0.09837093949317932,0.15439389646053314,26.155271530151367,18.201454162597656,12.998451232910156
scene14_traj2_1__000051,0.09718071669340134,0.15304534137248993,0.8918246030807495,0.6667797565460205,1.2270725965499878,33.74230194091797,28.762887954711914,0.09718071669340134,0.15304534137248993,43.046607971191406,33.74230194091797,28.762887954711914,0.09718070924282074,0.15304532647132874,0.5136857628822327,0.5040473937988281,0.7881903052330017,17.782623291015625,12.495315551757812,0.09718070924282074,0.15304532647132874,25.948158264160156,17.782623291015625,12.495315551757812
scene14_traj2_1__000052,0.09736594557762146,0.15345452725887299,0.8881124258041382,0.6570073962211609,1.2143940925598145,32.77195739746094,27.499879837036133,0.09736594557762146,0.15345452725887299,42.62799072265625,32.77195739746094,27.499879837036133,0.09736593812704086,0.1534545123577118,0.5132290720939636,0.5020621418952942,0.7855402231216431,17.382658004760742,12.042350769042969,0.09736593812704086,0.1534545123577118,25.866313934326172,17.382658004760742,12.042350769042969
scene14_traj2_1__000053,0.0959295704960823,0.1511605679988861,0.8945670127868652,0.6619748473167419,1.224755883216858,33.600826263427734,28.48988914489746,0.0959295704960823,0.1511605679988861,42.94935607910156,33.600826263427734,28.48988914489746,0.09592956304550171,0.15116055309772491,0.5142256617546082,0.5073655247688293,0.7912718653678894,17.677045822143555,12.204221725463867,0.09592956304550171,0.15116055309772491,26.080604553222656,17.677045822143555,12.204221725463867
scene14_traj2_1__000054,0.0971376895904541,0.15300363302230835,0.8925381898880005,0.6699911952018738,1.2267717123031616,34.094635009765625,28.5979061126709,0.0971376895904541,0.15300363302230835,43.06853485107422,34.094635009765625,28.5979061126709,0.09713765978813171,0.15300360321998596,0.5128580927848816,0.5103912949562073,0.7933108806610107,17.98997688293457,12.407751083374023,0.09713765978813171,0.15300360321998596,26.20595359802246,17.98997688293457,12.407751083374023
scene14_traj2_1__000055,0.09568841755390167,0.15040719509124756,0.9018908739089966,0.6784209609031677,1.2427905797958374,34.93366622924805,29.851722717285156,0.09568841755390167,0.15040719509124756,43.64458084106445,34.93366622924805,29.851722717285156,0.09568840265274048,0.15040719509124756,0.5191588401794434,0.5123460292816162,0.8004220724105835,18.593059539794922,13.265473365783691,0.09568840265274048,0.15040719509124756,26.41209602355957,18.593059539794922,13.265473365783691
scene14_traj2_1__000056,0.09440285712480545,0.14869143068790436,0.899817705154419,0.6599333882331848,1.2269536256790161,33.60524368286133,28.171876907348633,0.09440285712480545,0.14869143068790436,43.1339111328125,33.60524368286133,28.171876907348633,0.09440284967422485,0.14869141578674316,0.5204086899757385,0.5090269446372986,0.7975759506225586,18.237293243408203,12.806445121765137,0.09440284967422485,0.14869141578674316,26.29520034790039,18.237293243408203,12.806445121765137
scene14_traj2_1__000057,0.09267725795507431,0.14626599848270416,0.9018822312355042,0.6619128584861755,1.2316322326660156,33.909969329833984,28.801591873168945,0.09267725795507431,0.14626599848270416,43.26854705810547,33.909969329833984,28.801591873168945,0.09267723560333252,0.14626598358154297,0.520938515663147,0.5102261900901794,0.7983125448226929,18.077863693237305,12.487997055053711,0.09267723560333252,0.14626598358154297,26.324932098388672,18.077863693237305,12.487997055053711
scene14_traj2_1__000058,0.09332488477230072,0.14722806215286255,0.899706244468689,0.660524308681488,1.2271744012832642,33.56068420410156,28.20859718322754,0.09332488477230072,0.14722806215286255,43.129817962646484,33.56068420410156,28.20859718322754,0.09332486987113953,0.14722804725170135,0.5190430879592896,0.5112923979759216,0.7978121638298035,18.08350944519043,12.487546920776367,0.09332486987113953,0.14722804725170135,26.32187271118164,18.08350944519043,12.487546920776367
scene14_traj2_1__000059,0.09411897510290146,0.14862920343875885,0.902056872844696,0.6545058488845825,1.2225109338760376,33.66315460205078,28.04701042175293,0.09411897510290146,0.14862920343875885,42.95499038696289,33.66315460205078,28.04701042175293,0.09411896765232086,0.14862917363643646,0.5203195214271545,0.5128951072692871,0.8007932901382446,18.371740341186523,12.676700592041016,0.09411896765232086,0.14862917363643646,26.44662094116211,18.371740341186523,12.676700592041016
scene14_traj2_1__000060,0.09335588663816452,0.147189661860466,0.8999077081680298,0.6836865544319153,1.2452751398086548,35.36559295654297,30.172361373901367,0.09335588663816452,0.147189661860466,43.75960922241211,35.36559295654297,30.172361373901367,0.09335587918758392,0.1471896469593048,0.5219492316246033,0.5228158831596375,0.8110832571983337,19.14398193359375,13.54675579071045,0.09335587918758392,0.1471896469593048,26.82341766357422,19.14398193359375,13.54675579071045
scene14_traj2_1__000061,0.09275971353054047,0.14602985978126526,0.8978442549705505,0.687346875667572,1.2472403049468994,35.30938720703125,30.27581787109375,0.09275971353054047,0.14602985978126526,43.8262825012207,35.30938720703125,30.27581787109375,0.09275968372821808,0.14602984488010406,0.5234754085540771,0.5167664885520935,0.8072533011436462,18.84040641784668,13.198038101196289,0.09275968372821808,0.14602984488010406,26.667959213256836,18.84040641784668,13.198038101196289
scene14_traj2_1__000062,0.09153269231319427,0.1443631649017334,0.8979008197784424,0.6835141181945801,1.2440760135650635,34.90896224975586,29.869184494018555,0.09153269231319427,0.1443631649017334,43.72319793701172,34.90896224975586,29.869184494018555,0.09153268486261368,0.144363135099411,0.5292795896530151,0.5126566886901855,0.808633029460907,18.968217849731445,13.519070625305176,0.09153268486261368,0.144363135099411,26.69053840637207,18.968217849731445,13.519070625305176
scene14_traj2_1__000063,0.09116876125335693,0.14394661784172058,0.9011348485946655,0.6719844937324524,1.235730528831482,34.55559158325195,29.46001434326172,0.09116876125335693,0.14394661784172058,43.367462158203125,34.55559158325195,29.46001434326172,0.09116875380277634,0.1439465880393982,0.5287322998046875,0.513014018535614,0.8083169460296631,18.865236282348633,13.291424751281738,0.09116875380277634,0.1439465880393982,26.701570510864258,18.865236282348633,13.291424751281738
scene14_traj2_1__000064,0.09286420792341232,0.146509051322937,0.8941680788993835,0.6593696475028992,1.21962308883667,33.85546875,28.61765480041504,0.09286420792341232,0.146509051322937,42.785179138183594,33.85546875,28.61765480041504,0.09286419302225113,0.14650902152061462,0.5278114676475525,0.5152676701545715,0.8088234663009644,19.00514030456543,13.37435531616211,0.09286419302225113,0.14650902152061462,26.75408935546875,19.00514030456543,13.37435531616211
scene14_traj2_1__000065,0.09511112421751022,0.1493252068758011,0.8902437090873718,0.6623412370681763,1.2145910263061523,34.1253547668457,28.50178337097168,0.09511112421751022,0.1493252068758011,42.5156135559082,34.1253547668457,28.50178337097168,0.09511111676692963,0.1493251770734787,0.5256019234657288,0.5183602571487427,0.8119569420814514,19.386417388916016,13.771821022033691,0.09511111676692963,0.1493251770734787,26.91857147216797,19.386417388916016,13.771821022033691
scene14_traj2_1__000066,0.09548871964216232,0.14886069297790527,0.8860262632369995,0.6915366053581238,1.234639286994934,35.215599060058594,29.764991760253906,0.09548871964216232,0.14886069297790527,43.262943267822266,35.215599060058594,29.764991760253906,0.09548869729042053,0.14886066317558289,0.5329792499542236,0.5168920159339905,0.8172728419303894,20.028059005737305,14.79946231842041,0.09548869729042053,0.14886066317558289,27.070201873779297,20.028059005737305,14.79946231842041
scene14_traj2_2__000000,0.10400602966547012,0.15581488609313965,0.8351114392280579,0.6782621741294861,1.1792291402816772,34.03822326660156,29.120065689086914,0.10400602966547012,0.15581488609313965,40.71727752685547,34.03822326660156,29.120065689086914,0.10400599986314774,0.15581487119197845,0.5764172077178955,0.5091227889060974,0.8510479927062988,23.375133514404297,20.43291473388672,0.10400599986314774,0.15581487119197845,28.29435920715332,23.375133514404297,20.43291473388672
scene14_traj2_2__000001,0.10545247793197632,0.15738148987293243,0.82831209897995,0.679453432559967,1.1745327711105347,33.7147331237793,28.66340446472168,0.10545247793197632,0.15738148987293243,40.5975341796875,33.7147331237793,28.66340446472168,0.10545246303081512,0.15738147497177124,0.582321286201477,0.5086663961410522,0.8558246493339539,23.5924015045166,20.730039596557617,0.10545246303081512,0.15738147497177124,28.465009689331055,23.5924015045166,20.730039596557617
scene14_traj2_2__000002,0.10621169209480286,0.15861426293849945,0.8331334590911865,0.6909236907958984,1.1872237920761108,34.633819580078125,29.682411193847656,0.10621169209480286,0.15861426293849945,41.024391174316406,34.633819580078125,29.682411193847656,0.10621168464422226,0.15861424803733826,0.585162878036499,0.5157531499862671,0.8629846572875977,24.090791702270508,21.368793487548828,0.10621168464422226,0.15861424803733826,28.78253936767578,24.090791702270508,21.368793487548828
scene14_traj2_2__000003,0.10709617286920547,0.1587645709514618,0.8320334553718567,0.7080797553062439,1.2017531394958496,35.70589065551758,31.273761749267578,0.10709617286920547,0.1587645709514618,41.4618034362793,35.70589065551758,31.273761749267578,0.10709617286920547,0.1587645560503006,0.5888820886611938,0.5182563066482544,0.8694033622741699,24.421222686767578,21.819150924682617,0.10709617286920547,0.1587645560503006,28.959003448486328,24.421222686767578,21.819150924682617
scene14_traj2_2__000004,0.10478319972753525,0.1562296599149704,0.8356327414512634,0.6700950860977173,1.1739623546600342,33.84660720825195,28.87871551513672,0.10478319972753525,0.1562296599149704,40.53653335571289,33.84660720825195,28.87871551513672,0.10478318482637405,0.1562296450138092,0.5814460515975952,0.5130354166030884,0.8582115769386292,23.742691040039062,21.02741813659668,0.10478318482637405,0.1562296450138092,28.570003509521484,23.742691040039062,21.02741813659668
scene14_traj2_2__000005,0.10383730381727219,0.15525954961776733,0.8300292491912842,0.6566364169120789,1.1582274436950684,32.81594467163086,27.573562622070312,0.10383730381727219,0.15525954961776733,40.019161224365234,32.81594467163086,27.573562622070312,0.10383729636669159,0.15525953471660614,0.5819212794303894,0.5096734762191772,0.8557407259941101,23.61910629272461,20.842405319213867,0.10383729636669159,0.15525953471660614,28.470979690551758,23.61910629272461,20.842405319213867
scene14_traj2_2__000006,0.1030983030796051,0.15427175164222717,0.8307300209999084,0.6596644520759583,1.1617591381072998,33.06673812866211,27.903162002563477,0.1030983030796051,0.15427175164222717,40.18630599975586,33.06673812866211,27.903162002563477,0.10309828817844391,0.15427173674106598,0.5842865109443665,0.5119067430496216,0.8585740923881531,23.797788619995117,21.160968780517578,0.10309828817844391,0.15427173674106598,28.596036911010742,23.797788619995117,21.160968780517578
scene14_traj2_2__000007,0.10415471345186234,0.1556205153465271,0.8339324593544006,0.671621561050415,1.1727471351623535,33.648719787597656,28.36084747314453,0.10415471345186234,0.1556205153465271,40.62314224243164,33.648719787597656,28.36084747314453,0.10415469855070114,0.1556205004453659,0.5862232446670532,0.5209710597991943,0.8661961555480957,24.260255813598633,21.671403884887695,0.10415469855070114,0.1556205004453659,28.926591873168945,24.260255813598633,21.671403884887695
scene14_traj2_2__000008,0.10441555082798004,0.1555016040802002,0.8419785499572754,0.6768795847892761,1.1832984685897827,34.394752502441406,29.315017700195312,0.10441555082798004,0.1555016040802002,40.9130859375,34.394752502441406,29.315017700195312,0.10441552847623825,0.155501589179039,0.5856764912605286,0.5228461027145386,0.8680892586708069,24.38949203491211,21.825206756591797,0.10441552847623825,0.155501589179039,28.960315704345703,24.38949203491211,21.825206756591797
scene14_traj2_2__000009,0.10343573242425919,0.15421733260154724,0.8410796523094177,0.6729286313056946,1.1819696426391602,34.14003372192383,29.13227653503418,0.10343573242425919,0.15421733260154724,40.87146759033203,34.14003372192383,29.13227653503418,0.10343572497367859,0.15421731770038605,0.5835826992988586,0.5183956027030945,0.8632288575172424,23.98963737487793,21.313501358032227,0.10343572497367859,0.15421731770038605,28.761423110961914,23.98963737487793,21.313501358032227
scene14_traj2_2__000010,0.10224860906600952,0.1530781388282776,0.8442748785018921,0.6904722452163696,1.1999967098236084,35.035194396972656,30.388256072998047,0.10224860906600952,0.1530781388282776,41.55927276611328,35.035194396972656,30.388256072998047,0.10224860161542892,0.1530781239271164,0.5862724781036377,0.5136545896530151,0.8628989458084106,23.965106964111328,21.276582717895508,0.10224860161542892,0.1530781239271164,28.69401741027832,23.965106964111328,21.276582717895508
scene14_traj2_2__000011,0.10278049111366272,0.1538669914007187,0.8392465710639954,0.6838836073875427,1.1898177862167358,34.526153564453125,29.639198303222656,0.10278049111366272,0.1538669914007187,41.25003433227539,34.526153564453125,29.639198303222656,0.10278048366308212,0.1538669764995575,0.5899466872215271,0.5185288786888123,0.8685261011123657,24.352550506591797,21.864376068115234,0.10278048366308212,0.1538669764995575,28.94037437438965,24.352550506591797,21.864376068115234
scene14_traj2_2__000012,0.10344815254211426,0.15450744330883026,0.8389343619346619,0.680843710899353,1.1873726844787598,34.68130111694336,29.816312789916992,0.10344815254211426,0.15450744330883026,41.09319305419922,34.68130111694336,29.816312789916992,0.10344814509153366,0.15450744330883026,0.5899329781532288,0.5241349339485168,0.8722429275512695,24.59221649169922,22.098129272460938,0.10344814509153366,0.15450744330883026,29.085590362548828,24.59221649169922,22.098129272460938
scene14_traj2_2__000013,0.1037464514374733,0.15424880385398865,0.841503381729126,0.681694507598877,1.189736247062683,34.91011428833008,29.95391845703125,0.1037464514374733,0.15424880385398865,41.285987854003906,34.91011428833008,29.95391845703125,0.1037464290857315,0.15424880385398865,0.5927102565765381,0.5294615626335144,0.8788142204284668,24.948570251464844,22.488216400146484,0.1037464290857315,0.15424880385398865,29.32426643371582,24.948570251464844,22.488216400146484
scene14_traj2_2__000014,0.10290637612342834,0.15321138501167297,0.8410207033157349,0.6742232441902161,1.183241844177246,34.516719818115234,29.609466552734375,0.10290637612342834,0.15321138501167297,41.037845611572266,34.516719818115234,29.609466552734375,0.10290636867284775,0.15321137011051178,0.586781919002533,0.5194007754325867,0.8667991757392883,24.300395965576172,21.737871170043945,0.10290636867284775,0.15321137011051178,28.90058708190918,24.300395965576172,21.737871170043945
scene14_traj2_2__000015,0.10298995673656464,0.15348781645298004,0.8356855511665344,0.6640761494636536,1.1697893142700195,33.41444396972656,28.3310604095459,0.10298995673656464,0.15348781645298004,40.46465301513672,33.41444396972656,28.3310604095459,0.10298994183540344,0.15348780155181885,0.5913034081459045,0.5195721387863159,0.8704498410224915,24.454896926879883,21.94619369506836,0.10298994183540344,0.15348780155181885,29.02583885192871,24.454896926879883,21.94619369506836
scene14_traj2_2__000016,0.10370739549398422,0.15435396134853363,0.8370813727378845,0.6895849704742432,1.192317247390747,34.85207748413086,29.985151290893555,0.10370739549398422,0.15435396134853363,41.38070297241211,34.85207748413086,29.985151290893555,0.10370738804340363,0.15435394644737244,0.5979161858558655,0.527865469455719,0.8806231617927551,25.13051986694336,22.779727935791016,0.10370738804340363,0.15435394644737244,29.449831008911133,25.13051986694336,22.779727935791016
scene14_traj2_2__000017,0.10467058420181274,0.15529939532279968,0.840243935585022,0.6806478500366211,1.1876933574676514,35.011539459228516,30.190858840942383,0.10467058420181274,0.15529939532279968,41.20810317993164,35.011539459228516,30.190858840942383,0.10467056185007095,0.1552993804216385,0.59624183177948,0.5363564491271973,0.8856633305549622,25.465530395507812,23.143815994262695,0.10467056185007095,0.1552993804216385,29.638843536376953,25.465530395507812,23.143815994262695
scene14_traj2_2__000018,0.10341624170541763,0.15331417322158813,0.8390564322471619,0.6874813437461853,1.1926664113998413,34.9742546081543,30.14083480834961,0.10341624170541763,0.15331417322158813,41.380226135253906,34.9742546081543,30.14083480834961,0.10341623425483704,0.15331415832042694,0.5933976769447327,0.5275244116783142,0.8772910237312317,24.90555763244629,22.404109954833984,0.10341623425483704,0.15331415832042694,29.30119514465332,24.90555763244629,22.404109954833984
scene14_traj2_2__000019,0.10318896919488907,0.15306533873081207,0.8375068306922913,0.6864041090011597,1.191914439201355,34.816471099853516,30.078609466552734,0.10318896919488907,0.15306533873081207,41.35152816772461,34.816471099853516,30.078609466552734,0.10318892449140549,0.15306532382965088,0.5927683711051941,0.520969569683075,0.8731054663658142,24.619556427001953,22.10860824584961,0.10318892449140549,0.15306532382965088,29.09949493408203,24.619556427001953,22.10860824584961
scene14_traj2_2__000020,0.10414779186248779,0.15444466471672058,0.8356712460517883,0.6571438908576965,1.165245771408081,33.510536193847656,28.53557014465332,0.10414779186248779,0.15444466471672058,40.30576705932617,33.510536193847656,28.53557014465332,0.1041477769613266,0.15444466471672058,0.5956180095672607,0.5275742411613464,0.8787954449653625,24.968761444091797,22.557418823242188,0.1041477769613266,0.15444466471672058,29.388221740722656,24.968761444091797,22.557418823242188
scene14_traj2_2__000021,0.10566962510347366,0.15615707635879517,0.843267560005188,0.6694666147232056,1.1809451580047607,34.4444580078125,29.442832946777344,0.10566962510347366,0.15615707635879517,40.91474151611328,34.4444580078125,29.442832946777344,0.10566961765289307,0.15615706145763397,0.5955469012260437,0.5354756712913513,0.8843364715576172,25.43431282043457,23.170520782470703,0.10566961765289307,0.15615706145763397,29.575416564941406,25.43431282043457,23.170520782470703
scene14_traj2_2__000022,0.10407859832048416,0.1539795845746994,0.8378203511238098,0.658633828163147,1.1699591875076294,33.82279968261719,29.02176284790039,0.10407859832048416,0.1539795845746994,40.47966003417969,33.82279968261719,29.02176284790039,0.10407857596874237,0.1539795696735382,0.5931550860404968,0.5245039463043213,0.8750954270362854,24.810283660888672,22.423660278320312,0.10407857596874237,0.1539795696735382,29.2169246673584,24.810283660888672,22.423660278320312
scene14_traj2_2__000023,0.10307665169239044,0.15285895764827728,0.8348309397697449,0.6577385663986206,1.1658473014831543,33.43500518798828,28.614614486694336,0.10307665169239044,0.15285895764827728,40.31064987182617,33.43500518798828,28.614614486694336,0.10307662934064865,0.1528589278459549,0.5940542221069336,0.5242542624473572,0.8749508261680603,24.83709144592285,22.57748031616211,0.10307662934064865,0.1528589278459549,29.23533821105957,24.83709144592285,22.57748031616211
scene14_traj2_2__000024,0.1035284548997879,0.1534358114004135,0.8480905294418335,0.6664279699325562,1.1820783615112305,34.29705047607422,29.293087005615234,0.1035284548997879,0.1534358114004135,40.94979476928711,34.29705047607422,29.293087005615234,0.1035284474492073,0.15343579649925232,0.5940513610839844,0.5322872400283813,0.8803383708000183,25.150705337524414,22.867494583129883,0.1035284474492073,0.15343579649925232,29.441307067871094,25.150705337524414,22.867494583129883
scene14_traj2_2__000025,0.10124469548463821,0.15024936199188232,0.8427882194519043,0.6623778939247131,1.1773782968521118,33.779850006103516,28.6717529296875,0.10124469548463821,0.15024936199188232,40.81422424316406,33.779850006103516,28.6717529296875,0.10124468803405762,0.15024936199188232,0.5897730588912964,0.5249334573745728,0.8709516525268555,24.505340576171875,22.110471725463867,0.10124468803405762,0.15024936199188232,29.059865951538086,24.505340576171875,22.110471725463867
scene14_traj2_2__000026,0.10059717297554016,0.14987477660179138,0.8407104015350342,0.6539282202720642,1.1669121980667114,32.79439163208008,27.463539123535156,0.10059717297554016,0.14987477660179138,40.362918853759766,32.79439163208008,27.463539123535156,0.10059715062379837,0.1498747617006302,0.5877411365509033,0.5171797871589661,0.8634258508682251,24.118045806884766,21.772878646850586,0.10059715062379837,0.1498747617006302,28.783803939819336,24.118045806884766,21.772878646850586
scene14_traj2_2__000027,0.10177937895059586,0.15165278315544128,0.842059850692749,0.6727362871170044,1.182784914970398,33.95803451538086,28.876205444335938,0.10177937895059586,0.15165278315544128,40.865013122558594,33.95803451538086,28.876205444335938,0.10177937150001526,0.1516527682542801,0.5878207683563232,0.5272032022476196,0.8708274960517883,24.444793701171875,22.062915802001953,0.10177937150001526,0.1516527682542801,29.09758186340332,24.444793701171875,22.062915802001953
scene14_traj2_2__000028,0.09961382299661636,0.14904487133026123,0.8456189632415771,0.6628671288490295,1.1802198886871338,33.54301834106445,28.595928192138672,0.09961382299661636,0.14904487133026123,40.78652572631836,33.54301834106445,28.595928192138672,0.09961380064487457,0.14904487133026123,0.5783278942108154,0.5150189399719238,0.855344831943512,23.298904418945312,20.54484748840332,0.09961380064487457,0.14904487133026123,28.446834564208984,23.298904418945312,20.54484748840332
scene14_traj2_2__000029,0.09887444972991943,0.14796440303325653,0.844363808631897,0.6514555811882019,1.1683392524719238,32.84090805053711,27.60325813293457,0.09887444972991943,0.14796440303325653,40.400569915771484,32.84090805053711,27.60325813293457,0.09887444227933884,0.14796438813209534,0.580825924873352,0.5157248973846436,0.857193112373352,23.5714111328125,20.93931007385254,0.09887444227933884,0.14796438813209534,28.54952621459961,23.5714111328125,20.93931007385254
scene14_traj2_2__000030,0.09891489893198013,0.14796681702136993,0.8506782650947571,0.6803766489028931,1.1976186037063599,34.787818908691406,29.795808792114258,0.09891489893198013,0.14796681702136993,41.494232177734375,34.787818908691406,29.795808792114258,0.09891489148139954,0.14796678721904755,0.5839883685112,0.5307060480117798,0.8706936240196228,24.254627227783203,21.649995803833008,0.09891489148139954,0.14796678721904755,29.05293846130371,24.254627227783203,21.649995803833008
scene14_traj2_2__000031,0.09506811946630478,0.1426183134317398,0.8553755283355713,0.6729121804237366,1.195261001586914,34.38541030883789,29.508548736572266,0.09506811946630478,0.1426183134317398,41.44179153442383,34.38541030883789,29.508548736572266,0.09506810456514359,0.1426182985305786,0.5784477591514587,0.5173052549362183,0.8580189943313599,23.345653533935547,20.389394760131836,0.09506810456514359,0.1426182985305786,28.510608673095703,23.345653533935547,20.389394760131836
scene14_traj2_2__000032,0.095069020986557,0.14300762116909027,0.853905200958252,0.6765909194946289,1.1975127458572388,34.3608283996582,29.561172485351562,0.095069020986557,0.14300762116909027,41.50720977783203,34.3608283996582,29.561172485351562,0.09506901353597641,0.14300760626792908,0.5785121917724609,0.5180565714836121,0.8589919209480286,23.317737579345703,20.32370376586914,0.09506901353597641,0.14300760626792908,28.541112899780273,23.317737579345703,20.32370376586914
scene14_traj2_2__000033,0.09758536517620087,0.14684954285621643,0.8560513854026794,0.6773719191551208,1.197766661643982,35.00129318237305,30.231664657592773,0.09758536517620087,0.14684954285621643,41.5621337890625,35.00129318237305,30.231664657592773,0.09758536517620087,0.14684954285621643,0.5765710473060608,0.5271043181419373,0.8621909618377686,23.69527244567871,20.726516723632812,0.09758536517620087,0.14684954285621643,28.69334602355957,23.69527244567871,20.726516723632812
scene14_traj2_2__000034,0.09471315890550613,0.1437743604183197,0.8651655912399292,0.6616502404212952,1.1911945343017578,33.806610107421875,28.318265914916992,0.09471315890550613,0.1437743604183197,41.402679443359375,33.806610107421875,28.318265914916992,0.09471315145492554,0.1437743455171585,0.5685691237449646,0.5239705443382263,0.8542177081108093,22.88141632080078,19.596403121948242,0.09471315145492554,0.1437743455171585,28.39339256286621,22.88141632080078,19.596403121948242
scene14_traj2_2__000035,0.09223770350217819,0.1411333531141281,0.8633468151092529,0.6431226134300232,1.171718955039978,32.39164352416992,26.325889587402344,0.09223770350217819,0.1411333531141281,40.670654296875,32.39164352416992,26.325889587402344,0.092237688601017,0.14113333821296692,0.5728186964988708,0.5224173069000244,0.8552581667900085,22.7434139251709,19.282331466674805,0.092237688601017,0.14113333821296692,28.43323516845703,22.7434139251709,19.282331466674805
scene14_traj2_2__000036,0.09379767626523972,0.1437063068151474,0.8694080114364624,0.6540749073028564,1.1834704875946045,33.26731872558594,27.08722496032715,0.09379767626523972,0.1437063068151474,41.1418342590332,33.26731872558594,27.08722496032715,0.09379766136407852,0.1437062919139862,0.5662987232208252,0.5327250957489014,0.8581900596618652,22.909732818603516,19.35337257385254,0.09379766136407852,0.1437062919139862,28.556909561157227,22.909732818603516,19.35337257385254
scene14_traj2_2__000037,0.09256462007761002,0.1420212835073471,0.8715617060661316,0.6464006304740906,1.1806886196136475,32.93193817138672,26.8248291015625,0.09256462007761002,0.1420212835073471,41.08894348144531,32.93193817138672,26.8248291015625,0.09256461262702942,0.14202125370502472,0.5664127469062805,0.5261320471763611,0.8532213568687439,22.59694480895996,19.04288673400879,0.09256461262702942,0.14202125370502472,28.346954345703125,22.59694480895996,19.04288673400879
scene14_traj2_2__000038,0.09193208813667297,0.14115168154239655,0.859114408493042,0.6570661067962646,1.1808693408966064,32.98836898803711,27.16938591003418,0.09193208813667297,0.14115168154239655,40.99482727050781,32.98836898803711,27.16938591003418,0.09193205833435059,0.14115166664123535,0.5659239888191223,0.5196845531463623,0.8480275273323059,22.278047561645508,18.621543884277344,0.09193205833435059,0.14115166664123535,28.152301788330078,22.278047561645508,18.621543884277344
scene14_traj2_2__000039,0.09351615607738495,0.14369922876358032,0.870357096195221,0.6682711243629456,1.1976271867752075,33.950557708740234,28.120346069335938,0.09351615607738495,0.14369922876358032,41.61457061767578,33.950557708740234,28.120346069335938,0.09351612627506256,0.14369921386241913,0.5669388771057129,0.5217234492301941,0.8513152599334717,22.458721160888672,18.799833297729492,0.09351612627506256,0.14369921386241913,28.277820587158203,22.458721160888672,18.799833297729492
scene14_traj2_2__000040,0.09497815370559692,0.14520113170146942,0.8648781776428223,0.6390963792800903,1.1698553562164307,32.646785736083984,26.924030303955078,0.09497815370559692,0.14520113170146942,40.529518127441406,32.646785736083984,26.924030303955078,0.09497814625501633,0.14520111680030823,0.5677562952041626,0.5189134478569031,0.8499180674552917,22.512697219848633,19.06437873840332,0.09497814625501633,0.14520111680030823,28.207447052001953,22.512697219848633,19.06437873840332
scene14_traj2_2__000041,0.09943331032991409,0.14985978603363037,0.8546774983406067,0.6613917350769043,1.1836291551589966,33.33321762084961,27.900550842285156,0.09943331032991409,0.14985978603363037,41.06287384033203,33.33321762084961,27.900550842285156,0.0994332954287529,0.14985977113246918,0.5672865509986877,0.5084910988807678,0.8417525887489319,22.428306579589844,19.201900482177734,0.0994332954287529,0.14985977113246918,27.918874740600586,22.428306579589844,19.201900482177734
scene14_traj2_2__000042,0.10122956335544586,0.1522933840751648,0.8493697643280029,0.6726579070091248,1.188056468963623,34.12351989746094,28.982107162475586,0.10122956335544586,0.1522933840751648,41.13759231567383,34.12351989746094,28.982107162475586,0.10122954100370407,0.1522933542728424,0.5732604265213013,0.5172356367111206,0.8529385328292847,23.074420928955078,19.969316482543945,0.10122954100370407,0.1522933542728424,28.368911743164062,23.074420928955078,19.969316482543945
scene14_traj2_2__000043,0.10719240456819534,0.15862540900707245,0.8368747234344482,0.6638407707214355,1.1711784601211548,33.21266555786133,28.090641021728516,0.10719240456819534,0.15862540900707245,40.50279998779297,33.21266555786133,28.090641021728516,0.10719240456819534,0.15862539410591125,0.5762709975242615,0.5123458504676819,0.8510280847549438,23.350032806396484,20.622861862182617,0.10719240456819534,0.15862539410591125,28.330459594726562,23.350032806396484,20.622861862182617
scene14_traj2_2__000044,0.1114986464381218,0.16394652426242828,0.8190738558769226,0.6710963249206543,1.1646043062210083,33.01063919067383,28.135387420654297,0.1114986464381218,0.16394652426242828,40.17237091064453,33.01063919067383,28.135387420654297,0.1114986315369606,0.16394652426242828,0.5763594508171082,0.5049551725387573,0.8448764085769653,23.18634605407715,20.59388542175293,0.1114986315369606,0.16394652426242828,28.139198303222656,23.18634605407715,20.59388542175293
scene14_traj2_2__000045,0.11993478238582611,0.17283228039741516,0.8013632297515869,0.6771990656852722,1.149518609046936,32.826087951660156,28.19038963317871,0.11993478238582611,0.17283228039741516,39.43586349487305,32.826087951660156,28.19038963317871,0.11993477493524551,0.17283225059509277,0.5763431787490845,0.4960581362247467,0.8382419943809509,23.21999740600586,20.720306396484375,0.11993477493524551,0.17283225059509277,27.912803649902344,23.21999740600586,20.720306396484375
scene14_traj2_2__000046,0.12270201742649078,0.17545582354068756,0.7924038171768188,0.6675267219543457,1.1376895904541016,32.21109390258789,27.77250862121582,0.12270201742649078,0.17545582354068756,38.911197662353516,32.21109390258789,27.77250862121582,0.1227019876241684,0.17545580863952637,0.5685243010520935,0.48521995544433594,0.8256614804267883,22.500041961669922,19.910682678222656,0.1227019876241684,0.17545580863952637,27.375242233276367,22.500041961669922,19.910682678222656
scene14_traj2_2__000047,0.12330982089042664,0.1763676404953003,0.7852603197097778,0.6443759202957153,1.1129119396209717,31.001056671142578,26.50724220275879,0.12330982089042664,0.1763676404953003,38.04167938232422,31.001056671142578,26.50724220275879,0.12330981343984604,0.1763676255941391,0.5753297209739685,0.4851005971431732,0.8298273682594299,22.79529571533203,20.360994338989258,0.12330981343984604,0.1763676255941391,27.57036018371582,22.79529571533203,20.360994338989258
scene14_traj2_2__000048,0.12377706915140152,0.1764424592256546,0.7869258522987366,0.6731374859809875,1.136220932006836,32.31090545654297,27.858386993408203,0.12377706915140152,0.1764424592256546,38.83087921142578,32.31090545654297,27.858386993408203,0.12377705425024033,0.1764424443244934,0.5692591071128845,0.48785877227783203,0.8271445631980896,22.62045669555664,20.051605224609375,0.12377705425024033,0.1764424443244934,27.456682205200195,22.62045669555664,20.051605224609375
scene14_traj2_2__000049,0.12329119443893433,0.17632780969142914,0.790153980255127,0.6676822900772095,1.1349250078201294,31.735000610351562,27.259790420532227,0.12329119443893433,0.17632780969142914,38.80428695678711,31.735000610351562,27.259790420532227,0.12329117208719254,0.17632779479026794,0.5627231001853943,0.47931385040283203,0.8162257671356201,21.814132690429688,19.19007682800293,0.12329117208719254,0.17632779479026794,27.053939819335938,21.814132690429688,19.19007682800293
scene14_traj2_2__000050,0.12451089918613434,0.17815853655338287,0.7918648719787598,0.6520286202430725,1.1214134693145752,31.111562728881836,26.478992462158203,0.12451089918613434,0.17815853655338287,38.338932037353516,31.111562728881836,26.478992462158203,0.12451086938381195,0.17815852165222168,0.5636183619499207,0.4882163107395172,0.8200128078460693,22.118690490722656,19.59751319885254,0.12451086938381195,0.17815852165222168,27.28362464904785,22.118690490722656,19.59751319885254
scene14_traj2_2__000051,0.12345388531684875,0.17753639817237854,0.7986199855804443,0.6704030632972717,1.1443120241165161,32.0382080078125,27.599618911743164,0.12345388531684875,0.17753639817237854,39.17137145996094,32.0382080078125,27.599618911743164,0.12345388531684875,0.17753636837005615,0.5522350668907166,0.4812414050102234,0.8075045943260193,21.161468505859375,18.45473861694336,0.12345388531684875,0.17753636837005615,26.750442504882812,21.161468505859375,18.45473861694336
scene14_traj2_2__000052,0.12341351062059402,0.1775224804878235,0.78749680519104,0.6570267677307129,1.1241732835769653,30.678058624267578,26.012310028076172,0.12341351062059402,0.1775224804878235,38.44086456298828,30.678058624267578,26.012310028076172,0.12341348826885223,0.1775224655866623,0.5527582168579102,0.4760979115962982,0.8032851219177246,20.98046875,18.288959503173828,0.12341348826885223,0.1775224655866623,26.632448196411133,20.98046875,18.288959503173828
scene14_traj2_2__000053,0.1256871223449707,0.1806308776140213,0.7959586381912231,0.6765449643135071,1.1462594270706177,32.0992546081543,27.539987564086914,0.1256871223449707,0.1806308776140213,39.20838165283203,32.0992546081543,27.539987564086914,0.1256871074438095,0.1806308478116989,0.5535284280776978,0.48249396681785583,0.808222770690918,21.27295684814453,18.589014053344727,0.1256871074438095,0.1806308478116989,26.850326538085938,21.27295684814453,18.589014053344727
scene14_traj2_2__000054,0.12510241568088531,0.1800033003091812,0.7971572279930115,0.6673314571380615,1.14096999168396,31.450647354125977,26.924755096435547,0.12510241568088531,0.1800033003091812,39.06199645996094,31.450647354125977,26.924755096435547,0.12510240077972412,0.18000328540802002,0.5429527759552002,0.46605274081230164,0.7883684635162354,20.079235076904297,17.289020538330078,0.12510240077972412,0.18000328540802002,26.045103073120117,20.079235076904297,17.289020538330078
scene14_traj2_2__000055,0.12685057520866394,0.18291087448596954,0.7919291257858276,0.6723231673240662,1.1385055780410767,31.202781677246094,26.655147552490234,0.12685057520866394,0.18291087448596954,38.9211311340332,31.202781677246094,26.655147552490234,0.12685057520866394,0.18291084468364716,0.5459192991256714,0.470410019159317,0.7934068441390991,20.39212989807129,17.72772789001465,0.12685057520866394,0.18291084468364716,26.31576919555664,20.39212989807129,17.72772789001465
scene14_traj2_2__000056,0.12761054933071136,0.18359678983688354,0.7901659607887268,0.690220296382904,1.1528249979019165,32.30069351196289,27.81694793701172,0.12761054933071136,0.18359678983688354,39.50920486450195,32.30069351196289,27.81694793701172,0.12761054933071136,0.18359678983688354,0.5424997210502625,0.4719398319721222,0.7916168570518494,20.33551025390625,17.57231903076172,0.12761054933071136,0.18359678983688354,26.231891632080078,20.33551025390625,17.57231903076172
scene14_traj2_2__000057,0.1265590786933899,0.1822752207517624,0.7923048138618469,0.6679297685623169,1.1363403797149658,30.993736267089844,26.4327392578125,0.1265590786933899,0.1822752207517624,38.91041564941406,30.993736267089844,26.4327392578125,0.1265590488910675,0.1822752207517624,0.5422040820121765,0.46263688802719116,0.7857141494750977,19.899707794189453,17.123699188232422,0.1265590488910675,0.1822752207517624,25.9841251373291,19.899707794189453,17.123699188232422
scene14_traj2_2__000058,0.1300409883260727,0.18680216372013092,0.7860793471336365,0.6723690629005432,1.134594440460205,31.341405868530273,27.035593032836914,0.1300409883260727,0.18680216372013092,38.69749069213867,31.341405868530273,27.035593032836914,0.1300409734249115,0.18680214881896973,0.550861120223999,0.47070565819740295,0.7962578535079956,20.893558502197266,18.440540313720703,0.1300409734249115,0.18680214881896973,26.463275909423828,20.893558502197266,18.440540313720703
scene14_traj2_2__000059,0.1302921175956726,0.1862494945526123,0.7791604399681091,0.6953675746917725,1.1508208513259888,32.64992904663086,28.71235466003418,0.1302921175956726,0.1862494945526123,39.28593063354492,32.64992904663086,28.71235466003418,0.13029208779335022,0.18624946475028992,0.540932297706604,0.4596875011920929,0.7834101915359497,20.111797332763672,17.420806884765625,0.13029208779335022,0.18624946475028992,25.909761428833008,20.111797332763672,17.420806884765625
scene14_traj2_2__000060,0.1298092156648636,0.1864936500787735,0.7811146974563599,0.6796926856040955,1.1379492282867432,31.59906578063965,27.413476943969727,0.1298092156648636,0.1864936500787735,38.825584411621094,31.59906578063965,27.413476943969727,0.1298092007637024,0.1864936202764511,0.5522080659866333,0.46232783794403076,0.7930595278739929,20.72121238708496,18.30084800720215,0.1298092007637024,0.1864936202764511,26.298730850219727,20.72121238708496,18.30084800720215
scene14_traj2_2__000061,0.12936519086360931,0.1863962560892105,0.7807873487472534,0.7179684042930603,1.1697299480438232,33.55077362060547,29.62700653076172,0.12936519086360931,0.1863962560892105,39.89936828613281,33.55077362060547,29.62700653076172,0.12936519086360931,0.18639624118804932,0.5501643419265747,0.4699310064315796,0.7966058850288391,20.85406494140625,18.277666091918945,0.12936519086360931,0.18639624118804932,26.44422149658203,20.85406494140625,18.277666091918945
scene14_traj2_2__000062,0.1282448172569275,0.18491989374160767,0.784530758857727,0.7100774049758911,1.166189432144165,32.99736022949219,28.944623947143555,0.1282448172569275,0.18491989374160767,39.869747161865234,32.99736022949219,28.944623947143555,0.1282448172569275,0.18491986393928528,0.542970597743988,0.45721063017845154,0.7829078435897827,19.921375274658203,17.194990158081055,0.1282448172569275,0.18491986393928528,25.87820816040039,19.921375274658203,17.194990158081055
scene14_traj2_2__000063,0.12869085371494293,0.18626664578914642,0.7854533195495605,0.7063755989074707,1.1607294082641602,32.363590240478516,28.012283325195312,0.12869085371494293,0.18626664578914642,39.67552947998047,32.363590240478516,28.012283325195312,0.12869085371494293,0.18626663088798523,0.545667827129364,0.46148306131362915,0.7871461510658264,20.247867584228516,17.66303062438965,0.12869085371494293,0.18626663088798523,26.109983444213867,20.247867584228516,17.66303062438965
scene14_traj2_2__000064,0.12347588688135147,0.1807013303041458,0.7962994575500488,0.701719343662262,1.1674774885177612,32.608402252197266,28.32060432434082,0.12347588688135147,0.1807013303041458,39.93431091308594,32.608402252197266,28.32060432434082,0.12347585707902908,0.18070131540298462,0.5284671783447266,0.45468202233314514,0.7690919637680054,18.806814193725586,15.754511833190918,0.12347585707902908,0.18070131540298462,25.390235900878906,18.806814193725586,15.754511833190918
scene14_traj2_2__000065,0.12254683673381805,0.18078568577766418,0.7969067692756653,0.7072386741638184,1.1715912818908691,32.61335754394531,28.069900512695312,0.12254683673381805,0.18078568577766418,40.09096145629883,32.61335754394531,28.069900512695312,0.12254682928323746,0.18078568577766418,0.5293748378753662,0.45503076910972595,0.7697017788887024,18.864662170410156,15.726887702941895,0.12254682928323746,0.18078568577766418,25.430999755859375,18.864662170410156,15.726887702941895
scene14_traj2_2__000066,0.12269733846187592,0.1805877685546875,0.8000751733779907,0.7344017028808594,1.1973438262939453,34.621482849121094,30.470855712890625,0.12269733846187592,0.1805877685546875,41.11577224731445,34.621482849121094,30.470855712890625,0.12269733846187592,0.1805877536535263,0.5284839272499084,0.4594114124774933,0.7723649740219116,18.966827392578125,15.698467254638672,0.12269733846187592,0.1805877536535263,25.511327743530273,18.966827392578125,15.698467254638672
scene14_traj2_2__000067,0.12194032222032547,0.1805383712053299,0.7985444068908691,0.7138774991035461,1.180292010307312,33.30589294433594,29.191165924072266,0.12194032222032547,0.1805383712053299,40.42445373535156,33.30589294433594,29.191165924072266,0.12194030731916428,0.1805383563041687,0.5132240056991577,0.44781064987182617,0.750729501247406,17.611589431762695,14.18476390838623,0.12194030731916428,0.1805383563041687,24.70819091796875,17.611589431762695,14.18476390838623
scene14_traj2_2__000068,0.123419851064682,0.18223139643669128,0.7942600250244141,0.6970797181129456,1.1619185209274292,32.52397537231445,28.333736419677734,0.123419851064682,0.18223139643669128,39.68304443359375,32.52397537231445,28.333736419677734,0.12341983616352081,0.18223139643669128,0.5206181406974792,0.45370087027549744,0.7603911757469177,18.278486251831055,14.96713924407959,0.12341983616352081,0.18223139643669128,25.105138778686523,18.278486251831055,14.96713924407959
scene14_traj2_2__000069,0.12539541721343994,0.1839216947555542,0.7948040962219238,0.7369948625564575,1.195608377456665,35.166236877441406,31.638185501098633,0.12539541721343994,0.1839216947555542,40.97468185424805,35.166236877441406,31.638185501098633,0.12539540231227875,0.183921679854393,0.5299056172370911,0.46107229590415955,0.7749900221824646,19.380136489868164,16.255863189697266,0.12539540231227875,0.183921679854393,25.612323760986328,19.380136489868164,16.255863189697266
scene14_traj2_2__000070,0.1261838972568512,0.185602068901062,0.791412353515625,0.7370460629463196,1.194642186164856,35.28135681152344,31.920862197875977,0.1261838972568512,0.185602068901062,40.911346435546875,35.28135681152344,31.920862197875977,0.12618388235569,0.18560205399990082,0.5438675880432129,0.46420684456825256,0.790917694568634,20.295612335205078,17.160669326782227,0.12618388235569,0.18560205399990082,26.207923889160156,20.295612335205078,17.160669326782227
scene14_traj2_2__000071,0.12801481783390045,0.1877579540014267,0.7895179390907288,0.7577844858169556,1.211633563041687,36.279136657714844,32.84292984008789,0.12801481783390045,0.1877579540014267,41.581787109375,36.279136657714844,32.84292984008789,0.12801480293273926,0.1877579391002655,0.546320378780365,0.47262096405029297,0.7987902760505676,20.773603439331055,17.644100189208984,0.12801480293273926,0.1877579391002655,26.514053344726562,20.773603439331055,17.644100189208984
scene14_traj2_2__000072,0.12833094596862793,0.18917855620384216,0.798925518989563,0.7479615211486816,1.2095084190368652,36.221435546875,32.74307632446289,0.12833094596862793,0.18917855620384216,41.563961029052734,36.221435546875,32.74307632446289,0.12833093106746674,0.18917855620384216,0.5426121950149536,0.47298386693000793,0.7959665060043335,20.500648498535156,17.18097496032715,0.12833093106746674,0.18917855620384216,26.40460205078125,20.500648498535156,17.18097496032715
scene14_traj2_2__000073,0.12870268523693085,0.19070936739444733,0.7946262359619141,0.7149441242218018,1.180294394493103,34.45363998413086,30.76020622253418,0.12870268523693085,0.19070936739444733,40.37739181518555,34.45363998413086,30.76020622253418,0.12870267033576965,0.19070936739444733,0.5410187840461731,0.4681621491909027,0.7907713651657104,20.238788604736328,16.85382652282715,0.12870267033576965,0.19070936739444733,26.249120712280273,20.238788604736328,16.85382652282715
scene14_traj2_2__000074,0.1295810341835022,0.19156934320926666,0.8048937916755676,0.7458558678627014,1.2128472328186035,36.45420455932617,32.90357971191406,0.1295810341835022,0.19156934320926666,41.7140998840332,36.45420455932617,32.90357971191406,0.1295810341835022,0.19156931340694427,0.5402806997299194,0.481362521648407,0.7993899583816528,20.6112003326416,17.07370376586914,0.1295810341835022,0.19156931340694427,26.577632904052734,20.6112003326416,17.07370376586914
scene14_traj2_2__000075,0.1280566304922104,0.1902165710926056,0.8004931807518005,0.7411485314369202,1.205636978149414,35.54253005981445,31.769819259643555,0.1280566304922104,0.1902165710926056,41.39573287963867,35.54253005981445,31.769819259643555,0.1280566304922104,0.1902165710926056,0.5373504161834717,0.46830230951309204,0.7880614399909973,20.08102798461914,16.586212158203125,0.1280566304922104,0.1902165710926056,26.155868530273438,20.08102798461914,16.586212158203125
scene14_traj2_2__000076,0.129085510969162,0.19140243530273438,0.8010128140449524,0.7279142737388611,1.1944900751113892,35.288421630859375,31.38741111755371,0.129085510969162,0.19140243530273438,40.99890899658203,35.288421630859375,31.38741111755371,0.1290854811668396,0.19140242040157318,0.5394108891487122,0.48159635066986084,0.7995874285697937,20.53265380859375,16.861473083496094,0.1290854811668396,0.19140242040157318,26.608129501342773,20.53265380859375,16.861473083496094
scene14_traj2_2__000077,0.12725867331027985,0.1890610307455063,0.803568959236145,0.7433664798736572,1.209659218788147,36.04291915893555,32.435543060302734,0.12725867331027985,0.1890610307455063,41.59648513793945,36.04291915893555,32.435543060302734,0.12725865840911865,0.1890610307455063,0.5344308614730835,0.4745755195617676,0.7902098298072815,20.033723831176758,16.29532814025879,0.12725865840911865,0.1890610307455063,26.225196838378906,20.033723831176758,16.29532814025879
scene14_traj2_2__000078,0.1263047754764557,0.18838447332382202,0.7970371246337891,0.7332947254180908,1.1958156824111938,35.19569396972656,31.21603775024414,0.1263047754764557,0.18838447332382202,41.06660079956055,35.19569396972656,31.21603775024414,0.1263047456741333,0.18838445842266083,0.5372260808944702,0.4778411388397217,0.7953727841377258,20.27894401550293,16.533353805541992,0.1263047456741333,0.18838445842266083,26.444028854370117,20.27894401550293,16.533353805541992
scene14_traj2_2__000079,0.1266506016254425,0.18862728774547577,0.8115368485450745,0.7514094114303589,1.222986102104187,36.91449737548828,33.229766845703125,0.1266506016254425,0.18862728774547577,42.1550407409668,36.91449737548828,33.229766845703125,0.1266506016254425,0.18862727284431458,0.5359616875648499,0.48373740911483765,0.7990047335624695,20.375696182250977,16.528610229492188,0.1266506016254425,0.18862727284431458,26.52271270751953,20.375696182250977,16.528610229492188
scene14_traj2_2__000080,0.12527628242969513,0.18837766349315643,0.8084986209869385,0.7257665991783142,1.199172019958496,35.3326530456543,31.282306671142578,0.12527628242969513,0.18837766349315643,41.273738861083984,35.3326530456543,31.282306671142578,0.12527625262737274,0.18837764859199524,0.5438448190689087,0.48482346534729004,0.8062954545021057,20.62620735168457,16.58286476135254,0.12527625262737274,0.18837764859199524,26.847129821777344,20.62620735168457,16.58286476135254
scene14_traj2_2__000081,0.12635569274425507,0.1891661137342453,0.8123601078987122,0.733433723449707,1.2079823017120361,36.13987350463867,31.946125030517578,0.12635569274425507,0.1891661137342453,41.64323043823242,36.13987350463867,31.946125030517578,0.12635566294193268,0.1891660988330841,0.5401571989059448,0.49297070503234863,0.8087363839149475,20.847246170043945,16.72687530517578,0.12635566294193268,0.1891660988330841,26.945650100708008,20.847246170043945,16.72687530517578
scene14_traj2_2__000082,0.1254047155380249,0.1887979358434677,0.8095868825912476,0.7383449673652649,1.2106963396072388,35.899539947509766,31.87891960144043,0.1254047155380249,0.1887979358434677,41.73954772949219,35.899539947509766,31.87891960144043,0.1254047006368637,0.18879790604114532,0.5331541299819946,0.48024505376815796,0.7934216260910034,19.932144165039062,15.84885311126709,0.1254047006368637,0.18879790604114532,26.36664390563965,19.932144165039062,15.84885311126709
scene14_traj2_2__000083,0.12650318443775177,0.19049635529518127,0.8127476572990417,0.7332581877708435,1.2102688550949097,35.7708854675293,31.850711822509766,0.12650318443775177,0.19049635529518127,41.64852523803711,35.7708854675293,31.850711822509766,0.12650315463542938,0.19049634039402008,0.5317063927650452,0.48228511214256287,0.7935538291931152,19.76264762878418,15.700461387634277,0.12650315463542938,0.19049634039402008,26.38292121887207,19.76264762878418,15.700461387634277
scene14_traj2_2__000084,0.12492695450782776,0.18758131563663483,0.8328983187675476,0.732633650302887,1.225510597229004,36.330909729003906,32.741355895996094,0.12492695450782776,0.18758131563663483,42.32752227783203,36.330909729003906,32.741355895996094,0.12492693960666656,0.18758130073547363,0.5224173665046692,0.4823022782802582,0.7845650911331177,19.195594787597656,15.147292137145996,0.12492693960666656,0.18758130073547363,26.005016326904297,19.195594787597656,15.147292137145996
scene14_traj2_2__000085,0.12349756807088852,0.1873420625925064,0.825795590877533,0.7119328379631042,1.2062008380889893,34.551544189453125,30.637819290161133,0.12349756807088852,0.1873420625925064,41.609737396240234,34.551544189453125,30.637819290161133,0.12349754571914673,0.18734204769134521,0.5141632556915283,0.4733673334121704,0.7695804834365845,18.14517593383789,14.044753074645996,0.12349754571914673,0.18734204769134521,25.45184326171875,18.14517593383789,14.044753074645996
scene14_traj2_2__000086,0.12351903319358826,0.18688753247261047,0.8225135803222656,0.7168543934822083,1.2069975137710571,35.056495666503906,31.061485290527344,0.12351903319358826,0.18688753247261047,41.623416900634766,35.056495666503906,31.061485290527344,0.12351901829242706,0.18688751757144928,0.5075534582138062,0.4789563715457916,0.7692834734916687,18.074663162231445,13.779413223266602,0.12351901829242706,0.18688751757144928,25.4739933013916,18.074663162231445,13.779413223266602
scene14_traj2_2__000087,0.12247688323259354,0.18628177046775818,0.8359813690185547,0.7216614484786987,1.2248485088348389,35.13153076171875,31.274505615234375,0.12247688323259354,0.18628177046775818,42.4777717590332,35.13153076171875,31.274505615234375,0.12247686833143234,0.18628175556659698,0.5060468912124634,0.4754275381565094,0.7629547119140625,17.597688674926758,13.442813873291016,0.12247686833143234,0.18628175556659698,25.19693374633789,17.597688674926758,13.442813873291016
scene14_traj2_2__000088,0.12363968044519424,0.18854588270187378,0.8353238105773926,0.7040470242500305,1.2096532583236694,34.320556640625,30.3284854888916,0.12363968044519424,0.18854588270187378,41.84777069091797,34.320556640625,30.3284854888916,0.12363967299461365,0.1885458528995514,0.5015060305595398,0.46978721022605896,0.7548038959503174,17.120960235595703,12.873452186584473,0.12363967299461365,0.1885458528995514,24.890134811401367,17.120960235595703,12.873452186584473
scene14_traj2_2__000089,0.12459386140108109,0.18991805613040924,0.8351792693138123,0.7119103074073792,1.2145090103149414,34.86470413208008,30.853239059448242,0.12459386140108109,0.18991805613040924,42.008487701416016,34.86470413208008,30.853239059448242,0.12459384649991989,0.18991804122924805,0.5042881965637207,0.47661635279655457,0.7640211582183838,17.651958465576172,13.362486839294434,0.12459384649991989,0.18991804122924805,25.236047744750977,17.651958465576172,13.362486839294434
scene14_traj2_2__000090,0.12304621189832687,0.1875012069940567,0.8311311602592468,0.7024689316749573,1.2052668333053589,33.918914794921875,30.011180877685547,0.12304621189832687,0.1875012069940567,41.65532302856445,33.918914794921875,30.011180877685547,0.12304618954658508,0.1875011920928955,0.5004861354827881,0.4715230166912079,0.7548477649688721,17.070268630981445,12.873400688171387,0.12304618954658508,0.1875011920928955,24.918546676635742,17.070268630981445,12.873400688171387
scene14_traj2_2__000091,0.12412943691015244,0.18925966322422028,0.8298424482345581,0.698492705821991,1.1991891860961914,33.66883850097656,29.538013458251953,0.12412943691015244,0.18925966322422028,41.42576217651367,33.66883850097656,29.538013458251953,0.12412942200899124,0.18925966322422028,0.4976544678211212,0.46972259879112244,0.7517335414886475,16.802892684936523,12.436408042907715,0.12412942200899124,0.18925966322422028,24.80668067932129,16.802892684936523,12.436408042907715
scene14_traj2_2__000092,0.12629719078540802,0.1907843053340912,0.8367540836334229,0.7304533123970032,1.230962872505188,35.78818893432617,32.12126922607422,0.12629719078540802,0.1907843053340912,42.59267807006836,35.78818893432617,32.12126922607422,0.12629717588424683,0.1907842755317688,0.5053089261054993,0.4733532667160034,0.7617444396018982,17.69766616821289,13.580409049987793,0.12629717588424683,0.1907842755317688,25.195354461669922,17.69766616821289,13.580409049987793
scene14_traj2_2__000093,0.12940359115600586,0.19533227384090424,0.8145424723625183,0.7210450172424316,1.2053472995758057,34.24848175048828,30.432228088378906,0.12940359115600586,0.19533227384090424,41.53852081298828,34.24848175048828,30.432228088378906,0.12940359115600586,0.19533225893974304,0.5107018947601318,0.4642803370952606,0.7595474720001221,17.727088928222656,13.959155082702637,0.12940359115600586,0.19533225893974304,25.097856521606445,17.727088928222656,13.959155082702637
scene14_traj2_2__000094,0.13415734469890594,0.20228078961372375,0.8073520660400391,0.7104549407958984,1.1880799531936646,33.69291687011719,29.610960006713867,0.13415734469890594,0.20228078961372375,40.77098083496094,33.69291687011719,29.610960006713867,0.13415734469890594,0.20228075981140137,0.5058034062385559,0.4644090235233307,0.7563449740409851,17.600065231323242,13.652073860168457,0.13415734469890594,0.20228075981140137,25.05533218383789,17.600065231323242,13.652073860168457
scene14_traj2_2__000095,0.13318821787834167,0.20060527324676514,0.815073549747467,0.7237688899040222,1.2080134153366089,34.443443298339844,30.61854362487793,0.13318821787834167,0.20060527324676514,41.61801528930664,34.443443298339844,30.61854362487793,0.13318821787834167,0.20060527324676514,0.5047253370285034,0.45530346035957336,0.7486076951026917,17.189788818359375,13.339702606201172,0.13318821787834167,0.20060527324676514,24.694395065307617,17.189788818359375,13.339702606201172
scene14_traj2_2__000096,0.13317859172821045,0.2012096643447876,0.8099579811096191,0.7105128169059753,1.1914135217666626,33.372039794921875,29.403287887573242,0.13317859172821045,0.2012096643447876,40.93571853637695,33.372039794921875,29.403287887573242,0.13317857682704926,0.2012096643447876,0.5074039697647095,0.45749419927597046,0.7518131136894226,17.386608123779297,13.629853248596191,0.13317857682704926,0.2012096643447876,24.851455688476562,17.386608123779297,13.629853248596191
scene14_traj2_2__000097,0.1314346343278885,0.19884993135929108,0.8243984580039978,0.733818531036377,1.2246463298797607,35.179874420166016,31.281240463256836,0.1314346343278885,0.19884993135929108,42.31119918823242,35.179874420166016,31.281240463256836,0.1314346194267273,0.19884991645812988,0.5040507316589355,0.46490535140037537,0.7543864250183105,17.33936882019043,13.309850692749023,0.1314346194267273,0.19884991645812988,24.925233840942383,17.33936882019043,13.309850692749023
scene14_traj2_2__000098,0.1274104118347168,0.19535566866397858,0.8326783776283264,0.7058542370796204,1.209052562713623,33.502017974853516,29.3089656829834,0.1274104118347168,0.19535566866397858,41.848175048828125,33.502017974853516,29.3089656829834,0.1274103820323944,0.19535565376281738,0.4970146715641022,0.46468618512153625,0.7465510964393616,16.462507247924805,12.205825805664062,0.1274103820323944,0.19535565376281738,24.607982635498047,16.462507247924805,12.205825805664062
scene14_traj2_2__000099,0.12649017572402954,0.1962129920721054,0.8457595109939575,0.6710605621337891,1.1878905296325684,32.24481201171875,27.312894821166992,0.12649017572402954,0.1962129920721054,41.215232849121094,32.24481201171875,27.312894821166992,0.12649016082286835,0.19621296226978302,0.4824056625366211,0.4700976312160492,0.7379708886146545,15.476506233215332,10.497356414794922,0.12649016082286835,0.19621296226978302,24.343318939208984,15.476506233215332,10.497356414794922
scene14_traj2_2__000100,0.12133520841598511,0.18918593227863312,0.8642316460609436,0.7037714719772339,1.2358583211898804,34.386966705322266,30.057588577270508,0.12133520841598511,0.18918593227863312,43.11029815673828,34.386966705322266,30.057588577270508,0.12133518606424332,0.18918590247631073,0.4914313852787018,0.4730241298675537,0.7474364042282104,15.860440254211426,11.052742958068848,0.12133518606424332,0.18918590247631073,24.58327293395996,15.860440254211426,11.052742958068848
scene14_traj2_2__000101,0.12099120020866394,0.1890369951725006,0.8595045208930969,0.6687122583389282,1.1987332105636597,31.972537994384766,26.97470474243164,0.12099120020866394,0.1890369951725006,41.71987533569336,31.972537994384766,26.97470474243164,0.12099117785692215,0.18903698027133942,0.4857020676136017,0.4698390066623688,0.7390328645706177,15.26860523223877,10.292475700378418,0.12099117785692215,0.18903698027133942,24.320419311523438,15.26860523223877,10.292475700378418
scene14_traj2_2__000102,0.12058955430984497,0.18782645463943481,0.8565799593925476,0.7111773490905762,1.2343945503234863,34.393917083740234,29.86992073059082,0.12058955430984497,0.18782645463943481,42.957618713378906,34.393917083740234,29.86992073059082,0.12058954685926437,0.18782642483711243,0.4945968985557556,0.47473955154418945,0.7514120936393738,16.232524871826172,11.359838485717773,0.12058954685926437,0.18782642483711243,24.73691749572754,16.232524871826172,11.359838485717773
scene14_traj2_2__000103,0.12095770984888077,0.1874036341905594,0.8465179204940796,0.6959623694419861,1.2102655172348022,32.9852180480957,28.276737213134766,0.12095770984888077,0.1874036341905594,41.96488952636719,32.9852180480957,28.276737213134766,0.12095768749713898,0.1874036341905594,0.4895184338092804,0.4661414325237274,0.740382194519043,15.69948673248291,10.950078010559082,0.12095768749713898,0.1874036341905594,24.372024536132812,15.69948673248291,10.950078010559082
scene14_traj2_2__000104,0.12480263411998749,0.19099821150302887,0.8305162191390991,0.7054669857025146,1.2009881734848022,33.88482666015625,29.26097297668457,0.12480263411998749,0.19099821150302887,41.46601104736328,33.88482666015625,29.26097297668457,0.12480262666940689,0.19099819660186768,0.49712198972702026,0.47029638290405273,0.7522891759872437,16.742998123168945,12.033940315246582,0.12480262666940689,0.19099819660186768,24.86100196838379,16.742998123168945,12.033940315246582
scene14_traj2_2__000105,0.12515006959438324,0.18907423317432404,0.8151671290397644,0.7310233116149902,1.2104136943817139,34.41973114013672,30.180452346801758,0.12515006959438324,0.18907423317432404,41.68236541748047,34.41973114013672,30.180452346801758,0.12515006959438324,0.18907421827316284,0.5026201009750366,0.4622099995613098,0.7521006464958191,17.126174926757812,12.904274940490723,0.12515006959438324,0.18907421827316284,24.827592849731445,17.126174926757812,12.904274940490723
scene14_traj2_2__000106,0.12639206647872925,0.19187110662460327,0.8108147382736206,0.7139529585838318,1.1916738748550415,33.526790618896484,29.14089012145996,0.12639206647872925,0.19187110662460327,40.9533805847168,33.526790618896484,29.14089012145996,0.12639205157756805,0.19187110662460327,0.5005291104316711,0.4609411954879761,0.7486145496368408,16.961339950561523,12.700830459594727,0.12639205157756805,0.19187110662460327,24.730318069458008,16.961339950561523,12.700830459594727
scene14_traj2_2__000107,0.1293080598115921,0.19476506114006042,0.81263267993927,0.7200877070426941,1.1979671716690063,34.31756591796875,30.224010467529297,0.1293080598115921,0.19476506114006042,41.13527297973633,34.31756591796875,30.224010467529297,0.1293080598115921,0.19476504623889923,0.5069417953491211,0.4629158675670624,0.7555285692214966,17.558387756347656,13.40530776977539,0.1293080598115921,0.19476504623889923,24.994810104370117,17.558387756347656,13.40530776977539
scene14_traj2_2__000108,0.13577573001384735,0.20211508870124817,0.784575879573822,0.7387826442718506,1.191208004951477,34.311851501464844,30.6015682220459,0.13577573001384735,0.20211508870124817,40.681007385253906,34.311851501464844,30.6015682220459,0.13577571511268616,0.20211507380008698,0.5217794179916382,0.4508771300315857,0.7612748742103577,18.43710708618164,14.953470230102539,0.13577571511268616,0.20211507380008698,25.20259666442871,18.43710708618164,14.953470230102539
scene14_traj2_2__000109,0.1391833871603012,0.20739050209522247,0.7938774228096008,0.7309871315956116,1.1909102201461792,34.182891845703125,29.91810417175293,0.1391833871603012,0.20739050209522247,40.80611038208008,34.182891845703125,29.91810417175293,0.13918337225914001,0.20739050209522247,0.5152071118354797,0.4601258933544159,0.7618650794029236,18.476465225219727,14.769586563110352,0.13918337225914001,0.20739050209522247,25.268953323364258,18.476465225219727,14.769586563110352
scene14_traj2_2__000110,0.138072207570076,0.20595626533031464,0.7954429984092712,0.7435674071311951,1.2043746709823608,34.96706008911133,31.018035888671875,0.138072207570076,0.20595626533031464,41.2876091003418,34.96706008911133,31.018035888671875,0.1380721926689148,0.20595626533031464,0.5159683227539062,0.4564547538757324,0.7604597806930542,18.31268310546875,14.590065956115723,0.1380721926689148,0.20595626533031464,25.17101287841797,18.31268310546875,14.590065956115723
scene14_traj2_2__000111,0.1376233696937561,0.20588815212249756,0.7922950983047485,0.7283971309661865,1.1889207363128662,33.87199783325195,29.769269943237305,0.1376233696937561,0.20588815212249756,40.69307327270508,33.87199783325195,29.769269943237305,0.1376233547925949,0.20588813722133636,0.5191434025764465,0.4520264267921448,0.7593697905540466,18.28691291809082,14.70030689239502,0.1376233547925949,0.20588813722133636,25.15169906616211,18.28691291809082,14.70030689239502
scene14_traj2_2__000112,0.13605158030986786,0.20393148064613342,0.8004742860794067,0.7226744890213013,1.189024806022644,33.911521911621094,29.45057487487793,0.13605158030986786,0.20393148064613342,40.81093215942383,33.911521911621094,29.45057487487793,0.13605158030986786,0.20393148064613342,0.5109981894493103,0.4646497964859009,0.7608410716056824,18.259990692138672,14.359894752502441,0.13605158030986786,0.20393148064613342,25.20733642578125,18.259990692138672,14.359894752502441
scene14_traj2_2__000113,0.12947222590446472,0.1960316151380539,0.8127244114875793,0.7353298664093018,1.2103439569473267,34.32709503173828,29.922279357910156,0.12947222590446472,0.1960316151380539,41.6346435546875,34.32709503173828,29.922279357910156,0.12947222590446472,0.1960316002368927,0.5117401480674744,0.4549107253551483,0.7552220821380615,17.489032745361328,13.38635540008545,0.12947222590446472,0.1960316002368927,24.930103302001953,17.489032745361328,13.38635540008545
scene14_traj2_2__000114,0.12846219539642334,0.19633705914020538,0.8217881321907043,0.6497724056243896,1.141187310218811,30.311281204223633,24.650650024414062,0.12846219539642334,0.19633705914020538,39.2283935546875,30.311281204223633,24.650650024414062,0.12846215069293976,0.196337029337883,0.5004897117614746,0.46100616455078125,0.7491978406906128,16.744338989257812,12.182795524597168,0.12846215069293976,0.196337029337883,24.76385498046875,16.744338989257812,12.182795524597168
scene14_traj2_2__000115,0.12706111371517181,0.19434793293476105,0.830416738986969,0.7181583046913147,1.2083245515823364,34.016639709472656,29.309106826782227,0.12706111371517181,0.19434793293476105,41.65683364868164,34.016639709472656,29.309106826782227,0.12706109881401062,0.19434793293476105,0.5064271092414856,0.4650843143463135,0.7573598027229309,17.30472755432129,12.943845748901367,0.12706109881401062,0.19434793293476105,24.98552131652832,17.30472755432129,12.943845748901367
scene14_traj2_2__000116,0.1269465833902359,0.19481319189071655,0.8290277719497681,0.6942631602287292,1.1869745254516602,32.36976623535156,27.29258155822754,0.1269465833902359,0.19481319189071655,40.95752716064453,32.36976623535156,27.29258155822754,0.1269465684890747,0.19481319189071655,0.5038576126098633,0.45822015404701233,0.748996376991272,16.694852828979492,12.364351272583008,0.1269465684890747,0.19481319189071655,24.702314376831055,16.694852828979492,12.364351272583008
scene14_traj2_2__000117,0.1394517868757248,0.21008555591106415,0.8100292086601257,0.7052546143531799,1.182180404663086,32.67587661743164,28.18090057373047,0.1394517868757248,0.21008555591106415,40.59904098510742,32.67587661743164,28.18090057373047,0.1394517719745636,0.21008554100990295,0.5072907209396362,0.44997188448905945,0.7469460368156433,17.139039993286133,13.444124221801758,0.1394517719745636,0.21008554100990295,24.661930084228516,17.139039993286133,13.444124221801758
scene14_traj2_2__000118,0.14792339503765106,0.21946585178375244,0.7891622185707092,0.6900675296783447,1.1523667573928833,31.96513557434082,27.829837799072266,0.14792339503765106,0.21946585178375244,39.280540466308594,31.96513557434082,27.829837799072266,0.14792338013648987,0.21946582198143005,0.519943356513977,0.44920945167541504,0.7577676773071289,18.34760284423828,15.142465591430664,0.14792338013648987,0.21946582198143005,25.12075424194336,18.34760284423828,15.142465591430664
scene14_traj2_2__000119,0.15031121671199799,0.22155441343784332,0.7940241694450378,0.740940511226654,1.200690507888794,34.6907844543457,31.090431213378906,0.15031121671199799,0.22155441343784332,41.028533935546875,34.6907844543457,31.090431213378906,0.1503112018108368,0.22155439853668213,0.5173651576042175,0.4445989727973938,0.7547922134399414,18.347301483154297,15.12487506866455,0.1503112018108368,0.22155439853668213,24.92259979248047,18.347301483154297,15.12487506866455
scene14_traj2_2__000120,0.1497964859008789,0.22115793824195862,0.7992674112319946,0.7266610860824585,1.1911240816116333,33.666664123535156,29.763504028320312,0.1497964859008789,0.22115793824195862,40.78276062011719,33.666664123535156,29.763504028320312,0.1497964859008789,0.22115792334079742,0.5219079852104187,0.43843021988868713,0.7539995312690735,18.348783493041992,15.270090103149414,0.1497964859008789,0.22115792334079742,24.9001407623291,18.348783493041992,15.270090103149414
scene14_traj2_2__000121,0.15224476158618927,0.22287872433662415,0.7875629663467407,0.7376247048377991,1.1935532093048096,34.932437896728516,31.396381378173828,0.15224476158618927,0.22287872433662415,40.72831726074219,34.932437896728516,31.396381378173828,0.15224474668502808,0.22287869453430176,0.5279666185379028,0.4519823491573334,0.7673833966255188,19.214252471923828,16.14362907409668,0.15224474668502808,0.22287869453430176,25.447864532470703,19.214252471923828,16.14362907409668
scene14_traj2_2__000122,0.14882603287696838,0.2177467793226242,0.7832958102226257,0.7437542676925659,1.1955400705337524,34.64053726196289,30.611854553222656,0.14882603287696838,0.2177467793226242,40.86221694946289,34.64053726196289,30.611854553222656,0.1488260179758072,0.2177467793226242,0.5381319522857666,0.45431843400001526,0.7789269089698792,19.948396682739258,16.742937088012695,0.1488260179758072,0.2177467793226242,25.8442440032959,19.948396682739258,16.742937088012695
scene14_traj2_2__000123,0.14517973363399506,0.21281322836875916,0.7787787914276123,0.749667227268219,1.1953339576721191,34.81582260131836,30.617795944213867,0.14517973363399506,0.21281322836875916,40.98061752319336,34.81582260131836,30.617795944213867,0.14517973363399506,0.21281321346759796,0.5399194359779358,0.46974438428878784,0.7903032898902893,20.344945907592773,16.956449508666992,0.14517973363399506,0.21281321346759796,26.32368278503418,20.344945907592773,16.956449508666992
scene14_traj2_2__000124,0.1345471888780594,0.19980023801326752,0.8015110492706299,0.7352352738380432,1.201427698135376,35.04942321777344,31.1674861907959,0.1345471888780594,0.19980023801326752,41.22077560424805,35.04942321777344,31.1674861907959,0.1345471739768982,0.19980022311210632,0.5230607390403748,0.4651409983634949,0.7725352048873901,18.893627166748047,15.26634693145752,0.1345471739768982,0.19980022311210632,25.62140655517578,18.893627166748047,15.26634693145752
scene14_traj2_2__000125,0.1343410164117813,0.20023640990257263,0.7955532670021057,0.7272913455963135,1.1917448043823242,34.21581268310547,30.357847213745117,0.1343410164117813,0.20023640990257263,40.78948974609375,34.21581268310547,30.357847213745117,0.13434098660945892,0.20023639500141144,0.525542676448822,0.4618408679962158,0.7716769576072693,18.84161376953125,15.243755340576172,0.13434098660945892,0.20023639500141144,25.592464447021484,18.84161376953125,15.243755340576172
scene14_traj2_2__000126,0.12954528629779816,0.19489158689975739,0.8184491991996765,0.7213904857635498,1.2069944143295288,34.98753356933594,31.075164794921875,0.12954528629779816,0.19489158689975739,41.550743103027344,34.98753356933594,31.075164794921875,0.12954527139663696,0.1948915719985962,0.5116652846336365,0.46994471549987793,0.7661973237991333,18.030670166015625,14.067683219909668,0.12954527139663696,0.1948915719985962,25.34239959716797,18.030670166015625,14.067683219909668
scene14_traj2_2__000127,0.12278436869382858,0.1868545114994049,0.8330073952674866,0.7154070138931274,1.218082070350647,34.39190673828125,30.45564842224121,0.12278436869382858,0.1868545114994049,42.168766021728516,34.39190673828125,30.45564842224121,0.12278436869382858,0.1868545114994049,0.5036646723747253,0.47057291865348816,0.7567293047904968,17.10551643371582,13.039604187011719,0.12278436869382858,0.1868545114994049,24.963960647583008,17.10551643371582,13.039604187011719
scene14_traj2_2__000128,0.11863398551940918,0.18136754631996155,0.8403974175453186,0.676106870174408,1.191262125968933,32.74540328979492,28.36084747314453,0.11863398551940918,0.18136754631996155,41.276641845703125,32.74540328979492,28.36084747314453,0.11863398551940918,0.18136753141880035,0.49086689949035645,0.47229546308517456,0.7454148530960083,16.130746841430664,11.694404602050781,0.11863398551940918,0.18136753141880035,24.525184631347656,16.130746841430664,11.694404602050781
scene14_traj2_2__000129,0.11517037451267242,0.17611339688301086,0.8589992523193359,0.7097681760787964,1.2354097366333008,35.227291107177734,31.350496292114258,0.11517037451267242,0.17611339688301086,43.02165603637695,35.227291107177734,31.350496292114258,0.11517035216093063,0.17611336708068848,0.49814775586128235,0.4794396758079529,0.7576671838760376,16.92010498046875,12.558736801147461,0.11517035216093063,0.17611336708068848,24.94521713256836,16.92010498046875,12.558736801147461
scene14_traj2_2__000130,0.11405092477798462,0.1750682145357132,0.8559665083885193,0.6869166493415833,1.215103268623352,33.75490951538086,29.747610092163086,0.11405092477798462,0.1750682145357132,42.24176025390625,33.75490951538086,29.747610092163086,0.11405089497566223,0.1750681847333908,0.4955900013446808,0.4780946969985962,0.7530011534690857,16.386646270751953,11.979875564575195,0.11405089497566223,0.1750681847333908,24.75814437866211,16.386646270751953,11.979875564575195
scene14_traj2_2__000131,0.11124972254037857,0.17021463811397552,0.8525787591934204,0.7053004503250122,1.2260184288024902,35.02203369140625,30.8870906829834,0.11124972254037857,0.17021463811397552,42.68169403076172,35.02203369140625,30.8870906829834,0.11124971508979797,0.17021460831165314,0.49196600914001465,0.48784002661705017,0.7580814957618713,16.69723129272461,11.873921394348145,0.11124971508979797,0.17021460831165314,25.000089645385742,16.69723129272461,11.873921394348145
scene14_traj2_2__000132,0.10642151534557343,0.16339658200740814,0.8702705502510071,0.705410361289978,1.242309808731079,35.614830017089844,31.83892059326172,0.10642151534557343,0.16339658200740814,43.43757629394531,35.614830017089844,31.83892059326172,0.10642150044441223,0.16339658200740814,0.5046289563179016,0.49222126603126526,0.7721261978149414,17.352754592895508,12.812956809997559,0.10642150044441223,0.16339658200740814,25.417999267578125,17.352754592895508,12.812956809997559
scene14_traj2_2__000133,0.10216047614812851,0.15731646120548248,0.8614022731781006,0.6961202621459961,1.228454828262329,34.66282272338867,30.53292465209961,0.10216047614812851,0.15731646120548248,42.90296173095703,34.66282272338867,30.53292465209961,0.10216046869754791,0.1573164463043213,0.5031899213790894,0.4937327206134796,0.7706340551376343,16.9888858795166,12.249983787536621,0.10216046869754791,0.1573164463043213,25.361398696899414,16.9888858795166,12.249983787536621
scene14_traj2_2__000134,0.10056532919406891,0.15445981919765472,0.8790680766105652,0.7148451805114746,1.2575008869171143,36.90372085571289,33.237422943115234,0.10056532919406891,0.15445981919765472,43.998966217041016,36.90372085571289,33.237422943115234,0.10056530684232712,0.15445981919765472,0.5122045278549194,0.5041608214378357,0.7885567545890808,18.354162216186523,13.78605842590332,0.10056530684232712,0.15445981919765472,25.995241165161133,18.354162216186523,13.78605842590332
scene14_traj2_2__000135,0.09848769754171371,0.15209516882896423,0.8760520815849304,0.7012391686439514,1.2450430393218994,35.60064697265625,31.709877014160156,0.09848769754171371,0.15209516882896423,43.58674240112305,35.60064697265625,31.709877014160156,0.09848769009113312,0.15209515392780304,0.5086081624031067,0.49629732966423035,0.7769970297813416,17.4127140045166,12.751953125,0.09848769009113312,0.15209515392780304,25.55008316040039,17.4127140045166,12.751953125
scene14_traj2_2__000136,0.09615173935890198,0.14899051189422607,0.8857133388519287,0.7002978324890137,1.2503525018692017,35.944419860839844,32.02547073364258,0.09615173935890198,0.14899051189422607,43.846439361572266,35.944419860839844,32.02547073364258,0.09615173190832138,0.14899049699306488,0.5038842558860779,0.501380980014801,0.7771362662315369,17.156145095825195,12.272968292236328,0.09615173190832138,0.14899049699306488,25.57554817199707,17.156145095825195,12.272968292236328
scene14_traj2_2__000137,0.0953139066696167,0.14731070399284363,0.8939865827560425,0.7161837220191956,1.2715665102005005,37.27583312988281,33.860076904296875,0.0953139066696167,0.14731070399284363,44.67580032348633,37.27583312988281,33.860076904296875,0.0953138992190361,0.14731070399284363,0.503785252571106,0.5050654411315918,0.7803419232368469,17.562461853027344,12.796818733215332,0.0953138992190361,0.14731070399284363,25.674222946166992,17.562461853027344,12.796818733215332
scene14_traj2_2__000138,0.09238118678331375,0.143527090549469,0.8887407183647156,0.7216024994850159,1.274094581604004,36.800968170166016,33.24184036254883,0.09238118678331375,0.143527090549469,44.83375930786133,36.800968170166016,33.24184036254883,0.09238117933273315,0.1435270756483078,0.5038878321647644,0.5033856630325317,0.7774818539619446,17.057270050048828,12.354269027709961,0.09238117933273315,0.1435270756483078,25.550777435302734,17.057270050048828,12.354269027709961
scene14_traj2_2__000139,0.09352982044219971,0.14532370865345,0.8903424739837646,0.7019268274307251,1.2578647136688232,36.33721160888672,32.44770812988281,0.09352982044219971,0.14532370865345,44.187461853027344,36.33721160888672,32.44770812988281,0.09352979809045792,0.14532369375228882,0.49711963534355164,0.5064454674720764,0.774556577205658,16.940061569213867,11.842079162597656,0.09352979809045792,0.14532369375228882,25.51171875,16.940061569213867,11.842079162597656
scene14_traj2_2__000140,0.09317607432603836,0.14422062039375305,0.888312816619873,0.7095568180084229,1.2640318870544434,36.311500549316406,32.62314224243164,0.09317607432603836,0.14422062039375305,44.4420166015625,36.311500549316406,32.62314224243164,0.09317606687545776,0.14422060549259186,0.49946609139442444,0.5032105445861816,0.7738907337188721,17.05672836303711,12.273576736450195,0.09317606687545776,0.14422060549259186,25.4240665435791,17.05672836303711,12.273576736450195
scene14_traj2_2__000141,0.09536760300397873,0.14828719198703766,0.8846213221549988,0.6887015104293823,1.2427855730056763,35.158634185791016,31.270601272583008,0.09536760300397873,0.14828719198703766,43.522987365722656,35.158634185791016,31.270601272583008,0.09536757320165634,0.14828717708587646,0.5016802549362183,0.5013315677642822,0.7741948366165161,16.898473739624023,12.050602912902832,0.09536757320165634,0.14828717708587646,25.492639541625977,16.898473739624023,12.050602912902832
